<?xml version="1.0" encoding="UTF-8"?>
<SCRIBUSCOLORS Name="3M ExclDesigner Swatch">
 <COLOR RGB="#eff3ee" NAME="3M 160-30" Spot="1" />
 <COLOR RGB="#f0f3f1" NAME="3M 180-10" Spot="1" />
 <COLOR RGB="#f9f9f4" NAME="3M 100-10" Spot="1" />
 <COLOR RGB="#f9f8f5" NAME="3M 100-20" Spot="1" />
 <COLOR RGB="#f0e7da" NAME="3M 100-383" Spot="1" />
 <COLOR RGB="#d3c3a4" NAME="3M 100-119" Spot="1" />
 <COLOR RGB="#877364" NAME="3M 100-729" Spot="1" />
 <COLOR RGB="#af9b83" NAME="3M 100-728" Spot="1" />
 <COLOR RGB="#726557" NAME="3M 100-467" Spot="1" />
 <COLOR RGB="#8e6649" NAME="3M 100-451" Spot="1" />
 <COLOR RGB="#a9855d" NAME="3M 100-39" Spot="1" />
 <COLOR RGB="#af834e" NAME="3M 100-186" Spot="1" />
 <COLOR RGB="#875b28" NAME="3M 100-730" Spot="1" />
 <COLOR RGB="#e4d3a7" NAME="3M 100-731" Spot="1" />
 <COLOR RGB="#d39836" NAME="3M 100-604" Spot="1" />
 <COLOR RGB="#d37e00" NAME="3M 100-381" Spot="1" />
 <COLOR RGB="#66321e" NAME="3M 100-29" Spot="1" />
 <COLOR RGB="#522a17" NAME="3M 100-060" Spot="1" />
 <COLOR RGB="#492a1f" NAME="3M 100-19" Spot="1" />
 <COLOR RGB="#3f2a1b" NAME="3M 100-107" Spot="1" />
 <COLOR RGB="#024023" NAME="3M 100-008" Spot="1" />
 <COLOR RGB="#0c4a3e" NAME="3M 100-727" Spot="1" />
 <COLOR RGB="#005637" NAME="3M 100-56" Spot="1" />
 <COLOR RGB="#006027" NAME="3M 100-450" Spot="1" />
 <COLOR RGB="#007a39" NAME="3M 100-722" Spot="1" />
 <COLOR RGB="#007c2e" NAME="3M 100-122" Spot="1" />
 <COLOR RGB="#008d56" NAME="3M 100-027" Spot="1" />
 <COLOR RGB="#008e4c" NAME="3M 100-46" Spot="1" />
 <COLOR RGB="#569700" NAME="3M 100-719" Spot="1" />
 <COLOR RGB="#7cb247" NAME="3M 100-047" Spot="1" />
 <COLOR RGB="#b2c426" NAME="3M 100-449" Spot="1" />
 <COLOR RGB="#e4ca00" NAME="3M 100-385" Spot="1" />
 <COLOR RGB="#ffc100" NAME="3M 100-15" Spot="1" />
 <COLOR RGB="#ffae00" NAME="3M 100-25" Spot="1" />
 <COLOR RGB="#f29936" NAME="3M 100-598" Spot="1" />
 <COLOR RGB="#f37a00" NAME="3M 100-717" Spot="1" />
 <COLOR RGB="#ee7b2f" NAME="3M 100-091" Spot="1" />
 <COLOR RGB="#e65b00" NAME="3M 100-14" Spot="1" />
 <COLOR RGB="#d93703" NAME="3M 100-266" Spot="1" />
 <COLOR RGB="#c01400" NAME="3M 100-368" Spot="1" />
 <COLOR RGB="#bb1819" NAME="3M 100-466" Spot="1" />
 <COLOR RGB="#b71607" NAME="3M 100-13" Spot="1" />
 <COLOR RGB="#a40810" NAME="3M 100-176" Spot="1" />
 <COLOR RGB="#a3041e" NAME="3M 100-720" Spot="1" />
 <COLOR RGB="#92031c" NAME="3M 100-53" Spot="1" />
 <COLOR RGB="#89131d" NAME="3M 100-23" Spot="1" />
 <COLOR RGB="#6a061d" NAME="3M 100-723" Spot="1" />
 <COLOR RGB="#53121a" NAME="3M 100-386" Spot="1" />
 <COLOR RGB="#4a2b4f" NAME="3M 100-597" Spot="1" />
 <COLOR RGB="#3e2c6f" NAME="3M 100-595" Spot="1" />
 <COLOR RGB="#613766" NAME="3M 100-265" Spot="1" />
 <COLOR RGB="#83417c" NAME="3M 100-721" Spot="1" />
 <COLOR RGB="#bb2e5a" NAME="3M 100-454" Spot="1" />
 <COLOR RGB="#da5e91" NAME="3M 100-599" Spot="1" />
 <COLOR RGB="#ca7b91" NAME="3M 100-715" Spot="1" />
 <COLOR RGB="#e67c8b" NAME="3M 100-714" Spot="1" />
 <COLOR RGB="#c09ac2" NAME="3M 100-601" Spot="1" />
 <COLOR RGB="#87d8d6" NAME="3M 100-600" Spot="1" />
 <COLOR RGB="#54caae" NAME="3M 100-716" Spot="1" />
 <COLOR RGB="#00a996" NAME="3M 100-718" Spot="1" />
 <COLOR RGB="#008385" NAME="3M 100-603" Spot="1" />
 <COLOR RGB="#2d566c" NAME="3M 100-725" Spot="1" />
 <COLOR RGB="#7991a1" NAME="3M 100-726" Spot="1" />
 <COLOR RGB="#45b5d6" NAME="3M 100-602" Spot="1" />
 <COLOR RGB="#56b1da" NAME="3M 100-453" Spot="1" />
 <COLOR RGB="#0098cf" NAME="3M 100-123" Spot="1" />
 <COLOR RGB="#0088c2" NAME="3M 100-57" Spot="1" />
 <COLOR RGB="#0071b2" NAME="3M 100-415" Spot="1" />
 <COLOR RGB="#0064a1" NAME="3M 100-47" Spot="1" />
 <COLOR RGB="#005894" NAME="3M 100-002" Spot="1" />
 <COLOR RGB="#005291" NAME="3M 100-17" Spot="1" />
 <COLOR RGB="#123976" NAME="3M 100-37" Spot="1" />
 <COLOR RGB="#153862" NAME="3M 100-003" Spot="1" />
 <COLOR RGB="#002849" NAME="3M 100-724" Spot="1" />
 <COLOR RGB="#0f1f34" NAME="3M 100-27" Spot="1" />
 <COLOR RGB="#0f0f10" NAME="3M 100-12" Spot="1" />
 <COLOR RGB="#353534" NAME="3M 100-22" Spot="1" />
 <COLOR RGB="#4a4d4d" NAME="3M 100-012" Spot="1" />
 <COLOR RGB="#575857" NAME="3M 100-706" Spot="1" />
 <COLOR RGB="#7a8282" NAME="3M 100-038" Spot="1" />
 <COLOR RGB="#a7a7a5" NAME="3M 100-605" Spot="1" />
 <COLOR RGB="#c4c8cb" NAME="3M 100-384" Spot="1" />
 <COLOR RGB="#d7d6d1" NAME="3M 100-11" Spot="1" />
 <COLOR RGB="#b8b4a2" NAME="3M 100-079" Spot="1" />
 <COLOR RGB="#b5b7b9" NAME="3M 100-58" Spot="1" />
 <COLOR RGB="#a78a56" NAME="3M 100-54" Spot="1" />
 <COLOR RGB="#5b5a5c" NAME="3M 100-144" Spot="1" />
 <COLOR RGB="#e1e4e3" NAME="3M 3630-20" Spot="1" />
 <COLOR RGB="#373736" NAME="3M 3630-22" Spot="1" />
 <COLOR RGB="#d17190" NAME="3M 3630-68" Spot="1" />
 <COLOR RGB="#c36dac" NAME="3M 3630-108" Spot="1" />
 <COLOR RGB="#b52650" NAME="3M 3630-78" Spot="1" />
 <COLOR RGB="#9c397c" NAME="3M 3630-118" Spot="1" />
 <COLOR RGB="#8e144d" NAME="3M 3630-133" Spot="1" />
 <COLOR RGB="#57335f" NAME="3M 3630-128" Spot="1" />
 <COLOR RGB="#681e28" NAME="3M 3630-49" Spot="1" />
 <COLOR RGB="#98151e" NAME="3M 3630-53" Spot="1" />
 <COLOR RGB="#a21c1f" NAME="3M 3630-73" Spot="1" />
 <COLOR RGB="#aa2738" NAME="3M 3630-83" Spot="1" />
 <COLOR RGB="#ad1c1c" NAME="3M 3630-33" Spot="1" />
 <COLOR RGB="#bd2518" NAME="3M 3630-43" Spot="1" />
 <COLOR RGB="#b52716" NAME="3M 3630-143" Spot="1" />
 <COLOR RGB="#d0521b" NAME="3M 3630-44" Spot="1" />
 <COLOR RGB="#dd7116" NAME="3M 3630-84" Spot="1" />
 <COLOR RGB="#ef8000" NAME="3M 3630-74" Spot="1" />
 <COLOR RGB="#dc9600" NAME="3M 3630-25" Spot="1" />
 <COLOR RGB="#d89600" NAME="3M 3630-75" Spot="1" />
 <COLOR RGB="#eda400" NAME="3M 3630-125" Spot="1" />
 <COLOR RGB="#deb400" NAME="3M 3630-015" Spot="1" />
 <COLOR RGB="#cebc00" NAME="3M 3630-115" Spot="1" />
 <COLOR RGB="#73a900" NAME="3M 3630-106" Spot="1" />
 <COLOR RGB="#62a420" NAME="3M 3630-136" Spot="1" />
 <COLOR RGB="#009f61" NAME="3M 3630-146" Spot="1" />
 <COLOR RGB="#10833a" NAME="3M 3630-156" Spot="1" />
 <COLOR RGB="#009f61" NAME="3M 3630-116" Spot="1" />
 <COLOR RGB="#006a29" NAME="3M 3630-26" Spot="1" />
 <COLOR RGB="#004f1f" NAME="3M 3630-76" Spot="1" />
 <COLOR RGB="#004b25" NAME="3M 3630-126" Spot="1" />
 <COLOR RGB="#00817d" NAME="3M 3630-246" Spot="1" />
 <COLOR RGB="#008d81" NAME="3M 3630-236" Spot="1" />
 <COLOR RGB="#2d2182" NAME="3M 3630-87" Spot="1" />
 <COLOR RGB="#003563" NAME="3M 3630-36" Spot="1" />
 <COLOR RGB="#183564" NAME="3M 3630-137" Spot="1" />
 <COLOR RGB="#184587" NAME="3M 3630-157" Spot="1" />
 <COLOR RGB="#005493" NAME="3M 3630-97" Spot="1" />
 <COLOR RGB="#00609a" NAME="3M 3630-167" Spot="1" />
 <COLOR RGB="#0072af" NAME="3M 3630-127" Spot="1" />
 <COLOR RGB="#007db7" NAME="3M 3630-337" Spot="1" />
 <COLOR RGB="#0080ac" NAME="3M 3630-147" Spot="1" />
 <COLOR RGB="#0085ab" NAME="3M 3630-57" Spot="1" />
 <COLOR RGB="#8a9ec1" NAME="3M 3630-317" Spot="1" />
 <COLOR RGB="#8b9394" NAME="3M 3630-51" Spot="1" />
 <COLOR RGB="#8e8783" NAME="3M 3630-71" Spot="1" />
 <COLOR RGB="#62707a" NAME="3M 3630-61" Spot="1" />
 <COLOR RGB="#453c38" NAME="3M 3630-69" Spot="1" />
 <COLOR RGB="#49322c" NAME="3M 3630-59" Spot="1" />
 <COLOR RGB="#69332b" NAME="3M 3630-63" Spot="1" />
 <COLOR RGB="#6e2e1f" NAME="3M 3630-109" Spot="1" />
 <COLOR RGB="#a56945" NAME="3M 3630-129" Spot="1" />
 <COLOR RGB="#d5caaa" NAME="3M 3630-005" Spot="1" />
 <COLOR RGB="#c9baa5" NAME="3M 3630-149" Spot="1" />
 <COLOR RGB="#a08862" NAME="3M 3630-131" Spot="1" />
 <COLOR RGB="#b08a3f" NAME="3M 3630-141" Spot="1" />
 <COLOR RGB="#a1a3a4" NAME="3M 3630-121" Spot="1" />
 <COLOR RGB="#8ed1ee" NAME="3M 3635-100" Spot="1" />
 <COLOR RGB="#5c5f53" NAME="3M 3635-91" Spot="1" />
 <COLOR RGB="#363534" NAME="3M 3635-22" Spot="1" />
 <COLOR RGB="#f1f4f3" NAME="3M 3635-20" Spot="1" />
 <COLOR RGB="#edebe1" NAME="3M 3635-70" Spot="1" />
 <COLOR RGB="#f0f0e7" NAME="3M 3635-30" Spot="1" />
 <COLOR RGB="#c8b8c3" NAME="3M 7725-323" Spot="1" />
 <COLOR RGB="#a7c8c5" NAME="3M 7725-326" Spot="1" />
 <COLOR RGB="#9fc0cf" NAME="3M 7725-327" Spot="1" />
 <COLOR RGB="#b09d8e" NAME="3M 7725-331" Spot="1" />
 <COLOR RGB="#ff3600" NAME="3M 3483" Spot="1" />
 <COLOR RGB="#ff0d00" NAME="3M 3484" Spot="1" />
 <COLOR RGB="#eff600" NAME="3M 3485" Spot="1" />
 <COLOR RGB="#ff3c00" NAME="3M 7725-404" Spot="1" />
 <COLOR RGB="#edf300" NAME="3M 7725-405" Spot="1" />
 <COLOR RGB="#0bd100" NAME="3M 7725-406" Spot="1" />
 <COLOR RGB="#0069b6" NAME="3M 7725-407" Spot="1" />
 <COLOR RGB="#ff1800" NAME="3M 7725-414" Spot="1" />
 <COLOR RGB="#4b513a" NAME="3M 7725-431" Spot="1" />
 <COLOR RGB="#292e35" NAME="3M 7725-420" Spot="1" />
 <COLOR RGB="#afb3b1" NAME="3M 580-10" Spot="1" />
 <COLOR RGB="#ab9800" NAME="3M 580-81" Spot="1" />
 <COLOR RGB="#c28400" NAME="3M 580-71" Spot="1" />
 <COLOR RGB="#b07f39" NAME="3M 580-64" Spot="1" />
 <COLOR RGB="#d35000" NAME="3M 580-14" Spot="1" />
 <COLOR RGB="#900b05" NAME="3M 580-72" Spot="1" />
 <COLOR RGB="#830008" NAME="3M 580-82" Spot="1" />
 <COLOR RGB="#00599a" NAME="3M 580-76" Spot="1" />
 <COLOR RGB="#00326d" NAME="3M 580-75" Spot="1" />
 <COLOR RGB="#004a2f" NAME="3M 580-77" Spot="1" />
 <COLOR RGB="#1a1a1b" NAME="3M 580-85" Spot="1" />
 <COLOR RGB="#fafaf7" NAME="3M 190-10" Spot="1" />
 <COLOR RGB="#f2f4f3" NAME="3M 1100" Spot="1" />
 <COLOR RGB="#ebeee9" NAME="3M 3540" Spot="1" />
 <COLOR RGB="#e9eded" NAME="3M 162" Spot="1" />
 <COLOR RGB="#f0f2f1" NAME="3M 3662-10" Spot="1" />
 <COLOR RGB="#d7d9b1" NAME="3M 5900(nachleuchtend)" Spot="1" />
 <COLOR RGB="#e3e8e7" NAME="3M 8450" Spot="1" />
</SCRIBUSCOLORS>