<?xml version="1.0" encoding="UTF-8"?>
<SCRIBUSCOLORS Name="3M Scotchcal Serie 2330">
 <COLOR RGB="#28292b" NAME="2330-12" Spot="1" />
 <COLOR RGB="#9ba0a5" NAME="2330-14" Spot="1" />
 <COLOR RGB="#cacccb" NAME="2330-93" Spot="1" />
 <COLOR RGB="#dfeaeb" NAME="2330-10" Spot="1" />
 <COLOR RGB="#e7c08a" NAME="2330-96" Spot="1" />
 <COLOR RGB="#4b3530" NAME="2330-92" Spot="1" />
 <COLOR RGB="#1a442f" NAME="2330-78" Spot="1" />
 <COLOR RGB="#006b2f" NAME="2330-74" Spot="1" />
 <COLOR RGB="#007237" NAME="2330-76" Spot="1" />
 <COLOR RGB="#00a033" NAME="2330-745" Spot="1" />
 <COLOR RGB="#5db600" NAME="2330-72" Spot="1" />
 <COLOR RGB="#dbc800" NAME="2330-22" Spot="1" />
 <COLOR RGB="#fbc400" NAME="2330-24" Spot="1" />
 <COLOR RGB="#ffa900" NAME="2330-26" Spot="1" />
 <COLOR RGB="#dc5719" NAME="2330-32" Spot="1" />
 <COLOR RGB="#cd320f" NAME="2330-44" Spot="1" />
 <COLOR RGB="#ce3141" NAME="2330-45" Spot="1" />
 <COLOR RGB="#b2201f" NAME="2330-46" Spot="1" />
 <COLOR RGB="#a01421" NAME="2330-48" Spot="1" />
 <COLOR RGB="#6f1626" NAME="2330-49" Spot="1" />
 <COLOR RGB="#e79293" NAME="2330-61" Spot="1" />
 <COLOR RGB="#d16bb5" NAME="2330-63" Spot="1" />
 <COLOR RGB="#ab106d" NAME="2330-64" Spot="1" />
 <COLOR RGB="#5c1e62" NAME="2330-66" Spot="1" />
 <COLOR RGB="#009795" NAME="2330-79" Spot="1" />
 <COLOR RGB="#009dd7" NAME="2330-82" Spot="1" />
 <COLOR RGB="#0075b6" NAME="2330-84" Spot="1" />
 <COLOR RGB="#24489e" NAME="2330-86" Spot="1" />
 <COLOR RGB="#312279" NAME="2330-87" Spot="1" />
 <COLOR RGB="#073f74" NAME="2330-88" Spot="1" />
 <COLOR RGB="#2e1e62" NAME="2330-89" Spot="1" />
 <COLOR RGB="#2b2e60" NAME="2330-90" Spot="1" />
 <COLOR RGB="#b9a267" NAME="2330-545" Spot="1" />
 <COLOR RGB="#b7b9b8" NAME="2330-58" Spot="1" />
</SCRIBUSCOLORS>