<?xml version="1.0" encoding="UTF-8"?>
<SCRIBUSCOLORS Name="3M Scotchlite Serie 580_680">
 <COLOR RGB="#b1b5b4" NAME="580_680-10" Spot="1" />
 <COLOR RGB="#ab9c00" NAME="580_680-81" Spot="1" />
 <COLOR RGB="#be8300" NAME="580_680-71" Spot="1" />
 <COLOR RGB="#a6793b" NAME="580_680-64" Spot="1" />
 <COLOR RGB="#d15500" NAME="580_680-14" Spot="1" />
 <COLOR RGB="#941208" NAME="580_680-72" Spot="1" />
 <COLOR RGB="#87030a" NAME="580_680-82" Spot="1" />
 <COLOR RGB="#00599a" NAME="580_680-76" Spot="1" />
 <COLOR RGB="#00326d" NAME="580_680-75" Spot="1" />
 <COLOR RGB="#00543a" NAME="580_680-77" Spot="1" />
 <COLOR RGB="#1c1c1e" NAME="580_680-85" Spot="1" />
</SCRIBUSCOLORS>