<?xml version="1.0" encoding="UTF-8"?>
<SCRIBUSCOLORS Name="3m scotchcal serie 100">
 <COLOR RGB="#ffae03" NAME="100-25" Spot="1" />
 <COLOR RGB="#ffc000" NAME="100-15" Spot="1" />
 <COLOR RGB="#fdcd07" NAME="100-2432" Spot="1" />
 <COLOR RGB="#e3c900" NAME="100-385" Spot="1" />
 <COLOR RGB="#f4d805" NAME="100-2433" Spot="1" />
 <COLOR RGB="#f36100" NAME="100-2434" Spot="1" />
 <COLOR RGB="#e55307" NAME="100-410" Spot="1" />
 <COLOR RGB="#e55c00" NAME="100-14" Spot="1" />
 <COLOR RGB="#f47a03" NAME="100-717" Spot="1" />
 <COLOR RGB="#f59932" NAME="100-598" Spot="1" />
 <COLOR RGB="#85071a" NAME="100-2400" Spot="1" />
 <COLOR RGB="#a10c13" NAME="100-176" Spot="1" />
 <COLOR RGB="#bf1801" NAME="100-368" Spot="1" />
 <COLOR RGB="#b61c0d" NAME="100-13" Spot="1" />
 <COLOR RGB="#d93b07" NAME="100-266" Spot="1" />
 <COLOR RGB="#53161d" NAME="100-386" Spot="1" />
 <COLOR RGB="#6b0620" NAME="100-723" Spot="1" />
 <COLOR RGB="#8b191d" NAME="100-23" Spot="1" />
 <COLOR RGB="#950a1d" NAME="100-53" Spot="1" />
 <COLOR RGB="#a7011b" NAME="100-720" Spot="1" />
 <COLOR RGB="#50141f" NAME="100-2401" Spot="1" />
 <COLOR RGB="#741621" NAME="100-2402" Spot="1" />
 <COLOR RGB="#5f1223" NAME="100-2403" Spot="1" />
 <COLOR RGB="#621633" NAME="100-2404" Spot="1" />
 <COLOR RGB="#631436" NAME="100-2405" Spot="1" />
 <COLOR RGB="#881117" NAME="100-2406" Spot="1" />
 <COLOR RGB="#5f221c" NAME="100-2407" Spot="1" />
 <COLOR RGB="#663520" NAME="100-29" Spot="1" />
 <COLOR RGB="#422c1d" NAME="100-107" Spot="1" />
 <COLOR RGB="#4a2c20" NAME="100-19" Spot="1" />
 <COLOR RGB="#4e2c4f" NAME="100-597" Spot="1" />
 <COLOR RGB="#623567" NAME="100-265" Spot="1" />
 <COLOR RGB="#632b5b" NAME="100-2409" Spot="1" />
 <COLOR RGB="#85427f" NAME="100-721" Spot="1" />
 <COLOR RGB="#af4880" NAME="100-2410" Spot="1" />
 <COLOR RGB="#402b6f" NAME="100-595" Spot="1" />
 <COLOR RGB="#57377d" NAME="100-984" Spot="1" />
 <COLOR RGB="#593c8b" NAME="100-2411" Spot="1" />
 <COLOR RGB="#7d66ad" NAME="100-2412" Spot="1" />
 <COLOR RGB="#bb90bf" NAME="100-2413" Spot="1" />
 <COLOR RGB="#e57d88" NAME="100-714" Spot="1" />
 <COLOR RGB="#be2a5c" NAME="100-454" Spot="1" />
 <COLOR RGB="#b52363" NAME="100-1916" Spot="1" />
 <COLOR RGB="#c4407e" NAME="100-821" Spot="1" />
 <COLOR RGB="#e989b8" NAME="100-2415" Spot="1" />
 <COLOR RGB="#0164a0" NAME="100-47" Spot="1" />
 <COLOR RGB="#0071b4" NAME="100-415" Spot="1" />
 <COLOR RGB="#0b8ac5" NAME="100-57" Spot="1" />
 <COLOR RGB="#009ad0" NAME="100-123" Spot="1" />
 <COLOR RGB="#4facda" NAME="100-453" Spot="1" />
 <COLOR RGB="#0f3a79" NAME="100-37" Spot="1" />
 <COLOR RGB="#193965" NAME="100-003" Spot="1" />
 <COLOR RGB="#044c7d" NAME="100-1789" Spot="1" />
 <COLOR RGB="#015595" NAME="100-17" Spot="1" />
 <COLOR RGB="#075995" NAME="100-002" Spot="1" />
 <COLOR RGB="#102235" NAME="100-27" Spot="1" />
 <COLOR RGB="#131e3f" NAME="100-2416" Spot="1" />
 <COLOR RGB="#22235a" NAME="100-1794" Spot="1" />
 <COLOR RGB="#1d265e" NAME="100-2189" Spot="1" />
 <COLOR RGB="#1a3271" NAME="100-1182" Spot="1" />
 <COLOR RGB="#1f3778" NAME="100-1024" Spot="1" />
 <COLOR RGB="#04448e" NAME="100-2417" Spot="1" />
 <COLOR RGB="#0a2a53" NAME="100-1579" Spot="1" />
 <COLOR RGB="#002a49" NAME="100-724" Spot="1" />
 <COLOR RGB="#3c4d71" NAME="100-2274" Spot="1" />
 <COLOR RGB="#3f4f22" NAME="100-2418" Spot="1" />
 <COLOR RGB="#03401d" NAME="100-2419" Spot="1" />
 <COLOR RGB="#0a3f29" NAME="100-008" Spot="1" />
 <COLOR RGB="#094c40" NAME="100-727" Spot="1" />
 <COLOR RGB="#045539" NAME="100-56" Spot="1" />
 <COLOR RGB="#008d56" NAME="100-027" Spot="1" />
 <COLOR RGB="#037951" NAME="100-1645" Spot="1" />
 <COLOR RGB="#005e2b" NAME="100-450" Spot="1" />
 <COLOR RGB="#00773a" NAME="100-722" Spot="1" />
 <COLOR RGB="#007b2d" NAME="100-122" Spot="1" />
 <COLOR RGB="#5b9902" NAME="100-719" Spot="1" />
 <COLOR RGB="#4d982e" NAME="100-2420" Spot="1" />
 <COLOR RGB="#7eb443" NAME="100-047" Spot="1" />
 <COLOR RGB="#b2c410" NAME="100-449" Spot="1" />
 <COLOR RGB="#e1c500" NAME="100-1683" Spot="1" />
 <COLOR RGB="#006169" NAME="100-2422" Spot="1" />
 <COLOR RGB="#008586" NAME="100-603" Spot="1" />
 <COLOR RGB="#00ad9b" NAME="100-718" Spot="1" />
 <COLOR RGB="#4fccb0" NAME="100-716" Spot="1" />
 <COLOR RGB="#8adbdb" NAME="100-600" Spot="1" />
 <COLOR RGB="#2f576e" NAME="100-725" Spot="1" />
 <COLOR RGB="#7b92a2" NAME="100-726" Spot="1" />
 <COLOR RGB="#746858" NAME="100-467" Spot="1" />
 <COLOR RGB="#8a827e" NAME="100-2424" Spot="1" />
 <COLOR RGB="#a59f8d" NAME="100-2425" Spot="1" />
 <COLOR RGB="#605853" NAME="100-2436" Spot="1" />
 <COLOR RGB="#69665e" NAME="100-2034" Spot="1" />
 <COLOR RGB="#5c584f" NAME="100-2477" Spot="1" />
 <COLOR RGB="#485247" NAME="100-2437" Spot="1" />
 <COLOR RGB="#454642" NAME="100-2290" Spot="1" />
 <COLOR RGB="#101010" NAME="100-12" Spot="1" />
 <COLOR RGB="#313131" NAME="100-22" Spot="1" />
 <COLOR RGB="#4a4d4e" NAME="100-012" Spot="1" />
 <COLOR RGB="#655600" NAME="100-706" Spot="1" />
 <COLOR RGB="#636669" NAME="100-2426" Spot="1" />
 <COLOR RGB="#7d8487" NAME="100-2435" Spot="1" />
 <COLOR RGB="#788080" NAME="100-038" Spot="1" />
 <COLOR RGB="#89898b" NAME="100-822" Spot="1" />
 <COLOR RGB="#a7a9a7" NAME="100-605" Spot="1" />
 <COLOR RGB="#c8caca" NAME="100-384" Spot="1" />
 <COLOR RGB="#5d6365" NAME="100-1833" Spot="1" />
 <COLOR RGB="#90958e" NAME="100-2427" Spot="1" />
 <COLOR RGB="#00d1a1" NAME="100-079" Spot="1" />
 <COLOR RGB="#c6c8c6" NAME="100-2428" Spot="1" />
 <COLOR RGB="#d9dbd2" NAME="100-11" Spot="1" />
 <COLOR RGB="#c7aa7c" NAME="100-2429" Spot="1" />
 <COLOR RGB="#af9d87" NAME="100-728" Spot="1" />
 <COLOR RGB="#d7c5a6" NAME="100-119" Spot="1" />
 <COLOR RGB="#e5d4ba" NAME="100-2430" Spot="1" />
 <COLOR RGB="#ffaabb" NAME="100-2431" Spot="1" />
 <COLOR RGB="#f7f9f6" NAME="100-20" Spot="1" />
 <COLOR RGB="#f6f8f5" NAME="100-10" Spot="1" />
 <COLOR RGB="#e8e4e9" NAME="100-114" Spot="1" />
 <COLOR RGB="#f1e6d4" NAME="100-383" Spot="1" />
 <COLOR RGB="#e7d6aa" NAME="100-731" Spot="1" />
 <COLOR RGB="#5fbdff" NAME="100-58" Spot="1" />
 <COLOR RGB="#6c6c6a" NAME="100-2442" Spot="1" />
 <COLOR RGB="#0058bd" NAME="100-144" Spot="1" />
 <COLOR RGB="#3c4042" NAME="100-2476" Spot="1" />
 <COLOR RGB="#262829" NAME="100-1996" Spot="1" />
 <COLOR RGB="#a9a298" NAME="100-2443" Spot="1" />
 <COLOR RGB="#857e7a" NAME="100-2444" Spot="1" />
 <COLOR RGB="#53504c" NAME="100-2259" Spot="1" />
 <COLOR RGB="#8f775d" NAME="100-1771" Spot="1" />
 <COLOR RGB="#b3a48f" NAME="100-2445" Spot="1" />
 <COLOR RGB="#a88f5f" NAME="100-2446" Spot="1" />
 <COLOR RGB="#9b7f48" NAME="100-54" Spot="1" />
 <COLOR RGB="#8a6f35" NAME="100-2065" Spot="1" />
 <COLOR RGB="#8d592b" NAME="100-1231" Spot="1" />
 <COLOR RGB="#8d725d" NAME="100-2447" Spot="1" />
 <COLOR RGB="#979b59" NAME="100-2448" Spot="1" />
 <COLOR RGB="#666859" NAME="100-2449" Spot="1" />
 <COLOR RGB="#255433" NAME="100-2450" Spot="1" />
 <COLOR RGB="#014524" NAME="100-2451" Spot="1" />
 <COLOR RGB="#36453b" NAME="100-2452" Spot="1" />
 <COLOR RGB="#172232" NAME="100-2453" Spot="1" />
 <COLOR RGB="#1a375b" NAME="100-2455" Spot="1" />
 <COLOR RGB="#004671" NAME="100-2454" Spot="1" />
 <COLOR RGB="#025669" NAME="100-2456" Spot="1" />
 <COLOR RGB="#0e7990" NAME="100-2467" Spot="1" />
 <COLOR RGB="#7d4070" NAME="100-2458" Spot="1" />
 <COLOR RGB="#55264a" NAME="100-2459" Spot="1" />
 <COLOR RGB="#441c48" NAME="100-2460" Spot="1" />
 <COLOR RGB="#391e52" NAME="100-2461" Spot="1" />
 <COLOR RGB="#373d67" NAME="100-2471" Spot="1" />
 <COLOR RGB="#8f1728" NAME="100-2462" Spot="1" />
 <COLOR RGB="#732431" NAME="100-2463" Spot="1" />
 <COLOR RGB="#561117" NAME="100-2464" Spot="1" />
 <COLOR RGB="#721339" NAME="100-2465" Spot="1" />
 <COLOR RGB="#963a60" NAME="100-2466" Spot="1" />
 <COLOR RGB="#c69e22" NAME="100-2467" Spot="1" />
 <COLOR RGB="#b0832f" NAME="100-2468" Spot="1" />
 <COLOR RGB="#d08016" NAME="100-2469" Spot="1" />
 <COLOR RGB="#c95c18" NAME="100-2470" Spot="1" />
 <COLOR RGB="#a71f1a" NAME="100-1927" Spot="1" />
 <COLOR RGB="#97ada8" NAME="100-2472" Spot="1" />
 <COLOR RGB="#98a8ae" NAME="100-2473" Spot="1" />
 <COLOR RGB="#8394a3" NAME="100-1452" Spot="1" />
 <COLOR RGB="#888282" NAME="100-2113" Spot="1" />
 <COLOR RGB="#a6909a" NAME="100-2474" Spot="1" />
 <COLOR RGB="#adaeb0" NAME="100-2438" Spot="1" />
 <COLOR RGB="#797474" NAME="100-2439" Spot="1" />
 <COLOR RGB="#454649" NAME="100-2440" Spot="1" />
 <COLOR RGB="#9f8167" NAME="100-2475" Spot="1" />
 <COLOR RGB="#9c8595" NAME="100-2441" Spot="1" />
</SCRIBUSCOLORS>