<?xml version="1.0" encoding="UTF-8"?>
<SCRIBUSCOLORS Name="3M Scotchcal Serie 30">
 <COLOR RGB="#deded4" NAME="30-11" Spot="1" />
 <COLOR RGB="#e3edee" NAME="30-10" Spot="1" />
 <COLOR RGB="#e5ca9d" NAME="30-914" Spot="1" />
 <COLOR RGB="#513021" NAME="30-92" Spot="1" />
 <COLOR RGB="#1d462e" NAME="30-775" Spot="1" />
 <COLOR RGB="#00753e" NAME="30-76" Spot="1" />
 <COLOR RGB="#008a3c" NAME="30-746" Spot="1" />
 <COLOR RGB="#41960e" NAME="30-73" Spot="1" />
 <COLOR RGB="#81c834" NAME="30-72" Spot="1" />
 <COLOR RGB="#f1e22c" NAME="30-23" Spot="1" />
 <COLOR RGB="#f7c500" NAME="30-248" Spot="1" />
 <COLOR RGB="#fab900" NAME="30-255" Spot="1" />
 <COLOR RGB="#f7a700" NAME="30-26" Spot="1" />
 <COLOR RGB="#e05717" NAME="30-33" Spot="1" />
 <COLOR RGB="#ce351b" NAME="30-40" Spot="1" />
 <COLOR RGB="#c3311f" NAME="30-462" Spot="1" />
 <COLOR RGB="#bf170d" NAME="30-464" Spot="1" />
 <COLOR RGB="#ba1219" NAME="30-475" Spot="1" />
 <COLOR RGB="#b51523" NAME="30-478" Spot="1" />
 <COLOR RGB="#9e0b17" NAME="30-48" Spot="1" />
 <COLOR RGB="#681e22" NAME="30-495" Spot="1" />
 <COLOR RGB="#60366e" NAME="30-67" Spot="1" />
 <COLOR RGB="#c23872" NAME="30-63" Spot="1" />
 <COLOR RGB="#00a19c" NAME="30-795" Spot="1" />
 <COLOR RGB="#00727a" NAME="30-788" Spot="1" />
 <COLOR RGB="#58b8e4" NAME="30-81" Spot="1" />
 <COLOR RGB="#0092c5" NAME="30-813" Spot="1" />
 <COLOR RGB="#0082b6" NAME="30-825" Spot="1" />
 <COLOR RGB="#006eaa" NAME="30-834" Spot="1" />
 <COLOR RGB="#005089" NAME="30-864" Spot="1" />
 <COLOR RGB="#2b44a8" NAME="30-87" Spot="1" />
 <COLOR RGB="#21357e" NAME="30-882" Spot="1" />
 <COLOR RGB="#005289" NAME="30-888" Spot="1" />
 <COLOR RGB="#c4c5c6" NAME="30-93" Spot="1" />
 <COLOR RGB="#8a8f8e" NAME="30-94" Spot="1" />
 <COLOR RGB="#949597" NAME="30-955" Spot="1" />
 <COLOR RGB="#0c0e11" NAME="30-12" Spot="1" />
 <COLOR RGB="#988652" NAME="30-54" Spot="1" />
 <COLOR RGB="#50504c" NAME="30-585" Spot="1" />
 <COLOR RGB="#dbdacf" NAME="30-110" Spot="1" />
 <COLOR RGB="#e5efee" NAME="30M-100" Spot="1" />
 <COLOR RGB="#e6ca9e" NAME="30M-9140" Spot="1" />
 <COLOR RGB="#2d5f4d" NAME="30M-780" Spot="1" />
 <COLOR RGB="#00865e" NAME="30M-7550" Spot="1" />
 <COLOR RGB="#008f47" NAME="30M-7460" Spot="1" />
 <COLOR RGB="#499b28" NAME="30M-730" Spot="1" />
 <COLOR RGB="#84cc44" NAME="30M-720" Spot="1" />
 <COLOR RGB="#f8e226" NAME="30M-240" Spot="1" />
 <COLOR RGB="#f6c700" NAME="30M-2480" Spot="1" />
 <COLOR RGB="#fdbd13" NAME="30M-250" Spot="1" />
 <COLOR RGB="#f8aa22" NAME="30M-270" Spot="1" />
 <COLOR RGB="#e26032" NAME="30M-330" Spot="1" />
 <COLOR RGB="#cc3c29" NAME="30M-400" Spot="1" />
 <COLOR RGB="#c1382a" NAME="30M-4640" Spot="1" />
 <COLOR RGB="#b82730" NAME="30M-4780" Spot="1" />
 <COLOR RGB="#a02128" NAME="30M-480" Spot="1" />
 <COLOR RGB="#8c2e30" NAME="30M-4840" Spot="1" />
 <COLOR RGB="#694578" NAME="30M-670" Spot="1" />
 <COLOR RGB="#c24171" NAME="30M-630" Spot="1" />
 <COLOR RGB="#6fd0b6" NAME="30M-7920" Spot="1" />
 <COLOR RGB="#008f8c" NAME="30M-790" Spot="1" />
 <COLOR RGB="#49b0d9" NAME="30M-810" Spot="1" />
 <COLOR RGB="#0071aa" NAME="30M-8340" Spot="1" />
 <COLOR RGB="#3348a9" NAME="30M-870" Spot="1" />
 <COLOR RGB="#3661a3" NAME="30M-8780" Spot="1" />
 <COLOR RGB="#1a417d" NAME="30M-8820" Spot="1" />
 <COLOR RGB="#314081" NAME="30M-8830" Spot="1" />
 <COLOR RGB="#233c69" NAME="30M-890" Spot="1" />
 <COLOR RGB="#c6c8c8" NAME="30M-930" Spot="1" />
 <COLOR RGB="#8d9291" NAME="30M-940" Spot="1" />
 <COLOR RGB="#656b6c" NAME="30M-9650" Spot="1" />
 <COLOR RGB="#212224" NAME="30M-120" Spot="1" />
 <COLOR RGB="#b4a065" NAME="30M-530" Spot="1" />
 <COLOR RGB="#acaeaf" NAME="30M-580" Spot="1" />
</SCRIBUSCOLORS>