<?xml version="1.0" encoding="UTF-8"?>
<SCRIBUSCOLORS Name="3M Scotchcal Serie 50">
 <COLOR RGB="#e1e2db" NAME="50-11" Spot="1" />
 <COLOR RGB="#edf0f5" NAME="50-10" Spot="1" />
 <COLOR RGB="#eceff5" NAME="50-100" Spot="1" />
 <COLOR RGB="#e7d9b6" NAME="50-912" Spot="1" />
 <COLOR RGB="#e8d1b9" NAME="50-91" Spot="1" />
 <COLOR RGB="#dfc493" NAME="50-914" Spot="1" />
 <COLOR RGB="#7c4b24" NAME="50-917" Spot="1" />
 <COLOR RGB="#694122" NAME="50-918" Spot="1" />
 <COLOR RGB="#42271a" NAME="50-92" Spot="1" />
 <COLOR RGB="#004e2c" NAME="50-78" Spot="1" />
 <COLOR RGB="#0d5113" NAME="50-77" Spot="1" />
 <COLOR RGB="#006e39" NAME="50-76" Spot="1" />
 <COLOR RGB="#008e56" NAME="50-74" Spot="1" />
 <COLOR RGB="#008e2f" NAME="50-745" Spot="1" />
 <COLOR RGB="#379d00" NAME="50-73" Spot="1" />
 <COLOR RGB="#7ac82a" NAME="50-72" Spot="1" />
 <COLOR RGB="#f8de00" NAME="50-24" Spot="1" />
 <COLOR RGB="#fec600" NAME="50-25" Spot="1" />
 <COLOR RGB="#ffb700" NAME="50-26" Spot="1" />
 <COLOR RGB="#f8a800" NAME="50-27" Spot="1" />
 <COLOR RGB="#f99500" NAME="50-28" Spot="1" />
 <COLOR RGB="#e46000" NAME="50-32" Spot="1" />
 <COLOR RGB="#e85201" NAME="50-34" Spot="1" />
 <COLOR RGB="#cf3011" NAME="50-42" Spot="1" />
 <COLOR RGB="#bc2710" NAME="50-44" Spot="1" />
 <COLOR RGB="#c71e00" NAME="50-46" Spot="1" />
 <COLOR RGB="#bc1d2c" NAME="50-47" Spot="1" />
 <COLOR RGB="#c21314" NAME="50-475" Spot="1" />
 <COLOR RGB="#a71015" NAME="50-48" Spot="1" />
 <COLOR RGB="#a0000a" NAME="50-483" Spot="1" />
 <COLOR RGB="#7e1e23" NAME="50-486" Spot="1" />
 <COLOR RGB="#601a29" NAME="50-49" Spot="1" />
 <COLOR RGB="#5e3e8c" NAME="50-66" Spot="1" />
 <COLOR RGB="#7866a7" NAME="50-65" Spot="1" />
 <COLOR RGB="#b62260" NAME="50-64" Spot="1" />
 <COLOR RGB="#c93f7f" NAME="50-63" Spot="1" />
 <COLOR RGB="#ea86b5" NAME="50-62" Spot="1" />
 <COLOR RGB="#66d8bc" NAME="50-792" Spot="1" />
 <COLOR RGB="#00a095" NAME="50-795" Spot="1" />
 <COLOR RGB="#008c8e" NAME="50-79" Spot="1" />
 <COLOR RGB="#4eadd3" NAME="50-81" Spot="1" />
 <COLOR RGB="#0094cc" NAME="50-82" Spot="1" />
 <COLOR RGB="#1183b5" NAME="50-83" Spot="1" />
 <COLOR RGB="#0072b2" NAME="50-834" Spot="1" />
 <COLOR RGB="#0064aa" NAME="50-84" Spot="1" />
 <COLOR RGB="#005194" NAME="50-862" Spot="1" />
 <COLOR RGB="#3041b1" NAME="50-87" Spot="1" />
 <COLOR RGB="#004189" NAME="50-88" Spot="1" />
 <COLOR RGB="#0c316d" NAME="50-884" Spot="1" />
 <COLOR RGB="#082752" NAME="50-90" Spot="1" />
 <COLOR RGB="#151f33" NAME="50-905" Spot="1" />
 <COLOR RGB="#c4c6c6" NAME="50-93" Spot="1" />
 <COLOR RGB="#919691" NAME="50-94" Spot="1" />
 <COLOR RGB="#5b6161" NAME="50-96" Spot="1" />
 <COLOR RGB="#424547" NAME="50-97" Spot="1" />
 <COLOR RGB="#090a0d" NAME="50-12" Spot="1" />
 <COLOR RGB="#3a3a3b" NAME="50-120" Spot="1" />
 <COLOR RGB="#a6a8a9" NAME="50-58" Spot="1" />
 <COLOR RGB="#b09158" NAME="50-54" Spot="1" />
 <COLOR RGB="#4b4a47" NAME="50-585" Spot="1" />
</SCRIBUSCOLORS>