<?xml version="1.0" encoding="UTF-8"?>
<SCRIBUSCOLORS Name="3M Scotchcal Serie 3630">
 <COLOR RGB="#dfe2e1" NAME="3630-20" Spot="1" />
 <COLOR RGB="#262625" NAME="3630-22" Spot="1" />
 <COLOR RGB="#d1728e" NAME="3630-68" Spot="1" />
 <COLOR RGB="#c073b1" NAME="3630-108" Spot="1" />
 <COLOR RGB="#ab294e" NAME="3630-78" Spot="1" />
 <COLOR RGB="#9b3f81" NAME="3630-118" Spot="1" />
 <COLOR RGB="#8a2556" NAME="3630-133" Spot="1" />
 <COLOR RGB="#5b3963" NAME="3630-128" Spot="1" />
 <COLOR RGB="#68222c" NAME="3630-49" Spot="1" />
 <COLOR RGB="#931c20" NAME="3630-53" Spot="1" />
 <COLOR RGB="#a02527" NAME="3630-73" Spot="1" />
 <COLOR RGB="#a72c39" NAME="3630-83" Spot="1" />
 <COLOR RGB="#ac2222" NAME="3630-33" Spot="1" />
 <COLOR RGB="#b92c1f" NAME="3630-43" Spot="1" />
 <COLOR RGB="#b02f1f" NAME="3630-143" Spot="1" />
 <COLOR RGB="#c95422" NAME="3630-44" Spot="1" />
 <COLOR RGB="#d57528" NAME="3630-84" Spot="1" />
 <COLOR RGB="#f08200" NAME="3630-74" Spot="1" />
 <COLOR RGB="#d29400" NAME="3630-25" Spot="1" />
 <COLOR RGB="#d09200" NAME="3630-75" Spot="1" />
 <COLOR RGB="#e6a200" NAME="3630-125" Spot="1" />
 <COLOR RGB="#ceab00" NAME="3630-015" Spot="1" />
 <COLOR RGB="#c5b700" NAME="3630-115" Spot="1" />
 <COLOR RGB="#74a700" NAME="3630-106" Spot="1" />
 <COLOR RGB="#65a029" NAME="3630-136" Spot="1" />
 <COLOR RGB="#00a064" NAME="3630-146" Spot="1" />
 <COLOR RGB="#1c813c" NAME="3630-156" Spot="1" />
 <COLOR RGB="#00985f" NAME="3630-116" Spot="1" />
 <COLOR RGB="#005f2c" NAME="3630-26" Spot="1" />
 <COLOR RGB="#014e2a" NAME="3630-76" Spot="1" />
 <COLOR RGB="#00532f" NAME="3630-126" Spot="1" />
 <COLOR RGB="#007d7a" NAME="3630-246" Spot="1" />
 <COLOR RGB="#008a7f" NAME="3630-236" Spot="1" />
 <COLOR RGB="#2e2674" NAME="3630-87" Spot="1" />
 <COLOR RGB="#103860" NAME="3630-36" Spot="1" />
 <COLOR RGB="#1b3562" NAME="3630-137" Spot="1" />
 <COLOR RGB="#224987" NAME="3630-157" Spot="1" />
 <COLOR RGB="#005591" NAME="3630-97" Spot="1" />
 <COLOR RGB="#006298" NAME="3630-167" Spot="1" />
 <COLOR RGB="#0071ac" NAME="3630-127" Spot="1" />
 <COLOR RGB="#007bb4" NAME="3630-337" Spot="1" />
 <COLOR RGB="#0080aa" NAME="3630-147" Spot="1" />
 <COLOR RGB="#0088af" NAME="3630-57" Spot="1" />
 <COLOR RGB="#8a9ec2" NAME="3630-317" Spot="1" />
 <COLOR RGB="#8f9695" NAME="3630-51" Spot="1" />
 <COLOR RGB="#908c86" NAME="3630-71" Spot="1" />
 <COLOR RGB="#66737d" NAME="3630-61" Spot="1" />
 <COLOR RGB="#453d38" NAME="3630-69" Spot="1" />
 <COLOR RGB="#49342d" NAME="3630-59" Spot="1" />
 <COLOR RGB="#68362e" NAME="3630-63" Spot="1" />
 <COLOR RGB="#6f3225" NAME="3630-109" Spot="1" />
 <COLOR RGB="#9e6a46" NAME="3630-129" Spot="1" />
 <COLOR RGB="#d2c9a9" NAME="3630-005" Spot="1" />
 <COLOR RGB="#cabca7" NAME="3630-149" Spot="1" />
 <COLOR RGB="#ad946a" NAME="3630-131" Spot="1" />
 <COLOR RGB="#b48f49" NAME="3630-141" Spot="1" />
 <COLOR RGB="#a3a5a6" NAME="3630-121" Spot="1" />
 <COLOR RGB="#dadddd" NAME="3635-30" Spot="1" />
 <COLOR RGB="#c8c9c9" NAME="3635-70" Spot="1" />
 <COLOR RGB="#6e7065" NAME="3635-91" Spot="1" />
 <COLOR RGB="#f3f6f6" NAME="3635-20B" Spot="1" />
 <COLOR RGB="#333331" NAME="3635-22B" Spot="1" />
</SCRIBUSCOLORS>