<?xml version="1.0" encoding="UTF-8"?>
<SCRIBUSCOLORS Name="3M Scotchprint Serie 1080">
 <COLOR RGB="#f9fcf6" NAME="1080-M10 Matte White" Spot="1" />
 <COLOR RGB="#4e5446" NAME="1080-M26 Military Green" Spot="1" />
 <COLOR RGB="#787d82" NAME="1080-M21 Matte Silver" Spot="1" />
 <COLOR RGB="#403f3e" NAME="1080-M12 Matte Black" Spot="1" />
 <COLOR RGB="#87847f" NAME="1080-M230 Grey Aluminium" Spot="1" />
 <COLOR RGB="#5a5a5d" NAME="1080-M261 Matte Dark Grey" Spot="1" />
 <COLOR RGB="#c2c2be" NAME="1080-BR120 Brushed Aluminium " Spot="1" />
 <COLOR RGB="#909296" NAME="1080-BR201 Brushed Steel" Spot="1" />
 <COLOR RGB="#4d516a" NAME="1080-BR217 Brushed Steel Blue" Spot="1" />
 <COLOR RGB="#a7a39c" NAME="1080-BR230 Brushed Titanium" Spot="1" />
 <COLOR RGB="#caa178" NAME="1080-BR241 Brushed Gold" Spot="1" />
 <COLOR RGB="#504f4e" NAME="1080-BR212 Brushed Black Metallic" Spot="1" />
 <COLOR RGB="#fbfcf8" NAME="1080-CF10 Carbon Fiber White" Spot="1" />
 <COLOR RGB="#707176" NAME="1080-CF201 Carbon Fiber Anthracite" Spot="1" />
 <COLOR RGB="#3b3a3a" NAME="1080-CF12 Carbon Fiber Black" Spot="1" />
</SCRIBUSCOLORS>