<?xml version="1.0" encoding="UTF-8"?>
<SCRIBUSCOLORS Name="3M Scotchcal Serie 85">
 <COLOR RGB="#f0f3f1" NAME="85-2082" Spot="1" />
 <COLOR RGB="#e3d3b6" NAME="85-2089" Spot="1" />
 <COLOR RGB="#fbb500" NAME="85-2102" Spot="1" />
 <COLOR RGB="#f4b600" NAME="85-2085" Spot="1" />
 <COLOR RGB="#db711b" NAME="85-2084" Spot="1" />
 <COLOR RGB="#d14806" NAME="85-2101" Spot="1" />
 <COLOR RGB="#b70d0c" NAME="85-2093" Spot="1" />
 <COLOR RGB="#9b2019" NAME="85-2083" Spot="1" />
 <COLOR RGB="#2285b9" NAME="85-2096" Spot="1" />
 <COLOR RGB="#00578c" NAME="85-2086" Spot="1" />
 <COLOR RGB="#1c387a" NAME="85-2094" Spot="1" />
 <COLOR RGB="#007d52" NAME="85-2095" Spot="1" />
 <COLOR RGB="#006c35" NAME="85-2098" Spot="1" />
 <COLOR RGB="#003c2e" NAME="85-2087" Spot="1" />
 <COLOR RGB="#111214" NAME="85-2091" Spot="1" />
 <COLOR RGB="#8d8f96" NAME="85-2092" Spot="1" />
 <COLOR RGB="#bec0c0" NAME="85-2088" Spot="1" />
 <COLOR RGB="#7d8386" NAME="85-2099" Spot="1" />
 <COLOR RGB="#585859" NAME="85-2090" Spot="1" />
 <COLOR RGB="#181818" NAME="85-2104" Spot="1" />
 <COLOR RGB="#87847f" NAME="85-2100" Spot="1" />
 <COLOR RGB="#464939" NAME="85-2103" Spot="1" />
 <COLOR RGB="#2f3030" NAME="85-2097" Spot="1" />
 <COLOR RGB="#f0f3f0" NAME="85-2242" Spot="1" />
</SCRIBUSCOLORS>