<?xml version="1.0" encoding="UTF-8"?>
<SCRIBUSCOLORS Name="3M Scotchcal Serie 70">
 <COLOR RGB="#f8f8f3" NAME="3M 70-10" Spot="1" />
 <COLOR RGB="#f7f7f2" NAME="3M 70-100" Spot="1" />
 <COLOR RGB="#f1d6a3" NAME="3M 70-912" Spot="1" />
 <COLOR RGB="#dec99c" NAME="3M 70-914" Spot="1" />
 <COLOR RGB="#ad824f" NAME="3M 70-915" Spot="1" />
 <COLOR RGB="#ae521b" NAME="3M 70-916" Spot="1" />
 <COLOR RGB="#5d2518" NAME="3M 70-919" Spot="1" />
 <COLOR RGB="#3f241c" NAME="3M 70-92" Spot="1" />
 <COLOR RGB="#0a3d25" NAME="3M 70-785" Spot="1" />
 <COLOR RGB="#004a2b" NAME="3M 70-78" Spot="1" />
 <COLOR RGB="#075320" NAME="3M 70-77" Spot="1" />
 <COLOR RGB="#00743b" NAME="3M 70-76" Spot="1" />
 <COLOR RGB="#00762b" NAME="3M 70-75" Spot="1" />
 <COLOR RGB="#008850" NAME="3M 70-74" Spot="1" />
 <COLOR RGB="#37a700" NAME="3M 70-73" Spot="1" />
 <COLOR RGB="#82c727" NAME="3M 70-72" Spot="1" />
 <COLOR RGB="#f9db00" NAME="3M 70-24" Spot="1" />
 <COLOR RGB="#ffc100" NAME="3M 70-25" Spot="1" />
 <COLOR RGB="#ffb200" NAME="3M 70-27" Spot="1" />
 <COLOR RGB="#ffa500" NAME="3M 70-275" Spot="1" />
 <COLOR RGB="#e55d00" NAME="3M 70-32" Spot="1" />
 <COLOR RGB="#f04c00" NAME="3M 70-34" Spot="1" />
 <COLOR RGB="#da3a0d" NAME="3M 70-41" Spot="1" />
 <COLOR RGB="#c70d00" NAME="3M 70-46" Spot="1" />
 <COLOR RGB="#b51605" NAME="3M 70-44" Spot="1" />
 <COLOR RGB="#bd1e1e" NAME="3M 70-475" Spot="1" />
 <COLOR RGB="#ac000f" NAME="3M 70-478" Spot="1" />
 <COLOR RGB="#a50011" NAME="3M 70-48" Spot="1" />
 <COLOR RGB="#9f1e16" NAME="3M 70-485" Spot="1" />
 <COLOR RGB="#850813" NAME="3M 70-488" Spot="1" />
 <COLOR RGB="#6a0720" NAME="3M 70-489" Spot="1" />
 <COLOR RGB="#5c3b85" NAME="3M 70-66" Spot="1" />
 <COLOR RGB="#7e65ab" NAME="3M 70-65" Spot="1" />
 <COLOR RGB="#bc2b5e" NAME="3M 70-645" Spot="1" />
 <COLOR RGB="#d85389" NAME="3M 70-625" Spot="1" />
 <COLOR RGB="#e888b6" NAME="3M 70-62" Spot="1" />
 <COLOR RGB="#6fdbbe" NAME="3M 70-792" Spot="1" />
 <COLOR RGB="#00a495" NAME="3M 70-795" Spot="1" />
 <COLOR RGB="#008386" NAME="3M 70-79" Spot="1" />
 <COLOR RGB="#50abd8" NAME="3M 70-81" Spot="1" />
 <COLOR RGB="#0097cc" NAME="3M 70-815" Spot="1" />
 <COLOR RGB="#0089c3" NAME="3M 70-825" Spot="1" />
 <COLOR RGB="#0073b2" NAME="3M 70-837" Spot="1" />
 <COLOR RGB="#005390" NAME="3M 70-862" Spot="1" />
 <COLOR RGB="#1a4792" NAME="3M 70-878" Spot="1" />
 <COLOR RGB="#0d3979" NAME="3M 70-882" Spot="1" />
 <COLOR RGB="#1b3563" NAME="3M 70-89" Spot="1" />
 <COLOR RGB="#1a275d" NAME="3M 70-903" Spot="1" />
 <COLOR RGB="#0d1f33" NAME="3M 70-905" Spot="1" />
 <COLOR RGB="#c8cac6" NAME="3M 70-93" Spot="1" />
 <COLOR RGB="#788080" NAME="3M 70-95" Spot="1" />
 <COLOR RGB="#565655" NAME="3M 70-96" Spot="1" />
 <COLOR RGB="#4b4c4c" NAME="3M 70-965" Spot="1" />
 <COLOR RGB="#45484a" NAME="3M 70-97" Spot="1" />
 <COLOR RGB="#0e0e10" NAME="3M 70-12" Spot="1" />
 <COLOR RGB="#1d1c1d" NAME="3M 70-120" Spot="1" />
 <COLOR RGB="#9b884b" NAME="3M 70-545" Spot="1" />
 <COLOR RGB="#a8aaab" NAME="3M 70-58" Spot="1" />
 <COLOR RGB="#404140" NAME="3M 70-585" Spot="1" />
</SCRIBUSCOLORS>