<?xml version="1.0" encoding="UTF-8"?>
<SCRIBUSCOLORS Name="3m scotchcal serie 80">
 <COLOR RGB="#efd820" NAME="80-2563" Spot="1" />
 <COLOR RGB="#f2c900" NAME="80-2562" Spot="1" />
 <COLOR RGB="#fbc100" NAME="80-2549" Spot="1" />
 <COLOR RGB="#ffc200" NAME="80-15" Spot="1" />
 <COLOR RGB="#ffb200" NAME="80-25" Spot="1" />
 <COLOR RGB="#fea103" NAME="80-2550" Spot="1" />
 <COLOR RGB="#f37b02" NAME="80-717" Spot="1" />
 <COLOR RGB="#ee6100" NAME="80-2434" Spot="1" />
 <COLOR RGB="#e35d00" NAME="80-14" Spot="1" />
 <COLOR RGB="#e35004" NAME="80-410" Spot="1" />
 <COLOR RGB="#dc3d0a" NAME="80-266" Spot="1" />
 <COLOR RGB="#c22716" NAME="80-2551" Spot="1" />
 <COLOR RGB="#c01a02" NAME="80-368" Spot="1" />
 <COLOR RGB="#c00d01" NAME="80-2552" Spot="1" />
 <COLOR RGB="#b71807" NAME="80-13" Spot="1" />
 <COLOR RGB="#a40910" NAME="80-176" Spot="1" />
 <COLOR RGB="#9e2318" NAME="80-2553" Spot="1" />
 <COLOR RGB="#94081e" NAME="80-53" Spot="1" />
 <COLOR RGB="#8b191e" NAME="80-23" Spot="1" />
 <COLOR RGB="#850d18" NAME="80-2554" Spot="1" />
 <COLOR RGB="#860918" NAME="80-2400" Spot="1" />
 <COLOR RGB="#e98bb9" NAME="80-2415" Spot="1" />
 <COLOR RGB="#ae2468" NAME="80-1916" Spot="1" />
 <COLOR RGB="#ad4982" NAME="80-2410" Spot="1" />
 <COLOR RGB="#be91bc" NAME="80-2413" Spot="1" />
 <COLOR RGB="#86427f" NAME="80-721" Spot="1" />
 <COLOR RGB="#60295c" NAME="80-2409" Spot="1" />
 <COLOR RGB="#4c2d50" NAME="80-597" Spot="1" />
 <COLOR RGB="#7a64ad" NAME="80-2412" Spot="1" />
 <COLOR RGB="#573c8b" NAME="80-2411" Spot="1" />
 <COLOR RGB="#3f2a6f" NAME="80-595" Spot="1" />
 <COLOR RGB="#23205a" NAME="80-1794" Spot="1" />
 <COLOR RGB="#101d3e" NAME="80-2416" Spot="1" />
 <COLOR RGB="#092557" NAME="80-2557" Spot="1" />
 <COLOR RGB="#1a3474" NAME="80-1024" Spot="1" />
 <COLOR RGB="#1c4997" NAME="80-2556" Spot="1" />
 <COLOR RGB="#0f3881" NAME="80-2565" Spot="1" />
 <COLOR RGB="#0e3978" NAME="80-37" Spot="1" />
 <COLOR RGB="#1a3863" NAME="80-003" Spot="1" />
 <COLOR RGB="#002a49" NAME="80-724" Spot="1" />
 <COLOR RGB="#014d7c" NAME="80-1789" Spot="1" />
 <COLOR RGB="#005392" NAME="80-17" Spot="1" />
 <COLOR RGB="#0a649e" NAME="80-47" Spot="1" />
 <COLOR RGB="#0571b9" NAME="80-2555" Spot="1" />
 <COLOR RGB="#008bc5" NAME="80-57" Spot="1" />
 <COLOR RGB="#0099d0" NAME="80-123" Spot="1" />
 <COLOR RGB="#52acd8" NAME="80-453" Spot="1" />
 <COLOR RGB="#8bd8d6" NAME="80-600" Spot="1" />
 <COLOR RGB="#52caaf" NAME="80-716" Spot="1" />
 <COLOR RGB="#098689" NAME="80-603" Spot="1" />
 <COLOR RGB="#afc31a" NAME="80-449" Spot="1" />
 <COLOR RGB="#5a9800" NAME="80-719" Spot="1" />
 <COLOR RGB="#038e2e" NAME="80-1583" Spot="1" />
 <COLOR RGB="#037951" NAME="80-1645" Spot="1" />
 <COLOR RGB="#005537" NAME="80-56" Spot="1" />
 <COLOR RGB="#0f4028" NAME="80-008" Spot="1" />
 <COLOR RGB="#00d2ff" NAME="80-384" Spot="1" />
 <COLOR RGB="#c6c8c6" NAME="80-2428" Spot="1" />
 <COLOR RGB="#a9a7a4" NAME="80-605" Spot="1" />
 <COLOR RGB="#878789" NAME="80-822" Spot="1" />
 <COLOR RGB="#777f7f" NAME="80-038" Spot="1" />
 <COLOR RGB="#666a67" NAME="80-2558" Spot="1" />
 <COLOR RGB="#5e6466" NAME="80-1833" Spot="1" />
 <COLOR RGB="#494c4d" NAME="80-012" Spot="1" />
 <COLOR RGB="#006b54" NAME="80-706" Spot="1" />
 <COLOR RGB="#111111" NAME="80-12" Spot="1" />
 <COLOR RGB="#353535" NAME="80-22" Spot="1" />
 <COLOR RGB="#492b1f" NAME="80-19" Spot="1" />
 <COLOR RGB="#5f221c" NAME="80-2407" Spot="1" />
 <COLOR RGB="#c7aa7c" NAME="80-2429" Spot="1" />
 <COLOR RGB="#e4d3b9" NAME="80-2430" Spot="1" />
 <COLOR RGB="#ffa9be" NAME="80-2431" Spot="1" />
 <COLOR RGB="#f0d49b" NAME="80-2564" Spot="1" />
 <COLOR RGB="#e3e2d8" NAME="80-114" Spot="1" />
 <COLOR RGB="#f6f8f5" NAME="80-10" Spot="1" />
 <COLOR RGB="#f6f8f5" NAME="80-20" Spot="1" />
 <COLOR RGB="#b1b6b7" NAME="80-58" Spot="1" />
 <COLOR RGB="#006eff" NAME="80-144" Spot="1" />
 <COLOR RGB="#484a4b" NAME="80-2476" Spot="1" />
 <COLOR RGB="#0036ec" NAME="80-2560" Spot="1" />
 <COLOR RGB="#978242" NAME="80-2559" Spot="1" />
 <COLOR RGB="#a1854f" NAME="80-54" Spot="1" />
 <COLOR RGB="#91723b" NAME="80-2065" Spot="1" />
 <COLOR RGB="#233e5f" NAME="80-2561" Spot="1" />
</SCRIBUSCOLORS>