<?xml version="1.0" encoding="UTF-8"?>
<SCRIBUSCOLORS Name="Achilles veredelt">
 <COLOR RGB="#f5f9f5" NAME="3" Spot="1" />
 <COLOR RGB="#f8f8f3" NAME="3840176" Spot="1" />
 <COLOR RGB="#f0d98d" NAME="796" Spot="1" />
 <COLOR RGB="#ecb441" NAME="755" Spot="1" />
 <COLOR RGB="#d05839" NAME="507" Spot="1" />
 <COLOR RGB="#c04640" NAME="5054" Spot="1" />
 <COLOR RGB="#9d3a3d" NAME="5" Spot="1" />
 <COLOR RGB="#5d463f" NAME="143" Spot="1" />
 <COLOR RGB="#93bd9e" NAME="4068" Spot="1" />
 <COLOR RGB="#2c704d" NAME="415" Spot="1" />
 <COLOR RGB="#97c1c7" NAME="2010" Spot="1" />
 <COLOR RGB="#0085b8" NAME="258" Spot="1" />
 <COLOR RGB="#216ea0" NAME="256" Spot="1" />
 <COLOR RGB="#385574" NAME="206" Spot="1" />
 <COLOR RGB="#d5d4c5" NAME="88" Spot="1" />
 <COLOR RGB="#adb1ad" NAME="606" Spot="1" />
 <COLOR RGB="#949795" NAME="623" Spot="1" />
 <COLOR RGB="#d5d7cb" NAME="744880" Spot="1" />
 <COLOR RGB="#3b3b3c" NAME="16" Spot="1" />
</SCRIBUSCOLORS>