<?xml version="1.0" encoding="UTF-8"?>
<SCRIBUSCOLORS Name="Adler indoortrend">
 <COLOR RGB="#979f5b" NAME="IT 01-1" Spot="1" />
 <COLOR RGB="#9b7f8d" NAME="IT 1-2" Spot="1" />
 <COLOR RGB="#fae981" NAME="IT 1-3" Spot="1" />
 <COLOR RGB="#a2907c" NAME="IT 2-1" Spot="1" />
 <COLOR RGB="#85a6b1" NAME="IT 2-2" Spot="1" />
 <COLOR RGB="#f18b43" NAME="IT 2-3" Spot="1" />
 <COLOR RGB="#9e4a37" NAME="IT 3-1" Spot="1" />
 <COLOR RGB="#656a4e" NAME="IT 3-2" Spot="1" />
 <COLOR RGB="#7a665d" NAME="IT 3-3" Spot="1" />
 <COLOR RGB="#ffd269" NAME="IT 4-1" Spot="1" />
 <COLOR RGB="#d8c4a9" NAME="IT 4-2" Spot="1" />
 <COLOR RGB="#a24e5f" NAME="IT 4-3" Spot="1" />
 <COLOR RGB="#a19880" NAME="IT 5-1" Spot="1" />
 <COLOR RGB="#c1563d" NAME="IT 5-2" Spot="1" />
 <COLOR RGB="#bbb753" NAME="IT 5-3" Spot="1" />
 <COLOR RGB="#e8dec8" NAME="IT 6-1" Spot="1" />
 <COLOR RGB="#91a9cb" NAME="IT 6-2" Spot="1" />
 <COLOR RGB="#f5a532" NAME="IT 6-3" Spot="1" />
 <COLOR RGB="#aa816a" NAME="IT 7-1" Spot="1" />
 <COLOR RGB="#d4b68a" NAME="IT 7-2" Spot="1" />
 <COLOR RGB="#da87b4" NAME="IT 7-3" Spot="1" />
 <COLOR RGB="#ffcd7e" NAME="IT 8-1" Spot="1" />
 <COLOR RGB="#e9dec8" NAME="IT 8-2" Spot="1" />
 <COLOR RGB="#528e84" NAME="IT 8-3" Spot="1" />
 <COLOR RGB="#d55533" NAME="IT 9-1" Spot="1" />
 <COLOR RGB="#dc9f7c" NAME="IT 9-2" Spot="1" />
 <COLOR RGB="#cec3b8" NAME="IT 9-3" Spot="1" />
 <COLOR RGB="#9fc877" NAME="IT 10-1" Spot="1" />
 <COLOR RGB="#476785" NAME="IT 10-2" Spot="1" />
 <COLOR RGB="#ffb569" NAME="IT 10-3" Spot="1" />
 <COLOR RGB="#b8bdbe" NAME="IT 11-1" Spot="1" />
 <COLOR RGB="#ebddbb" NAME="IT 11-2" Spot="1" />
 <COLOR RGB="#b59e67" NAME="IT 11-3" Spot="1" />
 <COLOR RGB="#ecd1c2" NAME="IT 12-1" Spot="1" />
 <COLOR RGB="#937d6f" NAME="IT 12-2" Spot="1" />
 <COLOR RGB="#b44c64" NAME="IT 12-3" Spot="1" />
 <COLOR RGB="#cebea2" NAME="IT 13-1" Spot="1" />
 <COLOR RGB="#688ec7" NAME="IT 13-2" Spot="1" />
 <COLOR RGB="#b6b6b3" NAME="IT 13-3" Spot="1" />
 <COLOR RGB="#90847b" NAME="IT 14-1" Spot="1" />
 <COLOR RGB="#c45f39" NAME="IT 14-2" Spot="1" />
 <COLOR RGB="#d6ae78" NAME="IT 14-3" Spot="1" />
 <COLOR RGB="#b14444" NAME="IT 15-1" Spot="1" />
 <COLOR RGB="#a6ac83" NAME="IT 15-2" Spot="1" />
 <COLOR RGB="#e7e3cf" NAME="IT 15-3" Spot="1" />
 <COLOR RGB="#bd8270" NAME="IT 16-1" Spot="1" />
 <COLOR RGB="#ffc369" NAME="IT 16-2" Spot="1" />
 <COLOR RGB="#d3b9a4" NAME="IT 16-3" Spot="1" />
 <COLOR RGB="#757f8a" NAME="IT 17-1" Spot="1" />
 <COLOR RGB="#10879f" NAME="IT 17-2" Spot="1" />
 <COLOR RGB="#936c60" NAME="IT 17-3" Spot="1" />
 <COLOR RGB="#a96571" NAME="IT 18-1" Spot="1" />
 <COLOR RGB="#ccc2c2" NAME="IT 18-2" Spot="1" />
 <COLOR RGB="#ee9233" NAME="IT 18-3" Spot="1" />
 <COLOR RGB="#b7a094" NAME="IT 19-1" Spot="1" />
 <COLOR RGB="#8274a7" NAME="IT 19-2" Spot="1" />
 <COLOR RGB="#bb7659" NAME="IT 19-3" Spot="1" />
 <COLOR RGB="#ea896c" NAME="IT 20-1" Spot="1" />
 <COLOR RGB="#fdd292" NAME="IT 20-2" Spot="1" />
 <COLOR RGB="#cbc3b2" NAME="IT 20-3" Spot="1" />
 <COLOR RGB="#dadfc3" NAME="IT 21-1" Spot="1" />
 <COLOR RGB="#9dada1" NAME="IT 21-2" Spot="1" />
 <COLOR RGB="#f7e9d3" NAME="IT 21-3" Spot="1" />
 <COLOR RGB="#cbc2b1" NAME="IT 22-1" Spot="1" />
 <COLOR RGB="#f8e0c4" NAME="IT 22-2" Spot="1" />
 <COLOR RGB="#d38969" NAME="IT 22-3" Spot="1" />
</SCRIBUSCOLORS>