<?xml version="1.0" encoding="UTF-8"?>
<SCRIBUSCOLORS Name="Adler Color Meine Lieblingsfarbe">
 <COLOR RGB="#fec100" NAME="Y 10" Spot="1" />
 <COLOR RGB="#bf8739" NAME="Y 40" Spot="1" />
 <COLOR RGB="#ea541d" NAME="Y 30" Spot="1" />
 <COLOR RGB="#aa131a" NAME="R 20" Spot="1" />
 <COLOR RGB="#91141f" NAME="R 70" Spot="1" />
 <COLOR RGB="#5d1923" NAME="R 80" Spot="1" />
 <COLOR RGB="#3c662f" NAME="G 10" Spot="1" />
 <COLOR RGB="#005e3b" NAME="G 40" Spot="1" />
 <COLOR RGB="#003e6f" NAME="B 40" Spot="1" />
 <COLOR RGB="#4e2e25" NAME="Y 50" Spot="1" />
 <COLOR RGB="#3f2a23" NAME="Y 60" Spot="1" />
 <COLOR RGB="#373730" NAME="N 40" Spot="1" />
 <COLOR RGB="#cbbc86" NAME="RAL 1000" Spot="1" />
 <COLOR RGB="#ceb283" NAME="RAL 1001" Spot="1" />
 <COLOR RGB="#d0ac6d" NAME="RAL 1002" Spot="1" />
 <COLOR RGB="#f2a900" NAME="RAL 1003" Spot="1" />
 <COLOR RGB="#dfa100" NAME="RAL 1004" Spot="1" />
 <COLOR RGB="#be8c00" NAME="RAL 1005" Spot="1" />
 <COLOR RGB="#e19800" NAME="RAL 1006" Spot="1" />
 <COLOR RGB="#e29000" NAME="RAL 1007" Spot="1" />
 <COLOR RGB="#ab804d" NAME="RAL 1011" Spot="1" />
 <COLOR RGB="#d6af29" NAME="RAL 1012" Spot="1" />
 <COLOR RGB="#e0d8c5" NAME="RAL 1013" Spot="1" />
 <COLOR RGB="#c4b28a" NAME="RAL 1014" Spot="1" />
 <COLOR RGB="#e5d6b7" NAME="RAL 1015" Spot="1" />
 <COLOR RGB="#ede537" NAME="RAL 1016" Spot="1" />
 <COLOR RGB="#efa84a" NAME="RAL 1017" Spot="1" />
 <COLOR RGB="#f6cd34" NAME="RAL 1018" Spot="1" />
 <COLOR RGB="#a18d76" NAME="RAL 1019" Spot="1" />
 <COLOR RGB="#9c8d61" NAME="RAL 1020" Spot="1" />
 <COLOR RGB="#edb700" NAME="RAL 1021" Spot="1" />
 <COLOR RGB="#f1bb00" NAME="RAL 1023" Spot="1" />
 <COLOR RGB="#b6914d" NAME="RAL 1024" Spot="1" />
 <COLOR RGB="#a0801a" NAME="RAL 1027" Spot="1" />
 <COLOR RGB="#fb9900" NAME="RAL 1028" Spot="1" />
 <COLOR RGB="#daa505" NAME="RAL 1032" Spot="1" />
 <COLOR RGB="#f19c10" NAME="RAL 1033" Spot="1" />
 <COLOR RGB="#e89d4a" NAME="RAL 1034" Spot="1" />
 <COLOR RGB="#d36d00" NAME="RAL 2000" Spot="1" />
 <COLOR RGB="#b84b22" NAME="RAL 2001" Spot="1" />
 <COLOR RGB="#ba3825" NAME="RAL 2002" Spot="1" />
 <COLOR RGB="#eb7732" NAME="RAL 2003" Spot="1" />
 <COLOR RGB="#df591f" NAME="RAL 2004" Spot="1" />
 <COLOR RGB="#e56a1a" NAME="RAL 2008" Spot="1" />
 <COLOR RGB="#d85618" NAME="RAL 2009" Spot="1" />
 <COLOR RGB="#c75718" NAME="RAL 2010" Spot="1" />
 <COLOR RGB="#de7017" NAME="RAL 2011" Spot="1" />
 <COLOR RGB="#c35c45" NAME="RAL 2012" Spot="1" />
 <COLOR RGB="#a12d27" NAME="RAL 3000" Spot="1" />
 <COLOR RGB="#9b1c1d" NAME="RAL 3001" Spot="1" />
 <COLOR RGB="#972022" NAME="RAL 3002" Spot="1" />
 <COLOR RGB="#7e161e" NAME="RAL 3003" Spot="1" />
 <COLOR RGB="#64151f" NAME="RAL 3004" Spot="1" />
 <COLOR RGB="#501a22" NAME="RAL 3005" Spot="1" />
 <COLOR RGB="#3e2225" NAME="RAL 3007" Spot="1" />
 <COLOR RGB="#69332c" NAME="RAL 3009" Spot="1" />
 <COLOR RGB="#762122" NAME="RAL 3011" Spot="1" />
 <COLOR RGB="#c3856e" NAME="RAL 3012" Spot="1" />
 <COLOR RGB="#942c22" NAME="RAL 3013" Spot="1" />
 <COLOR RGB="#b5676b" NAME="RAL 3014" Spot="1" />
 <COLOR RGB="#d99fa6" NAME="RAL 3015" Spot="1" />
 <COLOR RGB="#a53b2d" NAME="RAL 3016" Spot="1" />
 <COLOR RGB="#c7545d" NAME="RAL 3017" Spot="1" />
 <COLOR RGB="#c53f4b" NAME="RAL 3018" Spot="1" />
 <COLOR RGB="#b01c16" NAME="RAL 3020" Spot="1" />
 <COLOR RGB="#b85d4a" NAME="RAL 3022" Spot="1" />
 <COLOR RGB="#ac223f" NAME="RAL 3027" Spot="1" />
 <COLOR RGB="#a23239" NAME="RAL 3031" Spot="1" />
 <COLOR RGB="#836183" NAME="RAL 4001" Spot="1" />
 <COLOR RGB="#8c3b49" NAME="RAL 4002" Spot="1" />
 <COLOR RGB="#c45f8f" NAME="RAL 4003" Spot="1" />
 <COLOR RGB="#5c1733" NAME="RAL 4004" Spot="1" />
 <COLOR RGB="#7d6a9b" NAME="RAL 4005" Spot="1" />
 <COLOR RGB="#8f3772" NAME="RAL 4006" Spot="1" />
 <COLOR RGB="#46233a" NAME="RAL 4007" Spot="1" />
 <COLOR RGB="#884782" NAME="RAL 4008" Spot="1" />
 <COLOR RGB="#9d8691" NAME="RAL 4009" Spot="1" />
 <COLOR RGB="#be4079" NAME="RAL 4010" Spot="1" />
 <COLOR RGB="#334f71" NAME="RAL 5000" Spot="1" />
 <COLOR RGB="#184863" NAME="RAL 5001" Spot="1" />
 <COLOR RGB="#273d7b" NAME="RAL 5002" Spot="1" />
 <COLOR RGB="#1c3457" NAME="RAL 5003" Spot="1" />
 <COLOR RGB="#1b1e29" NAME="RAL 5004" Spot="1" />
 <COLOR RGB="#00467a" NAME="RAL 5005" Spot="1" />
 <COLOR RGB="#3f688c" NAME="RAL 5007" Spot="1" />
 <COLOR RGB="#2d3842" NAME="RAL 5008" Spot="1" />
 <COLOR RGB="#265c77" NAME="RAL 5009" Spot="1" />
 <COLOR RGB="#004a7c" NAME="RAL 5010" Spot="1" />
 <COLOR RGB="#1c2a40" NAME="RAL 5011" Spot="1" />
 <COLOR RGB="#3289b8" NAME="RAL 5012" Spot="1" />
 <COLOR RGB="#222f53" NAME="RAL 5013" Spot="1" />
 <COLOR RGB="#687d98" NAME="RAL 5014" Spot="1" />
 <COLOR RGB="#007cb2" NAME="RAL 5015" Spot="1" />
 <COLOR RGB="#00598d" NAME="RAL 5017" Spot="1" />
 <COLOR RGB="#1e8b8c" NAME="RAL 5018" Spot="1" />
 <COLOR RGB="#005d84" NAME="RAL 5019" Spot="1" />
 <COLOR RGB="#003f49" NAME="RAL 5020" Spot="1" />
 <COLOR RGB="#007878" NAME="RAL 5021" Spot="1" />
 <COLOR RGB="#282b58" NAME="RAL 5022" Spot="1" />
 <COLOR RGB="#49688c" NAME="RAL 5023" Spot="1" />
 <COLOR RGB="#6590a8" NAME="RAL 5024" Spot="1" />
 <COLOR RGB="#326553" NAME="RAL 6000" Spot="1" />
 <COLOR RGB="#336a36" NAME="RAL 6001" Spot="1" />
 <COLOR RGB="#305f2f" NAME="RAL 6002" Spot="1" />
 <COLOR RGB="#4f543c" NAME="RAL 6003" Spot="1" />
 <COLOR RGB="#104442" NAME="RAL 6004" Spot="1" />
 <COLOR RGB="#073a2a" NAME="RAL 6005" Spot="1" />
 <COLOR RGB="#35362d" NAME="RAL 6006" Spot="1" />
 <COLOR RGB="#2c3522" NAME="RAL 6007" Spot="1" />
 <COLOR RGB="#302d1e" NAME="RAL 6008" Spot="1" />
 <COLOR RGB="#223123" NAME="RAL 6009" Spot="1" />
 <COLOR RGB="#446b2e" NAME="RAL 6010" Spot="1" />
 <COLOR RGB="#69805a" NAME="RAL 6011" Spot="1" />
 <COLOR RGB="#2d3b38" NAME="RAL 6012" Spot="1" />
 <COLOR RGB="#797658" NAME="RAL 6013" Spot="1" />
 <COLOR RGB="#423b2a" NAME="RAL 6014" Spot="1" />
 <COLOR RGB="#36382f" NAME="RAL 6015" Spot="1" />
 <COLOR RGB="#00674b" NAME="RAL 6016" Spot="1" />
 <COLOR RGB="#558543" NAME="RAL 6017" Spot="1" />
 <COLOR RGB="#4e8c31" NAME="RAL 6018" Spot="1" />
 <COLOR RGB="#b6d1ae" NAME="RAL 6019" Spot="1" />
 <COLOR RGB="#3c4735" NAME="RAL 6020" Spot="1" />
 <COLOR RGB="#8a9e7b" NAME="RAL 6021" Spot="1" />
 <COLOR RGB="#383225" NAME="RAL 6022" Spot="1" />
 <COLOR RGB="#138050" NAME="RAL 6024" Spot="1" />
 <COLOR RGB="#526533" NAME="RAL 6025" Spot="1" />
 <COLOR RGB="#005e4b" NAME="RAL 6026" Spot="1" />
 <COLOR RGB="#80beb8" NAME="RAL 6027" Spot="1" />
 <COLOR RGB="#315545" NAME="RAL 6028" Spot="1" />
 <COLOR RGB="#006e39" NAME="RAL 6029" Spot="1" />
 <COLOR RGB="#03804d" NAME="RAL 6032" Spot="1" />
 <COLOR RGB="#498a81" NAME="RAL 6033" Spot="1" />
 <COLOR RGB="#7bafac" NAME="RAL 6034" Spot="1" />
 <COLOR RGB="#7b878d" NAME="RAL 7000" Spot="1" />
 <COLOR RGB="#91989d" NAME="RAL 7001" Spot="1" />
 <COLOR RGB="#847b63" NAME="RAL 7002" Spot="1" />
 <COLOR RGB="#727062" NAME="RAL 7003" Spot="1" />
 <COLOR RGB="#969697" NAME="RAL 7004" Spot="1" />
 <COLOR RGB="#6f726e" NAME="RAL 7005" Spot="1" />
 <COLOR RGB="#75695a" NAME="RAL 7006" Spot="1" />
 <COLOR RGB="#766342" NAME="RAL 7008" Spot="1" />
 <COLOR RGB="#575950" NAME="RAL 7009" Spot="1" />
 <COLOR RGB="#545753" NAME="RAL 7010" Spot="1" />
 <COLOR RGB="#4e5559" NAME="RAL 7011" Spot="1" />
 <COLOR RGB="#585e60" NAME="RAL 7012" Spot="1" />
 <COLOR RGB="#564f42" NAME="RAL 7013" Spot="1" />
 <COLOR RGB="#4f5258" NAME="RAL 7015" Spot="1" />
 <COLOR RGB="#373d41" NAME="RAL 7016" Spot="1" />
 <COLOR RGB="#2f3434" NAME="RAL 7021" Spot="1" />
 <COLOR RGB="#494844" NAME="RAL 7022" Spot="1" />
 <COLOR RGB="#808176" NAME="RAL 7023" Spot="1" />
 <COLOR RGB="#45484d" NAME="RAL 7024" Spot="1" />
 <COLOR RGB="#353f40" NAME="RAL 7026" Spot="1" />
 <COLOR RGB="#8f8b81" NAME="RAL 7030" Spot="1" />
 <COLOR RGB="#5d696d" NAME="RAL 7031" Spot="1" />
 <COLOR RGB="#b8b4a2" NAME="RAL 7032" Spot="1" />
 <COLOR RGB="#7c8274" NAME="RAL 7033" Spot="1" />
 <COLOR RGB="#92896f" NAME="RAL 7034" Spot="1" />
 <COLOR RGB="#c6cac4" NAME="RAL 7035" Spot="1" />
 <COLOR RGB="#959290" NAME="RAL 7036" Spot="1" />
 <COLOR RGB="#7c7d7b" NAME="RAL 7037" Spot="1" />
 <COLOR RGB="#afb0a8" NAME="RAL 7038" Spot="1" />
 <COLOR RGB="#6e6b64" NAME="RAL 7039" Spot="1" />
 <COLOR RGB="#9ba1a4" NAME="RAL 7040" Spot="1" />
 <COLOR RGB="#929594" NAME="RAL 7042" Spot="1" />
 <COLOR RGB="#4e5251" NAME="RAL 7043" Spot="1" />
 <COLOR RGB="#b8b4a8" NAME="RAL 7044" Spot="1" />
 <COLOR RGB="#888d8f" NAME="RAL 7045" Spot="1" />
 <COLOR RGB="#7f8589" NAME="RAL 7046" Spot="1" />
 <COLOR RGB="#cacbca" NAME="RAL 7047" Spot="1" />
 <COLOR RGB="#886c41" NAME="RAL 8000" Spot="1" />
 <COLOR RGB="#9b662d" NAME="RAL 8001" Spot="1" />
 <COLOR RGB="#764938" NAME="RAL 8002" Spot="1" />
 <COLOR RGB="#7c4c26" NAME="RAL 8003" Spot="1" />
 <COLOR RGB="#8e4c37" NAME="RAL 8004" Spot="1" />
 <COLOR RGB="#694227" NAME="RAL 8007" Spot="1" />
 <COLOR RGB="#6f4a24" NAME="RAL 8008" Spot="1" />
 <COLOR RGB="#573727" NAME="RAL 8011" Spot="1" />
 <COLOR RGB="#64332b" NAME="RAL 8012" Spot="1" />
 <COLOR RGB="#4a3728" NAME="RAL 8014" Spot="1" />
 <COLOR RGB="#5d3530" NAME="RAL 8015" Spot="1" />
 <COLOR RGB="#4d3028" NAME="RAL 8016" Spot="1" />
 <COLOR RGB="#432f2a" NAME="RAL 8017" Spot="1" />
 <COLOR RGB="#3a312f" NAME="RAL 8019" Spot="1" />
 <COLOR RGB="#1f1917" NAME="RAL 8022" Spot="1" />
 <COLOR RGB="#a0592f" NAME="RAL 8023" Spot="1" />
 <COLOR RGB="#785139" NAME="RAL 8024" Spot="1" />
 <COLOR RGB="#735644" NAME="RAL 8025" Spot="1" />
 <COLOR RGB="#4f3a2b" NAME="RAL 8028" Spot="1" />
 <COLOR RGB="#ede5d7" NAME="RAL 9001" Spot="1" />
 <COLOR RGB="#dcdace" NAME="RAL 9002" Spot="1" />
 <COLOR RGB="#dddfdc" NAME="RAL 9003" Spot="1" />
 <COLOR RGB="#262625" NAME="RAL 9004" Spot="1" />
 <COLOR RGB="#0d0e0f" NAME="RAL 9005" Spot="1" />
 <COLOR RGB="#c3c4c2" NAME="RAL 9006" Spot="1" />
 <COLOR RGB="#94918c" NAME="RAL 9007" Spot="1" />
 <COLOR RGB="#eae7dc" NAME="RAL 9010" Spot="1" />
 <COLOR RGB="#1a1b1e" NAME="RAL 9011" Spot="1" />
 <COLOR RGB="#f2f4ed" NAME="RAL 9016" Spot="1" />
 <COLOR RGB="#181718" NAME="RAL 9017" Spot="1" />
 <COLOR RGB="#cdd3ca" NAME="RAL 9018" Spot="1" />
 <COLOR RGB="#7f858a" NAME="RAL 7046" Spot="1" />
 <COLOR RGB="#cacaca" NAME="RAL 7047" Spot="1" />
 <COLOR RGB="#896d42" NAME="RAL 8000" Spot="1" />
 <COLOR RGB="#9b662d" NAME="RAL 8001" Spot="1" />
 <COLOR RGB="#734837" NAME="RAL 8002" Spot="1" />
 <COLOR RGB="#744724" NAME="RAL 8003" Spot="1" />
 <COLOR RGB="#465c2e" NAME="MTF 001" Spot="1" />
 <COLOR RGB="#a71b1e" NAME="MTF 002" Spot="1" />
 <COLOR RGB="#d15220" NAME="MTF 003" Spot="1" />
 <COLOR RGB="#d84c22" NAME="MTF 004" Spot="1" />
 <COLOR RGB="#005f3c" NAME="MTF 005" Spot="1" />
 <COLOR RGB="#005636" NAME="MTF 006" Spot="1" />
 <COLOR RGB="#475c31" NAME="MTF 007" Spot="1" />
 <COLOR RGB="#094e3a" NAME="MTF 008" Spot="1" />
 <COLOR RGB="#657e55" NAME="MTF 009" Spot="1" />
 <COLOR RGB="#5f181d" NAME="MTF 010" Spot="1" />
 <COLOR RGB="#af3216" NAME="MTF 011" Spot="1" />
 <COLOR RGB="#aa7208" NAME="MTF 012" Spot="1" />
 <COLOR RGB="#302420" NAME="MTF 013" Spot="1" />
 <COLOR RGB="#d33b15" NAME="MTF 014" Spot="1" />
 <COLOR RGB="#e4d8b2" NAME="MTF 015" Spot="1" />
 <COLOR RGB="#19212e" NAME="MTF 016" Spot="1" />
 <COLOR RGB="#39362c" NAME="MTF 017" Spot="1" />
 <COLOR RGB="#5a9734" NAME="MTF 018" Spot="1" />
 <COLOR RGB="#b8391f" NAME="MTF 019" Spot="1" />
 <COLOR RGB="#5c6c6c" NAME="MTF 020" Spot="1" />
 <COLOR RGB="#4c4c47" NAME="MTF 021" Spot="1" />
 <COLOR RGB="#476e77" NAME="MTF 022" Spot="1" />
 <COLOR RGB="#298299" NAME="MTF 023" Spot="1" />
 <COLOR RGB="#b02727" NAME="MTF 024" Spot="1" />
 <COLOR RGB="#e3ba82" NAME="MTF 025" Spot="1" />
 <COLOR RGB="#a41a1e" NAME="MTF 026" Spot="1" />
 <COLOR RGB="#bc331b" NAME="MTF 027" Spot="1" />
 <COLOR RGB="#a3161e" NAME="MTF 028" Spot="1" />
 <COLOR RGB="#4b693a" NAME="MTF 029" Spot="1" />
 <COLOR RGB="#3d3c39" NAME="MTF 030" Spot="1" />
 <COLOR RGB="#53753d" NAME="MTF 031" Spot="1" />
 <COLOR RGB="#aa1a1e" NAME="MTF 032" Spot="1" />
 <COLOR RGB="#646058" NAME="MTF 033" Spot="1" />
 <COLOR RGB="#2a2522" NAME="MTF 034" Spot="1" />
 <COLOR RGB="#9c0f19" NAME="MTF 035" Spot="1" />
 <COLOR RGB="#9c181d" NAME="MTF 036" Spot="1" />
 <COLOR RGB="#c33718" NAME="MTF 037" Spot="1" />
 <COLOR RGB="#c34320" NAME="MTF 038" Spot="1" />
 <COLOR RGB="#007299" NAME="MTF 039" Spot="1" />
 <COLOR RGB="#378da3" NAME="MTF 040" Spot="1" />
 <COLOR RGB="#f0ecd8" NAME="MTF 041" Spot="1" />
 <COLOR RGB="#c8cdc4" NAME="MTF 042" Spot="1" />
 <COLOR RGB="#a7a894" NAME="MTF 043" Spot="1" />
 <COLOR RGB="#172e3a" NAME="MTF 044" Spot="1" />
 <COLOR RGB="#005b8a" NAME="MTF 045" Spot="1" />
 <COLOR RGB="#00516a" NAME="MTF 046" Spot="1" />
 <COLOR RGB="#004d74" NAME="MTF 047" Spot="1" />
 <COLOR RGB="#008e93" NAME="MTF 048" Spot="1" />
 <COLOR RGB="#e19009" NAME="MTF 049" Spot="1" />
 <COLOR RGB="#575f62" NAME="MTF 050" Spot="1" />
 <COLOR RGB="#5a5d5c" NAME="MTF 051" Spot="1" />
 <COLOR RGB="#6f2421" NAME="MTF 052" Spot="1" />
 <COLOR RGB="#a21e20" NAME="MTF 053" Spot="1" />
 <COLOR RGB="#8e2422" NAME="MTF 054" Spot="1" />
 <COLOR RGB="#b01e1c" NAME="MTF 055" Spot="1" />
 <COLOR RGB="#7f3724" NAME="MTF 056" Spot="1" />
 <COLOR RGB="#d55317" NAME="MTF 057" Spot="1" />
 <COLOR RGB="#2d2521" NAME="MTF 058" Spot="1" />
 <COLOR RGB="#d3c79e" NAME="MTF 059" Spot="1" />
 <COLOR RGB="#7f793e" NAME="MTF 060" Spot="1" />
 <COLOR RGB="#1f5b35" NAME="MTF 061" Spot="1" />
 <COLOR RGB="#486243" NAME="MTF 062" Spot="1" />
 <COLOR RGB="#005440" NAME="MTF 063" Spot="1" />
 <COLOR RGB="#98c25a" NAME="MTF 064" Spot="1" />
 <COLOR RGB="#00506d" NAME="MTF 065" Spot="1" />
 <COLOR RGB="#d4af68" NAME="MTF 066" Spot="1" />
 <COLOR RGB="#b5b39d" NAME="MTF 067" Spot="1" />
 <COLOR RGB="#bebda9" NAME="MTF 068" Spot="1" />
 <COLOR RGB="#045f7a" NAME="MTF 069" Spot="1" />
 <COLOR RGB="#98947f" NAME="MTF 070" Spot="1" />
 <COLOR RGB="#4a653b" NAME="MTF 071" Spot="1" />
 <COLOR RGB="#a11717" NAME="MTF 072" Spot="1" />
 <COLOR RGB="#1f6782" NAME="MTF 073" Spot="1" />
 <COLOR RGB="#ae241e" NAME="MTF 074" Spot="1" />
 <COLOR RGB="#caccbf" NAME="MTF 075" Spot="1" />
 <COLOR RGB="#b8b59a" NAME="MTF 076" Spot="1" />
 <COLOR RGB="#a7231b" NAME="MTF 077" Spot="1" />
 <COLOR RGB="#9b9e83" NAME="MTF 078" Spot="1" />
 <COLOR RGB="#b73618" NAME="MTF 079" Spot="1" />
 <COLOR RGB="#597b42" NAME="MTF 080" Spot="1" />
 <COLOR RGB="#c04a1f" NAME="MTF 081" Spot="1" />
 <COLOR RGB="#aa0815" NAME="MTF 082" Spot="1" />
 <COLOR RGB="#d3cda7" NAME="MTF 083" Spot="1" />
 <COLOR RGB="#e0d0a8" NAME="MTF 084" Spot="1" />
 <COLOR RGB="#a61d23" NAME="MTF 085" Spot="1" />
 <COLOR RGB="#860c1c" NAME="MTF 086" Spot="1" />
 <COLOR RGB="#73251e" NAME="MTF 087" Spot="1" />
 <COLOR RGB="#1f2222" NAME="MTF 088" Spot="1" />
 <COLOR RGB="#fbd636" NAME="MTF 089" Spot="1" />
 <COLOR RGB="#3f642e" NAME="MTF 090" Spot="1" />
 <COLOR RGB="#38602e" NAME="MTF 091" Spot="1" />
 <COLOR RGB="#ad2220" NAME="MTF 092" Spot="1" />
 <COLOR RGB="#006c4a" NAME="MTF 093" Spot="1" />
 <COLOR RGB="#b1241e" NAME="MTF 094" Spot="1" />
 <COLOR RGB="#dd8b00" NAME="MTF 095" Spot="1" />
 <COLOR RGB="#d78400" NAME="MTF 096" Spot="1" />
 <COLOR RGB="#526947" NAME="MTF 097" Spot="1" />
 <COLOR RGB="#8d1f27" NAME="MTF 098" Spot="1" />
 <COLOR RGB="#3b6e47" NAME="MTF 099" Spot="1" />
 <COLOR RGB="#bd381d" NAME="MTF 100" Spot="1" />
 <COLOR RGB="#aca98f" NAME="MTF 101" Spot="1" />
 <COLOR RGB="#3c6f4b" NAME="MTF 102" Spot="1" />
 <COLOR RGB="#a02620" NAME="MTF 103" Spot="1" />
 <COLOR RGB="#11789b" NAME="MTF 104" Spot="1" />
 <COLOR RGB="#d7d4c2" NAME="MTF 105" Spot="1" />
 <COLOR RGB="#3b332f" NAME="MTF 106" Spot="1" />
 <COLOR RGB="#bd3319" NAME="MTF 107" Spot="1" />
 <COLOR RGB="#9e1d21" NAME="MTF 108" Spot="1" />
 <COLOR RGB="#137296" NAME="MTF 109" Spot="1" />
 <COLOR RGB="#be8536" NAME="MTF 110" Spot="1" />
 <COLOR RGB="#d0880f" NAME="MTF 111" Spot="1" />
 <COLOR RGB="#606257" NAME="MTF 112" Spot="1" />
 <COLOR RGB="#424647" NAME="MTF 113" Spot="1" />
 <COLOR RGB="#376932" NAME="MTF 114" Spot="1" />
 <COLOR RGB="#aa2627" NAME="MTF 115" Spot="1" />
 <COLOR RGB="#a2281f" NAME="MTF 116" Spot="1" />
 <COLOR RGB="#51704a" NAME="MTF 117" Spot="1" />
 <COLOR RGB="#3f7379" NAME="MTF 118" Spot="1" />
 <COLOR RGB="#b21620" NAME="MTF 119" Spot="1" />
 <COLOR RGB="#6a312d" NAME="MTF 120" Spot="1" />
 <COLOR RGB="#4f614b" NAME="MTF 121" Spot="1" />
 <COLOR RGB="#00825d" NAME="MTF 122" Spot="1" />
 <COLOR RGB="#777664" NAME="MTF 123" Spot="1" />
 <COLOR RGB="#c8c650" NAME="MTF 124" Spot="1" />
 <COLOR RGB="#eab840" NAME="MTF 125" Spot="1" />
 <COLOR RGB="#cb933a" NAME="MTF 126" Spot="1" />
 <COLOR RGB="#7e211f" NAME="MTF 127" Spot="1" />
 <COLOR RGB="#004e7a" NAME="MTF 128" Spot="1" />
 <COLOR RGB="#315661" NAME="MTF 129" Spot="1" />
 <COLOR RGB="#e78300" NAME="MTF 130" Spot="1" />
 <COLOR RGB="#a71818" NAME="MTF 131" Spot="1" />
 <COLOR RGB="#a8101a" NAME="MTF 132" Spot="1" />
 <COLOR RGB="#75201e" NAME="MTF 133" Spot="1" />
 <COLOR RGB="#a51f1d" NAME="MTF 134" Spot="1" />
 <COLOR RGB="#c8b274" NAME="MTF 135" Spot="1" />
 <COLOR RGB="#005d7e" NAME="MTF 136" Spot="1" />
 <COLOR RGB="#d4c49e" NAME="MTF 137" Spot="1" />
 <COLOR RGB="#163731" NAME="MTF 138" Spot="1" />
 <COLOR RGB="#c63016" NAME="MTF 139" Spot="1" />
 <COLOR RGB="#211f1f" NAME="MTF 140" Spot="1" />
 <COLOR RGB="#1a253f" NAME="MTF 141" Spot="1" />
 <COLOR RGB="#b93313" NAME="MTF 142" Spot="1" />
 <COLOR RGB="#403f30" NAME="MTF 143" Spot="1" />
 <COLOR RGB="#47463f" NAME="MTF 144" Spot="1" />
 <COLOR RGB="#43462c" NAME="MTF 145" Spot="1" />
 <COLOR RGB="#b3b099" NAME="MTF 146" Spot="1" />
 <COLOR RGB="#275867" NAME="MTF 147" Spot="1" />
 <COLOR RGB="#446d39" NAME="MTF 148" Spot="1" />
 <COLOR RGB="#00653c" NAME="MTF 149" Spot="1" />
 <COLOR RGB="#484842" NAME="MTF 150" Spot="1" />
 <COLOR RGB="#21526c" NAME="MTF 151" Spot="1" />
 <COLOR RGB="#928f85" NAME="MTF 152" Spot="1" />
 <COLOR RGB="#37402c" NAME="MTF 153" Spot="1" />
 <COLOR RGB="#1b2237" NAME="MTF 154" Spot="1" />
 <COLOR RGB="#515150" NAME="MTF 155" Spot="1" />
 <COLOR RGB="#edb35f" NAME="MTF 156" Spot="1" />
 <COLOR RGB="#6d6d65" NAME="MTF 157" Spot="1" />
 <COLOR RGB="#43652e" NAME="MTF 158" Spot="1" />
 <COLOR RGB="#b1ac97" NAME="MTF 159" Spot="1" />
 <COLOR RGB="#d23e1a" NAME="MTF 160" Spot="1" />
 <COLOR RGB="#cbcec7" NAME="MTF 161" Spot="1" />
 <COLOR RGB="#8d1c20" NAME="MTF 162" Spot="1" />
 <COLOR RGB="#2f3033" NAME="MTF 163" Spot="1" />
 <COLOR RGB="#a42721" NAME="MTF 164" Spot="1" />
 <COLOR RGB="#829c01" NAME="MTF 165" Spot="1" />
 <COLOR RGB="#1d3f3a" NAME="MTF 166" Spot="1" />
 <COLOR RGB="#c93518" NAME="MTF 167" Spot="1" />
 <COLOR RGB="#c04214" NAME="MTF 168" Spot="1" />
 <COLOR RGB="#005d89" NAME="MTF 169" Spot="1" />
 <COLOR RGB="#007fa2" NAME="MTF 170" Spot="1" />
 <COLOR RGB="#961f17" NAME="MTF 171" Spot="1" />
 <COLOR RGB="#024132" NAME="MTF 172" Spot="1" />
 <COLOR RGB="#a67f21" NAME="MTF 173" Spot="1" />
 <COLOR RGB="#2c4b58" NAME="MTF 174" Spot="1" />
 <COLOR RGB="#3d7c89" NAME="MTF 175" Spot="1" />
 <COLOR RGB="#782321" NAME="MTF 176" Spot="1" />
 <COLOR RGB="#274734" NAME="MTF 177" Spot="1" />
 <COLOR RGB="#ced6c9" NAME="SAN 01" Spot="1" />
 <COLOR RGB="#4c678c" NAME="SAN 02" Spot="1" />
 <COLOR RGB="#43373d" NAME="SAN 03" Spot="1" />
 <COLOR RGB="#c0b09a" NAME="SAN 04" Spot="1" />
 <COLOR RGB="#7e939f" NAME="SAN 05" Spot="1" />
 <COLOR RGB="#649997" NAME="SAN 06" Spot="1" />
 <COLOR RGB="#bdc9ce" NAME="SAN 07" Spot="1" />
 <COLOR RGB="#c8c7c6" NAME="SAN 08" Spot="1" />
 <COLOR RGB="#c1ccd4" NAME="SAN 09" Spot="1" />
 <COLOR RGB="#323435" NAME="SAN 10" Spot="1" />
 <COLOR RGB="#f0ecdb" NAME="SAN 11" Spot="1" />
 <COLOR RGB="#e3c4b0" NAME="SAN 12" Spot="1" />
 <COLOR RGB="#a9a9a6" NAME="SAN 13" Spot="1" />
 <COLOR RGB="#b8cec5" NAME="SAN 14" Spot="1" />
 <COLOR RGB="#d1cab3" NAME="SAN 15" Spot="1" />
 <COLOR RGB="#e0d5c0" NAME="SAN 16" Spot="1" />
 <COLOR RGB="#abbdcd" NAME="SAN 17" Spot="1" />
 <COLOR RGB="#7f788f" NAME="SAN 18" Spot="1" />
 <COLOR RGB="#d6b2a7" NAME="SAN 19" Spot="1" />
 <COLOR RGB="#b6b5af" NAME="SAN 20" Spot="1" />
 <COLOR RGB="#4d6358" NAME="SAN 21" Spot="1" />
 <COLOR RGB="#808587" NAME="SAN 22" Spot="1" />
 <COLOR RGB="#e6dccb" NAME="SAN 23" Spot="1" />
 <COLOR RGB="#c1b4ad" NAME="SAN 24" Spot="1" />
 <COLOR RGB="#b59a92" NAME="SAN 25" Spot="1" />
 <COLOR RGB="#2e7a7c" NAME="SAN 26" Spot="1" />
 <COLOR RGB="#e4e4dc" NAME="SAN 27" Spot="1" />
 <COLOR RGB="#c2cdd2" NAME="SAN 28" Spot="1" />
 <COLOR RGB="#e0cdc3" NAME="SAN 29" Spot="1" />
</SCRIBUSCOLORS>