<?xml version="1.0" encoding="UTF-8"?>
<SCRIBUSCOLORS Name="Adler outdoorbase">
 <COLOR RGB="#e7b850" NAME="B 01-1" Spot="1" />
 <COLOR RGB="#eecd76" NAME="B 01-2" Spot="1" />
 <COLOR RGB="#f5dd98" NAME="B 01-3" Spot="1" />
 <COLOR RGB="#efe2b5" NAME="B 01-4" Spot="1" />
 <COLOR RGB="#efeed2" NAME="B 01-5" Spot="1" />
 <COLOR RGB="#bbb9ae" NAME="B 01-6" Spot="1" />
 <COLOR RGB="#e4a743" NAME="B 02-1" Spot="1" />
 <COLOR RGB="#f9cc65" NAME="B 02-2" Spot="1" />
 <COLOR RGB="#fbde91" NAME="B 02-3" Spot="1" />
 <COLOR RGB="#f7e5ad" NAME="B 02-4" Spot="1" />
 <COLOR RGB="#f2eed0" NAME="B 02-5" Spot="1" />
 <COLOR RGB="#c2bdb2" NAME="B 02-6" Spot="1" />
 <COLOR RGB="#daa563" NAME="B 03-1" Spot="1" />
 <COLOR RGB="#e7bd6a" NAME="B 03-2" Spot="1" />
 <COLOR RGB="#f7dfa9" NAME="B 03-3" Spot="1" />
 <COLOR RGB="#f8e8be" NAME="B 03-4" Spot="1" />
 <COLOR RGB="#f4ecd1" NAME="B 03-5" Spot="1" />
 <COLOR RGB="#b2a99a" NAME="B 03-6" Spot="1" />
 <COLOR RGB="#f7b564" NAME="B 04-1" Spot="1" />
 <COLOR RGB="#f9c47f" NAME="B 04-2" Spot="1" />
 <COLOR RGB="#fdcd8d" NAME="B 04-3" Spot="1" />
 <COLOR RGB="#f8daa6" NAME="B 04-4" Spot="1" />
 <COLOR RGB="#f8e8c7" NAME="B 04-5" Spot="1" />
 <COLOR RGB="#b5aa97" NAME="B 04-6" Spot="1" />
 <COLOR RGB="#ca8f51" NAME="B 05-1" Spot="1" />
 <COLOR RGB="#dda96b" NAME="B 05-2" Spot="1" />
 <COLOR RGB="#efc58f" NAME="B 05-3" Spot="1" />
 <COLOR RGB="#f4d1a8" NAME="B 05-4" Spot="1" />
 <COLOR RGB="#f5e7d0" NAME="B 05-5" Spot="1" />
 <COLOR RGB="#b4a997" NAME="B 05-6" Spot="1" />
 <COLOR RGB="#c67a50" NAME="B 06-1" Spot="1" />
 <COLOR RGB="#dea97e" NAME="B 06-2" Spot="1" />
 <COLOR RGB="#f4d3ac" NAME="B 06-3" Spot="1" />
 <COLOR RGB="#fae4c5" NAME="B 06-4" Spot="1" />
 <COLOR RGB="#f8ead2" NAME="B 06-5" Spot="1" />
 <COLOR RGB="#b39f83" NAME="B 06-6" Spot="1" />
 <COLOR RGB="#bc664d" NAME="B 07-1" Spot="1" />
 <COLOR RGB="#d38367" NAME="B 07-2" Spot="1" />
 <COLOR RGB="#efaf92" NAME="B 07-3" Spot="1" />
 <COLOR RGB="#f4d1bc" NAME="B 07-4" Spot="1" />
 <COLOR RGB="#fae6d6" NAME="B 07-5" Spot="1" />
 <COLOR RGB="#9d9383" NAME="B 07-6" Spot="1" />
 <COLOR RGB="#97453d" NAME="B 08-1" Spot="1" />
 <COLOR RGB="#ab5e53" NAME="B 08-2" Spot="1" />
 <COLOR RGB="#d98e82" NAME="B 08-3" Spot="1" />
 <COLOR RGB="#e9c2b5" NAME="B 08-4" Spot="1" />
 <COLOR RGB="#f7ddd0" NAME="B 08-5" Spot="1" />
 <COLOR RGB="#988a79" NAME="B 08-6" Spot="1" />
 <COLOR RGB="#88584c" NAME="B 09-1" Spot="1" />
 <COLOR RGB="#a9776c" NAME="B 09-2" Spot="1" />
 <COLOR RGB="#be9a90" NAME="B 09-3" Spot="1" />
 <COLOR RGB="#d9bab1" NAME="B 09-4" Spot="1" />
 <COLOR RGB="#e8dfd9" NAME="B 09-5" Spot="1" />
 <COLOR RGB="#8c8078" NAME="B 09-6" Spot="1" />
 <COLOR RGB="#995f65" NAME="B 10-1" Spot="1" />
 <COLOR RGB="#a97575" NAME="B 10-2" Spot="1" />
 <COLOR RGB="#bd9a9b" NAME="B 10-3" Spot="1" />
 <COLOR RGB="#d8bbb9" NAME="B 10-4" Spot="1" />
 <COLOR RGB="#ede1e3" NAME="B 10-5" Spot="1" />
 <COLOR RGB="#8b7f78" NAME="B 10-6" Spot="1" />
 <COLOR RGB="#8586a6" NAME="B 11-1" Spot="1" />
 <COLOR RGB="#9298b2" NAME="B 11-2" Spot="1" />
 <COLOR RGB="#a6adc3" NAME="B 11-3" Spot="1" />
 <COLOR RGB="#c5cbd4" NAME="B 11-4" Spot="1" />
 <COLOR RGB="#e7e4e5" NAME="B 11-5" Spot="1" />
 <COLOR RGB="#817c7d" NAME="B 11-6" Spot="1" />
 <COLOR RGB="#6c889f" NAME="B 12-1" Spot="1" />
 <COLOR RGB="#829baf" NAME="B 12-2" Spot="1" />
 <COLOR RGB="#a2b3c3" NAME="B 12-3" Spot="1" />
 <COLOR RGB="#c8d1d6" NAME="B 12-4" Spot="1" />
 <COLOR RGB="#e2e4e3" NAME="B 12-5" Spot="1" />
 <COLOR RGB="#817f78" NAME="B 12-6" Spot="1" />
 <COLOR RGB="#648088" NAME="B 13-1" Spot="1" />
 <COLOR RGB="#7f9da6" NAME="B 13-2" Spot="1" />
 <COLOR RGB="#aabcbf" NAME="B 13-3" Spot="1" />
 <COLOR RGB="#c7d4d2" NAME="B 13-4" Spot="1" />
 <COLOR RGB="#dfe5e1" NAME="B 13-5" Spot="1" />
 <COLOR RGB="#a09d93" NAME="B 13-6" Spot="1" />
 <COLOR RGB="#627d6c" NAME="B 14-1" Spot="1" />
 <COLOR RGB="#809b8e" NAME="B 14-2" Spot="1" />
 <COLOR RGB="#adbfb2" NAME="B 14-3" Spot="1" />
 <COLOR RGB="#cfdad0" NAME="B 14-4" Spot="1" />
 <COLOR RGB="#e6eee4" NAME="B 14-5" Spot="1" />
 <COLOR RGB="#8e8b7c" NAME="B 14-6" Spot="1" />
 <COLOR RGB="#869e76" NAME="B 15-1" Spot="1" />
 <COLOR RGB="#a0b38c" NAME="B 15-2" Spot="1" />
 <COLOR RGB="#c3cfae" NAME="B 15-3" Spot="1" />
 <COLOR RGB="#d7e0c7" NAME="B 15-4" Spot="1" />
 <COLOR RGB="#edefd8" NAME="B 15-5" Spot="1" />
 <COLOR RGB="#c2c3b3" NAME="B 15-6" Spot="1" />
 <COLOR RGB="#919959" NAME="B 16-1" Spot="1" />
 <COLOR RGB="#b8bd89" NAME="B 16-2" Spot="1" />
 <COLOR RGB="#ccd0a8" NAME="B 16-3" Spot="1" />
 <COLOR RGB="#d8dfbf" NAME="B 16-4" Spot="1" />
 <COLOR RGB="#ebecd1" NAME="B 16-5" Spot="1" />
 <COLOR RGB="#b8b6a4" NAME="B 16-6" Spot="1" />
 <COLOR RGB="#908842" NAME="B 17-1" Spot="1" />
 <COLOR RGB="#beb86a" NAME="B 17-2" Spot="1" />
 <COLOR RGB="#ccca83" NAME="B 17-3" Spot="1" />
 <COLOR RGB="#e0e0b0" NAME="B 17-4" Spot="1" />
 <COLOR RGB="#edf0c7" NAME="B 17-5" Spot="1" />
 <COLOR RGB="#b6ad90" NAME="B 17-6" Spot="1" />
 <COLOR RGB="#c69d58" NAME="B 18-1" Spot="1" />
 <COLOR RGB="#d5b26c" NAME="B 18-2" Spot="1" />
 <COLOR RGB="#e7cf99" NAME="B 18-3" Spot="1" />
 <COLOR RGB="#f1e2bf" NAME="B 18-4" Spot="1" />
 <COLOR RGB="#f2ecd4" NAME="B 18-5" Spot="1" />
 <COLOR RGB="#b2a486" NAME="B 18-6" Spot="1" />
 <COLOR RGB="#c99d62" NAME="B 19-1" Spot="1" />
 <COLOR RGB="#cbac7e" NAME="B 19-2" Spot="1" />
 <COLOR RGB="#e0c69b" NAME="B 19-3" Spot="1" />
 <COLOR RGB="#e4d2ac" NAME="B 19-4" Spot="1" />
 <COLOR RGB="#ebe6ce" NAME="B 19-5" Spot="1" />
 <COLOR RGB="#a39480" NAME="B 19-6" Spot="1" />
 <COLOR RGB="#aa7746" NAME="B 20-1" Spot="1" />
 <COLOR RGB="#c99e71" NAME="B 20-2" Spot="1" />
 <COLOR RGB="#e0c19c" NAME="B 20-3" Spot="1" />
 <COLOR RGB="#edd5b8" NAME="B 20-4" Spot="1" />
 <COLOR RGB="#f0e8d2" NAME="B 20-5" Spot="1" />
 <COLOR RGB="#a5927c" NAME="B 20-6" Spot="1" />
 <COLOR RGB="#b4734f" NAME="B 21-1" Spot="1" />
 <COLOR RGB="#ca946f" NAME="B 21-2" Spot="1" />
 <COLOR RGB="#e4bc9c" NAME="B 21-3" Spot="1" />
 <COLOR RGB="#f1d7c3" NAME="B 21-4" Spot="1" />
 <COLOR RGB="#f6e9d8" NAME="B 21-5" Spot="1" />
 <COLOR RGB="#988878" NAME="B 21-6" Spot="1" />
 <COLOR RGB="#9d6757" NAME="B 22-1" Spot="1" />
 <COLOR RGB="#c39b85" NAME="B 22-2" Spot="1" />
 <COLOR RGB="#d5b7a5" NAME="B 22-3" Spot="1" />
 <COLOR RGB="#e6d3c8" NAME="B 22-4" Spot="1" />
 <COLOR RGB="#f8e6da" NAME="B 22-5" Spot="1" />
 <COLOR RGB="#ab9483" NAME="B 22-6" Spot="1" />
 <COLOR RGB="#886f5d" NAME="B 23-1" Spot="1" />
 <COLOR RGB="#a18b7b" NAME="B 23-2" Spot="1" />
 <COLOR RGB="#c8b4a5" NAME="B 23-3" Spot="1" />
 <COLOR RGB="#e1d2c2" NAME="B 23-4" Spot="1" />
 <COLOR RGB="#f4edde" NAME="B 23-5" Spot="1" />
 <COLOR RGB="#a69a8a" NAME="B 23-6" Spot="1" />
 <COLOR RGB="#8d725a" NAME="B 24-1" Spot="1" />
 <COLOR RGB="#b08f6e" NAME="B 24-2" Spot="1" />
 <COLOR RGB="#c4a584" NAME="B 24-3" Spot="1" />
 <COLOR RGB="#d0b79e" NAME="B 24-4" Spot="1" />
 <COLOR RGB="#e6dac9" NAME="B 24-5" Spot="1" />
 <COLOR RGB="#a4937f" NAME="B 24-6" Spot="1" />
 <COLOR RGB="#a8875f" NAME="B 25-1" Spot="1" />
 <COLOR RGB="#b69971" NAME="B 25-2" Spot="1" />
 <COLOR RGB="#cbb089" NAME="B 25-3" Spot="1" />
 <COLOR RGB="#e1cfa6" NAME="B 25-4" Spot="1" />
 <COLOR RGB="#f2e9d3" NAME="B 25-5" Spot="1" />
 <COLOR RGB="#ccc4b2" NAME="B 25-6" Spot="1" />
 <COLOR RGB="#7b816b" NAME="B 26-1" Spot="1" />
 <COLOR RGB="#929781" NAME="B 26-2" Spot="1" />
 <COLOR RGB="#b0b297" NAME="B 26-3" Spot="1" />
 <COLOR RGB="#d7dcc0" NAME="B 26-4" Spot="1" />
 <COLOR RGB="#e6e7d5" NAME="B 26-5" Spot="1" />
 <COLOR RGB="#b6b5a9" NAME="B 26-6" Spot="1" />
 <COLOR RGB="#8a887a" NAME="B 27-1" Spot="1" />
 <COLOR RGB="#a4a195" NAME="B 27-2" Spot="1" />
 <COLOR RGB="#bebaa6" NAME="B 27-3" Spot="1" />
 <COLOR RGB="#cac9b4" NAME="B 27-4" Spot="1" />
 <COLOR RGB="#e8e5cf" NAME="B 27-5" Spot="1" />
 <COLOR RGB="#767469" NAME="B 27-6" Spot="1" />
 <COLOR RGB="#7a7e7a" NAME="B 28-1" Spot="1" />
 <COLOR RGB="#8a918e" NAME="B 28-2" Spot="1" />
 <COLOR RGB="#a2a49f" NAME="B 28-3" Spot="1" />
 <COLOR RGB="#c1c2be" NAME="B 28-4" Spot="1" />
 <COLOR RGB="#cecfcb" NAME="B 28-5" Spot="1" />
 <COLOR RGB="#6f7573" NAME="B 28-6" Spot="1" />
 <COLOR RGB="#797c7d" NAME="B 29-1" Spot="1" />
 <COLOR RGB="#9b9ea0" NAME="B 29-2" Spot="1" />
 <COLOR RGB="#abaeaf" NAME="B 29-3" Spot="1" />
 <COLOR RGB="#bfc1c2" NAME="B 29-4" Spot="1" />
 <COLOR RGB="#d3d5d1" NAME="B 29-5" Spot="1" />
 <COLOR RGB="#696c70" NAME="B 29-6" Spot="1" />
</SCRIBUSCOLORS>