<?xml version="1.0" encoding="UTF-8"?>
<SCRIBUSCOLORS Name="Adler livingwood">
 <COLOR RGB="#d28c04" NAME="LW 01-1" Spot="1" />
 <COLOR RGB="#be8835" NAME="LW 01-2" Spot="1" />
 <COLOR RGB="#b07019" NAME="LW 01-3" Spot="1" />
 <COLOR RGB="#b66d25" NAME="LW 01-4" Spot="1" />
 <COLOR RGB="#985219" NAME="LW 01-5" Spot="1" />
 <COLOR RGB="#9b4012" NAME="LW 02-1" Spot="1" />
 <COLOR RGB="#795521" NAME="LW 02-2" Spot="1" />
 <COLOR RGB="#5f3a1b" NAME="LW 02-3" Spot="1" />
 <COLOR RGB="#50341c" NAME="LW 02-4" Spot="1" />
 <COLOR RGB="#23201d" NAME="LW 02-5" Spot="1" />
 <COLOR RGB="#9a3417" NAME="LW 03-1" Spot="1" />
 <COLOR RGB="#74331e" NAME="LW 03-2" Spot="1" />
 <COLOR RGB="#4d482b" NAME="LW 03-3" Spot="1" />
 <COLOR RGB="#2a2f23" NAME="LW 03-4" Spot="1" />
 <COLOR RGB="#212221" NAME="LW 03-5" Spot="1" />
 <COLOR RGB="#bb8f5b" NAME="LW 04-1" Spot="1" />
 <COLOR RGB="#a27e4f" NAME="LW 04-2" Spot="1" />
 <COLOR RGB="#836840" NAME="LW 04-3" Spot="1" />
 <COLOR RGB="#714021" NAME="LW 04-4" Spot="1" />
 <COLOR RGB="#412b22" NAME="LW 04-5" Spot="1" />
 <COLOR RGB="#c09962" NAME="LW 05-1" Spot="1" />
 <COLOR RGB="#ac9063" NAME="LW 05-2" Spot="1" />
 <COLOR RGB="#5e4f3c" NAME="LW 05-3" Spot="1" />
 <COLOR RGB="#858782" NAME="LW 05-4" Spot="1" />
 <COLOR RGB="#5a605d" NAME="LW 05-5" Spot="1" />
 <COLOR RGB="#e1d6bd" NAME="LW 06-1" Spot="1" />
 <COLOR RGB="#a49d88" NAME="LW 06-2" Spot="1" />
 <COLOR RGB="#898479" NAME="LW 06-3" Spot="1" />
 <COLOR RGB="#676051" NAME="LW 06-4" Spot="1" />
 <COLOR RGB="#383736" NAME="LW 06-5" Spot="1" />
 <COLOR RGB="#c25223" NAME="LW 07-1" Spot="1" />
 <COLOR RGB="#882e1b" NAME="LW 07-2" Spot="1" />
 <COLOR RGB="#003b49" NAME="LW 07-3" Spot="1" />
 <COLOR RGB="#005c53" NAME="LW 07-4" Spot="1" />
 <COLOR RGB="#1a4837" NAME="LW 07-5" Spot="1" />
 <COLOR RGB="#df9439" NAME="LW 08-1" Spot="1" />
 <COLOR RGB="#d35934" NAME="LW 08-2" Spot="1" />
 <COLOR RGB="#718a8f" NAME="LW 08-3" Spot="1" />
 <COLOR RGB="#c7a33f" NAME="LW 08-4" Spot="1" />
 <COLOR RGB="#b2936c" NAME="LW 08-5" Spot="1" />
 <COLOR RGB="#e1d2b2" NAME="LW 10-1" Spot="1" />
 <COLOR RGB="#cba96a" NAME="LW 10-2" Spot="1" />
 <COLOR RGB="#b38054" NAME="LW 10-3" Spot="1" />
 <COLOR RGB="#b77344" NAME="LW 10-4" Spot="1" />
 <COLOR RGB="#a75e3b" NAME="LW 10-5" Spot="1" />
 <COLOR RGB="#dcc393" NAME="LW 11-1" Spot="1" />
 <COLOR RGB="#c5a86f" NAME="LW 11-2" Spot="1" />
 <COLOR RGB="#b99971" NAME="LW 11-3" Spot="1" />
 <COLOR RGB="#896a4a" NAME="LW 11-4" Spot="1" />
 <COLOR RGB="#976138" NAME="LW 11-5" Spot="1" />
 <COLOR RGB="#e6dcca" NAME="LW 12-1" Spot="1" />
 <COLOR RGB="#baa477" NAME="LW 12-2" Spot="1" />
 <COLOR RGB="#978872" NAME="LW 12-3" Spot="1" />
 <COLOR RGB="#464749" NAME="LW 12-4" Spot="1" />
 <COLOR RGB="#383839" NAME="LW 12-5" Spot="1" />
 <COLOR RGB="#c7c2b5" NAME="LW 13-1" Spot="1" />
 <COLOR RGB="#ddcec3" NAME="LW 13-2" Spot="1" />
 <COLOR RGB="#dec4ac" NAME="LW 13-3" Spot="1" />
 <COLOR RGB="#bcc1bb" NAME="LW 13-4" Spot="1" />
 <COLOR RGB="#e0c091" NAME="LW 13-5" Spot="1" />
 <COLOR RGB="#c0bab0" NAME="LW 14-1" Spot="1" />
 <COLOR RGB="#c8b490" NAME="LW 14-2" Spot="1" />
 <COLOR RGB="#ccae94" NAME="LW 14-3" Spot="1" />
 <COLOR RGB="#c0bba4" NAME="LW 14-4" Spot="1" />
 <COLOR RGB="#a5ae93" NAME="LW 14-5" Spot="1" />
 <COLOR RGB="#e3db8f" NAME="LW 15-1" Spot="1" />
 <COLOR RGB="#eac175" NAME="LW 15-2" Spot="1" />
 <COLOR RGB="#e29b7e" NAME="LW 15-3" Spot="1" />
 <COLOR RGB="#c46550" NAME="LW 15-4" Spot="1" />
 <COLOR RGB="#804445" NAME="LW 15-5" Spot="1" />
 <COLOR RGB="#d3af36" NAME="LW 16-1" Spot="1" />
 <COLOR RGB="#aebf6d" NAME="LW 16-2" Spot="1" />
 <COLOR RGB="#808b7a" NAME="LW 16-3" Spot="1" />
 <COLOR RGB="#768695" NAME="LW 16-4" Spot="1" />
 <COLOR RGB="#418aa9" NAME="LW 16-5" Spot="1" />
</SCRIBUSCOLORS>