<?xml version="1.0" encoding="UTF-8"?>
<SCRIBUSCOLORS Name="Adler color1200">
 <COLOR RGB="#f9e46b" NAME="001-7" Spot="1" />
 <COLOR RGB="#e2c949" NAME="001-6" Spot="1" />
 <COLOR RGB="#dbc124" NAME="001-5" Spot="1" />
 <COLOR RGB="#c2aa39" NAME="001-4" Spot="1" />
 <COLOR RGB="#a38a27" NAME="001-3" Spot="1" />
 <COLOR RGB="#917c31" NAME="001-2" Spot="1" />
 <COLOR RGB="#7f6b35" NAME="001-1" Spot="1" />
 <COLOR RGB="#fed96a" NAME="002-7" Spot="1" />
 <COLOR RGB="#f4cb48" NAME="002-6" Spot="1" />
 <COLOR RGB="#edc01c" NAME="002-5" Spot="1" />
 <COLOR RGB="#e6b500" NAME="002-4" Spot="1" />
 <COLOR RGB="#d1b562" NAME="002-3" Spot="1" />
 <COLOR RGB="#b59a53" NAME="002-2" Spot="1" />
 <COLOR RGB="#9b8042" NAME="002-1" Spot="1" />
 <COLOR RGB="#ffd46c" NAME="003-7" Spot="1" />
 <COLOR RGB="#fbbe48" NAME="003-6" Spot="1" />
 <COLOR RGB="#f4b329" NAME="003-5" Spot="1" />
 <COLOR RGB="#f4ae00" NAME="003-4" Spot="1" />
 <COLOR RGB="#d5ac63" NAME="003-3" Spot="1" />
 <COLOR RGB="#bc9553" NAME="003-2" Spot="1" />
 <COLOR RGB="#a47f46" NAME="003-1" Spot="1" />
 <COLOR RGB="#ffc56c" NAME="004-7" Spot="1" />
 <COLOR RGB="#faaf4a" NAME="004-6" Spot="1" />
 <COLOR RGB="#f5a432" NAME="004-5" Spot="1" />
 <COLOR RGB="#ed9600" NAME="004-4" Spot="1" />
 <COLOR RGB="#d69c50" NAME="004-3" Spot="1" />
 <COLOR RGB="#bb8741" NAME="004-2" Spot="1" />
 <COLOR RGB="#b67d2f" NAME="004-1" Spot="1" />
 <COLOR RGB="#ffb86c" NAME="005-7" Spot="1" />
 <COLOR RGB="#ffb05b" NAME="005-6" Spot="1" />
 <COLOR RGB="#f09336" NAME="005-5" Spot="1" />
 <COLOR RGB="#d78b44" NAME="005-4" Spot="1" />
 <COLOR RGB="#b77233" NAME="005-3" Spot="1" />
 <COLOR RGB="#a26834" NAME="005-2" Spot="1" />
 <COLOR RGB="#925d30" NAME="005-1" Spot="1" />
 <COLOR RGB="#ffa370" NAME="006-7" Spot="1" />
 <COLOR RGB="#ff9960" NAME="006-6" Spot="1" />
 <COLOR RGB="#eb7f44" NAME="006-5" Spot="1" />
 <COLOR RGB="#ce7543" NAME="006-4" Spot="1" />
 <COLOR RGB="#b16135" NAME="006-3" Spot="1" />
 <COLOR RGB="#9f5b37" NAME="006-2" Spot="1" />
 <COLOR RGB="#8d4f2f" NAME="006-1" Spot="1" />
 <COLOR RGB="#ef8e70" NAME="007-7" Spot="1" />
 <COLOR RGB="#e98063" NAME="007-6" Spot="1" />
 <COLOR RGB="#e26d50" NAME="007-5" Spot="1" />
 <COLOR RGB="#d55533" NAME="007-4" Spot="1" />
 <COLOR RGB="#c0553c" NAME="007-3" Spot="1" />
 <COLOR RGB="#9d4e3c" NAME="007-2" Spot="1" />
 <COLOR RGB="#884837" NAME="007-1" Spot="1" />
 <COLOR RGB="#df726e" NAME="008-7" Spot="1" />
 <COLOR RGB="#d65c5b" NAME="008-6" Spot="1" />
 <COLOR RGB="#c43c3e" NAME="008-5" Spot="1" />
 <COLOR RGB="#b14443" NAME="008-4" Spot="1" />
 <COLOR RGB="#963130" NAME="008-3" Spot="1" />
 <COLOR RGB="#9d4b4a" NAME="008-2" Spot="1" />
 <COLOR RGB="#642827" NAME="008-1" Spot="1" />
 <COLOR RGB="#e28796" NAME="009-7" Spot="1" />
 <COLOR RGB="#dd7087" NAME="009-6" Spot="1" />
 <COLOR RGB="#bf6d7a" NAME="009-5" Spot="1" />
 <COLOR RGB="#b44c64" NAME="009-4" Spot="1" />
 <COLOR RGB="#8f2f45" NAME="009-3" Spot="1" />
 <COLOR RGB="#7b3745" NAME="009-2" Spot="1" />
 <COLOR RGB="#602e37" NAME="009-1" Spot="1" />
 <COLOR RGB="#da8ab6" NAME="010-7" Spot="1" />
 <COLOR RGB="#d06ba2" NAME="010-6" Spot="1" />
 <COLOR RGB="#b96c96" NAME="010-5" Spot="1" />
 <COLOR RGB="#b25287" NAME="010-4" Spot="1" />
 <COLOR RGB="#9c5078" NAME="010-3" Spot="1" />
 <COLOR RGB="#743357" NAME="010-2" Spot="1" />
 <COLOR RGB="#61334d" NAME="010-1" Spot="1" />
 <COLOR RGB="#a586b4" NAME="011-7" Spot="1" />
 <COLOR RGB="#a679b7" NAME="011-6" Spot="1" />
 <COLOR RGB="#8a5e9b" NAME="011-5" Spot="1" />
 <COLOR RGB="#814d90" NAME="011-4" Spot="1" />
 <COLOR RGB="#693a75" NAME="011-3" Spot="1" />
 <COLOR RGB="#604068" NAME="011-2" Spot="1" />
 <COLOR RGB="#4c3554" NAME="011-1" Spot="1" />
 <COLOR RGB="#8a9dd9" NAME="012-7" Spot="1" />
 <COLOR RGB="#7a8ac6" NAME="012-6" Spot="1" />
 <COLOR RGB="#6d76c2" NAME="012-5" Spot="1" />
 <COLOR RGB="#626cab" NAME="012-4" Spot="1" />
 <COLOR RGB="#4d56a2" NAME="012-3" Spot="1" />
 <COLOR RGB="#484f8b" NAME="012-2" Spot="1" />
 <COLOR RGB="#3a3f7a" NAME="012-1" Spot="1" />
 <COLOR RGB="#3f96cd" NAME="013-7" Spot="1" />
 <COLOR RGB="#388ac4" NAME="013-6" Spot="1" />
 <COLOR RGB="#066ca3" NAME="013-5" Spot="1" />
 <COLOR RGB="#005a8d" NAME="013-4" Spot="1" />
 <COLOR RGB="#14618c" NAME="013-3" Spot="1" />
 <COLOR RGB="#005179" NAME="013-2" Spot="1" />
 <COLOR RGB="#264f71" NAME="013-1" Spot="1" />
 <COLOR RGB="#0098c3" NAME="014-7" Spot="1" />
 <COLOR RGB="#0087b1" NAME="014-6" Spot="1" />
 <COLOR RGB="#00749b" NAME="014-5" Spot="1" />
 <COLOR RGB="#006c8c" NAME="014-4" Spot="1" />
 <COLOR RGB="#006283" NAME="014-3" Spot="1" />
 <COLOR RGB="#005975" NAME="014-2" Spot="1" />
 <COLOR RGB="#1e5168" NAME="014-1" Spot="1" />
 <COLOR RGB="#21afc7" NAME="015-7" Spot="1" />
 <COLOR RGB="#089cb4" NAME="015-6" Spot="1" />
 <COLOR RGB="#1989a0" NAME="015-5" Spot="1" />
 <COLOR RGB="#007d95" NAME="015-4" Spot="1" />
 <COLOR RGB="#006b81" NAME="015-3" Spot="1" />
 <COLOR RGB="#005a69" NAME="015-2" Spot="1" />
 <COLOR RGB="#1d6172" NAME="015-1" Spot="1" />
 <COLOR RGB="#26aba3" NAME="016-7" Spot="1" />
 <COLOR RGB="#00a298" NAME="016-6" Spot="1" />
 <COLOR RGB="#009089" NAME="016-5" Spot="1" />
 <COLOR RGB="#008980" NAME="016-4" Spot="1" />
 <COLOR RGB="#00736c" NAME="016-3" Spot="1" />
 <COLOR RGB="#00645f" NAME="016-2" Spot="1" />
 <COLOR RGB="#005853" NAME="016-1" Spot="1" />
 <COLOR RGB="#6acc99" NAME="017-7" Spot="1" />
 <COLOR RGB="#55ae7f" NAME="017-6" Spot="1" />
 <COLOR RGB="#2f9269" NAME="017-5" Spot="1" />
 <COLOR RGB="#00804f" NAME="017-4" Spot="1" />
 <COLOR RGB="#00643d" NAME="017-3" Spot="1" />
 <COLOR RGB="#0f573c" NAME="017-2" Spot="1" />
 <COLOR RGB="#005341" NAME="017-1" Spot="1" />
 <COLOR RGB="#84cc8d" NAME="018-7" Spot="1" />
 <COLOR RGB="#61bf76" NAME="018-6" Spot="1" />
 <COLOR RGB="#3cb15e" NAME="018-5" Spot="1" />
 <COLOR RGB="#189349" NAME="018-4" Spot="1" />
 <COLOR RGB="#278549" NAME="018-3" Spot="1" />
 <COLOR RGB="#357448" NAME="018-2" Spot="1" />
 <COLOR RGB="#396846" NAME="018-1" Spot="1" />
 <COLOR RGB="#a2ca79" NAME="019-7" Spot="1" />
 <COLOR RGB="#94c563" NAME="019-6" Spot="1" />
 <COLOR RGB="#82b444" NAME="019-5" Spot="1" />
 <COLOR RGB="#6d9c3d" NAME="019-4" Spot="1" />
 <COLOR RGB="#5b882b" NAME="019-3" Spot="1" />
 <COLOR RGB="#57763f" NAME="019-2" Spot="1" />
 <COLOR RGB="#566e44" NAME="019-1" Spot="1" />
 <COLOR RGB="#c1cf6b" NAME="020-7" Spot="1" />
 <COLOR RGB="#bac854" NAME="020-6" Spot="1" />
 <COLOR RGB="#acb931" NAME="020-5" Spot="1" />
 <COLOR RGB="#9ba642" NAME="020-4" Spot="1" />
 <COLOR RGB="#7f8829" NAME="020-3" Spot="1" />
 <COLOR RGB="#747d3c" NAME="020-2" Spot="1" />
 <COLOR RGB="#676c3b" NAME="020-1" Spot="1" />
 <COLOR RGB="#fcf8e0" NAME="021-7" Spot="1" />
 <COLOR RGB="#f9f3cf" NAME="021-6" Spot="1" />
 <COLOR RGB="#f7edb3" NAME="021-5" Spot="1" />
 <COLOR RGB="#fdee9c" NAME="021-4" Spot="1" />
 <COLOR RGB="#fbe983" NAME="021-3" Spot="1" />
 <COLOR RGB="#f9e56f" NAME="021-2" Spot="1" />
 <COLOR RGB="#e4cb51" NAME="021-1" Spot="1" />
 <COLOR RGB="#eae6d1" NAME="022-7" Spot="1" />
 <COLOR RGB="#e7e1be" NAME="022-6" Spot="1" />
 <COLOR RGB="#eae0a9" NAME="022-5" Spot="1" />
 <COLOR RGB="#e6da90" NAME="022-4" Spot="1" />
 <COLOR RGB="#e4d579" NAME="022-3" Spot="1" />
 <COLOR RGB="#e3d060" NAME="022-2" Spot="1" />
 <COLOR RGB="#dbc232" NAME="022-1" Spot="1" />
 <COLOR RGB="#fbf7df" NAME="023-7" Spot="1" />
 <COLOR RGB="#f8eeca" NAME="023-6" Spot="1" />
 <COLOR RGB="#fdecb4" NAME="023-5" Spot="1" />
 <COLOR RGB="#ffe89a" NAME="023-4" Spot="1" />
 <COLOR RGB="#ffe788" NAME="023-3" Spot="1" />
 <COLOR RGB="#fdd86c" NAME="023-2" Spot="1" />
 <COLOR RGB="#f1c931" NAME="023-1" Spot="1" />
 <COLOR RGB="#ebe6d0" NAME="024-7" Spot="1" />
 <COLOR RGB="#ebe1bd" NAME="024-6" Spot="1" />
 <COLOR RGB="#ecdca6" NAME="024-5" Spot="1" />
 <COLOR RGB="#e9d28c" NAME="024-4" Spot="1" />
 <COLOR RGB="#f1d57d" NAME="024-3" Spot="1" />
 <COLOR RGB="#ffd554" NAME="024-2" Spot="1" />
 <COLOR RGB="#f0c84a" NAME="024-1" Spot="1" />
 <COLOR RGB="#fcf4db" NAME="025-7" Spot="1" />
 <COLOR RGB="#feeec6" NAME="025-6" Spot="1" />
 <COLOR RGB="#ffe9b4" NAME="025-5" Spot="1" />
 <COLOR RGB="#ffdf99" NAME="025-4" Spot="1" />
 <COLOR RGB="#ffd46d" NAME="025-3" Spot="1" />
 <COLOR RGB="#ffc52e" NAME="025-2" Spot="1" />
 <COLOR RGB="#ffbd00" NAME="025-1" Spot="1" />
 <COLOR RGB="#eae3cf" NAME="026-7" Spot="1" />
 <COLOR RGB="#ecdfbc" NAME="026-6" Spot="1" />
 <COLOR RGB="#edd6a3" NAME="026-5" Spot="1" />
 <COLOR RGB="#efce8d" NAME="026-4" Spot="1" />
 <COLOR RGB="#f8cd79" NAME="026-3" Spot="1" />
 <COLOR RGB="#f8c564" NAME="026-2" Spot="1" />
 <COLOR RGB="#f7bc4a" NAME="026-1" Spot="1" />
 <COLOR RGB="#fef4da" NAME="027-7" Spot="1" />
 <COLOR RGB="#ffecc7" NAME="027-6" Spot="1" />
 <COLOR RGB="#ffe1ac" NAME="027-5" Spot="1" />
 <COLOR RGB="#ffd696" NAME="027-4" Spot="1" />
 <COLOR RGB="#ffcb7e" NAME="027-3" Spot="1" />
 <COLOR RGB="#ffc46c" NAME="027-2" Spot="1" />
 <COLOR RGB="#f9af4c" NAME="027-1" Spot="1" />
 <COLOR RGB="#ebe0ca" NAME="028-7" Spot="1" />
 <COLOR RGB="#eddbba" NAME="028-6" Spot="1" />
 <COLOR RGB="#efd2a2" NAME="028-5" Spot="1" />
 <COLOR RGB="#f6cb8e" NAME="028-4" Spot="1" />
 <COLOR RGB="#eeba71" NAME="028-3" Spot="1" />
 <COLOR RGB="#f4b662" NAME="028-2" Spot="1" />
 <COLOR RGB="#f6a63a" NAME="028-1" Spot="1" />
 <COLOR RGB="#fff1da" NAME="029-7" Spot="1" />
 <COLOR RGB="#ffe9ca" NAME="029-6" Spot="1" />
 <COLOR RGB="#ffd9ad" NAME="029-5" Spot="1" />
 <COLOR RGB="#ffcf94" NAME="029-4" Spot="1" />
 <COLOR RGB="#ffc47f" NAME="029-3" Spot="1" />
 <COLOR RGB="#ffb86c" NAME="029-2" Spot="1" />
 <COLOR RGB="#ffad59" NAME="029-1" Spot="1" />
 <COLOR RGB="#e8decb" NAME="030-7" Spot="1" />
 <COLOR RGB="#ecd8bb" NAME="030-6" Spot="1" />
 <COLOR RGB="#f2cc9f" NAME="030-5" Spot="1" />
 <COLOR RGB="#f4c18c" NAME="030-4" Spot="1" />
 <COLOR RGB="#fab878" NAME="030-3" Spot="1" />
 <COLOR RGB="#f0a760" NAME="030-2" Spot="1" />
 <COLOR RGB="#f5a251" NAME="030-1" Spot="1" />
 <COLOR RGB="#feefd9" NAME="031-7" Spot="1" />
 <COLOR RGB="#ffe5c9" NAME="031-6" Spot="1" />
 <COLOR RGB="#ffd6ae" NAME="031-5" Spot="1" />
 <COLOR RGB="#ffc694" NAME="031-4" Spot="1" />
 <COLOR RGB="#ffb980" NAME="031-3" Spot="1" />
 <COLOR RGB="#ffac6d" NAME="031-2" Spot="1" />
 <COLOR RGB="#ffa75f" NAME="031-1" Spot="1" />
 <COLOR RGB="#ecdfce" NAME="032-7" Spot="1" />
 <COLOR RGB="#edd5ba" NAME="032-6" Spot="1" />
 <COLOR RGB="#f2c7a0" NAME="032-5" Spot="1" />
 <COLOR RGB="#f4ba8c" NAME="032-4" Spot="1" />
 <COLOR RGB="#f2ad76" NAME="032-3" Spot="1" />
 <COLOR RGB="#f1a063" NAME="032-2" Spot="1" />
 <COLOR RGB="#f0893d" NAME="032-1" Spot="1" />
 <COLOR RGB="#faebd8" NAME="033-7" Spot="1" />
 <COLOR RGB="#ffe7d1" NAME="033-6" Spot="1" />
 <COLOR RGB="#ffd0b0" NAME="033-5" Spot="1" />
 <COLOR RGB="#ffc196" NAME="033-4" Spot="1" />
 <COLOR RGB="#ffb384" NAME="033-3" Spot="1" />
 <COLOR RGB="#ffa26f" NAME="033-2" Spot="1" />
 <COLOR RGB="#ff985f" NAME="033-1" Spot="1" />
 <COLOR RGB="#ecdfcf" NAME="034-7" Spot="1" />
 <COLOR RGB="#efd4bd" NAME="034-6" Spot="1" />
 <COLOR RGB="#f5c6a6" NAME="034-5" Spot="1" />
 <COLOR RGB="#f7b790" NAME="034-4" Spot="1" />
 <COLOR RGB="#f9aa7a" NAME="034-3" Spot="1" />
 <COLOR RGB="#f29c69" NAME="034-2" Spot="1" />
 <COLOR RGB="#e97d3f" NAME="034-1" Spot="1" />
 <COLOR RGB="#fceede" NAME="035-7" Spot="1" />
 <COLOR RGB="#ffe7d5" NAME="035-6" Spot="1" />
 <COLOR RGB="#ffd2b7" NAME="035-5" Spot="1" />
 <COLOR RGB="#ffbc9b" NAME="035-4" Spot="1" />
 <COLOR RGB="#fead88" NAME="035-3" Spot="1" />
 <COLOR RGB="#fd9d75" NAME="035-2" Spot="1" />
 <COLOR RGB="#ff9266" NAME="035-1" Spot="1" />
 <COLOR RGB="#ecded1" NAME="036-7" Spot="1" />
 <COLOR RGB="#ecd3c1" NAME="036-6" Spot="1" />
 <COLOR RGB="#ecc0a6" NAME="036-5" Spot="1" />
 <COLOR RGB="#f1b293" NAME="036-4" Spot="1" />
 <COLOR RGB="#f2a581" NAME="036-3" Spot="1" />
 <COLOR RGB="#ee916c" NAME="036-2" Spot="1" />
 <COLOR RGB="#e98259" NAME="036-1" Spot="1" />
 <COLOR RGB="#faece0" NAME="037-7" Spot="1" />
 <COLOR RGB="#ffe2d2" NAME="037-6" Spot="1" />
 <COLOR RGB="#fdceba" NAME="037-5" Spot="1" />
 <COLOR RGB="#ffbea6" NAME="037-4" Spot="1" />
 <COLOR RGB="#ffa990" NAME="037-3" Spot="1" />
 <COLOR RGB="#ef8d6f" NAME="037-2" Spot="1" />
 <COLOR RGB="#e87e60" NAME="037-1" Spot="1" />
 <COLOR RGB="#e8dbd0" NAME="038-7" Spot="1" />
 <COLOR RGB="#edd2c2" NAME="038-6" Spot="1" />
 <COLOR RGB="#efc0ad" NAME="038-5" Spot="1" />
 <COLOR RGB="#f1b29a" NAME="038-4" Spot="1" />
 <COLOR RGB="#ef9d83" NAME="038-3" Spot="1" />
 <COLOR RGB="#e06a4c" NAME="038-2" Spot="1" />
 <COLOR RGB="#d4532f" NAME="038-1" Spot="1" />
 <COLOR RGB="#fcede4" NAME="039-7" Spot="1" />
 <COLOR RGB="#ffe3d7" NAME="039-6" Spot="1" />
 <COLOR RGB="#ffd0c3" NAME="039-5" Spot="1" />
 <COLOR RGB="#ffbdae" NAME="039-4" Spot="1" />
 <COLOR RGB="#fea898" NAME="039-3" Spot="1" />
 <COLOR RGB="#ed8c7c" NAME="039-2" Spot="1" />
 <COLOR RGB="#ee6b5a" NAME="039-1" Spot="1" />
 <COLOR RGB="#e8dcd4" NAME="040-7" Spot="1" />
 <COLOR RGB="#ebd3c9" NAME="040-6" Spot="1" />
 <COLOR RGB="#eabeb0" NAME="040-5" Spot="1" />
 <COLOR RGB="#eaab9c" NAME="040-4" Spot="1" />
 <COLOR RGB="#ed998b" NAME="040-3" Spot="1" />
 <COLOR RGB="#e27364" NAME="040-2" Spot="1" />
 <COLOR RGB="#d96054" NAME="040-1" Spot="1" />
 <COLOR RGB="#faece3" NAME="041-7" Spot="1" />
 <COLOR RGB="#fbe2d8" NAME="041-6" Spot="1" />
 <COLOR RGB="#ffd1c7" NAME="041-5" Spot="1" />
 <COLOR RGB="#febbb4" NAME="041-4" Spot="1" />
 <COLOR RGB="#fba7a0" NAME="041-3" Spot="1" />
 <COLOR RGB="#e78781" NAME="041-2" Spot="1" />
 <COLOR RGB="#d55a58" NAME="041-1" Spot="1" />
 <COLOR RGB="#e8dcd5" NAME="042-7" Spot="1" />
 <COLOR RGB="#ecd6ce" NAME="042-6" Spot="1" />
 <COLOR RGB="#ebc0b8" NAME="042-5" Spot="1" />
 <COLOR RGB="#e7aaa2" NAME="042-4" Spot="1" />
 <COLOR RGB="#e99b93" NAME="042-3" Spot="1" />
 <COLOR RGB="#db6e6a" NAME="042-2" Spot="1" />
 <COLOR RGB="#bb3738" NAME="042-1" Spot="1" />
 <COLOR RGB="#f9eee6" NAME="043-7" Spot="1" />
 <COLOR RGB="#f8e1dc" NAME="043-6" Spot="1" />
 <COLOR RGB="#facfcc" NAME="043-5" Spot="1" />
 <COLOR RGB="#fcbbbb" NAME="043-4" Spot="1" />
 <COLOR RGB="#f6a6a8" NAME="043-3" Spot="1" />
 <COLOR RGB="#e18589" NAME="043-2" Spot="1" />
 <COLOR RGB="#e56974" NAME="043-1" Spot="1" />
 <COLOR RGB="#e7dbd7" NAME="044-7" Spot="1" />
 <COLOR RGB="#e3cfcb" NAME="044-6" Spot="1" />
 <COLOR RGB="#eabebe" NAME="044-5" Spot="1" />
 <COLOR RGB="#e8acad" NAME="044-4" Spot="1" />
 <COLOR RGB="#e6999c" NAME="044-3" Spot="1" />
 <COLOR RGB="#ce4d5d" NAME="044-2" Spot="1" />
 <COLOR RGB="#b4273b" NAME="044-1" Spot="1" />
 <COLOR RGB="#f5e9e6" NAME="045-7" Spot="1" />
 <COLOR RGB="#f9e3e1" NAME="045-6" Spot="1" />
 <COLOR RGB="#f5ced1" NAME="045-5" Spot="1" />
 <COLOR RGB="#f8bfc6" NAME="045-4" Spot="1" />
 <COLOR RGB="#ea919f" NAME="045-3" Spot="1" />
 <COLOR RGB="#df8493" NAME="045-2" Spot="1" />
 <COLOR RGB="#da6d84" NAME="045-1" Spot="1" />
 <COLOR RGB="#e9dfdc" NAME="046-7" Spot="1" />
 <COLOR RGB="#e5d2d1" NAME="046-6" Spot="1" />
 <COLOR RGB="#e5bfc2" NAME="046-5" Spot="1" />
 <COLOR RGB="#e6b0b7" NAME="046-4" Spot="1" />
 <COLOR RGB="#de97a2" NAME="046-3" Spot="1" />
 <COLOR RGB="#bc6977" NAME="046-2" Spot="1" />
 <COLOR RGB="#cd506b" NAME="046-1" Spot="1" />
 <COLOR RGB="#f7eeed" NAME="047-7" Spot="1" />
 <COLOR RGB="#f4e4e7" NAME="047-6" Spot="1" />
 <COLOR RGB="#f4d5e0" NAME="047-5" Spot="1" />
 <COLOR RGB="#edbfd4" NAME="047-4" Spot="1" />
 <COLOR RGB="#f1b1d2" NAME="047-3" Spot="1" />
 <COLOR RGB="#da87b4" NAME="047-2" Spot="1" />
 <COLOR RGB="#ce689f" NAME="047-1" Spot="1" />
 <COLOR RGB="#e7dfe0" NAME="048-7" Spot="1" />
 <COLOR RGB="#e8d7dc" NAME="048-6" Spot="1" />
 <COLOR RGB="#e2c2cf" NAME="048-5" Spot="1" />
 <COLOR RGB="#dfb2c8" NAME="048-4" Spot="1" />
 <COLOR RGB="#dc9fc0" NAME="048-3" Spot="1" />
 <COLOR RGB="#b86b95" NAME="048-2" Spot="1" />
 <COLOR RGB="#b25187" NAME="048-1" Spot="1" />
 <COLOR RGB="#efecea" NAME="049-7" Spot="1" />
 <COLOR RGB="#eee8ec" NAME="049-6" Spot="1" />
 <COLOR RGB="#e2d6e8" NAME="049-5" Spot="1" />
 <COLOR RGB="#d7c3e4" NAME="049-4" Spot="1" />
 <COLOR RGB="#d0b9d8" NAME="049-3" Spot="1" />
 <COLOR RGB="#c8aada" NAME="049-2" Spot="1" />
 <COLOR RGB="#a376b5" NAME="049-1" Spot="1" />
 <COLOR RGB="#dfdddf" NAME="050-7" Spot="1" />
 <COLOR RGB="#dcd7de" NAME="050-6" Spot="1" />
 <COLOR RGB="#d4c8dc" NAME="050-5" Spot="1" />
 <COLOR RGB="#bbaec5" NAME="050-4" Spot="1" />
 <COLOR RGB="#b8a0c0" NAME="050-3" Spot="1" />
 <COLOR RGB="#ab8aba" NAME="050-2" Spot="1" />
 <COLOR RGB="#885b99" NAME="050-1" Spot="1" />
 <COLOR RGB="#f1f0ef" NAME="051-7" Spot="1" />
 <COLOR RGB="#e7e7ed" NAME="051-6" Spot="1" />
 <COLOR RGB="#dadaec" NAME="051-5" Spot="1" />
 <COLOR RGB="#d1cfeb" NAME="051-4" Spot="1" />
 <COLOR RGB="#c0bde0" NAME="051-3" Spot="1" />
 <COLOR RGB="#b9afe1" NAME="051-2" Spot="1" />
 <COLOR RGB="#8f7ec0" NAME="051-1" Spot="1" />
 <COLOR RGB="#e0e1e4" NAME="052-7" Spot="1" />
 <COLOR RGB="#d8d7e0" NAME="052-6" Spot="1" />
 <COLOR RGB="#cecde2" NAME="052-5" Spot="1" />
 <COLOR RGB="#b2b0c8" NAME="052-4" Spot="1" />
 <COLOR RGB="#aaa4c8" NAME="052-3" Spot="1" />
 <COLOR RGB="#9f94c6" NAME="052-2" Spot="1" />
 <COLOR RGB="#8476a9" NAME="052-1" Spot="1" />
 <COLOR RGB="#ebeeef" NAME="053-7" Spot="1" />
 <COLOR RGB="#e2e8ee" NAME="053-6" Spot="1" />
 <COLOR RGB="#d2dbee" NAME="053-5" Spot="1" />
 <COLOR RGB="#cbd6ee" NAME="053-4" Spot="1" />
 <COLOR RGB="#a7b5e4" NAME="053-3" Spot="1" />
 <COLOR RGB="#889ad7" NAME="053-2" Spot="1" />
 <COLOR RGB="#7f90d1" NAME="053-1" Spot="1" />
 <COLOR RGB="#dde1e5" NAME="054-7" Spot="1" />
 <COLOR RGB="#d3d8e0" NAME="054-6" Spot="1" />
 <COLOR RGB="#c3cee3" NAME="054-5" Spot="1" />
 <COLOR RGB="#b4c2e2" NAME="054-4" Spot="1" />
 <COLOR RGB="#8c98cb" NAME="054-3" Spot="1" />
 <COLOR RGB="#7887c4" NAME="054-2" Spot="1" />
 <COLOR RGB="#6c75c1" NAME="054-1" Spot="1" />
 <COLOR RGB="#e8eff0" NAME="055-7" Spot="1" />
 <COLOR RGB="#dee8ed" NAME="055-6" Spot="1" />
 <COLOR RGB="#c9ddec" NAME="055-5" Spot="1" />
 <COLOR RGB="#b3d0eb" NAME="055-4" Spot="1" />
 <COLOR RGB="#aac4e1" NAME="055-3" Spot="1" />
 <COLOR RGB="#97b9e3" NAME="055-2" Spot="1" />
 <COLOR RGB="#74a2d9" NAME="055-1" Spot="1" />
 <COLOR RGB="#dbe0e3" NAME="056-7" Spot="1" />
 <COLOR RGB="#d1dbe1" NAME="056-6" Spot="1" />
 <COLOR RGB="#bccfdf" NAME="056-5" Spot="1" />
 <COLOR RGB="#91a8ca" NAME="056-4" Spot="1" />
 <COLOR RGB="#7e9ec9" NAME="056-3" Spot="1" />
 <COLOR RGB="#6696d1" NAME="056-2" Spot="1" />
 <COLOR RGB="#678dc7" NAME="056-1" Spot="1" />
 <COLOR RGB="#e8efef" NAME="057-7" Spot="1" />
 <COLOR RGB="#deecf0" NAME="057-6" Spot="1" />
 <COLOR RGB="#c7e0ed" NAME="057-5" Spot="1" />
 <COLOR RGB="#add4eb" NAME="057-4" Spot="1" />
 <COLOR RGB="#95c8ea" NAME="057-3" Spot="1" />
 <COLOR RGB="#8ab9db" NAME="057-2" Spot="1" />
 <COLOR RGB="#6fb3e2" NAME="057-1" Spot="1" />
 <COLOR RGB="#d7dedf" NAME="058-7" Spot="1" />
 <COLOR RGB="#cddbe1" NAME="058-6" Spot="1" />
 <COLOR RGB="#b6d3e3" NAME="058-5" Spot="1" />
 <COLOR RGB="#a3c5de" NAME="058-4" Spot="1" />
 <COLOR RGB="#76a2c6" NAME="058-3" Spot="1" />
 <COLOR RGB="#5296c6" NAME="058-2" Spot="1" />
 <COLOR RGB="#3a95cc" NAME="058-1" Spot="1" />
 <COLOR RGB="#e4f0ef" NAME="059-7" Spot="1" />
 <COLOR RGB="#daebec" NAME="059-6" Spot="1" />
 <COLOR RGB="#c4e5ec" NAME="059-5" Spot="1" />
 <COLOR RGB="#a6dae9" NAME="059-4" Spot="1" />
 <COLOR RGB="#8bcce1" NAME="059-3" Spot="1" />
 <COLOR RGB="#5bb6d6" NAME="059-2" Spot="1" />
 <COLOR RGB="#25aed8" NAME="059-1" Spot="1" />
 <COLOR RGB="#dae3e2" NAME="060-7" Spot="1" />
 <COLOR RGB="#c8dade" NAME="060-6" Spot="1" />
 <COLOR RGB="#b3d4de" NAME="060-5" Spot="1" />
 <COLOR RGB="#9acadb" NAME="060-4" Spot="1" />
 <COLOR RGB="#7cc0d8" NAME="060-3" Spot="1" />
 <COLOR RGB="#429cbe" NAME="060-2" Spot="1" />
 <COLOR RGB="#0095c0" NAME="060-1" Spot="1" />
 <COLOR RGB="#daedeb" NAME="061-7" Spot="1" />
 <COLOR RGB="#bee5e9" NAME="061-6" Spot="1" />
 <COLOR RGB="#a1dbe4" NAME="061-5" Spot="1" />
 <COLOR RGB="#85d3e1" NAME="061-4" Spot="1" />
 <COLOR RGB="#76c6d5" NAME="061-3" Spot="1" />
 <COLOR RGB="#4cbcd2" NAME="061-2" Spot="1" />
 <COLOR RGB="#16acc3" NAME="061-1" Spot="1" />
 <COLOR RGB="#ccdcdc" NAME="062-7" Spot="1" />
 <COLOR RGB="#afd6db" NAME="062-6" Spot="1" />
 <COLOR RGB="#93cdd9" NAME="062-5" Spot="1" />
 <COLOR RGB="#82b5c3" NAME="062-4" Spot="1" />
 <COLOR RGB="#60aabc" NAME="062-3" Spot="1" />
 <COLOR RGB="#32a3ba" NAME="062-2" Spot="1" />
 <COLOR RGB="#0099b1" NAME="062-1" Spot="1" />
 <COLOR RGB="#e8f3ed" NAME="063-7" Spot="1" />
 <COLOR RGB="#ddf1ea" NAME="063-6" Spot="1" />
 <COLOR RGB="#c1e8e1" NAME="063-5" Spot="1" />
 <COLOR RGB="#a9e7df" NAME="063-4" Spot="1" />
 <COLOR RGB="#77cec6" NAME="063-3" Spot="1" />
 <COLOR RGB="#3cc6bd" NAME="063-2" Spot="1" />
 <COLOR RGB="#1ba8a0" NAME="063-1" Spot="1" />
 <COLOR RGB="#dae4e0" NAME="064-7" Spot="1" />
 <COLOR RGB="#cee3dd" NAME="064-6" Spot="1" />
 <COLOR RGB="#aed7d2" NAME="064-5" Spot="1" />
 <COLOR RGB="#95d2cc" NAME="064-4" Spot="1" />
 <COLOR RGB="#61b3ae" NAME="064-3" Spot="1" />
 <COLOR RGB="#00a095" NAME="064-2" Spot="1" />
 <COLOR RGB="#009088" NAME="064-1" Spot="1" />
 <COLOR RGB="#def3e9" NAME="065-7" Spot="1" />
 <COLOR RGB="#c3eee0" NAME="065-6" Spot="1" />
 <COLOR RGB="#a7e6d5" NAME="065-5" Spot="1" />
 <COLOR RGB="#9ed9ca" NAME="065-4" Spot="1" />
 <COLOR RGB="#77d0bf" NAME="065-3" Spot="1" />
 <COLOR RGB="#48ceb8" NAME="065-2" Spot="1" />
 <COLOR RGB="#00a78f" NAME="065-1" Spot="1" />
 <COLOR RGB="#cfe1db" NAME="066-7" Spot="1" />
 <COLOR RGB="#b4ded2" NAME="066-6" Spot="1" />
 <COLOR RGB="#7fbbaf" NAME="066-5" Spot="1" />
 <COLOR RGB="#5cb3a3" NAME="066-4" Spot="1" />
 <COLOR RGB="#21ac98" NAME="066-3" Spot="1" />
 <COLOR RGB="#008f7c" NAME="066-2" Spot="1" />
 <COLOR RGB="#00826d" NAME="066-1" Spot="1" />
 <COLOR RGB="#e2f4e6" NAME="067-7" Spot="1" />
 <COLOR RGB="#c9eed8" NAME="067-6" Spot="1" />
 <COLOR RGB="#afeace" NAME="067-5" Spot="1" />
 <COLOR RGB="#a3dabf" NAME="067-4" Spot="1" />
 <COLOR RGB="#80d3b3" NAME="067-3" Spot="1" />
 <COLOR RGB="#5fcaa4" NAME="067-2" Spot="1" />
 <COLOR RGB="#44c59a" NAME="067-1" Spot="1" />
 <COLOR RGB="#d3e3d8" NAME="068-7" Spot="1" />
 <COLOR RGB="#b8ddc9" NAME="068-6" Spot="1" />
 <COLOR RGB="#83bea5" NAME="068-5" Spot="1" />
 <COLOR RGB="#64b69a" NAME="068-4" Spot="1" />
 <COLOR RGB="#3cad89" NAME="068-3" Spot="1" />
 <COLOR RGB="#00a175" NAME="068-2" Spot="1" />
 <COLOR RGB="#1d9373" NAME="068-1" Spot="1" />
 <COLOR RGB="#f1f6ea" NAME="069-7" Spot="1" />
 <COLOR RGB="#e8f5e2" NAME="069-6" Spot="1" />
 <COLOR RGB="#cfefce" NAME="069-5" Spot="1" />
 <COLOR RGB="#b8e6ba" NAME="069-4" Spot="1" />
 <COLOR RGB="#a8e2aa" NAME="069-3" Spot="1" />
 <COLOR RGB="#8cdc96" NAME="069-2" Spot="1" />
 <COLOR RGB="#70d080" NAME="069-1" Spot="1" />
 <COLOR RGB="#dfe6dc" NAME="070-7" Spot="1" />
 <COLOR RGB="#d1e1cf" NAME="070-6" Spot="1" />
 <COLOR RGB="#beddbf" NAME="070-5" Spot="1" />
 <COLOR RGB="#a9d5ac" NAME="070-4" Spot="1" />
 <COLOR RGB="#94d19c" NAME="070-3" Spot="1" />
 <COLOR RGB="#81cb8b" NAME="070-2" Spot="1" />
 <COLOR RGB="#5dbe74" NAME="070-1" Spot="1" />
 <COLOR RGB="#eff3e3" NAME="071-7" Spot="1" />
 <COLOR RGB="#ebf4db" NAME="071-6" Spot="1" />
 <COLOR RGB="#d9eac2" NAME="071-5" Spot="1" />
 <COLOR RGB="#c9e6ad" NAME="071-4" Spot="1" />
 <COLOR RGB="#b8df95" NAME="071-3" Spot="1" />
 <COLOR RGB="#b0da80" NAME="071-2" Spot="1" />
 <COLOR RGB="#92c35f" NAME="071-1" Spot="1" />
 <COLOR RGB="#e1e5d8" NAME="072-7" Spot="1" />
 <COLOR RGB="#dae2cb" NAME="072-6" Spot="1" />
 <COLOR RGB="#cadeb8" NAME="072-5" Spot="1" />
 <COLOR RGB="#b6d39e" NAME="072-4" Spot="1" />
 <COLOR RGB="#aed28c" NAME="072-3" Spot="1" />
 <COLOR RGB="#9fc976" NAME="072-2" Spot="1" />
 <COLOR RGB="#81b543" NAME="072-1" Spot="1" />
 <COLOR RGB="#f7f9e4" NAME="073-7" Spot="1" />
 <COLOR RGB="#eff3d8" NAME="073-6" Spot="1" />
 <COLOR RGB="#eaf4be" NAME="073-5" Spot="1" />
 <COLOR RGB="#dfeca2" NAME="073-4" Spot="1" />
 <COLOR RGB="#d4e38b" NAME="073-3" Spot="1" />
 <COLOR RGB="#cee071" NAME="073-2" Spot="1" />
 <COLOR RGB="#b9c950" NAME="073-1" Spot="1" />
 <COLOR RGB="#e3e6d3" NAME="074-7" Spot="1" />
 <COLOR RGB="#dfe4c8" NAME="074-6" Spot="1" />
 <COLOR RGB="#d8e1b0" NAME="074-5" Spot="1" />
 <COLOR RGB="#cbd796" NAME="074-4" Spot="1" />
 <COLOR RGB="#c3d27f" NAME="074-3" Spot="1" />
 <COLOR RGB="#bfce68" NAME="074-2" Spot="1" />
 <COLOR RGB="#acbb30" NAME="074-1" Spot="1" />
 <COLOR RGB="#f6f5e0" NAME="075-7" Spot="1" />
 <COLOR RGB="#f5f5d0" NAME="075-6" Spot="1" />
 <COLOR RGB="#f3f4b8" NAME="075-5" Spot="1" />
 <COLOR RGB="#eff19f" NAME="075-4" Spot="1" />
 <COLOR RGB="#ecec86" NAME="075-3" Spot="1" />
 <COLOR RGB="#e8e76c" NAME="075-2" Spot="1" />
 <COLOR RGB="#cdcb42" NAME="075-1" Spot="1" />
 <COLOR RGB="#e8e7d6" NAME="076-7" Spot="1" />
 <COLOR RGB="#e1e1c2" NAME="076-6" Spot="1" />
 <COLOR RGB="#dfdfab" NAME="076-5" Spot="1" />
 <COLOR RGB="#d9da93" NAME="076-4" Spot="1" />
 <COLOR RGB="#d4d576" NAME="076-3" Spot="1" />
 <COLOR RGB="#d6d462" NAME="076-2" Spot="1" />
 <COLOR RGB="#c9c523" NAME="076-1" Spot="1" />
 <COLOR RGB="#cecbb9" NAME="077-7" Spot="1" />
 <COLOR RGB="#cdc6a6" NAME="077-6" Spot="1" />
 <COLOR RGB="#cec393" NAME="077-5" Spot="1" />
 <COLOR RGB="#cabb77" NAME="077-4" Spot="1" />
 <COLOR RGB="#ccbb64" NAME="077-3" Spot="1" />
 <COLOR RGB="#c4b24d" NAME="077-2" Spot="1" />
 <COLOR RGB="#c3aa36" NAME="077-1" Spot="1" />
 <COLOR RGB="#cfcab7" NAME="078-7" Spot="1" />
 <COLOR RGB="#cdc5a7" NAME="078-6" Spot="1" />
 <COLOR RGB="#cdb776" NAME="078-5" Spot="1" />
 <COLOR RGB="#d2b662" NAME="078-4" Spot="1" />
 <COLOR RGB="#efcd5c" NAME="078-3" Spot="1" />
 <COLOR RGB="#eec113" NAME="078-2" Spot="1" />
 <COLOR RGB="#e8b700" NAME="078-1" Spot="1" />
 <COLOR RGB="#cfbf90" NAME="079-7" Spot="1" />
 <COLOR RGB="#b9ae90" NAME="079-6" Spot="1" />
 <COLOR RGB="#b9a87b" NAME="079-5" Spot="1" />
 <COLOR RGB="#b69f66" NAME="079-4" Spot="1" />
 <COLOR RGB="#b59a51" NAME="079-3" Spot="1" />
 <COLOR RGB="#9b8041" NAME="079-2" Spot="1" />
 <COLOR RGB="#977a2f" NAME="079-1" Spot="1" />
 <COLOR RGB="#d1c9b6" NAME="080-7" Spot="1" />
 <COLOR RGB="#d0c2a5" NAME="080-6" Spot="1" />
 <COLOR RGB="#d2bc90" NAME="080-5" Spot="1" />
 <COLOR RGB="#d4b579" NAME="080-4" Spot="1" />
 <COLOR RGB="#d5ac63" NAME="080-3" Spot="1" />
 <COLOR RGB="#f3b21f" NAME="080-2" Spot="1" />
 <COLOR RGB="#f5ae00" NAME="080-1" Spot="1" />
 <COLOR RGB="#bbad92" NAME="081-7" Spot="1" />
 <COLOR RGB="#bea67c" NAME="081-6" Spot="1" />
 <COLOR RGB="#bf9e69" NAME="081-5" Spot="1" />
 <COLOR RGB="#bc9551" NAME="081-4" Spot="1" />
 <COLOR RGB="#b8862b" NAME="081-3" Spot="1" />
 <COLOR RGB="#a58653" NAME="081-2" Spot="1" />
 <COLOR RGB="#a37d40" NAME="081-1" Spot="1" />
 <COLOR RGB="#d0c9b8" NAME="082-7" Spot="1" />
 <COLOR RGB="#cfbfa2" NAME="082-6" Spot="1" />
 <COLOR RGB="#d4b78a" NAME="082-5" Spot="1" />
 <COLOR RGB="#d6af78" NAME="082-4" Spot="1" />
 <COLOR RGB="#dca762" NAME="082-3" Spot="1" />
 <COLOR RGB="#d89d50" NAME="082-2" Spot="1" />
 <COLOR RGB="#f39900" NAME="082-1" Spot="1" />
 <COLOR RGB="#bcab91" NAME="083-7" Spot="1" />
 <COLOR RGB="#bda079" NAME="083-6" Spot="1" />
 <COLOR RGB="#bb9562" NAME="083-5" Spot="1" />
 <COLOR RGB="#be8e52" NAME="083-4" Spot="1" />
 <COLOR RGB="#bd873f" NAME="083-3" Spot="1" />
 <COLOR RGB="#b87c2a" NAME="083-2" Spot="1" />
 <COLOR RGB="#a37842" NAME="083-1" Spot="1" />
 <COLOR RGB="#d0c7b6" NAME="084-7" Spot="1" />
 <COLOR RGB="#d9c5aa" NAME="084-6" Spot="1" />
 <COLOR RGB="#dab790" NAME="084-5" Spot="1" />
 <COLOR RGB="#daa874" NAME="084-4" Spot="1" />
 <COLOR RGB="#dca065" NAME="084-3" Spot="1" />
 <COLOR RGB="#d99351" NAME="084-2" Spot="1" />
 <COLOR RGB="#d88b41" NAME="084-1" Spot="1" />
 <COLOR RGB="#c1ac93" NAME="085-7" Spot="1" />
 <COLOR RGB="#c09d79" NAME="085-6" Spot="1" />
 <COLOR RGB="#c19366" NAME="085-5" Spot="1" />
 <COLOR RGB="#bf8956" NAME="085-4" Spot="1" />
 <COLOR RGB="#bc7c42" NAME="085-3" Spot="1" />
 <COLOR RGB="#b97232" NAME="085-2" Spot="1" />
 <COLOR RGB="#c47525" NAME="085-1" Spot="1" />
 <COLOR RGB="#d0c3b2" NAME="086-7" Spot="1" />
 <COLOR RGB="#d4bba2" NAME="086-6" Spot="1" />
 <COLOR RGB="#d6af8d" NAME="086-5" Spot="1" />
 <COLOR RGB="#d8a077" NAME="086-4" Spot="1" />
 <COLOR RGB="#de9866" NAME="086-3" Spot="1" />
 <COLOR RGB="#da8d54" NAME="086-2" Spot="1" />
 <COLOR RGB="#d27e42" NAME="086-1" Spot="1" />
 <COLOR RGB="#bea791" NAME="087-7" Spot="1" />
 <COLOR RGB="#bf9a7d" NAME="087-6" Spot="1" />
 <COLOR RGB="#bf8b64" NAME="087-5" Spot="1" />
 <COLOR RGB="#bd8055" NAME="087-4" Spot="1" />
 <COLOR RGB="#be7948" NAME="087-3" Spot="1" />
 <COLOR RGB="#b56936" NAME="087-2" Spot="1" />
 <COLOR RGB="#c06724" NAME="087-1" Spot="1" />
 <COLOR RGB="#cec3b6" NAME="088-7" Spot="1" />
 <COLOR RGB="#d4bba5" NAME="088-6" Spot="1" />
 <COLOR RGB="#d7ab8f" NAME="088-5" Spot="1" />
 <COLOR RGB="#dc9f7c" NAME="088-4" Spot="1" />
 <COLOR RGB="#da926a" NAME="088-3" Spot="1" />
 <COLOR RGB="#d68458" NAME="088-2" Spot="1" />
 <COLOR RGB="#d07441" NAME="088-1" Spot="1" />
 <COLOR RGB="#bfa796" NAME="089-7" Spot="1" />
 <COLOR RGB="#c59b80" NAME="089-6" Spot="1" />
 <COLOR RGB="#c18868" NAME="089-5" Spot="1" />
 <COLOR RGB="#be7b57" NAME="089-4" Spot="1" />
 <COLOR RGB="#b76d46" NAME="089-3" Spot="1" />
 <COLOR RGB="#b36135" NAME="089-2" Spot="1" />
 <COLOR RGB="#bb5f2c" NAME="089-1" Spot="1" />
 <COLOR RGB="#d0c5ba" NAME="090-7" Spot="1" />
 <COLOR RGB="#d3bcab" NAME="090-6" Spot="1" />
 <COLOR RGB="#d2a992" NAME="090-5" Spot="1" />
 <COLOR RGB="#d99b7f" NAME="090-4" Spot="1" />
 <COLOR RGB="#d78c6b" NAME="090-3" Spot="1" />
 <COLOR RGB="#cc6e46" NAME="090-2" Spot="1" />
 <COLOR RGB="#c35e37" NAME="090-1" Spot="1" />
 <COLOR RGB="#bea596" NAME="091-7" Spot="1" />
 <COLOR RGB="#bd9580" NAME="091-6" Spot="1" />
 <COLOR RGB="#bf876e" NAME="091-5" Spot="1" />
 <COLOR RGB="#bf795a" NAME="091-4" Spot="1" />
 <COLOR RGB="#b56849" NAME="091-3" Spot="1" />
 <COLOR RGB="#b25a36" NAME="091-2" Spot="1" />
 <COLOR RGB="#a36146" NAME="091-1" Spot="1" />
 <COLOR RGB="#d1c4bb" NAME="092-7" Spot="1" />
 <COLOR RGB="#d5bcae" NAME="092-6" Spot="1" />
 <COLOR RGB="#d5aa99" NAME="092-5" Spot="1" />
 <COLOR RGB="#da9a85" NAME="092-4" Spot="1" />
 <COLOR RGB="#d18770" NAME="092-3" Spot="1" />
 <COLOR RGB="#cf755c" NAME="092-2" Spot="1" />
 <COLOR RGB="#c0553a" NAME="092-1" Spot="1" />
 <COLOR RGB="#bca498" NAME="093-7" Spot="1" />
 <COLOR RGB="#c09686" NAME="093-6" Spot="1" />
 <COLOR RGB="#bf8470" NAME="093-5" Spot="1" />
 <COLOR RGB="#ba735e" NAME="093-4" Spot="1" />
 <COLOR RGB="#b45f4a" NAME="093-3" Spot="1" />
 <COLOR RGB="#9d4934" NAME="093-2" Spot="1" />
 <COLOR RGB="#974a36" NAME="093-1" Spot="1" />
 <COLOR RGB="#cfc3bd" NAME="094-7" Spot="1" />
 <COLOR RGB="#ceb7ad" NAME="094-6" Spot="1" />
 <COLOR RGB="#d1a99d" NAME="094-5" Spot="1" />
 <COLOR RGB="#d59588" NAME="094-4" Spot="1" />
 <COLOR RGB="#d68678" NAME="094-3" Spot="1" />
 <COLOR RGB="#c55c4f" NAME="094-2" Spot="1" />
 <COLOR RGB="#b7493e" NAME="094-1" Spot="1" />
 <COLOR RGB="#bba49c" NAME="095-7" Spot="1" />
 <COLOR RGB="#ba9387" NAME="095-6" Spot="1" />
 <COLOR RGB="#b87e73" NAME="095-5" Spot="1" />
 <COLOR RGB="#b97063" NAME="095-4" Spot="1" />
 <COLOR RGB="#ae5a4e" NAME="095-3" Spot="1" />
 <COLOR RGB="#a5473c" NAME="095-2" Spot="1" />
 <COLOR RGB="#a43b2e" NAME="095-1" Spot="1" />
 <COLOR RGB="#cec2be" NAME="096-7" Spot="1" />
 <COLOR RGB="#ceb7b1" NAME="096-6" Spot="1" />
 <COLOR RGB="#d4a8a0" NAME="096-5" Spot="1" />
 <COLOR RGB="#d2968f" NAME="096-4" Spot="1" />
 <COLOR RGB="#cf837e" NAME="096-3" Spot="1" />
 <COLOR RGB="#ca6f6a" NAME="096-2" Spot="1" />
 <COLOR RGB="#b34443" NAME="096-1" Spot="1" />
 <COLOR RGB="#b9a49e" NAME="097-7" Spot="1" />
 <COLOR RGB="#ba9189" NAME="097-6" Spot="1" />
 <COLOR RGB="#b97f78" NAME="097-5" Spot="1" />
 <COLOR RGB="#b36c66" NAME="097-4" Spot="1" />
 <COLOR RGB="#ae5954" NAME="097-3" Spot="1" />
 <COLOR RGB="#9d4442" NAME="097-2" Spot="1" />
 <COLOR RGB="#9a3533" NAME="097-1" Spot="1" />
 <COLOR RGB="#cfc5c2" NAME="098-7" Spot="1" />
 <COLOR RGB="#cebbb8" NAME="098-6" Spot="1" />
 <COLOR RGB="#cea8a6" NAME="098-5" Spot="1" />
 <COLOR RGB="#cf9495" NAME="098-4" Spot="1" />
 <COLOR RGB="#c46d72" NAME="098-3" Spot="1" />
 <COLOR RGB="#b8535c" NAME="098-2" Spot="1" />
 <COLOR RGB="#a5323e" NAME="098-1" Spot="1" />
 <COLOR RGB="#b69f9e" NAME="099-7" Spot="1" />
 <COLOR RGB="#b59191" NAME="099-6" Spot="1" />
 <COLOR RGB="#b67e81" NAME="099-5" Spot="1" />
 <COLOR RGB="#b16a6d" NAME="099-4" Spot="1" />
 <COLOR RGB="#a45359" NAME="099-3" Spot="1" />
 <COLOR RGB="#8d343d" NAME="099-2" Spot="1" />
 <COLOR RGB="#9d1e2d" NAME="099-1" Spot="1" />
 <COLOR RGB="#cdc4c4" NAME="100-7" Spot="1" />
 <COLOR RGB="#cfbbbc" NAME="101-6" Spot="1" />
 <COLOR RGB="#cda9ad" NAME="101-5" Spot="1" />
 <COLOR RGB="#cc969e" NAME="101-4" Spot="1" />
 <COLOR RGB="#c87f8c" NAME="101-3" Spot="1" />
 <COLOR RGB="#b54b63" NAME="101-2" Spot="1" />
 <COLOR RGB="#9d2d47" NAME="101-1" Spot="1" />
 <COLOR RGB="#b7a4a5" NAME="102-7" Spot="1" />
 <COLOR RGB="#ccc2c4" NAME="102-6" Spot="1" />
 <COLOR RGB="#cbbabf" NAME="102-5" Spot="1" />
 <COLOR RGB="#c997a8" NAME="102-4" Spot="1" />
 <COLOR RGB="#c58297" NAME="102-3" Spot="1" />
 <COLOR RGB="#b44d73" NAME="102-2" Spot="1" />
 <COLOR RGB="#a13160" NAME="102-1" Spot="1" />
 <COLOR RGB="#b5a3a7" NAME="103-7" Spot="1" />
 <COLOR RGB="#b2929b" NAME="103-6" Spot="1" />
 <COLOR RGB="#ac7b8d" NAME="103-5" Spot="1" />
 <COLOR RGB="#a9647a" NAME="103-4" Spot="1" />
 <COLOR RGB="#9f4c68" NAME="103-3" Spot="1" />
 <COLOR RGB="#8b3053" NAME="103-2" Spot="1" />
 <COLOR RGB="#783049" NAME="103-1" Spot="1" />
 <COLOR RGB="#cdc5c7" NAME="104-7" Spot="1" />
 <COLOR RGB="#c8b9bf" NAME="104-6" Spot="1" />
 <COLOR RGB="#caadbb" NAME="104-5" Spot="1" />
 <COLOR RGB="#ca9bb2" NAME="104-4" Spot="1" />
 <COLOR RGB="#c082a2" NAME="104-3" Spot="1" />
 <COLOR RGB="#a36a89" NAME="104-2" Spot="1" />
 <COLOR RGB="#9e5079" NAME="104-1" Spot="1" />
 <COLOR RGB="#cbc5c9" NAME="105-7" Spot="1" />
 <COLOR RGB="#afa4ad" NAME="105-6" Spot="1" />
 <COLOR RGB="#aa94a7" NAME="105-5" Spot="1" />
 <COLOR RGB="#a482a1" NAME="105-4" Spot="1" />
 <COLOR RGB="#8c6a88" NAME="105-3" Spot="1" />
 <COLOR RGB="#82527c" NAME="105-2" Spot="1" />
 <COLOR RGB="#5f3259" NAME="105-1" Spot="1" />
 <COLOR RGB="#c7c3c8" NAME="106-7" Spot="1" />
 <COLOR RGB="#c6bfca" NAME="106-6" Spot="1" />
 <COLOR RGB="#aea6b2" NAME="106-5" Spot="1" />
 <COLOR RGB="#a799b0" NAME="106-4" Spot="1" />
 <COLOR RGB="#a089ac" NAME="106-3" Spot="1" />
 <COLOR RGB="#9673a2" NAME="106-2" Spot="1" />
 <COLOR RGB="#824c90" NAME="106-1" Spot="1" />
 <COLOR RGB="#a9a9b6" NAME="107-7" Spot="1" />
 <COLOR RGB="#9d9bb5" NAME="107-6" Spot="1" />
 <COLOR RGB="#928eb3" NAME="107-5" Spot="1" />
 <COLOR RGB="#777299" NAME="107-4" Spot="1" />
 <COLOR RGB="#695a8e" NAME="107-3" Spot="1" />
 <COLOR RGB="#514384" NAME="107-2" Spot="1" />
 <COLOR RGB="#4d3d70" NAME="107-1" Spot="1" />
 <COLOR RGB="#c4c8cc" NAME="108-7" Spot="1" />
 <COLOR RGB="#bdc3cf" NAME="108-6" Spot="1" />
 <COLOR RGB="#acb4cb" NAME="108-5" Spot="1" />
 <COLOR RGB="#9ba7ca" NAME="108-4" Spot="1" />
 <COLOR RGB="#7481b4" NAME="108-3" Spot="1" />
 <COLOR RGB="#626cac" NAME="108-2" Spot="1" />
 <COLOR RGB="#4f58a4" NAME="108-1" Spot="1" />
 <COLOR RGB="#aaafba" NAME="109-7" Spot="1" />
 <COLOR RGB="#949db3" NAME="109-6" Spot="1" />
 <COLOR RGB="#8791b6" NAME="109-5" Spot="1" />
 <COLOR RGB="#7f87a1" NAME="109-4" Spot="1" />
 <COLOR RGB="#5c679a" NAME="109-3" Spot="1" />
 <COLOR RGB="#49508e" NAME="109-2" Spot="1" />
 <COLOR RGB="#404685" NAME="109-1" Spot="1" />
 <COLOR RGB="#c5c9cd" NAME="110-7" Spot="1" />
 <COLOR RGB="#b7c2cc" NAME="110-6" Spot="1" />
 <COLOR RGB="#a4b6cc" NAME="110-5" Spot="1" />
 <COLOR RGB="#6685b5" NAME="110-4" Spot="1" />
 <COLOR RGB="#5181c5" NAME="110-3" Spot="1" />
 <COLOR RGB="#4974ad" NAME="110-2" Spot="1" />
 <COLOR RGB="#3266b0" NAME="110-1" Spot="1" />
 <COLOR RGB="#a0abb6" NAME="111-7" Spot="1" />
 <COLOR RGB="#909fb6" NAME="111-6" Spot="1" />
 <COLOR RGB="#7791b2" NAME="111-5" Spot="1" />
 <COLOR RGB="#526c9c" NAME="111-4" Spot="1" />
 <COLOR RGB="#275c9e" NAME="111-3" Spot="1" />
 <COLOR RGB="#28528a" NAME="111-2" Spot="1" />
 <COLOR RGB="#2c4d7a" NAME="111-1" Spot="1" />
 <COLOR RGB="#c4cbcf" NAME="112-7" Spot="1" />
 <COLOR RGB="#b7c4cb" NAME="112-6" Spot="1" />
 <COLOR RGB="#a1b8ca" NAME="112-5" Spot="1" />
 <COLOR RGB="#8baec8" NAME="112-4" Spot="1" />
 <COLOR RGB="#5a8cb1" NAME="112-3" Spot="1" />
 <COLOR RGB="#3f7cab" NAME="112-2" Spot="1" />
 <COLOR RGB="#3288c3" NAME="112-1" Spot="1" />
 <COLOR RGB="#9eabb5" NAME="113-7" Spot="1" />
 <COLOR RGB="#889fb3" NAME="113-6" Spot="1" />
 <COLOR RGB="#7396b2" NAME="113-5" Spot="1" />
 <COLOR RGB="#748a9e" NAME="113-4" Spot="1" />
 <COLOR RGB="#19638e" NAME="113-3" Spot="1" />
 <COLOR RGB="#006ba3" NAME="113-2" Spot="1" />
 <COLOR RGB="#00619c" NAME="113-1" Spot="1" />
 <COLOR RGB="#bfc8cb" NAME="114-7" Spot="1" />
 <COLOR RGB="#b1c2c7" NAME="114-6" Spot="1" />
 <COLOR RGB="#9fbecb" NAME="114-5" Spot="1" />
 <COLOR RGB="#86b5c9" NAME="114-4" Spot="1" />
 <COLOR RGB="#6aa6c2" NAME="114-3" Spot="1" />
 <COLOR RGB="#0093c0" NAME="114-2" Spot="1" />
 <COLOR RGB="#0086b1" NAME="114-1" Spot="1" />
 <COLOR RGB="#9dacb3" NAME="115-7" Spot="1" />
 <COLOR RGB="#86a1b0" NAME="115-6" Spot="1" />
 <COLOR RGB="#6a98ae" NAME="115-5" Spot="1" />
 <COLOR RGB="#4e8fac" NAME="115-4" Spot="1" />
 <COLOR RGB="#2280a5" NAME="115-3" Spot="1" />
 <COLOR RGB="#00759d" NAME="115-2" Spot="1" />
 <COLOR RGB="#006688" NAME="115-1" Spot="1" />
 <COLOR RGB="#b5c4c6" NAME="116-7" Spot="1" />
 <COLOR RGB="#97bbc4" NAME="116-6" Spot="1" />
 <COLOR RGB="#6c9ead" NAME="116-5" Spot="1" />
 <COLOR RGB="#4692a6" NAME="116-4" Spot="1" />
 <COLOR RGB="#1489a1" NAME="116-3" Spot="1" />
 <COLOR RGB="#007d95" NAME="116-2" Spot="1" />
 <COLOR RGB="#006c82" NAME="116-1" Spot="1" />
 <COLOR RGB="#9bacb0" NAME="117-7" Spot="1" />
 <COLOR RGB="#85a6b0" NAME="117-6" Spot="1" />
 <COLOR RGB="#4f8494" NAME="117-5" Spot="1" />
 <COLOR RGB="#2a778a" NAME="117-4" Spot="1" />
 <COLOR RGB="#416e7d" NAME="117-3" Spot="1" />
 <COLOR RGB="#065e70" NAME="117-2" Spot="1" />
 <COLOR RGB="#005968" NAME="117-1" Spot="1" />
 <COLOR RGB="#bfc9c7" NAME="118-7" Spot="1" />
 <COLOR RGB="#b3c6c3" NAME="118-6" Spot="1" />
 <COLOR RGB="#97bfbc" NAME="118-5" Spot="1" />
 <COLOR RGB="#80bbb6" NAME="118-4" Spot="1" />
 <COLOR RGB="#459995" NAME="118-3" Spot="1" />
 <COLOR RGB="#4e8986" NAME="118-2" Spot="1" />
 <COLOR RGB="#008a81" NAME="118-1" Spot="1" />
 <COLOR RGB="#9cafad" NAME="119-7" Spot="1" />
 <COLOR RGB="#87aba8" NAME="119-6" Spot="1" />
 <COLOR RGB="#6ba4a1" NAME="119-5" Spot="1" />
 <COLOR RGB="#2e827e" NAME="119-4" Spot="1" />
 <COLOR RGB="#00746e" NAME="119-3" Spot="1" />
 <COLOR RGB="#3b7572" NAME="119-2" Spot="1" />
 <COLOR RGB="#006560" NAME="119-1" Spot="1" />
 <COLOR RGB="#b1c5bf" NAME="120-7" Spot="1" />
 <COLOR RGB="#97c2b9" NAME="120-6" Spot="1" />
 <COLOR RGB="#82aaa2" NAME="120-5" Spot="1" />
 <COLOR RGB="#69a399" NAME="120-4" Spot="1" />
 <COLOR RGB="#4a9d8f" NAME="120-3" Spot="1" />
 <COLOR RGB="#297f72" NAME="120-2" Spot="1" />
 <COLOR RGB="#007563" NAME="120-1" Spot="1" />
 <COLOR RGB="#a0b0ac" NAME="121-7" Spot="1" />
 <COLOR RGB="#879a95" NAME="121-6" Spot="1" />
 <COLOR RGB="#6c938b" NAME="121-5" Spot="1" />
 <COLOR RGB="#549085" NAME="121-4" Spot="1" />
 <COLOR RGB="#5b8079" NAME="121-3" Spot="1" />
 <COLOR RGB="#38746a" NAME="121-2" Spot="1" />
 <COLOR RGB="#006458" NAME="121-1" Spot="1" />
 <COLOR RGB="#b5cabf" NAME="122-7" Spot="1" />
 <COLOR RGB="#9fc2b2" NAME="122-6" Spot="1" />
 <COLOR RGB="#a3b3ab" NAME="122-5" Spot="1" />
 <COLOR RGB="#87ac9b" NAME="122-4" Spot="1" />
 <COLOR RGB="#69a38d" NAME="122-3" Spot="1" />
 <COLOR RGB="#4a9b80" NAME="122-2" Spot="1" />
 <COLOR RGB="#2f8269" NAME="122-1" Spot="1" />
 <COLOR RGB="#a1b1a6" NAME="123-7" Spot="1" />
 <COLOR RGB="#8aa995" NAME="123-6" Spot="1" />
 <COLOR RGB="#72a287" NAME="123-5" Spot="1" />
 <COLOR RGB="#5a9b79" NAME="123-4" Spot="1" />
 <COLOR RGB="#2d9369" NAME="123-3" Spot="1" />
 <COLOR RGB="#00834e" NAME="123-2" Spot="1" />
 <COLOR RGB="#007744" NAME="123-1" Spot="1" />
 <COLOR RGB="#c2cac1" NAME="124-7" Spot="1" />
 <COLOR RGB="#bacaba" NAME="124-6" Spot="1" />
 <COLOR RGB="#a8c4a8" NAME="124-5" Spot="1" />
 <COLOR RGB="#8fbb96" NAME="124-4" Spot="1" />
 <COLOR RGB="#7db785" NAME="124-3" Spot="1" />
 <COLOR RGB="#62ac75" NAME="124-2" Spot="1" />
 <COLOR RGB="#3ab360" NAME="124-1" Spot="1" />
 <COLOR RGB="#a1b0a1" NAME="125-7" Spot="1" />
 <COLOR RGB="#8fa990" NAME="125-6" Spot="1" />
 <COLOR RGB="#7fa783" NAME="125-5" Spot="1" />
 <COLOR RGB="#669b70" NAME="125-4" Spot="1" />
 <COLOR RGB="#458e5c" NAME="125-3" Spot="1" />
 <COLOR RGB="#3da161" NAME="125-2" Spot="1" />
 <COLOR RGB="#119348" NAME="125-1" Spot="1" />
 <COLOR RGB="#c5cabf" NAME="126-7" Spot="1" />
 <COLOR RGB="#bcc6b3" NAME="126-6" Spot="1" />
 <COLOR RGB="#b1c4a0" NAME="126-5" Spot="1" />
 <COLOR RGB="#a0ba89" NAME="126-4" Spot="1" />
 <COLOR RGB="#91b675" NAME="126-3" Spot="1" />
 <COLOR RGB="#88ab60" NAME="126-2" Spot="1" />
 <COLOR RGB="#77a54d" NAME="126-1" Spot="1" />
 <COLOR RGB="#a8b39f" NAME="127-7" Spot="1" />
 <COLOR RGB="#98aa89" NAME="127-6" Spot="1" />
 <COLOR RGB="#8aa476" NAME="127-5" Spot="1" />
 <COLOR RGB="#7c9c64" NAME="127-4" Spot="1" />
 <COLOR RGB="#6e904d" NAME="127-3" Spot="1" />
 <COLOR RGB="#699a35" NAME="127-2" Spot="1" />
 <COLOR RGB="#5f8c2f" NAME="127-1" Spot="1" />
 <COLOR RGB="#c8cabd" NAME="128-7" Spot="1" />
 <COLOR RGB="#c4cab2" NAME="128-6" Spot="1" />
 <COLOR RGB="#bcc197" NAME="128-5" Spot="1" />
 <COLOR RGB="#b5c085" NAME="128-4" Spot="1" />
 <COLOR RGB="#aab76b" NAME="128-3" Spot="1" />
 <COLOR RGB="#a6b259" NAME="128-2" Spot="1" />
 <COLOR RGB="#9ba640" NAME="128-1" Spot="1" />
 <COLOR RGB="#aaaf96" NAME="129-7" Spot="1" />
 <COLOR RGB="#a7ad83" NAME="129-6" Spot="1" />
 <COLOR RGB="#9ca56f" NAME="129-5" Spot="1" />
 <COLOR RGB="#969e5a" NAME="129-4" Spot="1" />
 <COLOR RGB="#91984a" NAME="129-3" Spot="1" />
 <COLOR RGB="#848c2a" NAME="129-2" Spot="1" />
 <COLOR RGB="#7f861e" NAME="129-1" Spot="1" />
 <COLOR RGB="#c9cab9" NAME="130-7" Spot="1" />
 <COLOR RGB="#c7c7ab" NAME="130-6" Spot="1" />
 <COLOR RGB="#c4c493" NAME="130-5" Spot="1" />
 <COLOR RGB="#c1be7f" NAME="130-4" Spot="1" />
 <COLOR RGB="#bcb865" NAME="130-3" Spot="1" />
 <COLOR RGB="#bcb852" NAME="130-2" Spot="1" />
 <COLOR RGB="#b2ad39" NAME="130-1" Spot="1" />
 <COLOR RGB="#b0b196" NAME="131-7" Spot="1" />
 <COLOR RGB="#aaa97f" NAME="131-6" Spot="1" />
 <COLOR RGB="#a8a56c" NAME="131-5" Spot="1" />
 <COLOR RGB="#a39e56" NAME="131-4" Spot="1" />
 <COLOR RGB="#9f9943" NAME="131-3" Spot="1" />
 <COLOR RGB="#99942c" NAME="131-2" Spot="1" />
 <COLOR RGB="#8b8747" NAME="131-1" Spot="1" />
 <COLOR RGB="#b5ae92" NAME="132-7" Spot="1" />
 <COLOR RGB="#b8ab7e" NAME="132-6" Spot="1" />
 <COLOR RGB="#b7a567" NAME="132-5" Spot="1" />
 <COLOR RGB="#ae9d52" NAME="132-4" Spot="1" />
 <COLOR RGB="#a9953e" NAME="132-3" Spot="1" />
 <COLOR RGB="#a58c26" NAME="132-2" Spot="1" />
 <COLOR RGB="#927c2f" NAME="132-1" Spot="1" />
 <COLOR RGB="#94856f" NAME="133-7" Spot="1" />
 <COLOR RGB="#a58e69" NAME="133-6" Spot="1" />
 <COLOR RGB="#8e7857" NAME="133-5" Spot="1" />
 <COLOR RGB="#927346" NAME="133-4" Spot="1" />
 <COLOR RGB="#7d6f5c" NAME="133-3" Spot="1" />
 <COLOR RGB="#685a48" NAME="133-2" Spot="1" />
 <COLOR RGB="#4e4236" NAME="133-1" Spot="1" />
 <COLOR RGB="#a98d69" NAME="134-7" Spot="1" />
 <COLOR RGB="#a88356" NAME="134-6" Spot="1" />
 <COLOR RGB="#937756" NAME="134-5" Spot="1" />
 <COLOR RGB="#926f48" NAME="134-4" Spot="1" />
 <COLOR RGB="#7a5f43" NAME="134-3" Spot="1" />
 <COLOR RGB="#765432" NAME="134-2" Spot="1" />
 <COLOR RGB="#654e39" NAME="134-1" Spot="1" />
 <COLOR RGB="#947f6a" NAME="135-7" Spot="1" />
 <COLOR RGB="#917357" NAME="135-6" Spot="1" />
 <COLOR RGB="#816d5b" NAME="135-5" Spot="1" />
 <COLOR RGB="#926948" NAME="135-4" Spot="1" />
 <COLOR RGB="#795437" NAME="135-3" Spot="1" />
 <COLOR RGB="#69584a" NAME="135-2" Spot="1" />
 <COLOR RGB="#674c3a" NAME="135-1" Spot="1" />
 <COLOR RGB="#a99783" NAME="136-7" Spot="1" />
 <COLOR RGB="#ab8a6b" NAME="136-6" Spot="1" />
 <COLOR RGB="#ac7f57" NAME="136-5" Spot="1" />
 <COLOR RGB="#a77446" NAME="136-4" Spot="1" />
 <COLOR RGB="#a26731" NAME="136-3" Spot="1" />
 <COLOR RGB="#a86830" NAME="136-2" Spot="1" />
 <COLOR RGB="#925d2f" NAME="136-1" Spot="1" />
 <COLOR RGB="#aa9485" NAME="137-7" Spot="1" />
 <COLOR RGB="#ab826a" NAME="137-6" Spot="1" />
 <COLOR RGB="#a6694a" NAME="137-5" Spot="1" />
 <COLOR RGB="#916149" NAME="137-4" Spot="1" />
 <COLOR RGB="#a15933" NAME="137-3" Spot="1" />
 <COLOR RGB="#8f4e2b" NAME="137-2" Spot="1" />
 <COLOR RGB="#8d5338" NAME="137-1" Spot="1" />
 <COLOR RGB="#91867c" NAME="138-7" Spot="1" />
 <COLOR RGB="#947e70" NAME="138-6" Spot="1" />
 <COLOR RGB="#7c675b" NAME="138-5" Spot="1" />
 <COLOR RGB="#7f5d4b" NAME="138-4" Spot="1" />
 <COLOR RGB="#784a34" NAME="138-3" Spot="1" />
 <COLOR RGB="#6b5549" NAME="138-2" Spot="1" />
 <COLOR RGB="#664536" NAME="138-1" Spot="1" />
 <COLOR RGB="#a99086" NAME="139-7" Spot="1" />
 <COLOR RGB="#a77f70" NAME="139-6" Spot="1" />
 <COLOR RGB="#a66d5d" NAME="139-5" Spot="1" />
 <COLOR RGB="#8f5a4a" NAME="139-4" Spot="1" />
 <COLOR RGB="#9d5d4a" NAME="139-3" Spot="1" />
 <COLOR RGB="#8a412d" NAME="139-2" Spot="1" />
 <COLOR RGB="#844737" NAME="139-1" Spot="1" />
 <COLOR RGB="#a77c72" NAME="140-7" Spot="1" />
 <COLOR RGB="#a36c61" NAME="140-6" Spot="1" />
 <COLOR RGB="#9d574c" NAME="140-5" Spot="1" />
 <COLOR RGB="#8d4339" NAME="140-4" Spot="1" />
 <COLOR RGB="#913931" NAME="140-3" Spot="1" />
 <COLOR RGB="#813d38" NAME="140-2" Spot="1" />
 <COLOR RGB="#7c4038" NAME="140-1" Spot="1" />
 <COLOR RGB="#a38e8a" NAME="141-7" Spot="1" />
 <COLOR RGB="#a47d77" NAME="141-6" Spot="1" />
 <COLOR RGB="#995853" NAME="141-5" Spot="1" />
 <COLOR RGB="#84524e" NAME="141-4" Spot="1" />
 <COLOR RGB="#873d3c" NAME="141-3" Spot="1" />
 <COLOR RGB="#73302f" NAME="141-2" Spot="1" />
 <COLOR RGB="#763b3a" NAME="141-1" Spot="1" />
 <COLOR RGB="#956d60" NAME="142-7" Spot="1" />
 <COLOR RGB="#7a655c" NAME="142-6" Spot="1" />
 <COLOR RGB="#7b5549" NAME="142-5" Spot="1" />
 <COLOR RGB="#6f4134" NAME="142-4" Spot="1" />
 <COLOR RGB="#634e46" NAME="142-3" Spot="1" />
 <COLOR RGB="#5c3a2f" NAME="142-2" Spot="1" />
 <COLOR RGB="#49362f" NAME="142-1" Spot="1" />
 <COLOR RGB="#916960" NAME="143-7" Spot="1" />
 <COLOR RGB="#89554d" NAME="143-6" Spot="1" />
 <COLOR RGB="#78544d" NAME="143-5" Spot="1" />
 <COLOR RGB="#704038" NAME="143-4" Spot="1" />
 <COLOR RGB="#5f3b35" NAME="143-3" Spot="1" />
 <COLOR RGB="#4d423f" NAME="143-2" Spot="1" />
 <COLOR RGB="#392d2a" NAME="143-1" Spot="1" />
 <COLOR RGB="#7c6864" NAME="144-7" Spot="1" />
 <COLOR RGB="#654f4b" NAME="144-6" Spot="1" />
 <COLOR RGB="#76534f" NAME="144-5" Spot="1" />
 <COLOR RGB="#683a37" NAME="144-4" Spot="1" />
 <COLOR RGB="#642d2b" NAME="144-3" Spot="1" />
 <COLOR RGB="#513230" NAME="144-2" Spot="1" />
 <COLOR RGB="#473532" NAME="144-1" Spot="1" />
 <COLOR RGB="#a17979" NAME="145-7" Spot="1" />
 <COLOR RGB="#9b6669" NAME="145-6" Spot="1" />
 <COLOR RGB="#945356" NAME="145-5" Spot="1" />
 <COLOR RGB="#863b41" NAME="145-4" Spot="1" />
 <COLOR RGB="#7b2e34" NAME="145-3" Spot="1" />
 <COLOR RGB="#64373a" NAME="145-2" Spot="1" />
 <COLOR RGB="#503031" NAME="145-1" Spot="1" />
 <COLOR RGB="#a18f91" NAME="146-7" Spot="1" />
 <COLOR RGB="#9f7d82" NAME="146-6" Spot="1" />
 <COLOR RGB="#99666f" NAME="146-5" Spot="1" />
 <COLOR RGB="#90505c" NAME="146-4" Spot="1" />
 <COLOR RGB="#815259" NAME="146-3" Spot="1" />
 <COLOR RGB="#642d37" NAME="146-2" Spot="1" />
 <COLOR RGB="#5a2e36" NAME="146-1" Spot="1" />
 <COLOR RGB="#8c7a7d" NAME="147-7" Spot="1" />
 <COLOR RGB="#8a656b" NAME="147-6" Spot="1" />
 <COLOR RGB="#756366" NAME="147-5" Spot="1" />
 <COLOR RGB="#714d54" NAME="147-4" Spot="1" />
 <COLOR RGB="#5f474a" NAME="147-3" Spot="1" />
 <COLOR RGB="#513238" NAME="147-2" Spot="1" />
 <COLOR RGB="#453338" NAME="147-1" Spot="1" />
 <COLOR RGB="#b3a3aa" NAME="148-7" Spot="1" />
 <COLOR RGB="#ad91a0" NAME="148-6" Spot="1" />
 <COLOR RGB="#9b7d8c" NAME="148-5" Spot="1" />
 <COLOR RGB="#846677" NAME="148-4" Spot="1" />
 <COLOR RGB="#694a5b" NAME="148-3" Spot="1" />
 <COLOR RGB="#4d3142" NAME="148-2" Spot="1" />
 <COLOR RGB="#3b2f37" NAME="148-1" Spot="1" />
 <COLOR RGB="#9b989d" NAME="149-7" Spot="1" />
 <COLOR RGB="#99939e" NAME="149-6" Spot="1" />
 <COLOR RGB="#93849a" NAME="149-5" Spot="1" />
 <COLOR RGB="#896f93" NAME="149-4" Spot="1" />
 <COLOR RGB="#775785" NAME="149-3" Spot="1" />
 <COLOR RGB="#6a3a75" NAME="149-2" Spot="1" />
 <COLOR RGB="#5b3764" NAME="149-1" Spot="1" />
 <COLOR RGB="#817a86" NAME="150-7" Spot="1" />
 <COLOR RGB="#776881" NAME="150-6" Spot="1" />
 <COLOR RGB="#6e6573" NAME="150-5" Spot="1" />
 <COLOR RGB="#57525e" NAME="150-4" Spot="1" />
 <COLOR RGB="#614f66" NAME="150-3" Spot="1" />
 <COLOR RGB="#6e5578" NAME="150-2" Spot="1" />
 <COLOR RGB="#4f3657" NAME="150-1" Spot="1" />
 <COLOR RGB="#7b7f8c" NAME="151-7" Spot="1" />
 <COLOR RGB="#6a718a" NAME="151-6" Spot="1" />
 <COLOR RGB="#585f85" NAME="151-5" Spot="1" />
 <COLOR RGB="#505671" NAME="151-4" Spot="1" />
 <COLOR RGB="#4d515f" NAME="151-3" Spot="1" />
 <COLOR RGB="#343a55" NAME="151-2" Spot="1" />
 <COLOR RGB="#333745" NAME="151-1" Spot="1" />
 <COLOR RGB="#76808b" NAME="152-7" Spot="1" />
 <COLOR RGB="#456785" NAME="152-6" Spot="1" />
 <COLOR RGB="#475d73" NAME="152-5" Spot="1" />
 <COLOR RGB="#49545e" NAME="152-4" Spot="1" />
 <COLOR RGB="#274a64" NAME="152-3" Spot="1" />
 <COLOR RGB="#223b4f" NAME="152-2" Spot="1" />
 <COLOR RGB="#2d3743" NAME="152-1" Spot="1" />
 <COLOR RGB="#8b96a0" NAME="153-7" Spot="1" />
 <COLOR RGB="#617689" NAME="153-6" Spot="1" />
 <COLOR RGB="#62839f" NAME="153-5" Spot="1" />
 <COLOR RGB="#467299" NAME="153-4" Spot="1" />
 <COLOR RGB="#28567b" NAME="153-3" Spot="1" />
 <COLOR RGB="#004e79" NAME="153-2" Spot="1" />
 <COLOR RGB="#00598e" NAME="153-1" Spot="1" />
 <COLOR RGB="#6e8b9a" NAME="154-7" Spot="1" />
 <COLOR RGB="#548095" NAME="154-6" Spot="1" />
 <COLOR RGB="#317591" NAME="154-5" Spot="1" />
 <COLOR RGB="#006b8c" NAME="154-4" Spot="1" />
 <COLOR RGB="#005774" NAME="154-3" Spot="1" />
 <COLOR RGB="#165b75" NAME="154-2" Spot="1" />
 <COLOR RGB="#004d66" NAME="154-1" Spot="1" />
 <COLOR RGB="#6c9093" NAME="155-7" Spot="1" />
 <COLOR RGB="#738486" NAME="155-6" Spot="1" />
 <COLOR RGB="#3c7076" NAME="155-5" Spot="1" />
 <COLOR RGB="#637375" NAME="155-4" Spot="1" />
 <COLOR RGB="#436469" NAME="155-3" Spot="1" />
 <COLOR RGB="#1f5a5e" NAME="155-2" Spot="1" />
 <COLOR RGB="#28494d" NAME="155-1" Spot="1" />
 <COLOR RGB="#5f7271" NAME="156-7" Spot="1" />
 <COLOR RGB="#456665" NAME="156-6" Spot="1" />
 <COLOR RGB="#0e5350" NAME="156-5" Spot="1" />
 <COLOR RGB="#005853" NAME="156-4" Spot="1" />
 <COLOR RGB="#004945" NAME="156-3" Spot="1" />
 <COLOR RGB="#284a48" NAME="156-2" Spot="1" />
 <COLOR RGB="#324141" NAME="156-1" Spot="1" />
 <COLOR RGB="#728782" NAME="157-7" Spot="1" />
 <COLOR RGB="#5b6d69" NAME="157-6" Spot="1" />
 <COLOR RGB="#466861" NAME="157-5" Spot="1" />
 <COLOR RGB="#18554d" NAME="157-4" Spot="1" />
 <COLOR RGB="#485c58" NAME="157-3" Spot="1" />
 <COLOR RGB="#224c43" NAME="157-2" Spot="1" />
 <COLOR RGB="#2c3f3c" NAME="157-1" Spot="1" />
 <COLOR RGB="#72847c" NAME="158-7" Spot="1" />
 <COLOR RGB="#5b7e70" NAME="158-6" Spot="1" />
 <COLOR RGB="#5f716a" NAME="158-5" Spot="1" />
 <COLOR RGB="#426559" NAME="158-4" Spot="1" />
 <COLOR RGB="#1e5747" NAME="158-3" Spot="1" />
 <COLOR RGB="#00553f" NAME="158-2" Spot="1" />
 <COLOR RGB="#2d4d43" NAME="158-1" Spot="1" />
 <COLOR RGB="#6c8a7a" NAME="159-7" Spot="1" />
 <COLOR RGB="#5a896e" NAME="159-6" Spot="1" />
 <COLOR RGB="#3e8361" NAME="159-5" Spot="1" />
 <COLOR RGB="#007249" NAME="159-4" Spot="1" />
 <COLOR RGB="#006740" NAME="159-3" Spot="1" />
 <COLOR RGB="#196344" NAME="159-2" Spot="1" />
 <COLOR RGB="#02593b" NAME="159-1" Spot="1" />
 <COLOR RGB="#8d9b8e" NAME="160-7" Spot="1" />
 <COLOR RGB="#78947d" NAME="160-6" Spot="1" />
 <COLOR RGB="#648b6b" NAME="160-5" Spot="1" />
 <COLOR RGB="#4d8158" NAME="160-4" Spot="1" />
 <COLOR RGB="#327446" NAME="160-3" Spot="1" />
 <COLOR RGB="#29874a" NAME="160-2" Spot="1" />
 <COLOR RGB="#097d3d" NAME="160-1" Spot="1" />
 <COLOR RGB="#78877a" NAME="161-7" Spot="1" />
 <COLOR RGB="#607c67" NAME="161-6" Spot="1" />
 <COLOR RGB="#4e7657" NAME="161-5" Spot="1" />
 <COLOR RGB="#007035" NAME="161-4" Spot="1" />
 <COLOR RGB="#1e663a" NAME="161-3" Spot="1" />
 <COLOR RGB="#346742" NAME="161-2" Spot="1" />
 <COLOR RGB="#1e5735" NAME="161-1" Spot="1" />
 <COLOR RGB="#627065" NAME="162-7" Spot="1" />
 <COLOR RGB="#4d6651" NAME="162-6" Spot="1" />
 <COLOR RGB="#315a3e" NAME="162-5" Spot="1" />
 <COLOR RGB="#2d4f39" NAME="162-4" Spot="1" />
 <COLOR RGB="#4e5b50" NAME="162-3" Spot="1" />
 <COLOR RGB="#344d3b" NAME="162-2" Spot="1" />
 <COLOR RGB="#344137" NAME="162-1" Spot="1" />
 <COLOR RGB="#93aa8e" NAME="163-7" Spot="1" />
 <COLOR RGB="#82a27b" NAME="163-6" Spot="1" />
 <COLOR RGB="#6f9c68" NAME="163-5" Spot="1" />
 <COLOR RGB="#588354" NAME="163-4" Spot="1" />
 <COLOR RGB="#42753f" NAME="163-3" Spot="1" />
 <COLOR RGB="#356633" NAME="163-2" Spot="1" />
 <COLOR RGB="#3e673f" NAME="163-1" Spot="1" />
 <COLOR RGB="#909a89" NAME="164-7" Spot="1" />
 <COLOR RGB="#829274" NAME="164-6" Spot="1" />
 <COLOR RGB="#748a63" NAME="164-5" Spot="1" />
 <COLOR RGB="#698452" NAME="164-4" Spot="1" />
 <COLOR RGB="#55753b" NAME="164-3" Spot="1" />
 <COLOR RGB="#537932" NAME="164-2" Spot="1" />
 <COLOR RGB="#4c6b35" NAME="164-1" Spot="1" />
 <COLOR RGB="#7e8779" NAME="165-7" Spot="1" />
 <COLOR RGB="#6f7f63" NAME="165-6" Spot="1" />
 <COLOR RGB="#60744e" NAME="165-5" Spot="1" />
 <COLOR RGB="#516b3e" NAME="165-4" Spot="1" />
 <COLOR RGB="#475d38" NAME="165-3" Spot="1" />
 <COLOR RGB="#57664b" NAME="165-2" Spot="1" />
 <COLOR RGB="#4b5f3f" NAME="165-1" Spot="1" />
 <COLOR RGB="#979b88" NAME="166-7" Spot="1" />
 <COLOR RGB="#8d956f" NAME="166-6" Spot="1" />
 <COLOR RGB="#838b5b" NAME="166-5" Spot="1" />
 <COLOR RGB="#7d8449" NAME="166-4" Spot="1" />
 <COLOR RGB="#737d37" NAME="166-3" Spot="1" />
 <COLOR RGB="#777e25" NAME="166-2" Spot="1" />
 <COLOR RGB="#686d2a" NAME="166-1" Spot="1" />
 <COLOR RGB="#87897e" NAME="167-7" Spot="1" />
 <COLOR RGB="#818573" NAME="167-6" Spot="1" />
 <COLOR RGB="#797e5e" NAME="167-5" Spot="1" />
 <COLOR RGB="#6f744a" NAME="167-4" Spot="1" />
 <COLOR RGB="#676d39" NAME="167-3" Spot="1" />
 <COLOR RGB="#5c5d2b" NAME="167-2" Spot="1" />
 <COLOR RGB="#515531" NAME="167-1" Spot="1" />
 <COLOR RGB="#6e725f" NAME="168-7" Spot="1" />
 <COLOR RGB="#65694d" NAME="168-6" Spot="1" />
 <COLOR RGB="#595c36" NAME="168-5" Spot="1" />
 <COLOR RGB="#5a5e4e" NAME="168-4" Spot="1" />
 <COLOR RGB="#4c4f39" NAME="168-3" Spot="1" />
 <COLOR RGB="#42443d" NAME="168-2" Spot="1" />
 <COLOR RGB="#3f4234" NAME="168-1" Spot="1" />
 <COLOR RGB="#8d8570" NAME="169-7" Spot="1" />
 <COLOR RGB="#887c5a" NAME="169-6" Spot="1" />
 <COLOR RGB="#78715f" NAME="169-5" Spot="1" />
 <COLOR RGB="#736749" NAME="169-4" Spot="1" />
 <COLOR RGB="#625a4a" NAME="169-3" Spot="1" />
 <COLOR RGB="#5c4e33" NAME="169-2" Spot="1" />
 <COLOR RGB="#4d4638" NAME="169-1" Spot="1" />
 <COLOR RGB="#a29980" NAME="170-7" Spot="1" />
 <COLOR RGB="#9f946e" NAME="170-6" Spot="1" />
 <COLOR RGB="#9b8b58" NAME="170-5" Spot="1" />
 <COLOR RGB="#97823f" NAME="170-4" Spot="1" />
 <COLOR RGB="#867542" NAME="170-3" Spot="1" />
 <COLOR RGB="#7e6a32" NAME="170-2" Spot="1" />
 <COLOR RGB="#6e5c32" NAME="170-1" Spot="1" />
 <COLOR RGB="#f7f4e4" NAME="171-7" Spot="1" />
 <COLOR RGB="#f7f0e5" NAME="171-6" Spot="1" />
 <COLOR RGB="#f5efe7" NAME="171-5" Spot="1" />
 <COLOR RGB="#f1efee" NAME="171-4" Spot="1" />
 <COLOR RGB="#f0f4f0" NAME="171-3" Spot="1" />
 <COLOR RGB="#eef1e9" NAME="171-2" Spot="1" />
 <COLOR RGB="#f3f3e6" NAME="171-1" Spot="1" />
 <COLOR RGB="#f9f4df" NAME="172-7" Spot="1" />
 <COLOR RGB="#f9efde" NAME="172-6" Spot="1" />
 <COLOR RGB="#f5eee9" NAME="172-5" Spot="1" />
 <COLOR RGB="#f4f1ef" NAME="172-4" Spot="1" />
 <COLOR RGB="#ecf2f0" NAME="172-3" Spot="1" />
 <COLOR RGB="#eef3e9" NAME="172-2" Spot="1" />
 <COLOR RGB="#f4f4e5" NAME="172-1" Spot="1" />
 <COLOR RGB="#f3edd6" NAME="173-7" Spot="1" />
 <COLOR RGB="#f3e7d9" NAME="173-6" Spot="1" />
 <COLOR RGB="#f1e6e1" NAME="173-5" Spot="1" />
 <COLOR RGB="#ece8e8" NAME="173-4" Spot="1" />
 <COLOR RGB="#e2e9e7" NAME="173-3" Spot="1" />
 <COLOR RGB="#e3ebe2" NAME="173-2" Spot="1" />
 <COLOR RGB="#edeedc" NAME="173-1" Spot="1" />
 <COLOR RGB="#e5e2d7" NAME="174-7" Spot="1" />
 <COLOR RGB="#eae4da" NAME="174-6" Spot="1" />
 <COLOR RGB="#e7e1dd" NAME="174-5" Spot="1" />
 <COLOR RGB="#e3e2e1" NAME="174-4" Spot="1" />
 <COLOR RGB="#dfe4e3" NAME="174-3" Spot="1" />
 <COLOR RGB="#e1e5de" NAME="174-2" Spot="1" />
 <COLOR RGB="#e6e7dd" NAME="174-1" Spot="1" />
 <COLOR RGB="#dad8cd" NAME="175-7" Spot="1" />
 <COLOR RGB="#dcd6cd" NAME="175-6" Spot="1" />
 <COLOR RGB="#d9d4d1" NAME="175-5" Spot="1" />
 <COLOR RGB="#d9d6d7" NAME="175-4" Spot="1" />
 <COLOR RGB="#d2d7d6" NAME="175-3" Spot="1" />
 <COLOR RGB="#d4d7d2" NAME="175-2" Spot="1" />
 <COLOR RGB="#d7d8d0" NAME="175-1" Spot="1" />
 <COLOR RGB="#eff4ee" NAME="176-7" Spot="1" />
 <COLOR RGB="#e1e5e1" NAME="176-6" Spot="1" />
 <COLOR RGB="#d4d8d5" NAME="176-5" Spot="1" />
 <COLOR RGB="#eef4e8" NAME="176-4" Spot="1" />
 <COLOR RGB="#dee4da" NAME="176-3" Spot="1" />
 <COLOR RGB="#c1cac2" NAME="176-2" Spot="1" />
 <COLOR RGB="#c0bfbc" NAME="176-1" Spot="1" />
 <COLOR RGB="#f6f4ed" NAME="177-7" Spot="1" />
 <COLOR RGB="#e7e6e1" NAME="177-6" Spot="1" />
 <COLOR RGB="#dad9d4" NAME="177-5" Spot="1" />
 <COLOR RGB="#ceccc7" NAME="177-4" Spot="1" />
 <COLOR RGB="#b8b7b3" NAME="177-3" Spot="1" />
 <COLOR RGB="#aba9a7" NAME="177-2" Spot="1" />
 <COLOR RGB="#969594" NAME="177-1" Spot="1" />
 <COLOR RGB="#fcf2d8" NAME="178-7" Spot="1" />
 <COLOR RGB="#e9dfc9" NAME="178-6" Spot="1" />
 <COLOR RGB="#cfc8b7" NAME="178-5" Spot="1" />
 <COLOR RGB="#b9af9d" NAME="178-4" Spot="1" />
 <COLOR RGB="#a49a8b" NAME="178-3" Spot="1" />
 <COLOR RGB="#92887a" NAME="178-2" Spot="1" />
 <COLOR RGB="#7e7367" NAME="178-1" Spot="1" />
 <COLOR RGB="#faece3" NAME="179-7" Spot="1" />
 <COLOR RGB="#e8dbd2" NAME="179-6" Spot="1" />
 <COLOR RGB="#cfc3bc" NAME="179-5" Spot="1" />
 <COLOR RGB="#bbada6" NAME="179-4" Spot="1" />
 <COLOR RGB="#a49894" NAME="179-3" Spot="1" />
 <COLOR RGB="#8e847f" NAME="179-2" Spot="1" />
 <COLOR RGB="#7c716d" NAME="179-1" Spot="1" />
 <COLOR RGB="#f5ece8" NAME="180-7" Spot="1" />
 <COLOR RGB="#e4dada" NAME="180-6" Spot="1" />
 <COLOR RGB="#cbc1c3" NAME="180-5" Spot="1" />
 <COLOR RGB="#b8afb0" NAME="180-4" Spot="1" />
 <COLOR RGB="#9e9598" NAME="180-3" Spot="1" />
 <COLOR RGB="#8e8487" NAME="180-2" Spot="1" />
 <COLOR RGB="#796e72" NAME="180-1" Spot="1" />
 <COLOR RGB="#e8eeef" NAME="181-7" Spot="1" />
 <COLOR RGB="#dce0e3" NAME="181-6" Spot="1" />
 <COLOR RGB="#c4c9cc" NAME="181-5" Spot="1" />
 <COLOR RGB="#adb2b7" NAME="181-4" Spot="1" />
 <COLOR RGB="#979ca2" NAME="181-3" Spot="1" />
 <COLOR RGB="#82868c" NAME="181-2" Spot="1" />
 <COLOR RGB="#6c7178" NAME="181-1" Spot="1" />
 <COLOR RGB="#e8f2ee" NAME="182-7" Spot="1" />
 <COLOR RGB="#d4e0df" NAME="182-6" Spot="1" />
 <COLOR RGB="#bec9c8" NAME="182-5" Spot="1" />
 <COLOR RGB="#a7b1b2" NAME="182-4" Spot="1" />
 <COLOR RGB="#919a9b" NAME="182-3" Spot="1" />
 <COLOR RGB="#80898c" NAME="182-2" Spot="1" />
 <COLOR RGB="#6b7375" NAME="182-1" Spot="1" />
 <COLOR RGB="#edf6ed" NAME="183-7" Spot="1" />
 <COLOR RGB="#dbe4dd" NAME="183-6" Spot="1" />
 <COLOR RGB="#bfc9c4" NAME="183-5" Spot="1" />
 <COLOR RGB="#a9b2ae" NAME="183-4" Spot="1" />
 <COLOR RGB="#959e9c" NAME="183-3" Spot="1" />
 <COLOR RGB="#808b88" NAME="183-2" Spot="1" />
 <COLOR RGB="#6b7572" NAME="183-1" Spot="1" />
 <COLOR RGB="#eef4e6" NAME="184-7" Spot="1" />
 <COLOR RGB="#dee3d7" NAME="184-6" Spot="1" />
 <COLOR RGB="#c2c9bf" NAME="184-5" Spot="1" />
 <COLOR RGB="#aeb3aa" NAME="184-4" Spot="1" />
 <COLOR RGB="#979e95" NAME="184-3" Spot="1" />
 <COLOR RGB="#838980" NAME="184-2" Spot="1" />
 <COLOR RGB="#6f766e" NAME="184-1" Spot="1" />
 <COLOR RGB="#f6f4de" NAME="185-7" Spot="1" />
 <COLOR RGB="#e8e6d4" NAME="185-6" Spot="1" />
 <COLOR RGB="#cdcdb9" NAME="185-5" Spot="1" />
 <COLOR RGB="#b6b5a4" NAME="185-4" Spot="1" />
 <COLOR RGB="#9d9b8c" NAME="185-3" Spot="1" />
 <COLOR RGB="#8b8b7d" NAME="185-2" Spot="1" />
 <COLOR RGB="#79776c" NAME="185-1" Spot="1" />
 <COLOR RGB="#bfbdb3" NAME="186-7" Spot="1" />
 <COLOR RGB="#a9a79f" NAME="186-6" Spot="1" />
 <COLOR RGB="#95928a" NAME="186-5" Spot="1" />
 <COLOR RGB="#817e78" NAME="186-4" Spot="1" />
 <COLOR RGB="#6e6c66" NAME="186-3" Spot="1" />
 <COLOR RGB="#585550" NAME="186-2" Spot="1" />
 <COLOR RGB="#3e3c37" NAME="186-1" Spot="1" />
 <COLOR RGB="#c1bcbb" NAME="187-7" Spot="1" />
 <COLOR RGB="#aba6a4" NAME="187-6" Spot="1" />
 <COLOR RGB="#959190" NAME="187-5" Spot="1" />
 <COLOR RGB="#837e7d" NAME="187-4" Spot="1" />
 <COLOR RGB="#6e6968" NAME="187-3" Spot="1" />
 <COLOR RGB="#5a5454" NAME="187-2" Spot="1" />
 <COLOR RGB="#3d3637" NAME="187-1" Spot="1" />
 <COLOR RGB="#b8bcbd" NAME="188-7" Spot="1" />
 <COLOR RGB="#a2a7a8" NAME="188-6" Spot="1" />
 <COLOR RGB="#909395" NAME="188-5" Spot="1" />
 <COLOR RGB="#7d8082" NAME="188-4" Spot="1" />
 <COLOR RGB="#676b6c" NAME="188-3" Spot="1" />
 <COLOR RGB="#515456" NAME="188-2" Spot="1" />
 <COLOR RGB="#383a3d" NAME="188-1" Spot="1" />
 <COLOR RGB="#b8bcb7" NAME="189-7" Spot="1" />
 <COLOR RGB="#a4a7a5" NAME="189-6" Spot="1" />
 <COLOR RGB="#8f9491" NAME="189-5" Spot="1" />
 <COLOR RGB="#7c807d" NAME="189-4" Spot="1" />
 <COLOR RGB="#6a6e6c" NAME="189-3" Spot="1" />
 <COLOR RGB="#525655" NAME="189-2" Spot="1" />
 <COLOR RGB="#393f3d" NAME="189-1" Spot="1" />
 <COLOR RGB="#9f9e9d" NAME="190-7" Spot="1" />
 <COLOR RGB="#8b8b8b" NAME="190-6" Spot="1" />
 <COLOR RGB="#80807f" NAME="190-5" Spot="1" />
 <COLOR RGB="#787777" NAME="190-4" Spot="1" />
 <COLOR RGB="#6e6d6c" NAME="190-3" Spot="1" />
 <COLOR RGB="#646362" NAME="190-2" Spot="1" />
 <COLOR RGB="#4b4a48" NAME="190-1" Spot="1" />
</SCRIBUSCOLORS>