<?xml version="1.0" encoding="UTF-8"?>
<SCRIBUSCOLORS Name="Adler outdoortrend">
 <COLOR RGB="#ab8861" NAME="OT 01-1" Spot="1" />
 <COLOR RGB="#cdad7e" NAME="OT 01-2" Spot="1" />
 <COLOR RGB="#e4d2ad" NAME="OT 01-3" Spot="1" />
 <COLOR RGB="#887b75" NAME="OT 02-1" Spot="1" />
 <COLOR RGB="#a89485" NAME="OT 02-2" Spot="1" />
 <COLOR RGB="#dfd0bc" NAME="OT 02-3" Spot="1" />
 <COLOR RGB="#964e3d" NAME="OT 03-1" Spot="1" />
 <COLOR RGB="#b07462" NAME="OT 03-2" Spot="1" />
 <COLOR RGB="#dcab9a" NAME="OT 03-3" Spot="1" />
 <COLOR RGB="#5d685c" NAME="OT 04-1" Spot="1" />
 <COLOR RGB="#939781" NAME="OT 04-2" Spot="1" />
 <COLOR RGB="#bdbfaa" NAME="OT 04-3" Spot="1" />
 <COLOR RGB="#c9904f" NAME="OT 05-1" Spot="1" />
 <COLOR RGB="#e1ae65" NAME="OT 05-2" Spot="1" />
 <COLOR RGB="#f3cd9e" NAME="OT 05-3" Spot="1" />
 <COLOR RGB="#8c959e" NAME="OT 06-1" Spot="1" />
 <COLOR RGB="#b1bfcc" NAME="OT 06-2" Spot="1" />
 <COLOR RGB="#e2edf0" NAME="OT 06-3" Spot="1" />
 <COLOR RGB="#8a453e" NAME="OT 07-1" Spot="1" />
 <COLOR RGB="#d38f80" NAME="OT 07-2" Spot="1" />
 <COLOR RGB="#f2cbba" NAME="OT 07-3" Spot="1" />
 <COLOR RGB="#877562" NAME="OT 08-1" Spot="1" />
 <COLOR RGB="#9f8e7f" NAME="OT 08-2" Spot="1" />
 <COLOR RGB="#ddcbbb" NAME="OT 08-3" Spot="1" />
 <COLOR RGB="#e5b447" NAME="OT 09-1" Spot="1" />
 <COLOR RGB="#eeca6a" NAME="OT 09-2" Spot="1" />
 <COLOR RGB="#f5d895" NAME="OT 9-3" Spot="1" />
 <COLOR RGB="#ac9f58" NAME="OT 10-1" Spot="1" />
 <COLOR RGB="#d0be69" NAME="OT 10-2" Spot="1" />
 <COLOR RGB="#eee9ab" NAME="OT 10-3" Spot="1" />
 <COLOR RGB="#91644c" NAME="OT 11-1" Spot="1" />
 <COLOR RGB="#c6a085" NAME="OT 11-2" Spot="1" />
 <COLOR RGB="#ebc7a6" NAME="OT 11-3" Spot="1" />
 <COLOR RGB="#668d8d" NAME="OT 12-1" Spot="1" />
 <COLOR RGB="#96bcba" NAME="OT 12-2" Spot="1" />
 <COLOR RGB="#cae0d9" NAME="OT 12-3" Spot="1" />
 <COLOR RGB="#c3754c" NAME="OT 13-1" Spot="1" />
 <COLOR RGB="#efac72" NAME="OT 13-2" Spot="1" />
 <COLOR RGB="#f7cda2" NAME="OT 13-3" Spot="1" />
 <COLOR RGB="#457eb0" NAME="OT 14-1" Spot="1" />
 <COLOR RGB="#96bfde" NAME="OT 14-2" Spot="1" />
 <COLOR RGB="#c8dee8" NAME="OT 14-3" Spot="1" />
 <COLOR RGB="#887260" NAME="OT 15-1" Spot="1" />
 <COLOR RGB="#cbad92" NAME="OT 15-2" Spot="1" />
 <COLOR RGB="#dfcdbb" NAME="OT 15-3" Spot="1" />
 <COLOR RGB="#848898" NAME="OT 16-1" Spot="1" />
 <COLOR RGB="#a9b0ba" NAME="OT 16-2" Spot="1" />
 <COLOR RGB="#d2d5d8" NAME="OT 16-3" Spot="1" />
 <COLOR RGB="#bc8e58" NAME="OT 17-1" Spot="1" />
 <COLOR RGB="#e8c38d" NAME="OT 17-2" Spot="1" />
 <COLOR RGB="#f9e3b8" NAME="OT 17-3" Spot="1" />
 <COLOR RGB="#727b59" NAME="OT 18-1" Spot="1" />
 <COLOR RGB="#99a17c" NAME="OT 18-2" Spot="1" />
 <COLOR RGB="#c8d2a6" NAME="OT 18-3" Spot="1" />
 <COLOR RGB="#996d52" NAME="OT 19-1" Spot="1" />
 <COLOR RGB="#bf977b" NAME="OT 19-2" Spot="1" />
 <COLOR RGB="#d7b59c" NAME="OT 19-3" Spot="1" />
 <COLOR RGB="#b66c51" NAME="OT 20-1" Spot="1" />
 <COLOR RGB="#d49375" NAME="OT 20-2" Spot="1" />
 <COLOR RGB="#edc19e" NAME="OT 20-3" Spot="1" />
 <COLOR RGB="#cd9541" NAME="OT 21-1" Spot="1" />
 <COLOR RGB="#e7b869" NAME="OT 21-2" Spot="1" />
 <COLOR RGB="#f0c87e" NAME="OT 21-3" Spot="1" />
 <COLOR RGB="#5d7582" NAME="OT 22-1" Spot="1" />
 <COLOR RGB="#8bacba" NAME="OT 22-2" Spot="1" />
 <COLOR RGB="#cfe3ef" NAME="OT22-3" Spot="1" />
</SCRIBUSCOLORS>