<?xml version="1.0" encoding="UTF-8"?>
<SCRIBUSCOLORS Name="Adler Trends08-09">
 <COLOR RGB="#f3f4ef" NAME="24862" Spot="1" />
 <COLOR RGB="#e7e1d2" NAME="24863" Spot="1" />
 <COLOR RGB="#9f8e79" NAME="24864" Spot="1" />
 <COLOR RGB="#5f5951" NAME="24865" Spot="1" />
 <COLOR RGB="#bbbab7" NAME="24866" Spot="1" />
 <COLOR RGB="#545756" NAME="24867" Spot="1" />
 <COLOR RGB="#6b282f" NAME="24868" Spot="1" />
 <COLOR RGB="#482634" NAME="24869" Spot="1" />
 <COLOR RGB="#232324" NAME="24870" Spot="1" />
 <COLOR RGB="#ac9069" NAME="11060" Spot="1" />
 <COLOR RGB="#a47e5a" NAME="11061" Spot="1" />
 <COLOR RGB="#675347" NAME="11062" Spot="1" />
 <COLOR RGB="#645a51" NAME="11063" Spot="1" />
 <COLOR RGB="#3d3434" NAME="11064" Spot="1" />
 <COLOR RGB="#343334" NAME="11065" Spot="1" />
 <COLOR RGB="#af8754" NAME="50830" Spot="1" />
 <COLOR RGB="#a27344" NAME="50830" Spot="1" />
 <COLOR RGB="#634a38" NAME="50830" Spot="1" />
 <COLOR RGB="#b18b5d" NAME="14086" Spot="1" />
 <COLOR RGB="#b78959" NAME="14086" Spot="1" />
 <COLOR RGB="#614d41" NAME="14086" Spot="1" />
</SCRIBUSCOLORS>