<?xml version="1.0" encoding="UTF-8"?>
<SCRIBUSCOLORS Name="afnor NF X 08-002">
 <COLOR RGB="#7b5955" NAME="A 002" Spot="1" />
 <COLOR RGB="#5b3b37" NAME="A 005" Spot="1" />
 <COLOR RGB="#8f554a" NAME="A 020" Spot="1" />
 <COLOR RGB="#805b48" NAME="A 030" Spot="1" />
 <COLOR RGB="#715e4b" NAME="A 040" Spot="1" />
 <COLOR RGB="#73644d" NAME="A 050" Spot="1" />
 <COLOR RGB="#61584c" NAME="A 060" Spot="1" />
 <COLOR RGB="#d85823" NAME="A 110" Spot="1" />
 <COLOR RGB="#e47400" NAME="A 130" Spot="1" />
 <COLOR RGB="#c67448" NAME="A 150" Spot="1" />
 <COLOR RGB="#d9390c" NAME="A 160" Spot="1" />
 <COLOR RGB="#f4e4b7" NAME="A 205" Spot="1" />
 <COLOR RGB="#f6cf7c" NAME="A 210" Spot="1" />
 <COLOR RGB="#e8c288" NAME="A 215" Spot="1" />
 <COLOR RGB="#f5e1c5" NAME="A 225" Spot="1" />
 <COLOR RGB="#eccab0" NAME="A 230" Spot="1" />
 <COLOR RGB="#fae2ba" NAME="A 245" Spot="1" />
 <COLOR RGB="#dfbc8c" NAME="A 250" Spot="1" />
 <COLOR RGB="#d9c3a0" NAME="A 260" Spot="1" />
 <COLOR RGB="#c0947f" NAME="A 270" Spot="1" />
 <COLOR RGB="#a49376" NAME="A 280" Spot="1" />
 <COLOR RGB="#bbb7a9" NAME="A 290" Spot="1" />
 <COLOR RGB="#dfb320" NAME="A 305" Spot="1" />
 <COLOR RGB="#fca700" NAME="A 310" Spot="1" />
 <COLOR RGB="#ffc500" NAME="A 330" Spot="1" />
 <COLOR RGB="#c58325" NAME="A 340" Spot="1" />
 <COLOR RGB="#728e8e" NAME="A 403" Spot="1" />
 <COLOR RGB="#45574a" NAME="A 404" Spot="1" />
 <COLOR RGB="#2d3e34" NAME="A 405" Spot="1" />
 <COLOR RGB="#364e48" NAME="A 410" Spot="1" />
 <COLOR RGB="#22564a" NAME="A 412" Spot="1" />
 <COLOR RGB="#377f5f" NAME="A 414" Spot="1" />
 <COLOR RGB="#4e5b4e" NAME="A 425" Spot="1" />
 <COLOR RGB="#646f64" NAME="A 430" Spot="1" />
 <COLOR RGB="#2a6042" NAME="A 440" Spot="1" />
 <COLOR RGB="#006a4e" NAME="A 445" Spot="1" />
 <COLOR RGB="#008d63" NAME="A 450" Spot="1" />
 <COLOR RGB="#008537" NAME="A 455" Spot="1" />
 <COLOR RGB="#388d63" NAME="A 460" Spot="1" />
 <COLOR RGB="#6b8363" NAME="A 465" Spot="1" />
 <COLOR RGB="#567247" NAME="A 466" Spot="1" />
 <COLOR RGB="#819885" NAME="A 467" Spot="1" />
 <COLOR RGB="#bdd0b1" NAME="A 470" Spot="1" />
 <COLOR RGB="#c2cfc2" NAME="A 472" Spot="1" />
 <COLOR RGB="#d4e6ce" NAME="A 475" Spot="1" />
 <COLOR RGB="#c0cd83" NAME="A 480" Spot="1" />
 <COLOR RGB="#e9e7c3" NAME="A 482" Spot="1" />
 <COLOR RGB="#beddca" NAME="A 485" Spot="1" />
 <COLOR RGB="#252d3e" NAME="A 503" Spot="1" />
 <COLOR RGB="#2d3c46" NAME="A 505" Spot="1" />
 <COLOR RGB="#232e54" NAME="A 510" Spot="1" />
 <COLOR RGB="#1c3e5b" NAME="A 518" Spot="1" />
 <COLOR RGB="#506a74" NAME="A 520" Spot="1" />
 <COLOR RGB="#5fa1af" NAME="A 525" Spot="1" />
 <COLOR RGB="#436b7f" NAME="A 530" Spot="1" />
 <COLOR RGB="#215785" NAME="A 535" Spot="1" />
 <COLOR RGB="#005587" NAME="A 540" Spot="1" />
 <COLOR RGB="#2d669d" NAME="A 550" Spot="1" />
 <COLOR RGB="#77a9ce" NAME="A 570" Spot="1" />
 <COLOR RGB="#8cbfdb" NAME="A 571" Spot="1" />
 <COLOR RGB="#c6dce3" NAME="A 590" Spot="1" />
 <COLOR RGB="#38393a" NAME="A 600" Spot="1" />
 <COLOR RGB="#202020" NAME="A 603" Spot="1" />
 <COLOR RGB="#52585d" NAME="A 605" Spot="1" />
 <COLOR RGB="#575756" NAME="A 607" Spot="1" />
 <COLOR RGB="#676b70" NAME="A 610" Spot="1" />
 <COLOR RGB="#54564c" NAME="A 615" Spot="1" />
 <COLOR RGB="#6e6b66" NAME="A 618" Spot="1" />
 <COLOR RGB="#677277" NAME="A 620" Spot="1" />
 <COLOR RGB="#879093" NAME="A 624" Spot="1" />
 <COLOR RGB="#9ea4a8" NAME="A 625" Spot="1" />
 <COLOR RGB="#828f92" NAME="A 626" Spot="1" />
 <COLOR RGB="#85898a" NAME="A 630" Spot="1" />
 <COLOR RGB="#c5cccd" NAME="A 640" Spot="1" />
 <COLOR RGB="#f5f3ea" NAME="A 665" Spot="1" />
 <COLOR RGB="#e7e8e0" NAME="A 670" Spot="1" />
 <COLOR RGB="#bbbcb9" NAME="A 680" Spot="1" />
 <COLOR RGB="#a5a8ac" NAME="A 690" Spot="1" />
 <COLOR RGB="#5e4e76" NAME="A 710" Spot="1" />
 <COLOR RGB="#796e92" NAME="A 730" Spot="1" />
 <COLOR RGB="#b6bace" NAME="A 780" Spot="1" />
 <COLOR RGB="#bdafd0" NAME="A 790" Spot="1" />
 <COLOR RGB="#af1f19" NAME="A 801" Spot="1" />
 <COLOR RGB="#a21b23" NAME="A 805" Spot="1" />
 <COLOR RGB="#a53436" NAME="A 810" Spot="1" />
 <COLOR RGB="#aa4452" NAME="A 820" Spot="1" />
 <COLOR RGB="#6d3f43" NAME="A 840" Spot="1" />
 <COLOR RGB="#cdb4b7" NAME="A 860" Spot="1" />
 <COLOR RGB="#e2a5a6" NAME="A 870" Spot="1" />
 <COLOR RGB="#e39f82" NAME="A 880" Spot="1" />
 <COLOR RGB="#915288" NAME="A 950" Spot="1" />
</SCRIBUSCOLORS>