<?xml version="1.0" encoding="UTF-8"?>
<SCRIBUSCOLORS Name="Al Jazeera Color Harmony">
 <COLOR RGB="#ded4bb" NAME="B-2322" Spot="1" />
 <COLOR RGB="#dfd2bc" NAME="B-2329" Spot="1" />
 <COLOR RGB="#ded2bf" NAME="C-3317" Spot="1" />
 <COLOR RGB="#dcd4c5" NAME="C-3322" Spot="1" />
 <COLOR RGB="#e0d7c4" NAME="D-4110" Spot="1" />
 <COLOR RGB="#dad5c3" NAME="E-5129" Spot="1" />
 <COLOR RGB="#ded7c0" NAME="E-5119" Spot="1" />
 <COLOR RGB="#e3d8b9" NAME="B-2108" Spot="1" />
 <COLOR RGB="#e6d7b6" NAME="B-2320" Spot="1" />
 <COLOR RGB="#e3d3c2" NAME="C-3114" Spot="1" />
 <COLOR RGB="#dfd0c3" NAME="C-3128" Spot="1" />
 <COLOR RGB="#dbd9c8" NAME="D-4118" Spot="1" />
 <COLOR RGB="#dbdac5" NAME="E-5126" Spot="1" />
 <COLOR RGB="#dad8c2" NAME="E-5122" Spot="1" />
 <COLOR RGB="#e5d6b6" NAME="B-2111" Spot="1" />
 <COLOR RGB="#e7d6b7" NAME="B-2113" Spot="1" />
 <COLOR RGB="#dfcfc2" NAME="C-3327" Spot="1" />
 <COLOR RGB="#e2d4c8" NAME="C-3224" Spot="1" />
 <COLOR RGB="#dddacc" NAME="D-4117" Spot="1" />
 <COLOR RGB="#d8dbc8" NAME="D-4129" Spot="1" />
 <COLOR RGB="#e1dcc0" NAME="E-5117" Spot="1" />
 <COLOR RGB="#e3d5ac" NAME="B-2128" Spot="1" />
 <COLOR RGB="#ebd8bb" NAME="B-2321" Spot="1" />
 <COLOR RGB="#f6e8df" NAME="C-3112" Spot="1" />
 <COLOR RGB="#ebe7e7" NAME="C-3325" Spot="1" />
 <COLOR RGB="#e6eae9" NAME="D-4123" Spot="1" />
 <COLOR RGB="#e5efeb" NAME="D-4120" Spot="1" />
 <COLOR RGB="#f1f1dc" NAME="E-5110" Spot="1" />
 <COLOR RGB="#faeac4" NAME="B-2114" Spot="1" />
 <COLOR RGB="#f5e6d3" NAME="B-2118" Spot="1" />
 <COLOR RGB="#fce3d1" NAME="C-3115" Spot="1" />
 <COLOR RGB="#ebeae9" NAME="D-4130" Spot="1" />
 <COLOR RGB="#e5ece9" NAME="D-4119" Spot="1" />
 <COLOR RGB="#e5efe8" NAME="D-4121" Spot="1" />
 <COLOR RGB="#f0eed9" NAME="E-5116" Spot="1" />
 <COLOR RGB="#f1edcb" NAME="B-2110" Spot="1" />
 <COLOR RGB="#f8ebdc" NAME="B-2109" Spot="1" />
 <COLOR RGB="#fadfcf" NAME="C-3328" Spot="1" />
 <COLOR RGB="#e7eae8" NAME="C-3127" Spot="1" />
 <COLOR RGB="#e2ebe9" NAME="D-4125" Spot="1" />
 <COLOR RGB="#d7eae7" NAME="D-4140" Spot="1" />
 <COLOR RGB="#f8f2db" NAME="E-5112" Spot="1" />
 <COLOR RGB="#f2e9b2" NAME="B-2127" Spot="1" />
 <COLOR RGB="#f5e7da" NAME="C-3126" Spot="1" />
 <COLOR RGB="#fae0d4" NAME="C-3323" Spot="1" />
 <COLOR RGB="#e4e3e7" NAME="C-3136" Spot="1" />
 <COLOR RGB="#d7e7e7" NAME="D-4135" Spot="1" />
 <COLOR RGB="#dbefe5" NAME="E-5141" Spot="1" />
 <COLOR RGB="#e0efdd" NAME="E-5137" Spot="1" />
 <COLOR RGB="#f3ecb3" NAME="B-2131" Spot="1" />
 <COLOR RGB="#f6e9df" NAME="C-3111" Spot="1" />
 <COLOR RGB="#f8dfd6" NAME="C-3326" Spot="1" />
 <COLOR RGB="#efe4e7" NAME="C-3131" Spot="1" />
 <COLOR RGB="#dce9eb" NAME="D-4131" Spot="1" />
 <COLOR RGB="#deefe1" NAME="E-5138" Spot="1" />
 <COLOR RGB="#e4f0dc" NAME="E-5130" Spot="1" />
 <COLOR RGB="#f9e7b1" NAME="B-2332" Spot="1" />
 <COLOR RGB="#fedea9" NAME="B-2323" Spot="1" />
 <COLOR RGB="#fbe5c8" NAME="B-2319" Spot="1" />
 <COLOR RGB="#f0dedf" NAME="C-3119" Spot="1" />
 <COLOR RGB="#e2e7ec" NAME="D-4132" Spot="1" />
 <COLOR RGB="#d5e9e6" NAME="D-4141" Spot="1" />
 <COLOR RGB="#e4eedb" NAME="E-5127" Spot="1" />
 <COLOR RGB="#fde5b0" NAME="B-2117" Spot="1" />
 <COLOR RGB="#fcd7ad" NAME="B-2328" Spot="1" />
 <COLOR RGB="#fbe1c5" NAME="B-2324" Spot="1" />
 <COLOR RGB="#f1e0e3" NAME="C-3116" Spot="1" />
 <COLOR RGB="#dce6ea" NAME="D-4137" Spot="1" />
 <COLOR RGB="#dde0df" NAME="D-4143" Spot="1" />
 <COLOR RGB="#e4edd3" NAME="E-5131" Spot="1" />
 <COLOR RGB="#fde499" NAME="B-2330" Spot="1" />
 <COLOR RGB="#ffd5ae" NAME="B-2331" Spot="1" />
 <COLOR RGB="#fbe4cf" NAME="B-2326" Spot="1" />
 <COLOR RGB="#ece7ec" NAME="C-3320" Spot="1" />
 <COLOR RGB="#dbdede" NAME="D-4146" Spot="1" />
 <COLOR RGB="#d7dfde" NAME="D-4145" Spot="1" />
 <COLOR RGB="#eaefd4" NAME="E-5327" Spot="1" />
 <COLOR RGB="#fedb96" NAME="B-2130" Spot="1" />
 <COLOR RGB="#e6dfcc" NAME="B-2345" Spot="1" />
 <COLOR RGB="#e7e1d7" NAME="A-1136" Spot="1" />
 <COLOR RGB="#e2e0df" NAME="C-3141" Spot="1" />
 <COLOR RGB="#d2dddb" NAME="D-4173" Spot="1" />
 <COLOR RGB="#c8d9db" NAME="D-4163" Spot="1" />
 <COLOR RGB="#e9ecd2" NAME="E-5123" Spot="1" />
 <COLOR RGB="#ffd886" NAME="B-2135" Spot="1" />
 <COLOR RGB="#e7ddc9" NAME="B-2349" Spot="1" />
 <COLOR RGB="#e7dbd2" NAME="C-3143" Spot="1" />
 <COLOR RGB="#e0dedf" NAME="C-3145" Spot="1" />
 <COLOR RGB="#d4d9d6" NAME="D-4365" Spot="1" />
 <COLOR RGB="#c5e5ec" NAME="D-4161" Spot="1" />
 <COLOR RGB="#d7e8c2" NAME="E-5152" Spot="1" />
 <COLOR RGB="#e3e1d6" NAME="A-1150" Spot="1" />
 <COLOR RGB="#e9dfbd" NAME="B-2151" Spot="1" />
 <COLOR RGB="#e7ddca" NAME="B-2348" Spot="1" />
 <COLOR RGB="#e7dddb" NAME="C-3135" Spot="1" />
 <COLOR RGB="#dcd6ce" NAME="A-1159" Spot="1" />
 <COLOR RGB="#a9daea" NAME="D-4178" Spot="1" />
 <COLOR RGB="#dbe6b9" NAME="E-5140" Spot="1" />
 <COLOR RGB="#e5e0cb" NAME="B-2343" Spot="1" />
 <COLOR RGB="#e8dbba" NAME="B-2346" Spot="1" />
 <COLOR RGB="#e6dac9" NAME="B-2344" Spot="1" />
 <COLOR RGB="#e0d7d5" NAME="C-3140" Spot="1" />
 <COLOR RGB="#d0d5d4" NAME="A-1163" Spot="1" />
 <COLOR RGB="#bbcedd" NAME="D-4176" Spot="1" />
 <COLOR RGB="#d5e5ab" NAME="E-5157" Spot="1" />
 <COLOR RGB="#e0ddbd" NAME="B-2351" Spot="1" />
 <COLOR RGB="#e8d8b8" NAME="B-2347" Spot="1" />
 <COLOR RGB="#e8dbcb" NAME="B-2342" Spot="1" />
 <COLOR RGB="#e3dbdb" NAME="C-3345" Spot="1" />
 <COLOR RGB="#d8d5d6" NAME="A-1160" Spot="1" />
 <COLOR RGB="#b7d1e0" NAME="D-4175" Spot="1" />
 <COLOR RGB="#d9e5a1" NAME="E-5153" Spot="1" />
 <COLOR RGB="#ffe186" NAME="B-2100" Spot="1" />
 <COLOR RGB="#ffd598" NAME="B-2126" Spot="1" />
 <COLOR RGB="#ebd8bb" NAME="B-2141" Spot="1" />
 <COLOR RGB="#f4d6e1" NAME="C-3125" Spot="1" />
 <COLOR RGB="#d3c8da" NAME="C-3156" Spot="1" />
 <COLOR RGB="#b6d5de" NAME="D-4183" Spot="1" />
 <COLOR RGB="#a4d4b4" NAME="E-5208" Spot="1" />
 <COLOR RGB="#f8ce4d" NAME="B-2138" Spot="1" />
 <COLOR RGB="#ffca7e" NAME="B-2132" Spot="1" />
 <COLOR RGB="#ebd3b8" NAME="B-2150" Spot="1" />
 <COLOR RGB="#e9bfbe" NAME="C-3153" Spot="1" />
 <COLOR RGB="#d7c3e2" NAME="C-3148" Spot="1" />
 <COLOR RGB="#99c8e8" NAME="D-4197" Spot="1" />
 <COLOR RGB="#98cdb6" NAME="E-5206" Spot="1" />
 <COLOR RGB="#e9d9a6" NAME="B-2143" Spot="1" />
 <COLOR RGB="#edcd8e" NAME="B-2357" Spot="1" />
 <COLOR RGB="#ccc4b2" NAME="B-2179" Spot="1" />
 <COLOR RGB="#e8c0b8" NAME="C-3158" Spot="1" />
 <COLOR RGB="#d4b4cf" NAME="D-4157" Spot="1" />
 <COLOR RGB="#acc4e0" NAME="D-4189" Spot="1" />
 <COLOR RGB="#a7d1aa" NAME="E-5202" Spot="1" />
 <COLOR RGB="#e4ce8a" NAME="B-2156" Spot="1" />
 <COLOR RGB="#f2c88d" NAME="B-2145" Spot="1" />
 <COLOR RGB="#d6c3a9" NAME="B-2175" Spot="1" />
 <COLOR RGB="#f4bdc5" NAME="C-3134" Spot="1" />
 <COLOR RGB="#b4c1e0" NAME="D-4184" Spot="1" />
 <COLOR RGB="#bae0df" NAME="D-4165" Spot="1" />
 <COLOR RGB="#99d488" NAME="E-5205" Spot="1" />
 <COLOR RGB="#ecd17a" NAME="B-2152" Spot="1" />
 <COLOR RGB="#efbe89" NAME="B-2355" Spot="1" />
 <COLOR RGB="#d0b8a0" NAME="B-2189" Spot="1" />
 <COLOR RGB="#f6b9ba" NAME="C-3137" Spot="1" />
 <COLOR RGB="#b3cee5" NAME="D-4177" Spot="1" />
 <COLOR RGB="#78c6cf" NAME="D-4217" Spot="1" />
 <COLOR RGB="#b7cb83" NAME="E-5198" Spot="1" />
 <COLOR RGB="#f0bf5e" NAME="B-2160" Spot="1" />
 <COLOR RGB="#f1b98b" NAME="B-2153" Spot="1" />
 <COLOR RGB="#cfb98e" NAME="B-2186" Spot="1" />
 <COLOR RGB="#f7b9b2" NAME="C-3139" Spot="1" />
 <COLOR RGB="#a1c3da" NAME="D-4196" Spot="1" />
 <COLOR RGB="#76c8cb" NAME="D-4218" Spot="1" />
 <COLOR RGB="#c0ce7f" NAME="E-5194" Spot="1" />
 <COLOR RGB="#ffc553" NAME="B-2340" Spot="1" />
 <COLOR RGB="#ffb77f" NAME="B-2148" Spot="1" />
 <COLOR RGB="#d1b489" NAME="B-2187" Spot="1" />
 <COLOR RGB="#f5a59f" NAME="C-3151" Spot="1" />
 <COLOR RGB="#98b9e0" NAME="D-4205" Spot="1" />
 <COLOR RGB="#83d1df" NAME="D-4206" Spot="1" />
 <COLOR RGB="#9dc575" NAME="E-5223" Spot="1" />
 <COLOR RGB="#ffb800" NAME="B-2144" Spot="1" />
 <COLOR RGB="#ffb267" NAME="B-2146" Spot="1" />
 <COLOR RGB="#d6b48e" NAME="B-2184" Spot="1" />
 <COLOR RGB="#faa596" NAME="C-3150" Spot="1" />
 <COLOR RGB="#6cb1de" NAME="D-4226" Spot="1" />
 <COLOR RGB="#50bad1" NAME="D-4237" Spot="1" />
 <COLOR RGB="#80b145" NAME="E-5246" Spot="1" />
 <COLOR RGB="#eeb229" NAME="B-2167" Spot="1" />
 <COLOR RGB="#ffb13c" NAME="B-2140" Spot="1" />
 <COLOR RGB="#d89d65" NAME="B-2185" Spot="1" />
 <COLOR RGB="#e18581" NAME="C-3179" Spot="1" />
 <COLOR RGB="#60a8ba" NAME="D-4243" Spot="1" />
 <COLOR RGB="#5cb1a2" NAME="E-5243" Spot="1" />
 <COLOR RGB="#00a38b" NAME="E-5267" Spot="1" />
 <COLOR RGB="#f0ae00" NAME="B-2168" Spot="1" />
 <COLOR RGB="#fa951e" NAME="B-2195" Spot="1" />
 <COLOR RGB="#d39e76" NAME="B-2183" Spot="1" />
 <COLOR RGB="#e06973" NAME="C-3173" Spot="1" />
 <COLOR RGB="#6d9dab" NAME="D-4249" Spot="1" />
 <COLOR RGB="#409696" NAME="E-5260" Spot="1" />
 <COLOR RGB="#109171" NAME="E-5275" Spot="1" />
 <COLOR RGB="#ffaa00" NAME="B-2155" Spot="1" />
 <COLOR RGB="#f89245" NAME="B-2162" Spot="1" />
 <COLOR RGB="#bd8a65" NAME="B-2216" Spot="1" />
 <COLOR RGB="#c44b7a" NAME="C-3194" Spot="1" />
 <COLOR RGB="#1093be" NAME="D-4263" Spot="1" />
 <COLOR RGB="#007f8c" NAME="E-5277" Spot="1" />
 <COLOR RGB="#007e71" NAME="E-5279" Spot="1" />
 <COLOR RGB="#ea9700" NAME="B-2182" Spot="1" />
 <COLOR RGB="#e8863c" NAME="B-2177" Spot="1" />
 <COLOR RGB="#bc846d" NAME="B-2217" Spot="1" />
 <COLOR RGB="#d64847" NAME="C-3182" Spot="1" />
 <COLOR RGB="#0095c0" NAME="D-4262" Spot="1" />
 <COLOR RGB="#929290" NAME="A-1238" Spot="1" />
 <COLOR RGB="#007373" NAME="E-5381" Spot="1" />
 <COLOR RGB="#c69d23" NAME="B-2218" Spot="1" />
 <COLOR RGB="#ee711e" NAME="B-2172" Spot="1" />
 <COLOR RGB="#a98569" NAME="B-2231" Spot="1" />
 <COLOR RGB="#bd3735" NAME="C-3196" Spot="1" />
 <COLOR RGB="#4b72a9" NAME="D-4266" Spot="1" />
 <COLOR RGB="#6b7077" NAME="A-1266" Spot="1" />
 <COLOR RGB="#046665" NAME="E-5384" Spot="1" />
 <COLOR RGB="#c7a137" NAME="B-2213" Spot="1" />
 <COLOR RGB="#d9664a" NAME="B-2192" Spot="1" />
 <COLOR RGB="#7d7067" NAME="B-2260" Spot="1" />
 <COLOR RGB="#b23240" NAME="C-3195" Spot="1" />
 <COLOR RGB="#315fa0" NAME="D-4277" Spot="1" />
 <COLOR RGB="#6c6c6c" NAME="A-1267" Spot="1" />
 <COLOR RGB="#016357" NAME="E-5284" Spot="1" />
 <COLOR RGB="#ca9a38" NAME="B-2198" Spot="1" />
 <COLOR RGB="#ce7d2f" NAME="B-2207" Spot="1" />
 <COLOR RGB="#8b6661" NAME="C-3254" Spot="1" />
 <COLOR RGB="#852b31" NAME="C-3232" Spot="1" />
 <COLOR RGB="#35517b" NAME="D-4283" Spot="1" />
 <COLOR RGB="#6e736b" NAME="E-5265" Spot="1" />
 <COLOR RGB="#1e6145" NAME="E-5385" Spot="1" />
 <COLOR RGB="#b1863c" NAME="B-2226" Spot="1" />
 <COLOR RGB="#c16e40" NAME="B-2208" Spot="1" />
 <COLOR RGB="#6f3936" NAME="C-3271" Spot="1" />
 <COLOR RGB="#7c2e2b" NAME="C-3249" Spot="1" />
 <COLOR RGB="#2c3562" NAME="D-4288" Spot="1" />
 <COLOR RGB="#655847" NAME="E-5274" Spot="1" />
 <COLOR RGB="#32583d" NAME="E-5286" Spot="1" />
</SCRIBUSCOLORS>