<?xml version="1.0" encoding="UTF-8"?>
<SCRIBUSCOLORS Name="Al Jazeera Magic Colors">
 <COLOR RGB="#ede2e4" NAME="H-7011" Spot="1" />
 <COLOR RGB="#efdfdf" NAME="H-7010" Spot="1" />
 <COLOR RGB="#f0dfdd" NAME="H-7009" Spot="1" />
 <COLOR RGB="#f4e0dc" NAME="H-7008" Spot="1" />
 <COLOR RGB="#eecebd" NAME="C-3120" Spot="1" />
 <COLOR RGB="#e2cecd" NAME="H-7054" Spot="1" />
 <COLOR RGB="#e2d2d6" NAME="H-7056" Spot="1" />
 <COLOR RGB="#e0bbbe" NAME="H-7064" Spot="1" />
 <COLOR RGB="#dcabb8" NAME="H-7075" Spot="1" />
 <COLOR RGB="#f7e7d6" NAME="C-3113" Spot="1" />
 <COLOR RGB="#eee3da" NAME="C-3117" Spot="1" />
 <COLOR RGB="#f6a39c" NAME="K-6047" Spot="1" />
 <COLOR RGB="#ed8a83" NAME="K-6057" Spot="1" />
 <COLOR RGB="#ea736d" NAME="K-6067" Spot="1" />
 <COLOR RGB="#e25e59" NAME="K-6077" Spot="1" />
 <COLOR RGB="#d53b39" NAME="K-6087" Spot="1" />
 <COLOR RGB="#c64275" NAME="H-7109" Spot="1" />
 <COLOR RGB="#c84865" NAME="H-7108" Spot="1" />
 <COLOR RGB="#cc4654" NAME="H-7107" Spot="1" />
 <COLOR RGB="#facbaa" NAME="K-6023" Spot="1" />
 <COLOR RGB="#f0e2dc" NAME="C-3121" Spot="1" />
 <COLOR RGB="#f3ded5" NAME="C-3118" Spot="1" />
 <COLOR RGB="#b32c18" NAME="C-3209" Spot="1" />
 <COLOR RGB="#e2c1da" NAME="H-7031" Spot="1" />
 <COLOR RGB="#f9cbc2" NAME="H-7026" Spot="1" />
 <COLOR RGB="#e6b9cd" NAME="H-7030" Spot="1" />
 <COLOR RGB="#edc8c9" NAME="H-7018" Spot="1" />
 <COLOR RGB="#f0d2dc" NAME="H-7020" Spot="1" />
 <COLOR RGB="#e9d2df" NAME="H-7021" Spot="1" />
 <COLOR RGB="#e0d4e3" NAME="H-7022" Spot="1" />
 <COLOR RGB="#d7d6e6" NAME="H-7023" Spot="1" />
 <COLOR RGB="#d2bedc" NAME="H-7032" Spot="1" />
 <COLOR RGB="#c9a2a1" NAME="H-7129" Spot="1" />
 <COLOR RGB="#ca8f8f" NAME="H-7139" Spot="1" />
 <COLOR RGB="#c97c7f" NAME="H-7149" Spot="1" />
 <COLOR RGB="#c0666a" NAME="H-7368" Spot="1" />
 <COLOR RGB="#b14952" NAME="H-7159" Spot="1" />
 <COLOR RGB="#e3737b" NAME="H-7044" Spot="1" />
 <COLOR RGB="#e78d9c" NAME="H-7043" Spot="1" />
 <COLOR RGB="#f0a5b0" NAME="H-7038" Spot="1" />
 <COLOR RGB="#f2b9c1" NAME="H-7028" Spot="1" />
 <COLOR RGB="#f4b5b4" NAME="H-7027" Spot="1" />
 <COLOR RGB="#e9a9c9" NAME="H-7040" Spot="1" />
 <COLOR RGB="#7c2527" NAME="C-3250" Spot="1" />
 <COLOR RGB="#990015" NAME="H-7170" Spot="1" />
 <COLOR RGB="#d86880" NAME="H-7103" Spot="1" />
 <COLOR RGB="#d76871" NAME="H-7102" Spot="1" />
 <COLOR RGB="#db606b" NAME="H-7045" Spot="1" />
 <COLOR RGB="#0d6f95" NAME="D-4275" Spot="1" />
 <COLOR RGB="#bdbadc" NAME="H-7089" Spot="1" />
 <COLOR RGB="#b1bfde" NAME="H-7080" Spot="1" />
 <COLOR RGB="#a7c1dd" NAME="H-7081" Spot="1" />
 <COLOR RGB="#e7ece2" NAME="D-4122" Spot="1" />
 <COLOR RGB="#e4e9e7" NAME="H-7006" Spot="1" />
 <COLOR RGB="#d9e7e9" NAME="H-7016" Spot="1" />
 <COLOR RGB="#c6dae6" NAME="H-7025" Spot="1" />
 <COLOR RGB="#b0cce5" NAME="H-7035" Spot="1" />
 <COLOR RGB="#8abddb" NAME="H-7041" Spot="1" />
 <COLOR RGB="#90b3da" NAME="T-8052" Spot="1" />
 <COLOR RGB="#afaec5" NAME="H-7135" Spot="1" />
 <COLOR RGB="#a8b0c6" NAME="H-7136" Spot="1" />
 <COLOR RGB="#a0b1c5" NAME="H-7137" Spot="1" />
 <COLOR RGB="#9fc2d8" NAME="H-7082" Spot="1" />
 <COLOR RGB="#addacb" NAME="D-4171" Spot="1" />
 <COLOR RGB="#bdc4c7" NAME="H-7118" Spot="1" />
 <COLOR RGB="#b4c0c5" NAME="H-7128" Spot="1" />
 <COLOR RGB="#9cb5c5" NAME="H-7138" Spot="1" />
 <COLOR RGB="#85a9c1" NAME="H-7148" Spot="1" />
 <COLOR RGB="#6c9abd" NAME="H-7158" Spot="1" />
 <COLOR RGB="#498ebc" NAME="H-7377" Spot="1" />
 <COLOR RGB="#798acb" NAME="H-7378" Spot="1" />
 <COLOR RGB="#6090cc" NAME="H-7369" Spot="1" />
 <COLOR RGB="#2e90c7" NAME="H-7106" Spot="1" />
 <COLOR RGB="#cddbd9" NAME="D-4136" Spot="1" />
 <COLOR RGB="#bac3c4" NAME="T-8068" Spot="1" />
 <COLOR RGB="#adbdc2" NAME="T-8070" Spot="1" />
 <COLOR RGB="#99b9c5" NAME="T-8076" Spot="1" />
 <COLOR RGB="#81afc3" NAME="T-8082" Spot="1" />
 <COLOR RGB="#63a1bc" NAME="T-8088" Spot="1" />
 <COLOR RGB="#3c99bb" NAME="T-8098" Spot="1" />
 <COLOR RGB="#97a7ae" NAME="T-8118" Spot="1" />
 <COLOR RGB="#809caa" NAME="T-8124" Spot="1" />
 <COLOR RGB="#6593a8" NAME="T-8130" Spot="1" />
 <COLOR RGB="#468aa7" NAME="T-8136" Spot="1" />
 <COLOR RGB="#117b9f" NAME="T-8146" Spot="1" />
 <COLOR RGB="#bae2de" NAME="T-8011" Spot="1" />
 <COLOR RGB="#abd2d6" NAME="T-8033" Spot="1" />
 <COLOR RGB="#8dcbcc" NAME="T-8040" Spot="1" />
 <COLOR RGB="#70c5c8" NAME="T-8047" Spot="1" />
 <COLOR RGB="#52a8ac" NAME="T-8091" Spot="1" />
 <COLOR RGB="#29a5ab" NAME="T-8101" Spot="1" />
 <COLOR RGB="#d5e6e5" NAME="T-8003" Spot="1" />
 <COLOR RGB="#c1e1e5" NAME="T-8009" Spot="1" />
 <COLOR RGB="#82d1dc" NAME="T-8022" Spot="1" />
 <COLOR RGB="#46b8ce" NAME="T-8055" Spot="1" />
 <COLOR RGB="#19aad3" NAME="T-8064" Spot="1" />
 <COLOR RGB="#e3dbb8" NAME="R-9097" Spot="1" />
 <COLOR RGB="#e3d58a" NAME="R-9117" Spot="1" />
 <COLOR RGB="#e1d172" NAME="R-9127" Spot="1" />
 <COLOR RGB="#e0cb55" NAME="R-9137" Spot="1" />
 <COLOR RGB="#c7b55c" NAME="R-9212" Spot="1" />
 <COLOR RGB="#e0ddbb" NAME="R-9096" Spot="1" />
 <COLOR RGB="#dfd9a1" NAME="R-9106" Spot="1" />
 <COLOR RGB="#ddd689" NAME="R-9116" Spot="1" />
 <COLOR RGB="#d3c955" NAME="R-9136" Spot="1" />
 <COLOR RGB="#d2c338" NAME="R-9146" Spot="1" />
 <COLOR RGB="#cdbb00" NAME="R-9164" Spot="1" />
 <COLOR RGB="#dfebde" NAME="E-5133" Spot="1" />
 <COLOR RGB="#dadfc1" NAME="R-9093" Spot="1" />
 <COLOR RGB="#d5ddac" NAME="R-9103" Spot="1" />
 <COLOR RGB="#c9d491" NAME="R-9113" Spot="1" />
 <COLOR RGB="#bdcb77" NAME="R-9123" Spot="1" />
 <COLOR RGB="#c7d8c5" NAME="E-5163" Spot="1" />
 <COLOR RGB="#ccdac8" NAME="R-9089" Spot="1" />
 <COLOR RGB="#ecefde" NAME="E-5125" Spot="1" />
 <COLOR RGB="#ecefdb" NAME="E-5124" Spot="1" />
 <COLOR RGB="#bad8b9" NAME="R-9099" Spot="1" />
 <COLOR RGB="#a4cfa7" NAME="R-9109" Spot="1" />
 <COLOR RGB="#91cb98" NAME="R-9119" Spot="1" />
 <COLOR RGB="#7bc685" NAME="R-9129" Spot="1" />
 <COLOR RGB="#f1f1d4" NAME="E-5121" Spot="1" />
 <COLOR RGB="#ece7d6" NAME="E-5120" Spot="1" />
 <COLOR RGB="#57bb6e" NAME="R-9139" Spot="1" />
 <COLOR RGB="#2fad57" NAME="R-9149" Spot="1" />
 <COLOR RGB="#b4d7bd" NAME="R-9098" Spot="1" />
 <COLOR RGB="#c4d8b1" NAME="R-9101" Spot="1" />
 <COLOR RGB="#f1f0d8" NAME="E-5114" Spot="1" />
 <COLOR RGB="#b1cd98" NAME="R-9111" Spot="1" />
 <COLOR RGB="#38bb7e" NAME="R-9138" Spot="1" />
 <COLOR RGB="#57a46b" NAME="E-5255" Spot="1" />
 <COLOR RGB="#a8ce88" NAME="R-9121" Spot="1" />
 <COLOR RGB="#a9c465" NAME="R-9132" Spot="1" />
 <COLOR RGB="#8bbc57" NAME="R-9141" Spot="1" />
 <COLOR RGB="#4ca831" NAME="R-9158" Spot="1" />
 <COLOR RGB="#2b875f" NAME="E-5273" Spot="1" />
 <COLOR RGB="#6da000" NAME="R-9159" Spot="1" />
 <COLOR RGB="#8fae00" NAME="R-9160" Spot="1" />
 <COLOR RGB="#a1b200" NAME="R-9161" Spot="1" />
 <COLOR RGB="#b7bb04" NAME="R-9162" Spot="1" />
 <COLOR RGB="#295d3f" NAME="E-5283" Spot="1" />
 <COLOR RGB="#859e70" NAME="R-9268" Spot="1" />
 <COLOR RGB="#92a850" NAME="R-9217" Spot="1" />
 <COLOR RGB="#c8cd5e" NAME="R-9134" Spot="1" />
 <COLOR RGB="#666241" NAME="R-9400" Spot="1" />
 <COLOR RGB="#626b70" NAME="A-1272" Spot="1" />
 <COLOR RGB="#ababa9" NAME="A-1209" Spot="1" />
 <COLOR RGB="#cac8c2" NAME="M-0104" Spot="1" />
 <COLOR RGB="#d4d2cc" NAME="M-0103" Spot="1" />
 <COLOR RGB="#f5edde" NAME="B-2112" Spot="1" />
 <COLOR RGB="#fbd5a9" NAME="K-6021" Spot="1" />
 <COLOR RGB="#8f8e8c" NAME="M-0109" Spot="1" />
 <COLOR RGB="#d4d3c9" NAME="A-1161" Spot="1" />
 <COLOR RGB="#e1dfd8" NAME="M-0102" Spot="1" />
 <COLOR RGB="#f3e4ce" NAME="B-2125" Spot="1" />
 <COLOR RGB="#f2e7d1" NAME="B-2120" Spot="1" />
 <COLOR RGB="#f9daa4" NAME="K-6020" Spot="1" />
 <COLOR RGB="#919798" NAME="A-1239" Spot="1" />
 <COLOR RGB="#e0ddd3" NAME="A-1141" Spot="1" />
 <COLOR RGB="#e6d9c8" NAME="M-0170" Spot="1" />
 <COLOR RGB="#f7e9d0" NAME="B-2123" Spot="1" />
 <COLOR RGB="#ffcd64" NAME="K-6049" Spot="1" />
 <COLOR RGB="#fbe3ae" NAME="K-6019" Spot="1" />
 <COLOR RGB="#ebe4db" NAME="A-1124" Spot="1" />
 <COLOR RGB="#f1ead9" NAME="A-1116" Spot="1" />
 <COLOR RGB="#f8dec0" NAME="K-6012" Spot="1" />
 <COLOR RGB="#f0e2cb" NAME="B-2121" Spot="1" />
 <COLOR RGB="#edb600" NAME="B-2161" Spot="1" />
 <COLOR RGB="#ecd245" NAME="B-2142" Spot="1" />
 <COLOR RGB="#f7e6ad" NAME="K-6018" Spot="1" />
 <COLOR RGB="#f3debe" NAME="B-2134" Spot="1" />
 <COLOR RGB="#ceaf5a" NAME="K-6219" Spot="1" />
 <COLOR RGB="#f1be57" NAME="K-6143" Spot="1" />
 <COLOR RGB="#f0c63d" NAME="K-6152" Spot="1" />
 <COLOR RGB="#f9df92" NAME="K-6028" Spot="1" />
 <COLOR RGB="#ead9b5" NAME="B-2136" Spot="1" />
 <COLOR RGB="#f4eed5" NAME="K-6001" Spot="1" />
 <COLOR RGB="#d5905b" NAME="K-6223" Spot="1" />
 <COLOR RGB="#b96d3c" NAME="B-2235" Spot="1" />
 <COLOR RGB="#d7a370" NAME="K-6212" Spot="1" />
 <COLOR RGB="#e7c7a2" NAME="B-2165" Spot="1" />
 <COLOR RGB="#efc899" NAME="K-6115" Spot="1" />
 <COLOR RGB="#a26d3a" NAME="K-6361" Spot="1" />
 <COLOR RGB="#935730" NAME="B-2257" Spot="1" />
 <COLOR RGB="#d1b6a0" NAME="K-6194" Spot="1" />
 <COLOR RGB="#d6c5af" NAME="B-2170" Spot="1" />
 <COLOR RGB="#d4bfa3" NAME="K-6192" Spot="1" />
 <COLOR RGB="#c9c3b1" NAME="K-6182" Spot="1" />
 <COLOR RGB="#704d36" NAME="B-2275" Spot="1" />
 <COLOR RGB="#f1c2a2" NAME="K-6117" Spot="1" />
 <COLOR RGB="#f4a574" NAME="K-6137" Spot="1" />
 <COLOR RGB="#ea854a" NAME="K-6157" Spot="1" />
 <COLOR RGB="#de6500" NAME="K-6177" Spot="1" />
</SCRIBUSCOLORS>