<?xml version="1.0" encoding="UTF-8"?>
<SCRIBUSCOLORS Name="Al Jazeera Universal Colors">
 <COLOR RGB="#e5dfca" NAME="B-2343" Spot="1" />
 <COLOR RGB="#e4dab7" NAME="B-2151" Spot="1" />
 <COLOR RGB="#e8d8a1" NAME="B-2143" Spot="1" />
 <COLOR RGB="#e5cf86" NAME="B-2156" Spot="1" />
 <COLOR RGB="#edd074" NAME="B-2152" Spot="1" />
 <COLOR RGB="#f8d362" NAME="B-2448" Spot="1" />
 <COLOR RGB="#e6dbc4" NAME="B-2349" Spot="1" />
 <COLOR RGB="#fae6c1" NAME="B-2428" Spot="1" />
 <COLOR RGB="#ebcd9c" NAME="B-2457" Spot="1" />
 <COLOR RGB="#f2c688" NAME="B-2145" Spot="1" />
 <COLOR RGB="#f4bd6f" NAME="B-2465" Spot="1" />
 <COLOR RGB="#ffc163" NAME="B-2443" Spot="1" />
 <COLOR RGB="#e8dbc9" NAME="B-2344" Spot="1" />
 <COLOR RGB="#ebd3b7" NAME="B-2150" Spot="1" />
 <COLOR RGB="#efc29b" NAME="B-2452" Spot="1" />
 <COLOR RGB="#ffc391" NAME="B-2438" Spot="1" />
 <COLOR RGB="#efa871" NAME="B-2471" Spot="1" />
 <COLOR RGB="#fca563" NAME="B-2456" Spot="1" />
 <COLOR RGB="#e3d7ce" NAME="C-3143" Spot="1" />
 <COLOR RGB="#e8d0c4" NAME="C-3449" Spot="1" />
 <COLOR RGB="#fbcdbe" NAME="C-3436" Spot="1" />
 <COLOR RGB="#fdb9aa" NAME="C-3443" Spot="1" />
 <COLOR RGB="#e99586" NAME="C-3172" Spot="1" />
 <COLOR RGB="#f78f7f" NAME="C-3466" Spot="1" />
 <COLOR RGB="#e0d6d1" NAME="B-2453" Spot="1" />
 <COLOR RGB="#f5ddd7" NAME="C-3426" Spot="1" />
 <COLOR RGB="#f6cbc9" NAME="C-3437" Spot="1" />
 <COLOR RGB="#e5aaab" NAME="C-3164" Spot="1" />
 <COLOR RGB="#f3a2a4" NAME="C-3155" Spot="1" />
 <COLOR RGB="#eb898d" NAME="C-3169" Spot="1" />
 <COLOR RGB="#e1d7d6" NAME="C-3140" Spot="1" />
 <COLOR RGB="#e0cfd1" NAME="C-3154" Spot="1" />
 <COLOR RGB="#efcfd4" NAME="C-3442" Spot="1" />
 <COLOR RGB="#f3c1ce" NAME="C-3445" Spot="1" />
 <COLOR RGB="#eba8bc" NAME="C-3159" Spot="1" />
 <COLOR RGB="#d6809e" NAME="C-3157" Spot="1" />
 <COLOR RGB="#d9dcde" NAME="M-0189" Spot="1" />
 <COLOR RGB="#e1e5e9" NAME="D-4132" Spot="1" />
 <COLOR RGB="#cfd8e8" NAME="D-4152" Spot="1" />
 <COLOR RGB="#c6d1e7" NAME="D-4484" Spot="1" />
 <COLOR RGB="#a0afdd" NAME="D-4202" Spot="1" />
 <COLOR RGB="#8597d2" NAME="D-4426" Spot="1" />
 <COLOR RGB="#d6dcdd" NAME="D-4451" Spot="1" />
 <COLOR RGB="#c8d5da" NAME="D-4169" Spot="1" />
 <COLOR RGB="#c2dde7" NAME="D-4461" Spot="1" />
 <COLOR RGB="#a7cee4" NAME="D-4190" Spot="1" />
 <COLOR RGB="#87b7d8" NAME="D-4418" Spot="1" />
 <COLOR RGB="#2882bc" NAME="D-4462" Spot="1" />
 <COLOR RGB="#d4dedd" NAME="D-4145" Spot="1" />
 <COLOR RGB="#c7d8da" NAME="D-4163" Spot="1" />
 <COLOR RGB="#b1d2db" NAME="D-4183" Spot="1" />
 <COLOR RGB="#95c6d6" NAME="D-4402" Spot="1" />
 <COLOR RGB="#87c9dc" NAME="D-4209" Spot="1" />
 <COLOR RGB="#56b3d1" NAME="D-4235" Spot="1" />
 <COLOR RGB="#cad9d9" NAME="D-4467" Spot="1" />
 <COLOR RGB="#bbe2e3" NAME="D-4473" Spot="1" />
 <COLOR RGB="#9ed7df" NAME="D-4188" Spot="1" />
 <COLOR RGB="#70c1cf" NAME="D-4222" Spot="1" />
 <COLOR RGB="#219db5" NAME="D-4255" Spot="1" />
 <COLOR RGB="#00a8c0" NAME="D-4252" Spot="1" />
 <COLOR RGB="#c8dddb" NAME="D-4160" Spot="1" />
 <COLOR RGB="#aed6d5" NAME="D-4490" Spot="1" />
 <COLOR RGB="#9ddcda" NAME="D-4489" Spot="1" />
 <COLOR RGB="#7fd6d6" NAME="D-4208" Spot="1" />
 <COLOR RGB="#3fc0c4" NAME="D-4437" Spot="1" />
 <COLOR RGB="#00969c" NAME="D-4267" Spot="1" />
 <COLOR RGB="#cbdcd5" NAME="E-5167" Spot="1" />
 <COLOR RGB="#c0e8da" NAME="E-5168" Spot="1" />
 <COLOR RGB="#a6e3d1" NAME="E-5188" Spot="1" />
 <COLOR RGB="#72cbba" NAME="E-5423" Spot="1" />
 <COLOR RGB="#3fc5ab" NAME="E-5235" Spot="1" />
 <COLOR RGB="#1da996" NAME="E-5257" Spot="1" />
 <COLOR RGB="#d7ded4" NAME="E-5155" Spot="1" />
 <COLOR RGB="#cbdccc" NAME="E-5164" Spot="1" />
 <COLOR RGB="#cbebd0" NAME="E-5161" Spot="1" />
 <COLOR RGB="#aee1bb" NAME="E-5193" Spot="1" />
 <COLOR RGB="#98deb1" NAME="E-5210" Spot="1" />
 <COLOR RGB="#61c792" NAME="E-5231" Spot="1" />
 <COLOR RGB="#dadfd2" NAME="E-5158" Spot="1" />
 <COLOR RGB="#cfdbc7" NAME="E-5173" Spot="1" />
 <COLOR RGB="#d3e9c7" NAME="E-5159" Spot="1" />
 <COLOR RGB="#bbe2b0" NAME="E-5160" Spot="1" />
 <COLOR RGB="#a9df9e" NAME="E-5494" Spot="1" />
 <COLOR RGB="#8bc57a" NAME="E-5225" Spot="1" />
 <COLOR RGB="#f1efda" NAME="B-2421" Spot="1" />
 <COLOR RGB="#f2f1cb" NAME="B-2422" Spot="1" />
 <COLOR RGB="#efefb5" NAME="B-2429" Spot="1" />
 <COLOR RGB="#eded9b" NAME="B-2439" Spot="1" />
 <COLOR RGB="#e7e780" NAME="B-2446" Spot="1" />
 <COLOR RGB="#e3e265" NAME="B-2459" Spot="1" />
 <COLOR RGB="#e5e1ca" NAME="E-5441" Spot="1" />
 <COLOR RGB="#f5eeca" NAME="E-5421" Spot="1" />
 <COLOR RGB="#e7dba2" NAME="E-5147" Spot="1" />
 <COLOR RGB="#f9ea99" NAME="E-5419" Spot="1" />
 <COLOR RGB="#f6e379" NAME="E-5431" Spot="1" />
 <COLOR RGB="#f2dd60" NAME="E-5447" Spot="1" />
 <COLOR RGB="#cbbfad" NAME="B-2485" Spot="1" />
 <COLOR RGB="#d1b89f" NAME="B-2189" Spot="1" />
 <COLOR RGB="#d3ac89" NAME="B-2492" Spot="1" />
 <COLOR RGB="#d29b70" NAME="B-2183" Spot="1" />
 <COLOR RGB="#ba7e6a" NAME="B-2419" Spot="1" />
 <COLOR RGB="#b56e57" NAME="B-2426" Spot="1" />
 <COLOR RGB="#b8a18b" NAME="B-2413" Spot="1" />
 <COLOR RGB="#b99476" NAME="B-2417" Spot="1" />
 <COLOR RGB="#bc875f" NAME="B-2216" Spot="1" />
 <COLOR RGB="#bb7b4d" NAME="B-2225" Spot="1" />
 <COLOR RGB="#b27771" NAME="B-2220" Spot="1" />
 <COLOR RGB="#af655f" NAME="B-2228" Spot="1" />
 <COLOR RGB="#f0efe1" NAME="M-0280" Spot="1" />
 <COLOR RGB="#d3d1c5" NAME="A-1166" Spot="1" />
 <COLOR RGB="#bbb9af" NAME="A-1197" Spot="1" />
 <COLOR RGB="#a6a49b" NAME="A-1223" Spot="1" />
 <COLOR RGB="#908d84" NAME="A-1240" Spot="1" />
 <COLOR RGB="#66645e" NAME="A-1268" Spot="1" />
 <COLOR RGB="#dbdedc" NAME="D-4143" Spot="1" />
 <COLOR RGB="#cfd3d0" NAME="D-4365" Spot="1" />
 <COLOR RGB="#b4b9b9" NAME="A-1201" Spot="1" />
 <COLOR RGB="#9ea2a3" NAME="A-1225" Spot="1" />
 <COLOR RGB="#898d8f" NAME="A-1243" Spot="1" />
 <COLOR RGB="#777a7c" NAME="A-1257" Spot="1" />
</SCRIBUSCOLORS>