<?xml version="1.0" encoding="UTF-8"?>
<SCRIBUSCOLORS Name="Al Jazeera Kids Colors">
 <COLOR RGB="#ffba00" NAME="K-6079" Spot="1" />
 <COLOR RGB="#f8efd6" NAME="M-0159" Spot="1" />
 <COLOR RGB="#fbe9c6" NAME="K-6010" Spot="1" />
 <COLOR RGB="#e9c498" NAME="K-6115" Spot="1" />
 <COLOR RGB="#fde5af" NAME="K-6019" Spot="1" />
 <COLOR RGB="#eccf9f" NAME="K-6114" Spot="1" />
 <COLOR RGB="#d5a573" NAME="K-6212" Spot="1" />
 <COLOR RGB="#ffd983" NAME="K-6039" Spot="1" />
 <COLOR RGB="#f6c173" NAME="K-6134" Spot="1" />
 <COLOR RGB="#d7904c" NAME="K-6232" Spot="1" />
 <COLOR RGB="#f4e7dc" NAME="K-6006" Spot="1" />
 <COLOR RGB="#fbdfcf" NAME="K-6015" Spot="1" />
 <COLOR RGB="#eac0be" NAME="H-7063" Spot="1" />
 <COLOR RGB="#e8d0c5" NAME="K-6110" Spot="1" />
 <COLOR RGB="#e9bdaf" NAME="K-6120" Spot="1" />
 <COLOR RGB="#e5afb7" NAME="H-7074" Spot="1" />
 <COLOR RGB="#d1a69e" NAME="K-6208" Spot="1" />
 <COLOR RGB="#cb817b" NAME="K-6228" Spot="1" />
 <COLOR RGB="#bd5855" NAME="K-6248" Spot="1" />
 <COLOR RGB="#af322f" NAME="K-6262" Spot="1" />
 <COLOR RGB="#005f9b" NAME="H-7370" Spot="1" />
 <COLOR RGB="#bacdde" NAME="H-7071" Spot="1" />
 <COLOR RGB="#c9dbdf" NAME="T-8026" Spot="1" />
 <COLOR RGB="#c0e7e1" NAME="T-8012" Spot="1" />
 <COLOR RGB="#91a8c9" NAME="H-7147" Spot="1" />
 <COLOR RGB="#b2d3de" NAME="T-8032" Spot="1" />
 <COLOR RGB="#aed7d7" NAME="T-8034" Spot="1" />
 <COLOR RGB="#668dc4" NAME="H-7376" Spot="1" />
 <COLOR RGB="#74a2c6" NAME="H-7158" Spot="1" />
 <COLOR RGB="#5fa8bb" NAME="T-8089" Spot="1" />
 <COLOR RGB="#cfdecd" NAME="R-9089" Spot="1" />
 <COLOR RGB="#dce1c6" NAME="R-9093" Spot="1" />
 <COLOR RGB="#e8f0bc" NAME="R-9023" Spot="1" />
 <COLOR RGB="#a3c0a4" NAME="R-9184" Spot="1" />
 <COLOR RGB="#c7dab3" NAME="R-9101" Spot="1" />
 <COLOR RGB="#dddda9" NAME="R-9105" Spot="1" />
 <COLOR RGB="#82b17a" NAME="R-9205" Spot="1" />
 <COLOR RGB="#9eb887" NAME="R-9196" Spot="1" />
 <COLOR RGB="#d2d274" NAME="R-9125" Spot="1" />
 <COLOR RGB="#007937" NAME="R-9305" Spot="1" />
</SCRIBUSCOLORS>