<?xml version="1.0" encoding="UTF-8"?>
<SCRIBUSCOLORS Name="Alesta The Crazy Colours Collection">
 <COLOR RGB="#e6de2c" NAME="AE30011101620" Spot="1" />
 <COLOR RGB="#f8cf2e" NAME="AE30011101820" Spot="1" />
 <COLOR RGB="#fc9c00" NAME="AE30011102820" Spot="1" />
 <COLOR RGB="#e55304" NAME="AE30012200420" Spot="1" />
 <COLOR RGB="#bf221e" NAME="AE30013302020" Spot="1" />
 <COLOR RGB="#7c699a" NAME="AE30013400520" Spot="1" />
 <COLOR RGB="#94296f" NAME="AE30013400620" Spot="1" />
 <COLOR RGB="#bf3978" NAME="AE30013401020" Spot="1" />
 <COLOR RGB="#1b7bae" NAME="AE30015501520" Spot="1" />
 <COLOR RGB="#068e8d" NAME="AE30015501820" Spot="1" />
 <COLOR RGB="#006a49" NAME="AE30016601620" Spot="1" />
 <COLOR RGB="#4c932b" NAME="AE30016601820" Spot="1" />
</SCRIBUSCOLORS>