<?xml version="1.0" encoding="UTF-8"?>
<SCRIBUSCOLORS Name="Alesta The Classic Collection">
 <COLOR RGB="#a4a29f" NAME="AE20317062225" Spot="1" />
 <COLOR RGB="#767c7e" NAME="AE30317076225" Spot="1" />
 <COLOR RGB="#acb2b3" NAME="AF03257008225" Spot="1" />
 <COLOR RGB="#a1a09b" NAME="AE30317063125" Spot="1" />
 <COLOR RGB="#606462" NAME="AE30317076325" Spot="1" />
 <COLOR RGB="#827f7b" NAME="AF03257095425" Spot="1" />
 <COLOR RGB="#babdb7" NAME="AE30317063225" Spot="1" />
 <COLOR RGB="#7a736a" NAME="AE30317081125" Spot="1" />
 <COLOR RGB="#aeaeac" NAME="AE30317063325" Spot="1" />
 <COLOR RGB="#797875" NAME="AE30317095425" Spot="1" />
 <COLOR RGB="#acafaf" NAME="AE30317063425" Spot="1" />
 <COLOR RGB="#6e7071" NAME="AE30317004925" Spot="1" />
</SCRIBUSCOLORS>