<?xml version="1.0" encoding="UTF-8"?>
<SCRIBUSCOLORS Name="Alesta The Mineral Collection">
 <COLOR RGB="#deceb6" NAME="AE03411122821" Spot="1" />
 <COLOR RGB="#834442" NAME="AE03313111121" Spot="1" />
 <COLOR RGB="#684145" NAME="AE03313111221" Spot="1" />
 <COLOR RGB="#524040" NAME="AE03318108921" Spot="1" />
 <COLOR RGB="#a89886" NAME="AE03411122921" Spot="1" />
 <COLOR RGB="#918f78" NAME="AE03316117321" Spot="1" />
 <COLOR RGB="#435352" NAME="AE03316122321" Spot="1" />
 <COLOR RGB="#5f463e" NAME="AE03418112321" Spot="1" />
 <COLOR RGB="#7e5a4a" NAME="AE03418112421" Spot="1" />
 <COLOR RGB="#849590" NAME="AE03316116921" Spot="1" />
 <COLOR RGB="#464d49" NAME="AE03316117021" Spot="1" />
 <COLOR RGB="#af7652" NAME="AE03318112521" Spot="1" />
 <COLOR RGB="#7b4e4b" NAME="AE13308200125" Spot="1" />
 <COLOR RGB="#6b604f" NAME="AE03318112621" Spot="1" />
 <COLOR RGB="#454c53" NAME="AE03315113821" Spot="1" />
 <COLOR RGB="#737b82" NAME="AE03217131821" Spot="1" />
 <COLOR RGB="#3f434b" NAME="AE03315114021" Spot="1" />
 <COLOR RGB="#475b6d" NAME="AE03315113921" Spot="1" />
 <COLOR RGB="#8d9d9f" NAME="AE03315120621" Spot="1" />
</SCRIBUSCOLORS>