<?xml version="1.0" encoding="UTF-8"?>
<SCRIBUSCOLORS Name="Alesta The Architects Edition">
 <COLOR RGB="#f6f4e8" NAME="Sunny Snow SD031C9901020" Spot="1" />
 <COLOR RGB="#eddec1" NAME="White Sand SD031C1101520" Spot="1" />
 <COLOR RGB="#75869d" NAME="Ocean by Night SD031C5501420" Spot="1" />
 <COLOR RGB="#92a483" NAME="Windy Green SD031C6602120" Spot="1" />
 <COLOR RGB="#694145" NAME="Old Wine SD031C3300520" Spot="1" />
 <COLOR RGB="#514c4a" NAME="Brown Bear SD031C8801920" Spot="1" />
 <COLOR RGB="#acb3b4" NAME="Bariton 1 Plus SD031C7900620" Spot="1" />
 <COLOR RGB="#888783" NAME="Grey Chimey SD031C7900720" Spot="1" />
 <COLOR RGB="#787670" NAME="Grey Moon SD031C7703920" Spot="1" />
 <COLOR RGB="#63615d" NAME="Shadow Grey SD031C7702220" Spot="1" />
 <COLOR RGB="#525659" NAME="Night Grey SD031C7701620" Spot="1" />
 <COLOR RGB="#4b4a4a" NAME="Star Black SD031C4900520" Spot="1" />
 <COLOR RGB="#9fa2a1" NAME="White Aluminium SD301C7900620" Spot="1" />
 <COLOR RGB="#a4a8a7" NAME="White Aluminium SD801C7900620" Spot="1" />
 <COLOR RGB="#7f7c76" NAME="Grey Aluminium SD301C7900720" Spot="1" />
 <COLOR RGB="#7b7872" NAME="Grey Aluminium SD801C7900720" Spot="1" />
</SCRIBUSCOLORS>