<?xml version="1.0" encoding="UTF-8"?>
<SCRIBUSCOLORS Name="Alesta The Best-of Collection">
 <COLOR RGB="#a3a6a6" NAME="AE20217068421" Spot="1" />
 <COLOR RGB="#afb4b3" NAME="AE80257900620" Spot="1" />
 <COLOR RGB="#817f7a" NAME="AE20217068521" Spot="1" />
 <COLOR RGB="#7f7b74" NAME="AE80257900720" Spot="1" />
 <COLOR RGB="#a1a09d" NAME="AE60407007021" Spot="1" />
 <COLOR RGB="#505457" NAME="AE80417082121" Spot="1" />
 <COLOR RGB="#505355" NAME="AE03217045121" Spot="1" />
 <COLOR RGB="#626160" NAME="AE03217045221" Spot="1" />
 <COLOR RGB="#8d5544" NAME="AE20218007721" Spot="1" />
 <COLOR RGB="#3c332c" NAME="AE20008008921" Spot="1" />
 <COLOR RGB="#3c3a37" NAME="AE20214035021" Spot="1" />
 <COLOR RGB="#685d4d" NAME="AE20218083721" Spot="1" />
 <COLOR RGB="#6d6860" NAME="AE03217060021" Spot="1" />
 <COLOR RGB="#a9a9a6" NAME="AE13217008825" Spot="1" />
 <COLOR RGB="#8a8785" NAME="AE03217049321" Spot="1" />
 <COLOR RGB="#5d5955" NAME="AE03107049621" Spot="1" />
 <COLOR RGB="#4a3f3d" NAME="AE03418017921" Spot="1" />
 <COLOR RGB="#bfbfbc" NAME="AE03217050521" Spot="1" />
 <COLOR RGB="#8d8f90" NAME="AE50207050421" Spot="1" />
 <COLOR RGB="#b3b6b8" NAME="AE03207050121" Spot="1" />
 <COLOR RGB="#d8dce0" NAME="AE03217050621" Spot="1" />
 <COLOR RGB="#606062" NAME="AE03217049221" Spot="1" />
 <COLOR RGB="#454546" NAME="AE03217049421" Spot="1" />
</SCRIBUSCOLORS>