<?xml version="1.0" encoding="UTF-8"?>
<SCRIBUSCOLORS Name="Alesta The Inside Collection">
 <COLOR RGB="#181718" NAME="EP80014020721" Spot="1" />
 <COLOR RGB="#212122" NAME="EE20014026421" Spot="1" />
 <COLOR RGB="#2c2d2f" NAME="EE03014022221" Spot="1" />
 <COLOR RGB="#363638" NAME="EE00014021421" Spot="1" />
 <COLOR RGB="#272728" NAME="EP25014028021" Spot="1" />
 <COLOR RGB="#989893" NAME="EP90207016021" Spot="1" />
 <COLOR RGB="#7d7a75" NAME="EP80217030221" Spot="1" />
 <COLOR RGB="#4a4b4c" NAME="EP90204020721" Spot="1" />
 <COLOR RGB="#4d5052" NAME="EP03205050721" Spot="1" />
 <COLOR RGB="#747675" NAME="EP70217053121" Spot="1" />
 <COLOR RGB="#a2a39e" NAME="EP25017035021" Spot="1" />
 <COLOR RGB="#b0b4b4" NAME="EP80207020021" Spot="1" />
 <COLOR RGB="#bcc3c2" NAME="EP03207038121" Spot="1" />
 <COLOR RGB="#a4a8a6" NAME="EP20207068421" Spot="1" />
 <COLOR RGB="#939496" NAME="EP60207141321" Spot="1" />
 <COLOR RGB="#86898a" NAME="EP90107210121" Spot="1" />
 <COLOR RGB="#a89062" NAME="EP00200048621" Spot="1" />
 <COLOR RGB="#9fa2a3" NAME="EP00200067421" Spot="1" />
 <COLOR RGB="#938d83" NAME="EP00200078121" Spot="1" />
 <COLOR RGB="#7e8285" NAME="EP00210077921" Spot="1" />
 <COLOR RGB="#e4e5e4" NAME="EP03009027921" Spot="1" />
 <COLOR RGB="#e5e4f0" NAME="EP90019048121" Spot="1" />
 <COLOR RGB="#e7ebf0" NAME="EP90019043821" Spot="1" />
 <COLOR RGB="#ebedeb" NAME="EP20019017021" Spot="1" />
 <COLOR RGB="#eeebd8" NAME="EP90011026621" Spot="1" />
 <COLOR RGB="#feb200" NAME="EP90011054721" Spot="1" />
 <COLOR RGB="#951813" NAME="EP90003075321" Spot="1" />
 <COLOR RGB="#ca3e17" NAME="EP90012059821" Spot="1" />
 <COLOR RGB="#bb3970" NAME="EP20013122521" Spot="1" />
 <COLOR RGB="#b4a913" NAME="EP20016129521" Spot="1" />
 <COLOR RGB="#e4d3b9" NAME="EP90011002621" Spot="1" />
 <COLOR RGB="#632c22" NAME="EE80008014521" Spot="1" />
 <COLOR RGB="#053e8e" NAME="EP80015020321" Spot="1" />
 <COLOR RGB="#4c83b0" NAME="EE90015066021" Spot="1" />
 <COLOR RGB="#454546" NAME="EP05204034521" Spot="1" />
 <COLOR RGB="#6e6f6f" NAME="EP02217008921" Spot="1" />
 <COLOR RGB="#40352f" NAME="EP25018022821" Spot="1" />
 <COLOR RGB="#585859" NAME="EP03007068621" Spot="1" />
 <COLOR RGB="#5e5752" NAME="EP03018007421" Spot="1" />
 <COLOR RGB="#dedcd4" NAME="EP05229034421" Spot="1" />
 <COLOR RGB="#3f2e27" NAME="EP05204047421" Spot="1" />
</SCRIBUSCOLORS>