<?xml version="1.0" encoding="UTF-8"?>
<SCRIBUSCOLORS Name="Alesta The Fine Textured Collection">
 <COLOR RGB="#ecdcbd" NAME="AE03051101520" Spot="1" />
 <COLOR RGB="#a99681" NAME="AE03051101920" Spot="1" />
 <COLOR RGB="#763437" NAME="AE03053300420" Spot="1" />
 <COLOR RGB="#67383e" NAME="AE03053300520" Spot="1" />
 <COLOR RGB="#32435f" NAME="AE03055500320" Spot="1" />
 <COLOR RGB="#286196" NAME="AE03055500520" Spot="1" />
 <COLOR RGB="#759cb5" NAME="AE03055502420" Spot="1" />
 <COLOR RGB="#335146" NAME="AE03056600520" Spot="1" />
 <COLOR RGB="#60884b" NAME="AE03056601720" Spot="1" />
 <COLOR RGB="#90a483" NAME="AE03056602120" Spot="1" />
 <COLOR RGB="#656b6c" NAME="AE03057701220" Spot="1" />
 <COLOR RGB="#4a4f52" NAME="AE03057701620" Spot="1" />
 <COLOR RGB="#999077" NAME="AE03057703420" Spot="1" />
 <COLOR RGB="#c9ccc8" NAME="AE03057703520" Spot="1" />
 <COLOR RGB="#694d40" NAME="AE03058801120" Spot="1" />
 <COLOR RGB="#4e4037" NAME="AE03058801420" Spot="1" />
 <COLOR RGB="#353536" NAME="AE03054900520" Spot="1" />
 <COLOR RGB="#a8aeaf" NAME="AE03257900620" Spot="1" />
 <COLOR RGB="#878582" NAME="AE03257900720" Spot="1" />
 <COLOR RGB="#f4f5ef" NAME="AE03059901620" Spot="1" />
</SCRIBUSCOLORS>