<?xml version="1.0" encoding="UTF-8"?>
<SCRIBUSCOLORS Name="Alesta The Industrial Collection">
 <COLOR RGB="#b6b29f" NAME="IE35017003821" Spot="1" />
 <COLOR RGB="#c6c9c3" NAME="IE05018011021" Spot="1" />
 <COLOR RGB="#828484" NAME="IE60207081021" Spot="1" />
 <COLOR RGB="#827f7a" NAME="IE45017094421" Spot="1" />
 <COLOR RGB="#545453" NAME="IE05214027521" Spot="1" />
 <COLOR RGB="#afb5b5" NAME="IE03217040121" Spot="1" />
 <COLOR RGB="#90908e" NAME="IE80217001021" Spot="1" />
 <COLOR RGB="#a3a7a8" NAME="IF60217059821" Spot="1" />
 <COLOR RGB="#5a222a" NAME="IE03013066121" Spot="1" />
 <COLOR RGB="#504e3e" NAME="IE10016020721" Spot="1" />
 <COLOR RGB="#1f2021" NAME="IF30014038321" Spot="1" />
 <COLOR RGB="#3d3d3e" NAME="IE03014030121" Spot="1" />
 <COLOR RGB="#cfb486" NAME="IE03011013121" Spot="1" />
 <COLOR RGB="#edddbe" NAME="AE03051101520" Spot="1" />
 <COLOR RGB="#545655" NAME="IE03018015721" Spot="1" />
 <COLOR RGB="#0f1013" NAME="IE05014022921" Spot="1" />
 <COLOR RGB="#264439" NAME="IE03016049121" Spot="1" />
 <COLOR RGB="#dfddd3" NAME="AE03059900220" Spot="1" />
 <COLOR RGB="#f3f0e4" NAME="IE03049099421" Spot="1" />
 <COLOR RGB="#f6f7f1" NAME="IE03019052521" Spot="1" />
 <COLOR RGB="#293e5c" NAME="IE03015059521" Spot="1" />
 <COLOR RGB="#f1efe4" NAME="IE30019052921" Spot="1" />
 <COLOR RGB="#f7f3e6" NAME="IE05019027121" Spot="1" />
 <COLOR RGB="#e9eff3" NAME="IE80019014221" Spot="1" />
</SCRIBUSCOLORS>