<?xml version="1.0" encoding="UTF-8"?>
<SCRIBUSCOLORS Name="Alligator Collection 4000">
 <COLOR RGB="#e3c772" NAME="Alligator 4000" Spot="1" />
 <COLOR RGB="#eedaa4" NAME="Alligator 4001" Spot="1" />
 <COLOR RGB="#efe6c4" NAME="Alligator 4002" Spot="1" />
 <COLOR RGB="#f1ead5" NAME="Alligator 4003" Spot="1" />
 <COLOR RGB="#f0ecdd" NAME="Alligator 4004" Spot="1" />
 <COLOR RGB="#edece1" NAME="Alligator 4005" Spot="1" />
 <COLOR RGB="#deb570" NAME="Alligator 4006" Spot="1" />
 <COLOR RGB="#e5c68e" NAME="Alligator 4007" Spot="1" />
 <COLOR RGB="#ebdcb6" NAME="Alligator 4008" Spot="1" />
 <COLOR RGB="#e9dfc7" NAME="Alligator 4009" Spot="1" />
 <COLOR RGB="#efe7d2" NAME="Alligator 4010" Spot="1" />
 <COLOR RGB="#f0ecdb" NAME="Alligator 4011" Spot="1" />
 <COLOR RGB="#d19a4a" NAME="Alligator 4012" Spot="1" />
 <COLOR RGB="#eecd93" NAME="Alligator 4013" Spot="1" />
 <COLOR RGB="#f2d7a9" NAME="Alligator 4014" Spot="1" />
 <COLOR RGB="#f5e1bd" NAME="Alligator 4015" Spot="1" />
 <COLOR RGB="#f7e8cc" NAME="Alligator 4016" Spot="1" />
 <COLOR RGB="#f6ebd5" NAME="Alligator 4017" Spot="1" />
 <COLOR RGB="#b67b4b" NAME="Alligator 4018" Spot="1" />
 <COLOR RGB="#d4a178" NAME="Alligator 4019" Spot="1" />
 <COLOR RGB="#e2bb96" NAME="Alligator 4020" Spot="1" />
 <COLOR RGB="#e8caad" NAME="Alligator 4021" Spot="1" />
 <COLOR RGB="#ecd5bd" NAME="Alligator 4022" Spot="1" />
 <COLOR RGB="#efe1d1" NAME="Alligator 4023" Spot="1" />
 <COLOR RGB="#a76a53" NAME="Alligator 4024" Spot="1" />
 <COLOR RGB="#c0886e" NAME="Alligator 4025" Spot="1" />
 <COLOR RGB="#d9ae96" NAME="Alligator 4026" Spot="1" />
 <COLOR RGB="#e1bea9" NAME="Alligator 4027" Spot="1" />
 <COLOR RGB="#efd8c9" NAME="Alligator 4028" Spot="1" />
 <COLOR RGB="#ebe0d5" NAME="Alligator 4029" Spot="1" />
 <COLOR RGB="#915c4d" NAME="Alligator 4030" Spot="1" />
 <COLOR RGB="#af8274" NAME="Alligator 4031" Spot="1" />
 <COLOR RGB="#cfaca3" NAME="Alligator 4032" Spot="1" />
 <COLOR RGB="#d7bcb5" NAME="Alligator 4033" Spot="1" />
 <COLOR RGB="#e5cec9" NAME="Alligator 4034" Spot="1" />
 <COLOR RGB="#e9d8d3" NAME="Alligator 4035" Spot="1" />
 <COLOR RGB="#78534d" NAME="Alligator 4036" Spot="1" />
 <COLOR RGB="#92716c" NAME="Alligator 4037" Spot="1" />
 <COLOR RGB="#c7b0ad" NAME="Alligator 4038" Spot="1" />
 <COLOR RGB="#d7cbc3" NAME="Alligator 4039" Spot="1" />
 <COLOR RGB="#e1d7cd" NAME="Alligator 4040" Spot="1" />
 <COLOR RGB="#eae1da" NAME="Alligator 4041" Spot="1" />
 <COLOR RGB="#95765e" NAME="Alligator 4042" Spot="1" />
 <COLOR RGB="#c3a892" NAME="Alligator 4043" Spot="1" />
 <COLOR RGB="#e2d4c5" NAME="Alligator 4044" Spot="1" />
 <COLOR RGB="#eee4d7" NAME="Alligator 4045" Spot="1" />
 <COLOR RGB="#efe8de" NAME="Alligator 4046" Spot="1" />
 <COLOR RGB="#f7f1e8" NAME="Alligator 4047" Spot="1" />
 <COLOR RGB="#8f6855" NAME="Alligator 4048" Spot="1" />
 <COLOR RGB="#a6826e" NAME="Alligator 4049" Spot="1" />
 <COLOR RGB="#d8bdad" NAME="Alligator 4050" Spot="1" />
 <COLOR RGB="#e2cec2" NAME="Alligator 4051" Spot="1" />
 <COLOR RGB="#eadacd" NAME="Alligator 4052" Spot="1" />
 <COLOR RGB="#e8ded4" NAME="Alligator 4053" Spot="1" />
 <COLOR RGB="#77574b" NAME="Alligator 4054" Spot="1" />
 <COLOR RGB="#bfaea6" NAME="Alligator 4055" Spot="1" />
 <COLOR RGB="#c9b9b4" NAME="Alligator 4056" Spot="1" />
 <COLOR RGB="#d7ccc5" NAME="Alligator 4057" Spot="1" />
 <COLOR RGB="#e5ded7" NAME="Alligator 4058" Spot="1" />
 <COLOR RGB="#eee7df" NAME="Alligator 4059" Spot="1" />
 <COLOR RGB="#624d47" NAME="Alligator 4060" Spot="1" />
 <COLOR RGB="#a79896" NAME="Alligator 4061" Spot="1" />
 <COLOR RGB="#baadaa" NAME="Alligator 4062" Spot="1" />
 <COLOR RGB="#cac0bd" NAME="Alligator 4063" Spot="1" />
 <COLOR RGB="#dad3d0" NAME="Alligator 4064" Spot="1" />
 <COLOR RGB="#e1dbd8" NAME="Alligator 4065" Spot="1" />
 <COLOR RGB="#846849" NAME="Alligator 4066" Spot="1" />
 <COLOR RGB="#a98d6f" NAME="Alligator 4067" Spot="1" />
 <COLOR RGB="#cdb89d" NAME="Alligator 4068" Spot="1" />
 <COLOR RGB="#e2d2bd" NAME="Alligator 4069" Spot="1" />
 <COLOR RGB="#e9decd" NAME="Alligator 4070" Spot="1" />
 <COLOR RGB="#f1e9db" NAME="Alligator 4071" Spot="1" />
 <COLOR RGB="#9b7b57" NAME="Alligator 4072" Spot="1" />
 <COLOR RGB="#b29a78" NAME="Alligator 4073" Spot="1" />
 <COLOR RGB="#dbc8ab" NAME="Alligator 4074" Spot="1" />
 <COLOR RGB="#e6d7c0" NAME="Alligator 4075" Spot="1" />
 <COLOR RGB="#e6dccb" NAME="Alligator 4076" Spot="1" />
 <COLOR RGB="#f1e8d8" NAME="Alligator 4077" Spot="1" />
 <COLOR RGB="#897060" NAME="Alligator 4078" Spot="1" />
 <COLOR RGB="#9e8778" NAME="Alligator 4079" Spot="1" />
 <COLOR RGB="#cdbeb1" NAME="Alligator 4080" Spot="1" />
 <COLOR RGB="#d7cabe" NAME="Alligator 4081" Spot="1" />
 <COLOR RGB="#dfd4ca" NAME="Alligator 4082" Spot="1" />
 <COLOR RGB="#ebe3da" NAME="Alligator 4083" Spot="1" />
 <COLOR RGB="#7d675b" NAME="Alligator 4084" Spot="1" />
 <COLOR RGB="#afa499" NAME="Alligator 4085" Spot="1" />
 <COLOR RGB="#cec3b6" NAME="Alligator 4086" Spot="1" />
 <COLOR RGB="#e1d8cd" NAME="Alligator 4087" Spot="1" />
 <COLOR RGB="#e3ddd2" NAME="Alligator 4088" Spot="1" />
 <COLOR RGB="#e9e5dc" NAME="Alligator 4089" Spot="1" />
 <COLOR RGB="#68574d" NAME="Alligator 4090" Spot="1" />
 <COLOR RGB="#877a71" NAME="Alligator 4091" Spot="1" />
 <COLOR RGB="#a39890" NAME="Alligator 4092" Spot="1" />
 <COLOR RGB="#c2b9b1" NAME="Alligator 4093" Spot="1" />
 <COLOR RGB="#dbd6ce" NAME="Alligator 4094" Spot="1" />
 <COLOR RGB="#e0ddd6" NAME="Alligator 4095" Spot="1" />
 <COLOR RGB="#6b6057" NAME="Alligator 4096" Spot="1" />
 <COLOR RGB="#988d84" NAME="Alligator 4097" Spot="1" />
 <COLOR RGB="#bcb6b0" NAME="Alligator 4098" Spot="1" />
 <COLOR RGB="#cec8c2" NAME="Alligator 4099" Spot="1" />
 <COLOR RGB="#dcd9d4" NAME="Alligator 4100" Spot="1" />
 <COLOR RGB="#e2e0dc" NAME="Alligator 4101" Spot="1" />
 <COLOR RGB="#978253" NAME="Alligator 4102" Spot="1" />
 <COLOR RGB="#b5a47c" NAME="Alligator 4103" Spot="1" />
 <COLOR RGB="#d9cbac" NAME="Alligator 4104" Spot="1" />
 <COLOR RGB="#e3d8c0" NAME="Alligator 4105" Spot="1" />
 <COLOR RGB="#ece4d1" NAME="Alligator 4106" Spot="1" />
 <COLOR RGB="#eee9da" NAME="Alligator 4107" Spot="1" />
 <COLOR RGB="#8b815d" NAME="Alligator 4108" Spot="1" />
 <COLOR RGB="#a59d7f" NAME="Alligator 4109" Spot="1" />
 <COLOR RGB="#c6bea4" NAME="Alligator 4110" Spot="1" />
 <COLOR RGB="#dfd9c3" NAME="Alligator 4111" Spot="1" />
 <COLOR RGB="#dcd8c9" NAME="Alligator 4112" Spot="1" />
 <COLOR RGB="#e9e6da" NAME="Alligator 4113" Spot="1" />
 <COLOR RGB="#635d45" NAME="Alligator 4114" Spot="1" />
 <COLOR RGB="#8f8975" NAME="Alligator 4115" Spot="1" />
 <COLOR RGB="#b7b4a8" NAME="Alligator 4116" Spot="1" />
 <COLOR RGB="#d5d2c9" NAME="Alligator 4117" Spot="1" />
 <COLOR RGB="#dfdcd3" NAME="Alligator 4118" Spot="1" />
 <COLOR RGB="#e9e7df" NAME="Alligator 4119" Spot="1" />
 <COLOR RGB="#818d6d" NAME="Alligator 4120" Spot="1" />
 <COLOR RGB="#94a681" NAME="Alligator 4121" Spot="1" />
 <COLOR RGB="#bfc3ae" NAME="Alligator 4122" Spot="1" />
 <COLOR RGB="#cdd1c0" NAME="Alligator 4123" Spot="1" />
 <COLOR RGB="#e3e6da" NAME="Alligator 4124" Spot="1" />
 <COLOR RGB="#eaebe1" NAME="Alligator 4125" Spot="1" />
 <COLOR RGB="#707253" NAME="Alligator 4126" Spot="1" />
 <COLOR RGB="#969778" NAME="Alligator 4127" Spot="1" />
 <COLOR RGB="#c8c8b3" NAME="Alligator 4128" Spot="1" />
 <COLOR RGB="#d5d7c8" NAME="Alligator 4129" Spot="1" />
 <COLOR RGB="#e1e1d5" NAME="Alligator 4130" Spot="1" />
 <COLOR RGB="#e9e8dd" NAME="Alligator 4131" Spot="1" />
 <COLOR RGB="#627265" NAME="Alligator 4132" Spot="1" />
 <COLOR RGB="#8a998c" NAME="Alligator 4133" Spot="1" />
 <COLOR RGB="#a9b4aa" NAME="Alligator 4134" Spot="1" />
 <COLOR RGB="#ced5ce" NAME="Alligator 4135" Spot="1" />
 <COLOR RGB="#d6dbd5" NAME="Alligator 4136" Spot="1" />
 <COLOR RGB="#e5e8e1" NAME="Alligator 4137" Spot="1" />
 <COLOR RGB="#535b50" NAME="Alligator 4138" Spot="1" />
 <COLOR RGB="#adb7b5" NAME="Alligator 4139" Spot="1" />
 <COLOR RGB="#c1c8c6" NAME="Alligator 4140" Spot="1" />
 <COLOR RGB="#d0d6d4" NAME="Alligator 4141" Spot="1" />
 <COLOR RGB="#dbdfdb" NAME="Alligator 4142" Spot="1" />
 <COLOR RGB="#e5e7e2" NAME="Alligator 4143" Spot="1" />
 <COLOR RGB="#62928b" NAME="Alligator 4144" Spot="1" />
 <COLOR RGB="#8ab1ad" NAME="Alligator 4145" Spot="1" />
 <COLOR RGB="#c1d7d5" NAME="Alligator 4146" Spot="1" />
 <COLOR RGB="#cfe0dd" NAME="Alligator 4147" Spot="1" />
 <COLOR RGB="#e4ede8" NAME="Alligator 4148" Spot="1" />
 <COLOR RGB="#e4e9e5" NAME="Alligator 4149" Spot="1" />
 <COLOR RGB="#667e82" NAME="Alligator 4150" Spot="1" />
 <COLOR RGB="#8aa0a6" NAME="Alligator 4151" Spot="1" />
 <COLOR RGB="#a5b8be" NAME="Alligator 4152" Spot="1" />
 <COLOR RGB="#bfcfd2" NAME="Alligator 4153" Spot="1" />
 <COLOR RGB="#cdd9db" NAME="Alligator 4154" Spot="1" />
 <COLOR RGB="#d7e1e1" NAME="Alligator 4155" Spot="1" />
 <COLOR RGB="#50616a" NAME="Alligator 4156" Spot="1" />
 <COLOR RGB="#7a8992" NAME="Alligator 4157" Spot="1" />
 <COLOR RGB="#a4b3bb" NAME="Alligator 4158" Spot="1" />
 <COLOR RGB="#b6c4ca" NAME="Alligator 4159" Spot="1" />
 <COLOR RGB="#d0d7d6" NAME="Alligator 4160" Spot="1" />
 <COLOR RGB="#dfe3e2" NAME="Alligator 4161" Spot="1" />
 <COLOR RGB="#4e6f7e" NAME="Alligator 4162" Spot="1" />
 <COLOR RGB="#7a9aaa" NAME="Alligator 4163" Spot="1" />
 <COLOR RGB="#a8c2cc" NAME="Alligator 4164" Spot="1" />
 <COLOR RGB="#c9d7db" NAME="Alligator 4165" Spot="1" />
 <COLOR RGB="#d7e1e3" NAME="Alligator 4166" Spot="1" />
 <COLOR RGB="#e3e7e6" NAME="Alligator 4167" Spot="1" />
 <COLOR RGB="#62594d" NAME="Alligator 4168" Spot="1" />
 <COLOR RGB="#948e85" NAME="Alligator 4169" Spot="1" />
 <COLOR RGB="#b9b4ae" NAME="Alligator 4170" Spot="1" />
 <COLOR RGB="#d4d1cd" NAME="Alligator 4171" Spot="1" />
 <COLOR RGB="#dfddd6" NAME="Alligator 4172" Spot="1" />
 <COLOR RGB="#e9e6e0" NAME="Alligator 4173" Spot="1" />
 <COLOR RGB="#58544a" NAME="Alligator 4174" Spot="1" />
 <COLOR RGB="#82827c" NAME="Alligator 4175" Spot="1" />
 <COLOR RGB="#b1b2af" NAME="Alligator 4176" Spot="1" />
 <COLOR RGB="#cbccc9" NAME="Alligator 4177" Spot="1" />
 <COLOR RGB="#dbdeda" NAME="Alligator 4178" Spot="1" />
 <COLOR RGB="#e0e3de" NAME="Alligator 4179" Spot="1" />
 <COLOR RGB="#737265" NAME="Alligator 4180" Spot="1" />
 <COLOR RGB="#95968c" NAME="Alligator 4181" Spot="1" />
 <COLOR RGB="#b8b8b1" NAME="Alligator 4182" Spot="1" />
 <COLOR RGB="#c6c5be" NAME="Alligator 4183" Spot="1" />
 <COLOR RGB="#d9d7d1" NAME="Alligator 4184" Spot="1" />
 <COLOR RGB="#eae8e0" NAME="Alligator 4185" Spot="1" />
 <COLOR RGB="#625a5c" NAME="Alligator 4186" Spot="1" />
 <COLOR RGB="#a6a7ab" NAME="Alligator 4187" Spot="1" />
 <COLOR RGB="#b6b8ba" NAME="Alligator 4188" Spot="1" />
 <COLOR RGB="#cecfd0" NAME="Alligator 4189" Spot="1" />
 <COLOR RGB="#d4d5d4" NAME="Alligator 4190" Spot="1" />
 <COLOR RGB="#e0dfdc" NAME="Alligator 4191" Spot="1" />
 <COLOR RGB="#504e4f" NAME="Alligator 4192" Spot="1" />
 <COLOR RGB="#a4a4a5" NAME="Alligator 4193" Spot="1" />
 <COLOR RGB="#b7b8b7" NAME="Alligator 4194" Spot="1" />
 <COLOR RGB="#c7c9c8" NAME="Alligator 4195" Spot="1" />
 <COLOR RGB="#d5d3d0" NAME="Alligator 4196" Spot="1" />
 <COLOR RGB="#dbdad8" NAME="Alligator 4197" Spot="1" />
 <COLOR RGB="#efe9dd" NAME="Alligator Altweiss" Spot="1" />
 <COLOR RGB="#634b45" NAME="Alligator Braun" Spot="1" />
 <COLOR RGB="#ead77a" NAME="Alligator Echtgelb" Spot="1" />
 <COLOR RGB="#f0dbbd" NAME="Alligator Elfenbein" Spot="1" />
 <COLOR RGB="#ece479" NAME="Alligator Gelb" Spot="1" />
 <COLOR RGB="#5a7650" NAME="Alligator Gruen" Spot="1" />
 <COLOR RGB="#007ca1" NAME="Alligator Kobaltblau" Spot="1" />
 <COLOR RGB="#3792b6" NAME="Alligator Konstantblau" Spot="1" />
 <COLOR RGB="#698458" NAME="Alligator Konstantgruen" Spot="1" />
 <COLOR RGB="#c68d3e" NAME="Alligator Ocker-1" Spot="1" />
 <COLOR RGB="#dda650" NAME="Alligator Ocker-2" Spot="1" />
 <COLOR RGB="#765641" NAME="Alligator Oxidbraun-1" Spot="1" />
 <COLOR RGB="#8e7260" NAME="Alligator Oxidbraun-2" Spot="1" />
 <COLOR RGB="#834239" NAME="Alligator Oxidrot-1" Spot="1" />
 <COLOR RGB="#9d574e" NAME="Alligator Oxidrot-2" Spot="1" />
 <COLOR RGB="#555353" NAME="Alligator Oxidschwarz" Spot="1" />
 <COLOR RGB="#3a393b" NAME="Alligator Schwarz" Spot="1" />
 <COLOR RGB="#af664e" NAME="Alligator Terracotta" Spot="1" />
 <COLOR RGB="#6a5b3e" NAME="Alligator Umbra" Spot="1" />
 <COLOR RGB="#73694c" NAME="Alligator Umbragruen" Spot="1" />
</SCRIBUSCOLORS>