<?xml version="1.0" encoding="UTF-8"?>
<SCRIBUSCOLORS Name="Alligator Collection 5000plus">
 <COLOR RGB="#9b5d58" NAME="Korall 135" Spot="1" />
 <COLOR RGB="#a07772" NAME="Korall 70" Spot="1" />
 <COLOR RGB="#8d5f5b" NAME="Korall 115" Spot="1" />
 <COLOR RGB="#7d5653" NAME="Korall 105" Spot="1" />
 <COLOR RGB="#947875" NAME="Korall 65" Spot="1" />
 <COLOR RGB="#745c5b" NAME="Korall 110" Spot="1" />
 <COLOR RGB="#554343" NAME="Korall 95" Spot="1" />
 <COLOR RGB="#e2d7d3" NAME="Korall 20" Spot="1" />
 <COLOR RGB="#cfbfba" NAME="Korall 45" Spot="1" />
 <COLOR RGB="#b6a4a1" NAME="Korall 35" Spot="1" />
 <COLOR RGB="#dacdc9" NAME="Korall 15" Spot="1" />
 <COLOR RGB="#b5aaa8" NAME="Korall 10" Spot="1" />
 <COLOR RGB="#a0908d" NAME="Korall 5" Spot="1" />
 <COLOR RGB="#cfa19c" NAME="Bordeaux 55" Spot="1" />
 <COLOR RGB="#af7269" NAME="Bordeaux 45" Spot="1" />
 <COLOR RGB="#ad6a63" NAME="Bordeaux 73" Spot="1" />
 <COLOR RGB="#e9c4bc" NAME="Bordeaux 60" Spot="1" />
 <COLOR RGB="#b78178" NAME="Bordeaux 50" Spot="1" />
 <COLOR RGB="#7e514b" NAME="Bordeaux 35" Spot="1" />
 <COLOR RGB="#bda7a1" NAME="Bordeaux 15" Spot="1" />
 <COLOR RGB="#b99891" NAME="Bordeaux 10" Spot="1" />
 <COLOR RGB="#a88b85" NAME="Bordeaux 5" Spot="1" />
 <COLOR RGB="#a15545" NAME="Cameo 125" Spot="1" />
 <COLOR RGB="#c57f6e" NAME="Cameo 135" Spot="1" />
 <COLOR RGB="#aa685b" NAME="Cameo 130" Spot="1" />
 <COLOR RGB="#8a5649" NAME="Cameo 95" Spot="1" />
 <COLOR RGB="#cbb6af" NAME="Cameo 50" Spot="1" />
 <COLOR RGB="#aa8a81" NAME="Cameo 70" Spot="1" />
 <COLOR RGB="#906f66" NAME="Cameo 65" Spot="1" />
 <COLOR RGB="#ddd1ca" NAME="Cameo 20" Spot="1" />
 <COLOR RGB="#a5928c" NAME="Cameo 40" Spot="1" />
 <COLOR RGB="#85726e" NAME="Cameo 35" Spot="1" />
 <COLOR RGB="#cec7c3" NAME="Cameo 15" Spot="1" />
 <COLOR RGB="#b8ada9" NAME="Cameo 10" Spot="1" />
 <COLOR RGB="#9a8c88" NAME="Cameo 5" Spot="1" />
 <COLOR RGB="#ba654b" NAME="Lachs 100" Spot="1" />
 <COLOR RGB="#d58d6e" NAME="Lachs 75" Spot="1" />
 <COLOR RGB="#cd8063" NAME="Lachs 70" Spot="1" />
 <COLOR RGB="#a86751" NAME="Lachs 65" Spot="1" />
 <COLOR RGB="#d6b4a6" NAME="Lachs 10" Spot="1" />
 <COLOR RGB="#dba693" NAME="Lachs 50" Spot="1" />
 <COLOR RGB="#b7826f" NAME="Lachs 35" Spot="1" />
 <COLOR RGB="#fae7db" NAME="Lachs 30" Spot="1" />
 <COLOR RGB="#efd2c5" NAME="Lachs 20" Spot="1" />
 <COLOR RGB="#cca597" NAME="Lachs 45" Spot="1" />
 <COLOR RGB="#c66c46" NAME="Aprico 125" Spot="1" />
 <COLOR RGB="#e19d7c" NAME="Aprico 110" Spot="1" />
 <COLOR RGB="#d18e6f" NAME="Aprico 100" Spot="1" />
 <COLOR RGB="#c87f5f" NAME="Aprico 135" Spot="1" />
 <COLOR RGB="#eed1c4" NAME="Aprico 55" Spot="1" />
 <COLOR RGB="#e3b098" NAME="Aprico 75" Spot="1" />
 <COLOR RGB="#c3917a" NAME="Aprico 105" Spot="1" />
 <COLOR RGB="#fbe3d4" NAME="Aprico 60" Spot="1" />
 <COLOR RGB="#e2c5b7" NAME="Aprico 50" Spot="1" />
 <COLOR RGB="#bb9887" NAME="Aprico 70" Spot="1" />
 <COLOR RGB="#e0d5cd" NAME="Aprico 20" Spot="1" />
 <COLOR RGB="#d5c8bf" NAME="Aprico 15" Spot="1" />
 <COLOR RGB="#c0a99f" NAME="Aprico 10" Spot="1" />
 <COLOR RGB="#ede6de" NAME="Aprico 25" Spot="1" />
 <COLOR RGB="#e9bdaa" NAME="Aprico 80" Spot="1" />
 <COLOR RGB="#dab4a5" NAME="Aprico 45" Spot="1" />
 <COLOR RGB="#c48246" NAME="Siena 155" Spot="1" />
 <COLOR RGB="#eaad7c" NAME="Siena 165" Spot="1" />
 <COLOR RGB="#dfaf85" NAME="Siena 135" Spot="1" />
 <COLOR RGB="#c4976d" NAME="Siena 130" Spot="1" />
 <COLOR RGB="#e6d4c2" NAME="Siena 55" Spot="1" />
 <COLOR RGB="#e5cab3" NAME="Siena 90" Spot="1" />
 <COLOR RGB="#d0b7a1" NAME="Siena 85" Spot="1" />
 <COLOR RGB="#dacdc0" NAME="Siena 50" Spot="1" />
 <COLOR RGB="#c3b0a1" NAME="Siena 45" Spot="1" />
 <COLOR RGB="#a99483" NAME="Siena 40" Spot="1" />
 <COLOR RGB="#c4bab2" NAME="Siena 20" Spot="1" />
 <COLOR RGB="#a89c92" NAME="Siena 15" Spot="1" />
 <COLOR RGB="#928478" NAME="Siena 10" Spot="1" />
 <COLOR RGB="#e7993b" NAME="Onyx 220" Spot="1" />
 <COLOR RGB="#f9cca1" NAME="Onyx 175" Spot="1" />
 <COLOR RGB="#f0be88" NAME="Onyx 170" Spot="1" />
 <COLOR RGB="#db9d5b" NAME="Onyx 185" Spot="1" />
 <COLOR RGB="#f6e9d9" NAME="Onyx 90" Spot="1" />
 <COLOR RGB="#dfccb7" NAME="Onyx 75" Spot="1" />
 <COLOR RGB="#f6dabb" NAME="Onyx 183" Spot="1" />
 <COLOR RGB="#e0c3a6" NAME="Onyx 110" Spot="1" />
 <COLOR RGB="#d6b491" NAME="Onyx 105" Spot="1" />
 <COLOR RGB="#bb9673" NAME="Onyx 125" Spot="1" />
 <COLOR RGB="#d0c0b0" NAME="Onyx 70" Spot="1" />
 <COLOR RGB="#b29981" NAME="Onyx 65" Spot="1" />
 <COLOR RGB="#98826b" NAME="Onyx 95" Spot="1" />
 <COLOR RGB="#e7a837" NAME="Mais 0" Spot="1" />
 <COLOR RGB="#f9e19d" NAME="Mais 14" Spot="1" />
 <COLOR RGB="#f7d681" NAME="Mais 13" Spot="1" />
 <COLOR RGB="#f2c55e" NAME="Mais 12" Spot="1" />
 <COLOR RGB="#f6f1d9" NAME="Mais 18" Spot="1" />
 <COLOR RGB="#f8ebc3" NAME="Mais 16" Spot="1" />
 <COLOR RGB="#f8e8b4" NAME="Mais 15" Spot="1" />
 <COLOR RGB="#ad8a5e" NAME="Caramel 94" Spot="1" />
 <COLOR RGB="#f9f0e2" NAME="Caramel 90" Spot="1" />
 <COLOR RGB="#f6d8b0" NAME="Caramel 123" Spot="1" />
 <COLOR RGB="#f6cf9c" NAME="Caramel 110" Spot="1" />
 <COLOR RGB="#f2e3ce" NAME="Caramel 85" Spot="1" />
 <COLOR RGB="#ebd5bb" NAME="Caramel 75" Spot="1" />
 <COLOR RGB="#d0b491" NAME="Caramel 65" Spot="1" />
 <COLOR RGB="#997a4a" NAME="Palazzo 245 " Spot="1" />
 <COLOR RGB="#ecbf74" NAME="Palazzo 295" Spot="1" />
 <COLOR RGB="#cfa34f" NAME="Palazzo 285" Spot="1" />
 <COLOR RGB="#b48740" NAME="Palazzo 305" Spot="1" />
 <COLOR RGB="#dfba7f" NAME="Palazzo 260" Spot="1" />
 <COLOR RGB="#d2aa66" NAME="Palazzo 255" Spot="1" />
 <COLOR RGB="#b28b49" NAME="Palazzo 250" Spot="1" />
 <COLOR RGB="#f5ce8e" NAME="Palazzo 265" Spot="1" />
 <COLOR RGB="#ddac5b" NAME="Palazzo 290" Spot="1" />
 <COLOR RGB="#d3b689" NAME="Palazzo 225" Spot="1" />
 <COLOR RGB="#f8eeda" NAME="Palazzo 240" Spot="1" />
 <COLOR RGB="#fbdeb2" NAME="Palazzo 235" Spot="1" />
 <COLOR RGB="#f4d29f" NAME="Palazzo 230" Spot="1" />
 <COLOR RGB="#f6e7cf" NAME="Palazzo 180" Spot="1" />
 <COLOR RGB="#e8d3b3" NAME="Palazzo 175" Spot="1" />
 <COLOR RGB="#e1c49c" NAME="Palazzo 205" Spot="1" />
 <COLOR RGB="#cebc9e" NAME="Palazzo 170" Spot="1" />
 <COLOR RGB="#c4ad8a" NAME="Palazzo 200" Spot="1" />
 <COLOR RGB="#937c57" NAME="Palazzo 190" Spot="1" />
 <COLOR RGB="#ddccb3" NAME="Palazzo 150" Spot="1" />
 <COLOR RGB="#c6b8a3" NAME="Palazzo 145" Spot="1" />
 <COLOR RGB="#8e7f6a" NAME="Palazzo 135" Spot="1" />
 <COLOR RGB="#c6bcaf" NAME="Palazzo 85" Spot="1" />
 <COLOR RGB="#b7aea0" NAME="Palazzo 110" Spot="1" />
 <COLOR RGB="#968b7b" NAME="Palazzo 100" Spot="1" />
 <COLOR RGB="#d2ccc0" NAME="Palazzo 50" Spot="1" />
 <COLOR RGB="#b0aaa2" NAME="Palazzo 40" Spot="1" />
 <COLOR RGB="#827c73" NAME="Palazzo 75" Spot="1" />
 <COLOR RGB="#a58a4a" NAME="Ginster 94" Spot="1" />
 <COLOR RGB="#f4ddae" NAME="Ginster 115" Spot="1" />
 <COLOR RGB="#efd291" NAME="Ginster 110" Spot="1" />
 <COLOR RGB="#e6c480" NAME="Ginster 100" Spot="1" />
 <COLOR RGB="#f9e7c0" NAME="Ginster 120" Spot="1" />
 <COLOR RGB="#f5d08b" NAME="Ginster 105" Spot="1" />
 <COLOR RGB="#d9bf8c" NAME="Ginster 95" Spot="1" />
 <COLOR RGB="#f0e4cc" NAME="Ginster 60" Spot="1" />
 <COLOR RGB="#decda8" NAME="Ginster 80" Spot="1" />
 <COLOR RGB="#c1ab81" NAME="Ginster 70" Spot="1" />
 <COLOR RGB="#d4c7ae" NAME="Ginster 50" Spot="1" />
 <COLOR RGB="#b5aa91" NAME="Ginster 45" Spot="1" />
 <COLOR RGB="#8b7b62" NAME="Ginster 35" Spot="1" />
 <COLOR RGB="#cbc4b6" NAME="Ginster 15" Spot="1" />
 <COLOR RGB="#b2a895" NAME="Ginster 5" Spot="1" />
 <COLOR RGB="#998d75" NAME="Ginster 40" Spot="1" />
 <COLOR RGB="#eed591" NAME="Curry 110" Spot="1" />
 <COLOR RGB="#f4e9ce" NAME="Curry 55" Spot="1" />
 <COLOR RGB="#f8e9be" NAME="Curry 85" Spot="1" />
 <COLOR RGB="#f8e5ad" NAME="Curry 120" Spot="1" />
 <COLOR RGB="#eedcae" NAME="Curry 80" Spot="1" />
 <COLOR RGB="#dbca9d" NAME="Curry 45" Spot="1" />
 <COLOR RGB="#c0af80" NAME="Curry 40" Spot="1" />
 <COLOR RGB="#dcd5c2" NAME="Curry 15" Spot="1" />
 <COLOR RGB="#cdc4aa" NAME="Curry 10" Spot="1" />
 <COLOR RGB="#beb295" NAME="Curry 5" Spot="1" />
 <COLOR RGB="#7d7860" NAME="Melisse 32" Spot="1" />
 <COLOR RGB="#f7efd0" NAME="Melisse 90" Spot="1" />
 <COLOR RGB="#ddcf99" NAME="Melisse 80" Spot="1" />
 <COLOR RGB="#b9aa77" NAME="Melisse 75" Spot="1" />
 <COLOR RGB="#f5eed8" NAME="Melisse 30" Spot="1" />
 <COLOR RGB="#f6edbf" NAME="Melisse 120" Spot="1" />
 <COLOR RGB="#f7e9b1" NAME="Melisse 85" Spot="1" />
 <COLOR RGB="#e8e0c6" NAME="Melisse 50" Spot="1" />
 <COLOR RGB="#d0c9ae" NAME="Melisse 40" Spot="1" />
 <COLOR RGB="#b7ad8c" NAME="Melisse 35" Spot="1" />
 <COLOR RGB="#7a5948" NAME="Marone 0" Spot="1" />
 <COLOR RGB="#d3b8a0" NAME="Marone 14" Spot="1" />
 <COLOR RGB="#c4a388" NAME="Marone 13" Spot="1" />
 <COLOR RGB="#ab856b" NAME="Marone 12" Spot="1" />
 <COLOR RGB="#f1e6da" NAME="Marone 18" Spot="1" />
 <COLOR RGB="#e8d6c6" NAME="Marone 16" Spot="1" />
 <COLOR RGB="#e0cab6" NAME="Marone 15" Spot="1" />
 <COLOR RGB="#705b4b" NAME="Nutria 0" Spot="1" />
 <COLOR RGB="#cbb69f" NAME="Nutria 14" Spot="1" />
 <COLOR RGB="#b9a087" NAME="Nutria 13" Spot="1" />
 <COLOR RGB="#9e846c" NAME="Nutria 12" Spot="1" />
 <COLOR RGB="#ede6da" NAME="Nutria 18" Spot="1" />
 <COLOR RGB="#e2d6c6" NAME="Nutria 16" Spot="1" />
 <COLOR RGB="#d8c8b4" NAME="Nutria 15" Spot="1" />
 <COLOR RGB="#976649" NAME="Terra 0" Spot="1" />
 <COLOR RGB="#e2b793" NAME="Terra 14" Spot="1" />
 <COLOR RGB="#d3a279" NAME="Terra 13" Spot="1" />
 <COLOR RGB="#bf875c" NAME="Terra 12" Spot="1" />
 <COLOR RGB="#f4e4d4" NAME="Terra 18" Spot="1" />
 <COLOR RGB="#efd5bc" NAME="Terra 16" Spot="1" />
 <COLOR RGB="#e8c6a7" NAME="Terra 15" Spot="1" />
 <COLOR RGB="#846145" NAME="Havanna 0" Spot="1" />
 <COLOR RGB="#d5b895" NAME="Havanna 14" Spot="1" />
 <COLOR RGB="#c8a681" NAME="Havanna 13" Spot="1" />
 <COLOR RGB="#ad8762" NAME="Havanna 12" Spot="1" />
 <COLOR RGB="#f1e6d6" NAME="Havanna 18" Spot="1" />
 <COLOR RGB="#ead7c1" NAME="Havanna 16" Spot="1" />
 <COLOR RGB="#e3caad" NAME="Havanna 15" Spot="1" />
 <COLOR RGB="#736453" NAME="Muskat 0" Spot="1" />
 <COLOR RGB="#d2c4ad" NAME="Muskat 14" Spot="1" />
 <COLOR RGB="#c2b196" NAME="Muskat 13" Spot="1" />
 <COLOR RGB="#a19076" NAME="Muskat 12" Spot="1" />
 <COLOR RGB="#f2ece0" NAME="Muskat 18" Spot="1" />
 <COLOR RGB="#e8dfcf" NAME="Muskat 16" Spot="1" />
 <COLOR RGB="#ded4c0" NAME="Muskat 15" Spot="1" />
 <COLOR RGB="#767662" NAME="Jade 62" Spot="1" />
 <COLOR RGB="#cfd1b1" NAME="Jade 80" Spot="1" />
 <COLOR RGB="#bcbda3" NAME="Jade 75" Spot="1" />
 <COLOR RGB="#a0a47e" NAME="Jade 100" Spot="1" />
 <COLOR RGB="#e1e0c5" NAME="Jade 85" Spot="1" />
 <COLOR RGB="#d6daa9" NAME="Jade 110" Spot="1" />
 <COLOR RGB="#b9be8d" NAME="Jade 105" Spot="1" />
 <COLOR RGB="#eeedd6" NAME="Jade 90" Spot="1" />
 <COLOR RGB="#e1e8a3" NAME="Jade 120" Spot="1" />
 <COLOR RGB="#dae1aa" NAME="Jade 115" Spot="1" />
 <COLOR RGB="#e0ddd5" NAME="Jade 25" Spot="1" />
 <COLOR RGB="#cbcac1" NAME="Jade 50" Spot="1" />
 <COLOR RGB="#b0b0a9" NAME="Jade 5" Spot="1" />
 <COLOR RGB="#6c765d" NAME="Moos 62" Spot="1" />
 <COLOR RGB="#e5edcf" NAME="Moos 120" Spot="1" />
 <COLOR RGB="#dfe8c3" NAME="Moss 115" Spot="1" />
 <COLOR RGB="#c2cf9d" NAME="Moos 110" Spot="1" />
 <COLOR RGB="#ebecd8" NAME="Moos 90" Spot="1" />
 <COLOR RGB="#dddfcf" NAME="Moos 60" Spot="1" />
 <COLOR RGB="#d3d9bf" NAME="Moos 85" Spot="1" />
 <COLOR RGB="#bebfb2" NAME="Moos 50" Spot="1" />
 <COLOR RGB="#a7aa9c" NAME="Moos 40" Spot="1" />
 <COLOR RGB="#959a86" NAME="Moos 35" Spot="1" />
 <COLOR RGB="#d0d0c7" NAME="Moos 55" Spot="1" />
 <COLOR RGB="#b9b9b2" NAME="Moos 45" Spot="1" />
 <COLOR RGB="#a6a6a2" NAME="Moos 20" Spot="1" />
 <COLOR RGB="#68765c" NAME="Oase 44" Spot="1" />
 <COLOR RGB="#d1d9c8" NAME="Oase 85" Spot="1" />
 <COLOR RGB="#afc39d" NAME="Oase 115" Spot="1" />
 <COLOR RGB="#909f81" NAME="Oase 75" Spot="1" />
 <COLOR RGB="#eaece0" NAME="Oase 60" Spot="1" />
 <COLOR RGB="#b4c0a7" NAME="Oase 50" Spot="1" />
 <COLOR RGB="#788368" NAME="Oase 45" Spot="1" />
 <COLOR RGB="#c5cbbf" NAME="Oase 20" Spot="1" />
 <COLOR RGB="#a8afa1" NAME="Oase 15" Spot="1" />
 <COLOR RGB="#87907f" NAME="Oase 5" Spot="1" />
 <COLOR RGB="#597263" NAME="Mint 33" Spot="1" />
 <COLOR RGB="#bbcbbe" NAME="Mint 55" Spot="1" />
 <COLOR RGB="#a3b5ab" NAME="Mint 50" Spot="1" />
 <COLOR RGB="#8aa390" NAME="Mint 45" Spot="1" />
 <COLOR RGB="#c2c9c0" NAME="Mint 15" Spot="1" />
 <COLOR RGB="#a2aaa4" NAME="Mint 10" Spot="1" />
 <COLOR RGB="#8c938c" NAME="Mint 5" Spot="1" />
 <COLOR RGB="#526d6e" NAME="Verona 63" Spot="1" />
 <COLOR RGB="#cad8d3" NAME="Verona 85" Spot="1" />
 <COLOR RGB="#a4b2af" NAME="Verona 80" Spot="1" />
 <COLOR RGB="#7e8f8e" NAME="Verona 75" Spot="1" />
 <COLOR RGB="#bdc2bf" NAME="Verona 50" Spot="1" />
 <COLOR RGB="#b0b7b5" NAME="Verona 45" Spot="1" />
 <COLOR RGB="#8c9493" NAME="Verona 40" Spot="1" />
 <COLOR RGB="#ced2cd" NAME="Verona 15" Spot="1" />
 <COLOR RGB="#c7c9c5" NAME="Verona 10" Spot="1" />
 <COLOR RGB="#a9adac" NAME="Verona 5" Spot="1" />
 <COLOR RGB="#465560" NAME="Pacific 34" Spot="1" />
 <COLOR RGB="#8194a1" NAME="Pacific 110" Spot="1" />
 <COLOR RGB="#78868d" NAME="Pacific 45" Spot="1" />
 <COLOR RGB="#647079" NAME="Pacific 40" Spot="1" />
 <COLOR RGB="#becbd0" NAME="Pacific 80" Spot="1" />
 <COLOR RGB="#a3b2ba" NAME="Pacific 75" Spot="1" />
 <COLOR RGB="#9aa5ab" NAME="Pacific 65" Spot="1" />
 <COLOR RGB="#7b97a8" NAME="Pacific 140" Spot="1" />
 <COLOR RGB="#5f7d8f" NAME="Pacific 135" Spot="1" />
 <COLOR RGB="#436070" NAME="Pacific 100" Spot="1" />
 <COLOR RGB="#ced2d2" NAME="Pacific 55" Spot="1" />
 <COLOR RGB="#99b2bf" NAME="Pacific 145" Spot="1" />
 <COLOR RGB="#819aa8" NAME="Pacific 105" Spot="1" />
 <COLOR RGB="#dce5e3" NAME="Pacific 85" Spot="1" />
 <COLOR RGB="#b8cbd3" NAME="Pacific 120" Spot="1" />
 <COLOR RGB="#b0cedc" NAME="Pacific 150" Spot="1" />
 <COLOR RGB="#d8c3c5" NAME="Flamenco 85" Spot="1" />
 <COLOR RGB="#bcafb2" NAME="Flamenco 50" Spot="1" />
 <COLOR RGB="#807878" NAME="Flamenco 5" Spot="1" />
 <COLOR RGB="#ddd6d3" NAME="Flamenco 20" Spot="1" />
 <COLOR RGB="#d0c6c5" NAME="Flamenco 15" Spot="1" />
 <COLOR RGB="#b8adaf" NAME="Flamenco 10" Spot="1" />
 <COLOR RGB="#928b87" NAME="Quarz 5" Spot="1" />
 <COLOR RGB="#827d79" NAME="Quarz 4" Spot="1" />
 <COLOR RGB="#756f6c" NAME="Quarz 2" Spot="1" />
 <COLOR RGB="#d0ccc9" NAME="Quarz 18" Spot="1" />
 <COLOR RGB="#c0bcb9" NAME="Quarz 14" Spot="1" />
 <COLOR RGB="#a9a29f" NAME="Quarz 8" Spot="1" />
 <COLOR RGB="#858078" NAME="Palazzo 35" Spot="1" />
 <COLOR RGB="#6f6a63" NAME="Palazzo 4" Spot="1" />
 <COLOR RGB="#54514e" NAME="Palazzo 2" Spot="1" />
 <COLOR RGB="#dad6d0" NAME="Palazzo 25" Spot="1" />
 <COLOR RGB="#bebbb4" NAME="Palazzo " Spot="1" />
 <COLOR RGB="#a19d98" NAME="Palazzo 5" Spot="1" />
 <COLOR RGB="#84837f" NAME="Jade 3" Spot="1" />
 <COLOR RGB="#706f67" NAME="Jade 2" Spot="1" />
 <COLOR RGB="#4f504c" NAME="Jade 1" Spot="1" />
 <COLOR RGB="#cac8c4" NAME="Jade 14" Spot="1" />
 <COLOR RGB="#bbbab6" NAME="Jade 8" Spot="1" />
 <COLOR RGB="#9f9e9b" NAME="Jade 4" Spot="1" />
 <COLOR RGB="#7e8484" NAME="Petrol 15" Spot="1" />
 <COLOR RGB="#6d7271" NAME="Petrol 10" Spot="1" />
 <COLOR RGB="#505859" NAME="Petrol 5" Spot="1" />
 <COLOR RGB="#bdbcba" NAME="Petrol 30" Spot="1" />
 <COLOR RGB="#a9aaa9" NAME="Petrol 25" Spot="1" />
 <COLOR RGB="#919597" NAME="Petrol 20" Spot="1" />
 <COLOR RGB="#9e9fa0" NAME="Pacific 14" Spot="1" />
 <COLOR RGB="#7c7e80" NAME="Pacific 12" Spot="1" />
 <COLOR RGB="#686a6a" NAME="Pacific 8" Spot="1" />
 <COLOR RGB="#d4d4d2" NAME="Pacific 28" Spot="1" />
 <COLOR RGB="#c0bfbf" NAME="Pacific 24" Spot="1" />
 <COLOR RGB="#afaead" NAME="Pacific 18" Spot="1" />
 <COLOR RGB="#797776" NAME="Grau 5" Spot="1" />
 <COLOR RGB="#6f6d6d" NAME="Grau 35" Spot="1" />
 <COLOR RGB="#525252" NAME="Schwarz-Grau " Spot="1" />
 <COLOR RGB="#c9c7c4" NAME="Grau 20" Spot="1" />
 <COLOR RGB="#aeaca9" NAME="Grau 15" Spot="1" />
 <COLOR RGB="#928f8e" NAME="Grau 10" Spot="1" />
 <COLOR RGB="#dad3c9" NAME="Marill 30" Spot="1" />
 <COLOR RGB="#c2b8ac" NAME="Marill 25" Spot="1" />
 <COLOR RGB="#a99f92" NAME="Marill 20" Spot="1" />
 <COLOR RGB="#fee0b8" NAME="Marill 150" Spot="1" />
 <COLOR RGB="#ffd89d" NAME="Marill 145" Spot="1" />
 <COLOR RGB="#ffcf89" NAME="Marill 140" Spot="1" />
 <COLOR RGB="#ffc66c" NAME="Marill 135" Spot="1" />
 <COLOR RGB="#ffbf54" NAME="Marill 130" Spot="1" />
 <COLOR RGB="#ffb736" NAME="Marill 125" Spot="1" />
 <COLOR RGB="#acd58f" NAME="Oase 150" Spot="1" />
 <COLOR RGB="#8bc667" NAME="Oase 145" Spot="1" />
 <COLOR RGB="#7db754" NAME="Oase 140" Spot="1" />
 <COLOR RGB="#80a668" NAME="Oase 135" Spot="1" />
 <COLOR RGB="#62994a" NAME="Oase 130" Spot="1" />
 <COLOR RGB="#527e44" NAME="Oase 125" Spot="1" />
 <COLOR RGB="#d3e5ee" NAME="Lago 120" Spot="1" />
 <COLOR RGB="#b1cbdd" NAME="Lago 115" Spot="1" />
 <COLOR RGB="#6b95b5" NAME="Lago 105" Spot="1" />
 <COLOR RGB="#d3d4d4" NAME="Lazur 25" Spot="1" />
 <COLOR RGB="#bccbdb" NAME="Lazur 120" Spot="1" />
 <COLOR RGB="#9aafc9" NAME="Lazur 145" Spot="1" />
 <COLOR RGB="#e3e5e8" NAME="Aquarell 115" Spot="1" />
 <COLOR RGB="#cdd4e3" NAME="Aquarell 85" Spot="1" />
 <COLOR RGB="#b6c9e4" NAME="Aquarell 110" Spot="1" />
 <COLOR RGB="#e6e1e3" NAME="Amethyst 90" Spot="1" />
 <COLOR RGB="#cac5cf" NAME="Amethyst 85" Spot="1" />
 <COLOR RGB="#b1abbb" NAME="Amethyst 80" Spot="1" />
 <COLOR RGB="#f2e2df" NAME="Rose 60" Spot="1" />
 <COLOR RGB="#f7dcdc" NAME="Rose 90" Spot="1" />
 <COLOR RGB="#d3b1b7" NAME="Rose 85" Spot="1" />
 <COLOR RGB="#e5e5e0" NAME="Kühl-Weiß" Spot="1" />
 <COLOR RGB="#efede5" NAME="Grau-Weiß" Spot="1" />
 <COLOR RGB="#f4f3eb" NAME="Hell-Weiß" Spot="1" />
 <COLOR RGB="#e9e6dc" NAME="Natur-Weiß" Spot="1" />
 <COLOR RGB="#eae7dc" NAME="Umbra-Weiß" Spot="1" />
 <COLOR RGB="#ebe7df" NAME="Warm-Weiß" Spot="1" />
 <COLOR RGB="#ffd715" NAME="Echtgelb" Spot="1" />
 <COLOR RGB="#d24343" NAME="Echtrot" Spot="1" />
 <COLOR RGB="#34527d" NAME="Echtblau" Spot="1" />
 <COLOR RGB="#bb8144" NAME="Oxidgelb" Spot="1" />
 <COLOR RGB="#8a6a4c" NAME="Mittelbraun" Spot="1" />
 <COLOR RGB="#864a42" NAME="Oxidrot" Spot="1" />
 <COLOR RGB="#5a7250" NAME="Oxidgruen" Spot="1" />
 <COLOR RGB="#684f47" NAME="Braun" Spot="1" />
 <COLOR RGB="#5a4d48" NAME="Dunkelbraun" Spot="1" />
 <COLOR RGB="#faf7ef" NAME="Weiß" Spot="1" />
 <COLOR RGB="#81827d" NAME="Mittelgrau" Spot="1" />
 <COLOR RGB="#3a3a3b" NAME="Schwarz" Spot="1" />
</SCRIBUSCOLORS>