<?xml version="1.0" encoding="UTF-8"?>
<SCRIBUSCOLORS Name="Alligator Silikat">
 <COLOR RGB="#604b47" NAME="Alligator 1 oxidbraun" Spot="1" />
 <COLOR RGB="#80443c" NAME="Alligator 1 oxidrot" Spot="1" />
 <COLOR RGB="#48494a" NAME="Alligator 1 oxidschwarz" Spot="1" />
 <COLOR RGB="#d19642" NAME="Alligator 1 oxidgelb" Spot="1" />
 <COLOR RGB="#655d42" NAME="Alligator 1 umbra" Spot="1" />
 <COLOR RGB="#ede57b" NAME="Alligator 2 konstantgelb" Spot="1" />
 <COLOR RGB="#68865c" NAME="Alligator 2 konstantgruen" Spot="1" />
 <COLOR RGB="#6d9fd0" NAME="Alligator 3 konstantblau" Spot="1" />
 <COLOR RGB="#eee47d" NAME="Alligator 5000-1" Spot="1" />
 <COLOR RGB="#f3e98c" NAME="Alligator 5001-2" Spot="1" />
 <COLOR RGB="#f3eca0" NAME="Alligator 5002-3" Spot="1" />
 <COLOR RGB="#f4f0c2" NAME="Alligator 5003-4" Spot="1" />
 <COLOR RGB="#f5f3da" NAME="Alligator 5004-5" Spot="1" />
 <COLOR RGB="#f3f4e2" NAME="Alligator 5005-6" Spot="1" />
 <COLOR RGB="#d7a14c" NAME="Alligator 5006-1" Spot="1" />
 <COLOR RGB="#ddaa59" NAME="Alligator 5007-2" Spot="1" />
 <COLOR RGB="#e8bd79" NAME="Alligator 5008-3" Spot="1" />
 <COLOR RGB="#f5d6a5" NAME="Alligator 5009-4" Spot="1" />
 <COLOR RGB="#f8e6c5" NAME="Alligator 5010-5" Spot="1" />
 <COLOR RGB="#f8ebd1" NAME="Alligator 5011-6" Spot="1" />
 <COLOR RGB="#cd9441" NAME="Alligator 5012-1" Spot="1" />
 <COLOR RGB="#d49c4a" NAME="Alligator 5013-2" Spot="1" />
 <COLOR RGB="#dfad65" NAME="Alligator 5014-3" Spot="1" />
 <COLOR RGB="#efc992" NAME="Alligator 5015-4" Spot="1" />
 <COLOR RGB="#f5dab2" NAME="Alligator 5016-5" Spot="1" />
 <COLOR RGB="#f6e5c9" NAME="Alligator 5017-6" Spot="1" />
 <COLOR RGB="#945840" NAME="Alligator 5018-1" Spot="1" />
 <COLOR RGB="#9d634c" NAME="Alligator 5019-2" Spot="1" />
 <COLOR RGB="#b07962" NAME="Alligator 5020-3" Spot="1" />
 <COLOR RGB="#cea18f" NAME="Alligator 5021-4" Spot="1" />
 <COLOR RGB="#e3c3b4" NAME="Alligator 5022-5" Spot="1" />
 <COLOR RGB="#efd9cd" NAME="Alligator 5023-6" Spot="1" />
 <COLOR RGB="#81453c" NAME="Alligator 5024-1" Spot="1" />
 <COLOR RGB="#894f48" NAME="Alligator 5025-2" Spot="1" />
 <COLOR RGB="#9d6863" NAME="Alligator 5026-3" Spot="1" />
 <COLOR RGB="#c09593" NAME="Alligator 5027-4" Spot="1" />
 <COLOR RGB="#d9b7b6" NAME="Alligator 5028-5" Spot="1" />
 <COLOR RGB="#e6ceca" NAME="Alligator 5029-6" Spot="1" />
 <COLOR RGB="#935c4d" NAME="Alligator 5030-1" Spot="1" />
 <COLOR RGB="#9f675c" NAME="Alligator 5031-2" Spot="1" />
 <COLOR RGB="#b28177" NAME="Alligator 5032-3" Spot="1" />
 <COLOR RGB="#cfaaa3" NAME="Alligator 5033-4" Spot="1" />
 <COLOR RGB="#e4cbc6" NAME="Alligator 5034-5" Spot="1" />
 <COLOR RGB="#efdcd5" NAME="Alligator 5035-6" Spot="1" />
 <COLOR RGB="#7c5448" NAME="Alligator 5036-1" Spot="1" />
 <COLOR RGB="#8a6156" NAME="Alligator 5037-2" Spot="1" />
 <COLOR RGB="#a17d76" NAME="Alligator 5038-3" Spot="1" />
 <COLOR RGB="#c3a7a1" NAME="Alligator 5039-4" Spot="1" />
 <COLOR RGB="#decac4" NAME="Alligator 5040-5" Spot="1" />
 <COLOR RGB="#e9dad4" NAME="Alligator 5041-6" Spot="1" />
 <COLOR RGB="#71443d" NAME="Alligator 5042-1" Spot="1" />
 <COLOR RGB="#7f544e" NAME="Alligator 5043-2" Spot="1" />
 <COLOR RGB="#966f6c" NAME="Alligator 5044-3" Spot="1" />
 <COLOR RGB="#bc9b9a" NAME="Alligator 5045-4" Spot="1" />
 <COLOR RGB="#dbc5c0" NAME="Alligator 5046-5" Spot="1" />
 <COLOR RGB="#e5d3cd" NAME="Alligator 5047-6" Spot="1" />
 <COLOR RGB="#614b47" NAME="Alligator 5048-1" Spot="1" />
 <COLOR RGB="#725d5c" NAME="Alligator 5049-2" Spot="1" />
 <COLOR RGB="#927f7f" NAME="Alligator 5050-3" Spot="1" />
 <COLOR RGB="#bcadac" NAME="Alligator 5051-4" Spot="1" />
 <COLOR RGB="#d7cdcb" NAME="Alligator 5052-5" Spot="1" />
 <COLOR RGB="#e4dbd8" NAME="Alligator 5053-6" Spot="1" />
 <COLOR RGB="#7d6859" NAME="Alligator 5054-1" Spot="1" />
 <COLOR RGB="#8d7a6d" NAME="Alligator 5055-2" Spot="1" />
 <COLOR RGB="#a6968c" NAME="Alligator 5056-3" Spot="1" />
 <COLOR RGB="#d5c9c1" NAME="Alligator 5057-4" Spot="1" />
 <COLOR RGB="#e3dcd4" NAME="Alligator 5058-5" Spot="1" />
 <COLOR RGB="#e8e2d9" NAME="Alligator 5059-6" Spot="1" />
 <COLOR RGB="#645548" NAME="Alligator 5060-1" Spot="1" />
 <COLOR RGB="#726458" NAME="Alligator 5061-2" Spot="1" />
 <COLOR RGB="#8f8279" NAME="Alligator 5062-3" Spot="1" />
 <COLOR RGB="#b9afa7" NAME="Alligator 5063-4" Spot="1" />
 <COLOR RGB="#d3ccc5" NAME="Alligator 5064-5" Spot="1" />
 <COLOR RGB="#e7e1d9" NAME="Alligator 5065-6" Spot="1" />
 <COLOR RGB="#645d4e" NAME="Alligator 5066-1" Spot="1" />
 <COLOR RGB="#756f62" NAME="Alligator 5067-2" Spot="1" />
 <COLOR RGB="#979188" NAME="Alligator 5068-3" Spot="1" />
 <COLOR RGB="#bdb7b1" NAME="Alligator 5069-4" Spot="1" />
 <COLOR RGB="#dad6d1" NAME="Alligator 5070-5" Spot="1" />
 <COLOR RGB="#e5e1da" NAME="Alligator 5071-6" Spot="1" />
 <COLOR RGB="#686046" NAME="Alligator 5072-1" Spot="1" />
 <COLOR RGB="#756f59" NAME="Alligator 5073-2" Spot="1" />
 <COLOR RGB="#938d7a" NAME="Alligator 5074-3" Spot="1" />
 <COLOR RGB="#bbb8ab" NAME="Alligator 5075-4" Spot="1" />
 <COLOR RGB="#d7d5cb" NAME="Alligator 5076-5" Spot="1" />
 <COLOR RGB="#e2ded6" NAME="Alligator 5077-6" Spot="1" />
 <COLOR RGB="#846647" NAME="Alligator 5078-1" Spot="1" />
 <COLOR RGB="#957654" NAME="Alligator 5079-2" Spot="1" />
 <COLOR RGB="#ab9072" NAME="Alligator 5080-3" Spot="1" />
 <COLOR RGB="#cdb9a1" NAME="Alligator 5081-4" Spot="1" />
 <COLOR RGB="#e2d2be" NAME="Alligator 5082-5" Spot="1" />
 <COLOR RGB="#eaddcd" NAME="Alligator 5083-6" Spot="1" />
 <COLOR RGB="#917c4a" NAME="Alligator 5084-1" Spot="1" />
 <COLOR RGB="#9c885a" NAME="Alligator 5085-2" Spot="1" />
 <COLOR RGB="#b49f74" NAME="Alligator 5086-3" Spot="1" />
 <COLOR RGB="#d0c1a1" NAME="Alligator 5087-4" Spot="1" />
 <COLOR RGB="#e5dac2" NAME="Alligator 5088-5" Spot="1" />
 <COLOR RGB="#efe6d3" NAME="Alligator 5089-6" Spot="1" />
 <COLOR RGB="#958846" NAME="Alligator 5090-1" Spot="1" />
 <COLOR RGB="#a39554" NAME="Alligator 5091-2" Spot="1" />
 <COLOR RGB="#b6a872" NAME="Alligator 5092-3" Spot="1" />
 <COLOR RGB="#d3c9a3" NAME="Alligator 5093-4" Spot="1" />
 <COLOR RGB="#e7dfc3" NAME="Alligator 5094-5" Spot="1" />
 <COLOR RGB="#ede7d3" NAME="Alligator 5095-6" Spot="1" />
 <COLOR RGB="#ab8d50" NAME="Alligator 5096-1" Spot="1" />
 <COLOR RGB="#b79b60" NAME="Alligator 5097-2" Spot="1" />
 <COLOR RGB="#ccb27f" NAME="Alligator 5098-3" Spot="1" />
 <COLOR RGB="#e0cfab" NAME="Alligator 5099-4" Spot="1" />
 <COLOR RGB="#f0e4c8" NAME="Alligator 5100-5" Spot="1" />
 <COLOR RGB="#f4ecd9" NAME="Alligator 5101-6" Spot="1" />
 <COLOR RGB="#756848" NAME="Alligator 5102-1" Spot="1" />
 <COLOR RGB="#877958" NAME="Alligator 5102-2" Spot="1" />
 <COLOR RGB="#a09375" NAME="Alligator 5104-3" Spot="1" />
 <COLOR RGB="#c3b89f" NAME="Alligator 5105-4" Spot="1" />
 <COLOR RGB="#ded8c8" NAME="Alligator 5106-5" Spot="1" />
 <COLOR RGB="#eae4d4" NAME="Alligator 5107-6" Spot="1" />
 <COLOR RGB="#817b5a" NAME="Alligator 5108-1" Spot="1" />
 <COLOR RGB="#8f896c" NAME="Alligator 5109-2" Spot="1" />
 <COLOR RGB="#a9a58c" NAME="Alligator 5110-3" Spot="1" />
 <COLOR RGB="#c8c7b3" NAME="Alligator 5111-4" Spot="1" />
 <COLOR RGB="#dcdbcb" NAME="Alligator 5112-5" Spot="1" />
 <COLOR RGB="#e7e6da" NAME="Alligator 5113-6" Spot="1" />
 <COLOR RGB="#6b875e" NAME="Alligator 5114-1" Spot="1" />
 <COLOR RGB="#799472" NAME="Alligator 5115-2" Spot="1" />
 <COLOR RGB="#9cb097" NAME="Alligator 5116-3" Spot="1" />
 <COLOR RGB="#bccbba" NAME="Alligator 5117-4" Spot="1" />
 <COLOR RGB="#d5dfd2" NAME="Alligator 5118-5" Spot="1" />
 <COLOR RGB="#e2e9dd" NAME="Alligator 5119-6" Spot="1" />
 <COLOR RGB="#869f69" NAME="Alligator 5120-1" Spot="1" />
 <COLOR RGB="#94aa79" NAME="Alligator 5121-2" Spot="1" />
 <COLOR RGB="#adc09b" NAME="Alligator 5122-3" Spot="1" />
 <COLOR RGB="#d0dbc3" NAME="Alligator 5123-4" Spot="1" />
 <COLOR RGB="#e5e9d8" NAME="Alligator 5124-5" Spot="1" />
 <COLOR RGB="#edeee1" NAME="Alligator 5125-6" Spot="1" />
 <COLOR RGB="#6c7154" NAME="Alligator 5126-1" Spot="1" />
 <COLOR RGB="#7b8065" NAME="Alligator 5127-2" Spot="1" />
 <COLOR RGB="#999c85" NAME="Alligator 5128-3" Spot="1" />
 <COLOR RGB="#bdc1b2" NAME="Alligator 5129-4" Spot="1" />
 <COLOR RGB="#d8dace" NAME="Alligator 5130-5" Spot="1" />
 <COLOR RGB="#e6e8dc" NAME="Alligator 5131-6" Spot="1" />
 <COLOR RGB="#555e51" NAME="Alligator 5132-1" Spot="1" />
 <COLOR RGB="#656f66" NAME="Alligator 5133-2" Spot="1" />
 <COLOR RGB="#87908b" NAME="Alligator 5134-3" Spot="1" />
 <COLOR RGB="#b4bbb7" NAME="Alligator 5135-4" Spot="1" />
 <COLOR RGB="#d4d8d4" NAME="Alligator 5136-5" Spot="1" />
 <COLOR RGB="#dfe2dd" NAME="Alligator 5137-6" Spot="1" />
 <COLOR RGB="#696a5b" NAME="Alligator 5138-1" Spot="1" />
 <COLOR RGB="#787a6c" NAME="Alligator 5139-2" Spot="1" />
 <COLOR RGB="#979c93" NAME="Alligator 5140-3" Spot="1" />
 <COLOR RGB="#c0c2bc" NAME="Alligator 5141-4" Spot="1" />
 <COLOR RGB="#dcddd6" NAME="Alligator 5142-5" Spot="1" />
 <COLOR RGB="#e9e8e0" NAME="Alligator 5143-6" Spot="1" />
 <COLOR RGB="#58554c" NAME="Alligator 5144-1" Spot="1" />
 <COLOR RGB="#68675f" NAME="Alligator 5145-2" Spot="1" />
 <COLOR RGB="#85867f" NAME="Alligator 5146-3" Spot="1" />
 <COLOR RGB="#b2b4b0" NAME="Alligator 5147-4" Spot="1" />
 <COLOR RGB="#cdcfcc" NAME="Alligator 5148-5" Spot="1" />
 <COLOR RGB="#ddded9" NAME="Alligator 5149-6" Spot="1" />
 <COLOR RGB="#48494a" NAME="Alligator 5150-1" Spot="1" />
 <COLOR RGB="#595b5f" NAME="Alligator 5151-2" Spot="1" />
 <COLOR RGB="#7d8185" NAME="Alligator 5152-3" Spot="1" />
 <COLOR RGB="#afb3b7" NAME="Alligator 5153-4" Spot="1" />
 <COLOR RGB="#ccd0d0" NAME="Alligator 5154-5" Spot="1" />
 <COLOR RGB="#dcdedd" NAME="Alligator 5155-6" Spot="1" />
 <COLOR RGB="#555b63" NAME="Alligator 5156-1" Spot="1" />
 <COLOR RGB="#697078" NAME="Alligator 5157-2" Spot="1" />
 <COLOR RGB="#8c949c" NAME="Alligator 5158-3" Spot="1" />
 <COLOR RGB="#b5bbc0" NAME="Alligator 5159-4" Spot="1" />
 <COLOR RGB="#d2d7d8" NAME="Alligator 5160-5" Spot="1" />
 <COLOR RGB="#e2e5e1" NAME="Alligator 5161-6" Spot="1" />
 <COLOR RGB="#6c9ed5" NAME="Alligator 5162-1" Spot="1" />
 <COLOR RGB="#81acda" NAME="Alligator 5163-2" Spot="1" />
 <COLOR RGB="#a1c2e2" NAME="Alligator 5164-3" Spot="1" />
 <COLOR RGB="#c5d8e6" NAME="Alligator 5165-4" Spot="1" />
 <COLOR RGB="#dbe6e8" NAME="Alligator 5166-5" Spot="1" />
 <COLOR RGB="#e7eee8" NAME="Alligator 5167-6" Spot="1" />
 <COLOR RGB="#cecdc4" NAME="Alligator KIESELGRAU B" Spot="1" />
 <COLOR RGB="#dbd5c6" NAME="Alligator LAVA B" Spot="1" />
 <COLOR RGB="#e9d4bd" NAME="Alligator MANDELROSA" Spot="1" />
 <COLOR RGB="#e0e0c9" NAME="Alligator PATINAGRUEN B" Spot="1" />
 <COLOR RGB="#cdcfcb" NAME="Alligator POLARGRAU B" Spot="1" />
 <COLOR RGB="#eee1c6" NAME="Alligator SANDGELB B" Spot="1" />
</SCRIBUSCOLORS>