<?xml version="1.0" encoding="UTF-8"?>
<SCRIBUSCOLORS Name="Alligator Collection 5000">
 <COLOR RGB="#804442" NAME="Alligator Korall 125" Spot="1" />
 <COLOR RGB="#735350" NAME="Alligator Korall 100" Spot="1" />
 <COLOR RGB="#ac5753" NAME="Alligator Korall 155" Spot="1" />
 <COLOR RGB="#9d5d58" NAME="Alligator Korall 135" Spot="1" />
 <COLOR RGB="#805855" NAME="Alligator Korall 105" Spot="1" />
 <COLOR RGB="#8e615c" NAME="Alligator Korall 115" Spot="1" />
 <COLOR RGB="#a37974" NAME="Alligator Korall 70" Spot="1" />
 <COLOR RGB="#584544" NAME="Alligator Korall 95" Spot="1" />
 <COLOR RGB="#755c5a" NAME="Alligator Korall 110" Spot="1" />
 <COLOR RGB="#967975" NAME="Alligator Korall 65" Spot="1" />
 <COLOR RGB="#b7a5a2" NAME="Alligator Korall 35" Spot="1" />
 <COLOR RGB="#d0bfbb" NAME="Alligator Korall 45" Spot="1" />
 <COLOR RGB="#e8dcd7" NAME="Alligator Korall 20" Spot="1" />
 <COLOR RGB="#a1908e" NAME="Alligator Korall 5" Spot="1" />
 <COLOR RGB="#b5a9a7" NAME="Alligator Korall 10" Spot="1" />
 <COLOR RGB="#dbcec9" NAME="Alligator Korall 15" Spot="1" />
 <COLOR RGB="#a54640" NAME="Alligator Bordeaux 65" Spot="1" />
 <COLOR RGB="#af6259" NAME="Alligator Bordeaux 75" Spot="1" />
 <COLOR RGB="#b27269" NAME="Alligator Bordeaux 45" Spot="1" />
 <COLOR RGB="#d2a39d" NAME="Alligator Bordeaux 55" Spot="1" />
 <COLOR RGB="#80544d" NAME="Alligator Bordeaux 35" Spot="1" />
 <COLOR RGB="#b98379" NAME="Alligator Bordeaux 50" Spot="1" />
 <COLOR RGB="#e9c4bd" NAME="Alligator Bordeaux 60" Spot="1" />
 <COLOR RGB="#a98b85" NAME="Alligator Bordeaux 5" Spot="1" />
 <COLOR RGB="#bb9a92" NAME="Alligator Bordeaux 10" Spot="1" />
 <COLOR RGB="#bfa8a3" NAME="Alligator Bordeaux 15" Spot="1" />
 <COLOR RGB="#a15545" NAME="Alligator Cameo 125" Spot="1" />
 <COLOR RGB="#8a5649" NAME="Alligator Cameo 95" Spot="1" />
 <COLOR RGB="#ac685b" NAME="Alligator Cameo 130" Spot="1" />
 <COLOR RGB="#c7806e" NAME="Alligator Cameo 135" Spot="1" />
 <COLOR RGB="#927068" NAME="Alligator Cameo 65" Spot="1" />
 <COLOR RGB="#ab8b82" NAME="Alligator Cameo 70" Spot="1" />
 <COLOR RGB="#cbb5ae" NAME="Alligator Cameo 50" Spot="1" />
 <COLOR RGB="#87736f" NAME="Alligator Cameo 35" Spot="1" />
 <COLOR RGB="#a7938d" NAME="Alligator Cameo 40" Spot="1" />
 <COLOR RGB="#dfd3cc" NAME="Alligator Cameo 20" Spot="1" />
 <COLOR RGB="#9b8c88" NAME="Alligator Cameo 5" Spot="1" />
 <COLOR RGB="#b8ada9" NAME="Alligator Cameo 10" Spot="1" />
 <COLOR RGB="#d0c9c6" NAME="Alligator Cameo 15" Spot="1" />
 <COLOR RGB="#bc654b" NAME="Alligator Lachs 100" Spot="1" />
 <COLOR RGB="#aa6952" NAME="Alligator Lachs 65" Spot="1" />
 <COLOR RGB="#ce8163" NAME="Alligator Lachs 70" Spot="1" />
 <COLOR RGB="#e69981" NAME="Alligator Lachs 80" Spot="1" />
 <COLOR RGB="#b7826f" NAME="Alligator Lachs 35" Spot="1" />
 <COLOR RGB="#dda693" NAME="Alligator Lachs 50" Spot="1" />
 <COLOR RGB="#ffc4af" NAME="Alligator Lachs 85" Spot="1" />
 <COLOR RGB="#cda597" NAME="Alligator Lachs 45" Spot="1" />
 <COLOR RGB="#efd2c5" NAME="Alligator Lachs 20" Spot="1" />
 <COLOR RGB="#fae8dd" NAME="Alligator Lachs 30" Spot="1" />
 <COLOR RGB="#c86d46" NAME="Alligator Aprico 125" Spot="1" />
 <COLOR RGB="#c97f5f" NAME="Alligator Aprico 135" Spot="1" />
 <COLOR RGB="#d28d6e" NAME="Alligator Aprico 100" Spot="1" />
 <COLOR RGB="#e39e7c" NAME="Alligator Aprico 110" Spot="1" />
 <COLOR RGB="#c5927a" NAME="Alligator Aprico 105" Spot="1" />
 <COLOR RGB="#e5b097" NAME="Alligator Aprico 75" Spot="1" />
 <COLOR RGB="#efd2c4" NAME="Alligator Aprico 55" Spot="1" />
 <COLOR RGB="#bd9989" NAME="Alligator Aprico 70" Spot="1" />
 <COLOR RGB="#e2c6b8" NAME="Alligator Aprico 50" Spot="1" />
 <COLOR RGB="#fbe5d7" NAME="Alligator Aprico 60" Spot="1" />
 <COLOR RGB="#c0aa9f" NAME="Alligator Aprico 10" Spot="1" />
 <COLOR RGB="#d6c9c1" NAME="Alligator Aprico 15" Spot="1" />
 <COLOR RGB="#e0d5cf" NAME="Alligator Aprico 20" Spot="1" />
 <COLOR RGB="#c78243" NAME="Alligator Siena 155" Spot="1" />
 <COLOR RGB="#c7996f" NAME="Alligator Siena 130" Spot="1" />
 <COLOR RGB="#ecae7d" NAME="Alligator Siena 165" Spot="1" />
 <COLOR RGB="#ffc592" NAME="Alligator Siena 175" Spot="1" />
 <COLOR RGB="#e2b185" NAME="Alligator Siena 135" Spot="1" />
 <COLOR RGB="#fecda4" NAME="Alligator Siena 140" Spot="1" />
 <COLOR RGB="#feddc2" NAME="Alligator Siena 145" Spot="1" />
 <COLOR RGB="#d2b9a4" NAME="Alligator Siena 85" Spot="1" />
 <COLOR RGB="#e7cdb6" NAME="Alligator Siena 90" Spot="1" />
 <COLOR RGB="#e6d5c3" NAME="Alligator Siena 55" Spot="1" />
 <COLOR RGB="#aa9685" NAME="Alligator Siena 40" Spot="1" />
 <COLOR RGB="#c4b2a3" NAME="Alligator Siena 45" Spot="1" />
 <COLOR RGB="#ddcec1" NAME="Alligator Siena 50" Spot="1" />
 <COLOR RGB="#928479" NAME="Alligator Siena 10" Spot="1" />
 <COLOR RGB="#aa9e94" NAME="Alligator Siena 15" Spot="1" />
 <COLOR RGB="#c6bcb4" NAME="Alligator Siena 20" Spot="1" />
 <COLOR RGB="#bd884f" NAME="Alligator Onyx 155" Spot="1" />
 <COLOR RGB="#eb9b3a" NAME="Alligator Onyx 220" Spot="1" />
 <COLOR RGB="#ffba61" NAME="Alligator Onyx 230" Spot="1" />
 <COLOR RGB="#ffc387" NAME="Alligator Onyx 200" Spot="1" />
 <COLOR RGB="#dd9f5e" NAME="Alligator Onyx 185" Spot="1" />
 <COLOR RGB="#f2c089" NAME="Alligator Onyx 170" Spot="1" />
 <COLOR RGB="#facfa2" NAME="Alligator Onyx 175" Spot="1" />
 <COLOR RGB="#bd9875" NAME="Alligator Onyx 125" Spot="1" />
 <COLOR RGB="#d7b592" NAME="Alligator Onyx 105" Spot="1" />
 <COLOR RGB="#e2c5a8" NAME="Alligator Onyx 110" Spot="1" />
 <COLOR RGB="#9b856e" NAME="Alligator Onyx 95" Spot="1" />
 <COLOR RGB="#b39a83" NAME="Alligator Onyx 65" Spot="1" />
 <COLOR RGB="#d1c0af" NAME="Alligator Onyx 70" Spot="1" />
 <COLOR RGB="#af8b5d" NAME="Alligator Caramel 94" Spot="1" />
 <COLOR RGB="#f8d29f" NAME="Alligator Caramel 110" Spot="1" />
 <COLOR RGB="#ffdfb5" NAME="Alligator Caramel 120" Spot="1" />
 <COLOR RGB="#faf1e4" NAME="Alligator Caramel 90" Spot="1" />
 <COLOR RGB="#d1b491" NAME="Alligator Caramel 65" Spot="1" />
 <COLOR RGB="#ecd8be" NAME="Alligator Caramel 75" Spot="1" />
 <COLOR RGB="#f3e4cf" NAME="Alligator Caramel 85" Spot="1" />
 <COLOR RGB="#9c7c48" NAME="Alligator Palazzo 245 " Spot="1" />
 <COLOR RGB="#f1af16" NAME="Alligator Palazzo 350" Spot="1" />
 <COLOR RGB="#fabd39" NAME="Alligator Palazzo 355" Spot="1" />
 <COLOR RGB="#fecf61" NAME="Alligator Palazzo 360" Spot="1" />
 <COLOR RGB="#b68940" NAME="Alligator Palazzo 305" Spot="1" />
 <COLOR RGB="#d2a44e" NAME="Alligator Palazzo 285" Spot="1" />
 <COLOR RGB="#eec075" NAME="Alligator Palazzo 295" Spot="1" />
 <COLOR RGB="#e0af5c" NAME="Alligator Palazzo 290" Spot="1" />
 <COLOR RGB="#f8d18f" NAME="Alligator Palazzo 265" Spot="1" />
 <COLOR RGB="#fedca0" NAME="Alligator Palazzo 270" Spot="1" />
 <COLOR RGB="#b48d4b" NAME="Alligator Palazzo 250" Spot="1" />
 <COLOR RGB="#d5ac68" NAME="Alligator Palazzo 255" Spot="1" />
 <COLOR RGB="#e3bc80" NAME="Alligator Palazzo 260" Spot="1" />
 <COLOR RGB="#967e57" NAME="Alligator Palazzo 190" Spot="1" />
 <COLOR RGB="#c5ae8a" NAME="Alligator Palazzo 200" Spot="1" />
 <COLOR RGB="#d0bfa1" NAME="Alligator Palazzo 170" Spot="1" />
 <COLOR RGB="#e3c59d" NAME="Alligator Palazzo 205" Spot="1" />
 <COLOR RGB="#ead4b4" NAME="Alligator Palazzo 175" Spot="1" />
 <COLOR RGB="#f9ebd2" NAME="Alligator Palazzo 180" Spot="1" />
 <COLOR RGB="#8d7f6a" NAME="Alligator Palazzo 135" Spot="1" />
 <COLOR RGB="#c7b9a4" NAME="Alligator Palazzo 145" Spot="1" />
 <COLOR RGB="#dfcfb6" NAME="Alligator Palazzo 150" Spot="1" />
 <COLOR RGB="#988c7c" NAME="Alligator Palazzo 100" Spot="1" />
 <COLOR RGB="#b8afa1" NAME="Alligator Palazzo 110" Spot="1" />
 <COLOR RGB="#c7bdb0" NAME="Alligator Palazzo 85" Spot="1" />
 <COLOR RGB="#817c74" NAME="Alligator Palazzo 75" Spot="1" />
 <COLOR RGB="#b1aba3" NAME="Alligator Palazzo 40" Spot="1" />
 <COLOR RGB="#d3ccc1" NAME="Alligator Palazzo 50" Spot="1" />
 <COLOR RGB="#a88b4a" NAME="Alligator Ginster 94" Spot="1" />
 <COLOR RGB="#e7c580" NAME="Alligator Ginster 100" Spot="1" />
 <COLOR RGB="#f2d494" NAME="Alligator Ginster 110" Spot="1" />
 <COLOR RGB="#f6deaf" NAME="Alligator Ginster 115" Spot="1" />
 <COLOR RGB="#c2ac81" NAME="Alligator Ginster 70" Spot="1" />
 <COLOR RGB="#e0cea8" NAME="Alligator Ginster 80" Spot="1" />
 <COLOR RGB="#f2e5cd" NAME="Alligator Ginster 60" Spot="1" />
 <COLOR RGB="#8c7b61" NAME="Alligator Ginster 35" Spot="1" />
 <COLOR RGB="#b6aa91" NAME="Alligator Ginster 45" Spot="1" />
 <COLOR RGB="#d6c8b0" NAME="Alligator Ginster 50" Spot="1" />
 <COLOR RGB="#9a8e75" NAME="Alligator Ginster 40" Spot="1" />
 <COLOR RGB="#b3a996" NAME="Alligator Ginster 5" Spot="1" />
 <COLOR RGB="#cdc5b7" NAME="Alligator Ginster 15" Spot="1" />
 <COLOR RGB="#817556" NAME="Alligator Curry 32" Spot="1" />
 <COLOR RGB="#f0d794" NAME="Alligator Curry 110" Spot="1" />
 <COLOR RGB="#fae7ae" NAME="Alligator Curry 120" Spot="1" />
 <COLOR RGB="#fbeec6" NAME="Alligator Curry 90" Spot="1" />
 <COLOR RGB="#c2b080" NAME="Alligator Curry 40" Spot="1" />
 <COLOR RGB="#dbca9d" NAME="Alligator Curry 45" Spot="1" />
 <COLOR RGB="#f0ddb0" NAME="Alligator Curry 80" Spot="1" />
 <COLOR RGB="#beb195" NAME="Alligator Curry 5" Spot="1" />
 <COLOR RGB="#cec5ac" NAME="Alligator Curry 10" Spot="1" />
 <COLOR RGB="#dfd7c5" NAME="Alligator Curry 15" Spot="1" />
 <COLOR RGB="#7e7961" NAME="Alligator Melisse 32" Spot="1" />
 <COLOR RGB="#bcad78" NAME="Alligator Melisse 75" Spot="1" />
 <COLOR RGB="#ded19a" NAME="Alligator Melisse 80" Spot="1" />
 <COLOR RGB="#f8f0d2" NAME="Alligator Melisse 90" Spot="1" />
 <COLOR RGB="#b7ad8d" NAME="Alligator Melisse 35" Spot="1" />
 <COLOR RGB="#d1caaf" NAME="Alligator Melisse 40" Spot="1" />
 <COLOR RGB="#eae2c8" NAME="Alligator Melisse 50" Spot="1" />
 <COLOR RGB="#767764" NAME="Alligator Jade 62" Spot="1" />
 <COLOR RGB="#bbc08f" NAME="Alligator Jade 105" Spot="1" />
 <COLOR RGB="#d9dcab" NAME="Alligator Jade 110" Spot="1" />
 <COLOR RGB="#e2e2c7" NAME="Alligator Jade 85" Spot="1" />
 <COLOR RGB="#a1a57f" NAME="Alligator Jade 100" Spot="1" />
 <COLOR RGB="#bebea4" NAME="Alligator Jade 75" Spot="1" />
 <COLOR RGB="#d2d4b2" NAME="Alligator Jade 80" Spot="1" />
 <COLOR RGB="#b1b1aa" NAME="Alligator Jade 5" Spot="1" />
 <COLOR RGB="#cccbc1" NAME="Alligator Jade 50" Spot="1" />
 <COLOR RGB="#e2dfd7" NAME="Alligator Jade 25" Spot="1" />
 <COLOR RGB="#6d775c" NAME="Alligator Moos 62" Spot="1" />
 <COLOR RGB="#d6dbc1" NAME="Alligator Moos 85" Spot="1" />
 <COLOR RGB="#dee0d2" NAME="Alligator Moos 60" Spot="1" />
 <COLOR RGB="#edeedc" NAME="Alligator Moos 90" Spot="1" />
 <COLOR RGB="#969b86" NAME="Alligator Moos 35" Spot="1" />
 <COLOR RGB="#a9ac9d" NAME="Alligator Moos 40" Spot="1" />
 <COLOR RGB="#bfc0b3" NAME="Alligator Moos 50" Spot="1" />
 <COLOR RGB="#a7a6a2" NAME="Alligator Moos 20" Spot="1" />
 <COLOR RGB="#bbbbb4" NAME="Alligator Moos 45" Spot="1" />
 <COLOR RGB="#d3d2c9" NAME="Alligator Moos 55" Spot="1" />
 <COLOR RGB="#68755c" NAME="Alligator Oase 44" Spot="1" />
 <COLOR RGB="#92a284" NAME="Alligator Oase 75" Spot="1" />
 <COLOR RGB="#b2c59f" NAME="Alligator Oase 115" Spot="1" />
 <COLOR RGB="#d5dcca" NAME="Alligator Oase 85" Spot="1" />
 <COLOR RGB="#788468" NAME="Alligator Oase 45" Spot="1" />
 <COLOR RGB="#b5c1a9" NAME="Alligator Oase 50" Spot="1" />
 <COLOR RGB="#ecefe5" NAME="Alligator Oase 60" Spot="1" />
 <COLOR RGB="#879080" NAME="Alligator Oase 5" Spot="1" />
 <COLOR RGB="#a9b0a3" NAME="Alligator Oase 15" Spot="1" />
 <COLOR RGB="#c6cbc0" NAME="Alligator Oase 20" Spot="1" />
 <COLOR RGB="#466252" NAME="Alligator Mint 32" Spot="1" />
 <COLOR RGB="#8ca592" NAME="Alligator Mint 45" Spot="1" />
 <COLOR RGB="#a4b6ac" NAME="Alligator Mint 50" Spot="1" />
 <COLOR RGB="#bdcdc0" NAME="Alligator Mint 55" Spot="1" />
 <COLOR RGB="#8c938c" NAME="Alligator Mint 5" Spot="1" />
 <COLOR RGB="#a4aca5" NAME="Alligator Mint 10" Spot="1" />
 <COLOR RGB="#c4cbc4" NAME="Alligator Mint 15" Spot="1" />
 <COLOR RGB="#365d60" NAME="Alligator Verona 64" Spot="1" />
 <COLOR RGB="#7f918f" NAME="Alligator Verona 75" Spot="1" />
 <COLOR RGB="#a4b1af" NAME="Alligator Verona 80" Spot="1" />
 <COLOR RGB="#cddad6" NAME="Alligator Verona 85" Spot="1" />
 <COLOR RGB="#8e9795" NAME="Alligator Verona 40" Spot="1" />
 <COLOR RGB="#b1b8b5" NAME="Alligator Verona 45" Spot="1" />
 <COLOR RGB="#c1c5c2" NAME="Alligator Verona 50" Spot="1" />
 <COLOR RGB="#abaead" NAME="Alligator Verona 5" Spot="1" />
 <COLOR RGB="#c9cac7" NAME="Alligator Verona 10" Spot="1" />
 <COLOR RGB="#cfd3cf" NAME="Alligator Verona 15" Spot="1" />
 <COLOR RGB="#465560" NAME="Alligator Pacific 34" Spot="1" />
 <COLOR RGB="#657079" NAME="Alligator Pacific 40" Spot="1" />
 <COLOR RGB="#7a868e" NAME="Alligator Pacific 45" Spot="1" />
 <COLOR RGB="#8496a3" NAME="Alligator Pacific 110" Spot="1" />
 <COLOR RGB="#9aa5aa" NAME="Alligator Pacific 65" Spot="1" />
 <COLOR RGB="#a5b3bb" NAME="Alligator Pacific 75" Spot="1" />
 <COLOR RGB="#c1ced3" NAME="Alligator Pacific 80" Spot="1" />
 <COLOR RGB="#5c6c83" NAME="Alligator Lazur 100" Spot="1" />
 <COLOR RGB="#576170" NAME="Alligator Lazur 70" Spot="1" />
 <COLOR RGB="#717a88" NAME="Alligator Lazur 75" Spot="1" />
 <COLOR RGB="#8894a5" NAME="Alligator Lazur 80" Spot="1" />
 <COLOR RGB="#a7b0bc" NAME="Alligator Lazur 85" Spot="1" />
 <COLOR RGB="#c6ccd5" NAME="Alligator Lazur 35" Spot="1" />
 <COLOR RGB="#d4d9e0" NAME="Alligator Lazur 40" Spot="1" />
 <COLOR RGB="#7e858f" NAME="Alligator Lazur 5" Spot="1" />
 <COLOR RGB="#949aa1" NAME="Alligator Lazur 10" Spot="1" />
 <COLOR RGB="#abafb4" NAME="Alligator Lazur 15" Spot="1" />
 <COLOR RGB="#495569" NAME="Alligator Astra 62" Spot="1" />
 <COLOR RGB="#6a778f" NAME="Alligator Astra 65" Spot="1" />
 <COLOR RGB="#8795ab" NAME="Alligator Astra 70" Spot="1" />
 <COLOR RGB="#a4aebe" NAME="Alligator Astra 35" Spot="1" />
 <COLOR RGB="#9ba1aa" NAME="Alligator Astra 5" Spot="1" />
 <COLOR RGB="#b5bdc8" NAME="Alligator Astra 40" Spot="1" />
 <COLOR RGB="#c6ccd3" NAME="Alligator Astra 15" Spot="1" />
 <COLOR RGB="#babdc3" NAME="Alligator Astra 10" Spot="1" />
 <COLOR RGB="#d7dade" NAME="Alligator Astra 20" Spot="1" />
 <COLOR RGB="#e6e8e8" NAME="Alligator Astra 30" Spot="1" />
 <COLOR RGB="#51556b" NAME="Alligator Lavendel 65" Spot="1" />
 <COLOR RGB="#5d5e68" NAME="Alligator Lavendel 40" Spot="1" />
 <COLOR RGB="#777781" NAME="Alligator Lavendel 45" Spot="1" />
 <COLOR RGB="#a2a3ae" NAME="Alligator Lavendel 50" Spot="1" />
 <COLOR RGB="#95969e" NAME="Alligator Lavendel 5" Spot="1" />
 <COLOR RGB="#b0b0ba" NAME="Alligator Lavendel 10" Spot="1" />
 <COLOR RGB="#bcbcc6" NAME="Alligator Lavendel 15" Spot="1" />
 <COLOR RGB="#ccccd0" NAME="Alligator Lavendel 20" Spot="1" />
 <COLOR RGB="#d9d9dc" NAME="Alligator Lavendel 25" Spot="1" />
 <COLOR RGB="#e6e5e6" NAME="Alligator Lavendel 30" Spot="1" />
 <COLOR RGB="#654750" NAME="Alligator Flamenco 62" Spot="1" />
 <COLOR RGB="#877479" NAME="Alligator Flamenco 35" Spot="1" />
 <COLOR RGB="#b19da1" NAME="Alligator Flamenco 45" Spot="1" />
 <COLOR RGB="#dcc8c9" NAME="Alligator Flamenco 85" Spot="1" />
 <COLOR RGB="#82797a" NAME="Alligator Flamenco 5" Spot="1" />
 <COLOR RGB="#9d8e92" NAME="Alligator Flamenco 40" Spot="1" />
 <COLOR RGB="#beb0b3" NAME="Alligator Flamenco 50" Spot="1" />
 <COLOR RGB="#b8adae" NAME="Alligator Flamenco 10" Spot="1" />
 <COLOR RGB="#d2c8c8" NAME="Alligator Flamenco 15" Spot="1" />
 <COLOR RGB="#dfd8d6" NAME="Alligator Flamenco 20" Spot="1" />
 <COLOR RGB="#77706e" NAME="Alligator Quarz 2" Spot="1" />
 <COLOR RGB="#827c79" NAME="Alligator Quarz 4" Spot="1" />
 <COLOR RGB="#938b89" NAME="Alligator Quarz 5" Spot="1" />
 <COLOR RGB="#aca5a2" NAME="Alligator Quarz 8" Spot="1" />
 <COLOR RGB="#c3bfbd" NAME="Alligator Quarz 14" Spot="1" />
 <COLOR RGB="#d1cdcb" NAME="Alligator Quarz 18" Spot="1" />
 <COLOR RGB="#56524d" NAME="Alligator Palazzo 2" Spot="1" />
 <COLOR RGB="#6f6a63" NAME="Alligator Palazzo 4" Spot="1" />
 <COLOR RGB="#87827a" NAME="Alligator Palazzo 35" Spot="1" />
 <COLOR RGB="#a5a19b" NAME="Alligator Palazzo 5" Spot="1" />
 <COLOR RGB="#c0bdb6" NAME="Alligator Palazzo 15" Spot="1" />
 <COLOR RGB="#dbd8d1" NAME="Alligator Palazzo 25" Spot="1" />
 <COLOR RGB="#52534c" NAME="Alligator Jade 1" Spot="1" />
 <COLOR RGB="#6f6e68" NAME="Alligator Jade 2" Spot="1" />
 <COLOR RGB="#83827e" NAME="Alligator Jade 3" Spot="1" />
 <COLOR RGB="#a09f9b" NAME="Alligator Jade 4" Spot="1" />
 <COLOR RGB="#bebdb8" NAME="Alligator Jade 8" Spot="1" />
 <COLOR RGB="#cccbc6" NAME="Alligator Jade 14" Spot="1" />
 <COLOR RGB="#515859" NAME="Alligator Petrol 5" Spot="1" />
 <COLOR RGB="#6f7472" NAME="Alligator Petrol 10" Spot="1" />
 <COLOR RGB="#808484" NAME="Alligator Petrol 15" Spot="1" />
 <COLOR RGB="#959899" NAME="Alligator Petrol 20" Spot="1" />
 <COLOR RGB="#a9aaa9" NAME="Alligator Petrol 25" Spot="1" />
 <COLOR RGB="#bebebd" NAME="Alligator Petrol 30" Spot="1" />
 <COLOR RGB="#6c6d6d" NAME="Alligator Pacific 8" Spot="1" />
 <COLOR RGB="#7d7e80" NAME="Alligator Pacific 12" Spot="1" />
 <COLOR RGB="#9fa0a1" NAME="Alligator Pacific 14" Spot="1" />
 <COLOR RGB="#afaeae" NAME="Alligator Pacific 18" Spot="1" />
 <COLOR RGB="#c4c3c2" NAME="Alligator Pacific 24" Spot="1" />
 <COLOR RGB="#d6d6d5" NAME="Alligator Pacific 28" Spot="1" />
 <COLOR RGB="#545353" NAME="Alligator Schwarz-Grau" Spot="1" />
 <COLOR RGB="#6f6c6c" NAME="Alligator Grau 35" Spot="1" />
 <COLOR RGB="#787776" NAME="Alligator Grau 5" Spot="1" />
 <COLOR RGB="#93908e" NAME="Alligator Grau 10" Spot="1" />
 <COLOR RGB="#b1aeab" NAME="Alligator Grau 15" Spot="1" />
 <COLOR RGB="#cdcac7" NAME="Alligator Grau 20" Spot="1" />
 <COLOR RGB="#d7b3b9" NAME="Alligator Rose 85" Spot="1" />
 <COLOR RGB="#fce1e1" NAME="Alligator Rose 90" Spot="1" />
 <COLOR RGB="#f9e8e6" NAME="Alligator Rose 60" Spot="1" />
 <COLOR RGB="#f6bbac" NAME="Alligator Cameo 145" Spot="1" />
 <COLOR RGB="#fde0d6" NAME="Alligator Cameo 120" Spot="1" />
 <COLOR RGB="#f1e7e2" NAME="Alligator Cameo 60" Spot="1" />
 <COLOR RGB="#ecbfac" NAME="Alligator Aprico 80" Spot="1" />
 <COLOR RGB="#ffdecc" NAME="Alligator Aprico 175" Spot="1" />
 <COLOR RGB="#eee8e2" NAME="Alligator Aprico 25" Spot="1" />
 <COLOR RGB="#ffd4a3" NAME="Alligator Onyx 205" Spot="1" />
 <COLOR RGB="#ffe0c0" NAME="Alligator Onyx 180" Spot="1" />
 <COLOR RGB="#f7ecdc" NAME="Alligator Onyx 90" Spot="1" />
 <COLOR RGB="#f7d5a1" NAME="Alligator Palazzo 230" Spot="1" />
 <COLOR RGB="#ffe2b5" NAME="Alligator Palazzo 235" Spot="1" />
 <COLOR RGB="#fbf1dc" NAME="Alligator Palazzo 240" Spot="1" />
 <COLOR RGB="#f8d48e" NAME="Alligator Ginster 105" Spot="1" />
 <COLOR RGB="#fee099" NAME="Alligator Ginster 150" Spot="1" />
 <COLOR RGB="#fdeac2" NAME="Alligator Ginster 120" Spot="1" />
 <COLOR RGB="#fee38a" NAME="Alligator Curry 145" Spot="1" />
 <COLOR RGB="#fdecc2" NAME="Alligator Curry 85" Spot="1" />
 <COLOR RGB="#faeed2" NAME="Alligator Curry 55" Spot="1" />
 <COLOR RGB="#f9ecb3" NAME="Alligator Melisse 85" Spot="1" />
 <COLOR RGB="#f9f0c3" NAME="Alligator Melisse 120" Spot="1" />
 <COLOR RGB="#f9f3dd" NAME="Alligator Melisse 30" Spot="1" />
 <COLOR RGB="#dee5ad" NAME="Alligator Jade 115" Spot="1" />
 <COLOR RGB="#e5eca7" NAME="Alligator Jade 120" Spot="1" />
 <COLOR RGB="#f1f0d9" NAME="Alligator Jade 90" Spot="1" />
 <COLOR RGB="#c6d29f" NAME="Alligator Moos 110" Spot="1" />
 <COLOR RGB="#e3ecc6" NAME="Alligator Moos 115" Spot="1" />
 <COLOR RGB="#e9f2d2" NAME="Alligator Moos 120" Spot="1" />
 <COLOR RGB="#a6d5c7" NAME="Alligator Patina 85" Spot="1" />
 <COLOR RGB="#c8dbd3" NAME="Alligator Patina 60" Spot="1" />
 <COLOR RGB="#e9f1e8" NAME="Alligator Patina 90" Spot="1" />
 <COLOR RGB="#b3d1e0" NAME="Alligator Pacific 150" Spot="1" />
 <COLOR RGB="#bccfd8" NAME="Alligator Pacific 120" Spot="1" />
 <COLOR RGB="#e0e8e7" NAME="Alligator Pacific 85" Spot="1" />
 <COLOR RGB="#9eb2cd" NAME="Alligator Lazur 145" Spot="1" />
 <COLOR RGB="#bfcdde" NAME="Alligator Lazur 120" Spot="1" />
 <COLOR RGB="#d5d6d6" NAME="Alligator Lazur 25" Spot="1" />
 <COLOR RGB="#bacbe8" NAME="Alligator Aquarell 110" Spot="1" />
 <COLOR RGB="#d2d8e9" NAME="Alligator Aquarell 85" Spot="1" />
 <COLOR RGB="#e6e9ef" NAME="Alligator Aquarell 115" Spot="1" />
 <COLOR RGB="#b2acbc" NAME="Alligator Amethyst 80" Spot="1" />
 <COLOR RGB="#ccc6d1" NAME="Alligator Amethyst 85" Spot="1" />
 <COLOR RGB="#ebe6ea" NAME="Alligator Amethyst 90" Spot="1" />
</SCRIBUSCOLORS>