<?xml version="1.0" encoding="UTF-8"?>
<SCRIBUSCOLORS Name="Alligator Collection 3000">
 <COLOR RGB="#ebb45a" NAME="Alligator 3000-1" Spot="1" />
 <COLOR RGB="#f6cb85" NAME="Alligator 3001-2" Spot="1" />
 <COLOR RGB="#fad9a0" NAME="Alligator 3002-3" Spot="1" />
 <COLOR RGB="#fae2b3" NAME="Alligator 3003-4" Spot="1" />
 <COLOR RGB="#faeccc" NAME="Alligator 3004-5" Spot="1" />
 <COLOR RGB="#f9efd4" NAME="Alligator 3005-6" Spot="1" />
 <COLOR RGB="#f9f0da" NAME="Alligator 3006-7" Spot="1" />
 <COLOR RGB="#cb9751" NAME="Alligator 3010-1" Spot="1" />
 <COLOR RGB="#e5b471" NAME="Alligator 3011-2" Spot="1" />
 <COLOR RGB="#ebc38a" NAME="Alligator 3012-3" Spot="1" />
 <COLOR RGB="#f6d3a2" NAME="Alligator 3013-4" Spot="1" />
 <COLOR RGB="#f6deba" NAME="Alligator 3014-5" Spot="1" />
 <COLOR RGB="#f6e5c8" NAME="Alligator 3015-6" Spot="1" />
 <COLOR RGB="#f5ead1" NAME="Alligator 3016-7" Spot="1" />
 <COLOR RGB="#cc924a" NAME="Alligator 3020-1" Spot="1" />
 <COLOR RGB="#dca766" NAME="Alligator 3021-2" Spot="1" />
 <COLOR RGB="#e8bb84" NAME="Alligator 3022-3" Spot="1" />
 <COLOR RGB="#edc691" NAME="Alligator 3023-4" Spot="1" />
 <COLOR RGB="#f3d8b0" NAME="Alligator 3024-5" Spot="1" />
 <COLOR RGB="#f5e0bf" NAME="Alligator 3025-6" Spot="1" />
 <COLOR RGB="#f9e9cf" NAME="Alligator 3026-7" Spot="1" />
 <COLOR RGB="#bc8447" NAME="Alligator 3030-1" Spot="1" />
 <COLOR RGB="#d7a46b" NAME="Alligator 3031-2" Spot="1" />
 <COLOR RGB="#e3b887" NAME="Alligator 3032-3" Spot="1" />
 <COLOR RGB="#ebc699" NAME="Alligator 3033-4" Spot="1" />
 <COLOR RGB="#f3d8b5" NAME="Alligator 3034-5" Spot="1" />
 <COLOR RGB="#f4e3c9" NAME="Alligator 3035-6" Spot="1" />
 <COLOR RGB="#f8e8d0" NAME="Alligator 3036-7" Spot="1" />
 <COLOR RGB="#c2804c" NAME="Alligator 3040-1" Spot="1" />
 <COLOR RGB="#d69f6c" NAME="Alligator 3041-2" Spot="1" />
 <COLOR RGB="#e6b689" NAME="Alligator 3042-3" Spot="1" />
 <COLOR RGB="#e8c098" NAME="Alligator 3043-4" Spot="1" />
 <COLOR RGB="#f6d7b7" NAME="Alligator 3044-5" Spot="1" />
 <COLOR RGB="#f4dbbd" NAME="Alligator 3045-6" Spot="1" />
 <COLOR RGB="#f5e5cf" NAME="Alligator 3046-7" Spot="1" />
 <COLOR RGB="#918351" NAME="Alligator 3050-1" Spot="1" />
 <COLOR RGB="#b1a47a" NAME="Alligator 3051-2" Spot="1" />
 <COLOR RGB="#c8bd96" NAME="Alligator 3052-3" Spot="1" />
 <COLOR RGB="#d4c9a8" NAME="Alligator 3053-4" Spot="1" />
 <COLOR RGB="#e4dcc0" NAME="Alligator 3054-5" Spot="1" />
 <COLOR RGB="#ece5cd" NAME="Alligator 3055-6" Spot="1" />
 <COLOR RGB="#ede9d7" NAME="Alligator 3056-7" Spot="1" />
 <COLOR RGB="#9e8d61" NAME="Alligator 3060-1" Spot="1" />
 <COLOR RGB="#bfaf88" NAME="Alligator 3061-2" Spot="1" />
 <COLOR RGB="#d2c6a4" NAME="Alligator 3062-3" Spot="1" />
 <COLOR RGB="#ddd0b2" NAME="Alligator 3063-4" Spot="1" />
 <COLOR RGB="#e9e1c9" NAME="Alligator 3064-5" Spot="1" />
 <COLOR RGB="#ede7d4" NAME="Alligator 3065-6" Spot="1" />
 <COLOR RGB="#f1eddd" NAME="Alligator 3066-7" Spot="1" />
 <COLOR RGB="#817551" NAME="Alligator 3070-1" Spot="1" />
 <COLOR RGB="#a99e7c" NAME="Alligator 3071-2" Spot="1" />
 <COLOR RGB="#c1b899" NAME="Alligator 3072-3" Spot="1" />
 <COLOR RGB="#ccc6aa" NAME="Alligator 3073-4" Spot="1" />
 <COLOR RGB="#ded8c2" NAME="Alligator 3074-5" Spot="1" />
 <COLOR RGB="#e5e2cf" NAME="Alligator 3075-6" Spot="1" />
 <COLOR RGB="#ebe6d5" NAME="Alligator 3076-7" Spot="1" />
 <COLOR RGB="#867b61" NAME="Alligator 3080-1" Spot="1" />
 <COLOR RGB="#aca288" NAME="Alligator 3081-2" Spot="1" />
 <COLOR RGB="#c1b8a3" NAME="Alligator 3082-3" Spot="1" />
 <COLOR RGB="#cdc4b2" NAME="Alligator 3083-4" Spot="1" />
 <COLOR RGB="#dfdaca" NAME="Alligator 3084-5" Spot="1" />
 <COLOR RGB="#eae5d7" NAME="Alligator 3085-6" Spot="1" />
 <COLOR RGB="#ece9dd" NAME="Alligator 3086-7" Spot="1" />
 <COLOR RGB="#687053" NAME="Alligator 3090-1" Spot="1" />
 <COLOR RGB="#949d81" NAME="Alligator 3091-2" Spot="1" />
 <COLOR RGB="#abb49c" NAME="Alligator 3092-3" Spot="1" />
 <COLOR RGB="#bec5af" NAME="Alligator 3093-4" Spot="1" />
 <COLOR RGB="#d1d5c2" NAME="Alligator 3094-5" Spot="1" />
 <COLOR RGB="#e1e2d3" NAME="Alligator 3095-6" Spot="1" />
 <COLOR RGB="#e8e8d9" NAME="Alligator 3096-7" Spot="1" />
 <COLOR RGB="#88885e" NAME="Alligator 3100-1" Spot="1" />
 <COLOR RGB="#acac88" NAME="Alligator 3101-2" Spot="1" />
 <COLOR RGB="#c3c3a4" NAME="Alligator 3102-3" Spot="1" />
 <COLOR RGB="#cfcfb4" NAME="Alligator 3103-4" Spot="1" />
 <COLOR RGB="#e3e2cb" NAME="Alligator 3104-5" Spot="1" />
 <COLOR RGB="#e8e6d3" NAME="Alligator 3105-6" Spot="1" />
 <COLOR RGB="#ededdd" NAME="Alligator 3106-7" Spot="1" />
 <COLOR RGB="#7a7853" NAME="Alligator 3110-1" Spot="1" />
 <COLOR RGB="#9e9c78" NAME="Alligator 3111-2" Spot="1" />
 <COLOR RGB="#b6b594" NAME="Alligator 3112-3" Spot="1" />
 <COLOR RGB="#c2c1a5" NAME="Alligator 3113-4" Spot="1" />
 <COLOR RGB="#d9d6c0" NAME="Alligator 3114-5" Spot="1" />
 <COLOR RGB="#e1dfcc" NAME="Alligator 3115-6" Spot="1" />
 <COLOR RGB="#ebead9" NAME="Alligator 3116-7" Spot="1" />
 <COLOR RGB="#ab9a5a" NAME="Alligator 3120-1" Spot="1" />
 <COLOR RGB="#cdbf8a" NAME="Alligator 3121-2" Spot="1" />
 <COLOR RGB="#ddd2a6" NAME="Alligator 3122-3" Spot="1" />
 <COLOR RGB="#e3d8b1" NAME="Alligator 3123-4" Spot="1" />
 <COLOR RGB="#eee6c9" NAME="Alligator 3124-5" Spot="1" />
 <COLOR RGB="#f2ecd5" NAME="Alligator 3125-6" Spot="1" />
 <COLOR RGB="#f5f0dd" NAME="Alligator 3126-7" Spot="1" />
 <COLOR RGB="#b06c49" NAME="Alligator 3130-1" Spot="1" />
 <COLOR RGB="#d5997b" NAME="Alligator 3131-2" Spot="1" />
 <COLOR RGB="#e4b298" NAME="Alligator 3132-3" Spot="1" />
 <COLOR RGB="#edc3ad" NAME="Alligator 3133-4" Spot="1" />
 <COLOR RGB="#f6d7c4" NAME="Alligator 3134-5" Spot="1" />
 <COLOR RGB="#f6e5d4" NAME="Alligator 3135-6" Spot="1" />
 <COLOR RGB="#f5ead9" NAME="Alligator 3136-7" Spot="1" />
 <COLOR RGB="#b15f49" NAME="Alligator 3140-1" Spot="1" />
 <COLOR RGB="#cf8b78" NAME="Alligator 3141-2" Spot="1" />
 <COLOR RGB="#e1a596" NAME="Alligator 3142-3" Spot="1" />
 <COLOR RGB="#edb7a8" NAME="Alligator 3143-4" Spot="1" />
 <COLOR RGB="#f5cec1" NAME="Alligator 3144-5" Spot="1" />
 <COLOR RGB="#f6d8cc" NAME="Alligator 3145-6" Spot="1" />
 <COLOR RGB="#f7e2d6" NAME="Alligator 3146-7" Spot="1" />
 <COLOR RGB="#855045" NAME="Alligator 3150-1" Spot="1" />
 <COLOR RGB="#ae7e75" NAME="Alligator 3151-2" Spot="1" />
 <COLOR RGB="#c79b91" NAME="Alligator 3152-3" Spot="1" />
 <COLOR RGB="#d3aba3" NAME="Alligator 3153-4" Spot="1" />
 <COLOR RGB="#e5c6be" NAME="Alligator 3154-5" Spot="1" />
 <COLOR RGB="#edd3cb" NAME="Alligator 3155-6" Spot="1" />
 <COLOR RGB="#f4e0d9" NAME="Alligator 3156-7" Spot="1" />
 <COLOR RGB="#915c4d" NAME="Alligator 3160-1" Spot="1" />
 <COLOR RGB="#b8877b" NAME="Alligator 3161-2" Spot="1" />
 <COLOR RGB="#cba196" NAME="Alligator 3162-3" Spot="1" />
 <COLOR RGB="#d6b1a6" NAME="Alligator 3163-4" Spot="1" />
 <COLOR RGB="#e6c6bb" NAME="Alligator 3164-5" Spot="1" />
 <COLOR RGB="#eed6ca" NAME="Alligator 3165-6" Spot="1" />
 <COLOR RGB="#f4e4db" NAME="Alligator 3166-7" Spot="1" />
 <COLOR RGB="#a06a54" NAME="Alligator 3170-1" Spot="1" />
 <COLOR RGB="#c1917d" NAME="Alligator 3171-2" Spot="1" />
 <COLOR RGB="#d4ab9a" NAME="Alligator 3172-3" Spot="1" />
 <COLOR RGB="#dfbfaf" NAME="Alligator 3173-4" Spot="1" />
 <COLOR RGB="#eed7c8" NAME="Alligator 3174-5" Spot="1" />
 <COLOR RGB="#f0dcce" NAME="Alligator 3175-6" Spot="1" />
 <COLOR RGB="#f1e4d8" NAME="Alligator 3176-7" Spot="1" />
 <COLOR RGB="#925f3d" NAME="Alligator 3180-1" Spot="1" />
 <COLOR RGB="#c3987d" NAME="Alligator 3181-2" Spot="1" />
 <COLOR RGB="#d6b097" NAME="Alligator 3182-3" Spot="1" />
 <COLOR RGB="#e0c0aa" NAME="Alligator 3183-4" Spot="1" />
 <COLOR RGB="#efd8c5" NAME="Alligator 3184-5" Spot="1" />
 <COLOR RGB="#efddcd" NAME="Alligator 3185-6" Spot="1" />
 <COLOR RGB="#f5e8d8" NAME="Alligator 3186-7" Spot="1" />
 <COLOR RGB="#8a644a" NAME="Alligator 3190-1" Spot="1" />
 <COLOR RGB="#b6937a" NAME="Alligator 3191-2" Spot="1" />
 <COLOR RGB="#cbad97" NAME="Alligator 3192-3" Spot="1" />
 <COLOR RGB="#d6bca9" NAME="Alligator 3193-4" Spot="1" />
 <COLOR RGB="#e8d4c3" NAME="Alligator 3194-5" Spot="1" />
 <COLOR RGB="#eddecf" NAME="Alligator 3195-6" Spot="1" />
 <COLOR RGB="#f3e7d8" NAME="Alligator 3196-7" Spot="1" />
 <COLOR RGB="#936b49" NAME="Alligator 3200-1" Spot="1" />
 <COLOR RGB="#b89370" NAME="Alligator 3201-2" Spot="1" />
 <COLOR RGB="#cda889" NAME="Alligator 3202-3" Spot="1" />
 <COLOR RGB="#ddbda2" NAME="Alligator 3203-4" Spot="1" />
 <COLOR RGB="#e7ceb6" NAME="Alligator 3204-5" Spot="1" />
 <COLOR RGB="#efdcc9" NAME="Alligator 3205-6" Spot="1" />
 <COLOR RGB="#f2e4d3" NAME="Alligator 3206-7" Spot="1" />
 <COLOR RGB="#775c48" NAME="Alligator 3210-1" Spot="1" />
 <COLOR RGB="#a58c75" NAME="Alligator 3211-2" Spot="1" />
 <COLOR RGB="#bba694" NAME="Alligator 3212-3" Spot="1" />
 <COLOR RGB="#ccb9a9" NAME="Alligator 3213-4" Spot="1" />
 <COLOR RGB="#dfcfc2" NAME="Alligator 3214-5" Spot="1" />
 <COLOR RGB="#e4d7c9" NAME="Alligator 3215-6" Spot="1" />
 <COLOR RGB="#ece4da" NAME="Alligator 3216-7" Spot="1" />
 <COLOR RGB="#745e4b" NAME="Alligator 3220-1" Spot="1" />
 <COLOR RGB="#9b8976" NAME="Alligator 3221-2" Spot="1" />
 <COLOR RGB="#b5a492" NAME="Alligator 3222-3" Spot="1" />
 <COLOR RGB="#c3b5a5" NAME="Alligator 3223-4" Spot="1" />
 <COLOR RGB="#d9cdc0" NAME="Alligator 3224-5" Spot="1" />
 <COLOR RGB="#e4dace" NAME="Alligator 3225-6" Spot="1" />
 <COLOR RGB="#ebe2d7" NAME="Alligator 3226-7" Spot="1" />
 <COLOR RGB="#706355" NAME="Alligator 3230-1" Spot="1" />
 <COLOR RGB="#9c9185" NAME="Alligator 3231-2" Spot="1" />
 <COLOR RGB="#b3aa9e" NAME="Alligator 3232-3" Spot="1" />
 <COLOR RGB="#c2baaf" NAME="Alligator 3233-4" Spot="1" />
 <COLOR RGB="#d6cfc5" NAME="Alligator 3234-5" Spot="1" />
 <COLOR RGB="#e2dcd0" NAME="Alligator 3235-6" Spot="1" />
 <COLOR RGB="#ebe6da" NAME="Alligator 3236-7" Spot="1" />
 <COLOR RGB="#696459" NAME="Alligator 3240-1" Spot="1" />
 <COLOR RGB="#938f85" NAME="Alligator 3241-2" Spot="1" />
 <COLOR RGB="#adaaa0" NAME="Alligator 3242-3" Spot="1" />
 <COLOR RGB="#bdb8b1" NAME="Alligator 3243-4" Spot="1" />
 <COLOR RGB="#d3cfc8" NAME="Alligator 3244-5" Spot="1" />
 <COLOR RGB="#dddad2" NAME="Alligator 3245-6" Spot="1" />
 <COLOR RGB="#e6e3dc" NAME="Alligator 3246-7" Spot="1" />
 <COLOR RGB="#56636a" NAME="Alligator 3250-1" Spot="1" />
 <COLOR RGB="#7c909b" NAME="Alligator 3251-2" Spot="1" />
 <COLOR RGB="#95a9b4" NAME="Alligator 3252-3" Spot="1" />
 <COLOR RGB="#a5b9c2" NAME="Alligator 3253-4" Spot="1" />
 <COLOR RGB="#c1d1d5" NAME="Alligator 3254-5" Spot="1" />
 <COLOR RGB="#ced8d9" NAME="Alligator 3255-6" Spot="1" />
 <COLOR RGB="#dfe6e5" NAME="Alligator 3256-7" Spot="1" />
 <COLOR RGB="#506473" NAME="Alligator 3260-1" Spot="1" />
 <COLOR RGB="#728ea0" NAME="Alligator 3261-2" Spot="1" />
 <COLOR RGB="#8facbd" NAME="Alligator 3262-3" Spot="1" />
 <COLOR RGB="#a1bccb" NAME="Alligator 3263-4" Spot="1" />
 <COLOR RGB="#b9cdd7" NAME="Alligator 3264-5" Spot="1" />
 <COLOR RGB="#cddbe1" NAME="Alligator 3265-6" Spot="1" />
 <COLOR RGB="#d7e2e4" NAME="Alligator 3266-7" Spot="1" />
 <COLOR RGB="#a09375" NAME="Alligator 3300" Spot="1" />
 <COLOR RGB="#bcb192" NAME="Alligator 3301" Spot="1" />
 <COLOR RGB="#d2c4a6" NAME="Alligator 3302" Spot="1" />
 <COLOR RGB="#d7d2be" NAME="Alligator 3303" Spot="1" />
 <COLOR RGB="#eae5d6" NAME="Alligator 3304" Spot="1" />
 <COLOR RGB="#bab071" NAME="Alligator 3305" Spot="1" />
 <COLOR RGB="#cec294" NAME="Alligator 3306" Spot="1" />
 <COLOR RGB="#dfc274" NAME="Alligator 3307" Spot="1" />
 <COLOR RGB="#f2d79a" NAME="Alligator 3308" Spot="1" />
 <COLOR RGB="#f2e2a0" NAME="Alligator 3309" Spot="1" />
 <COLOR RGB="#bdbc9f" NAME="Alligator 3310" Spot="1" />
 <COLOR RGB="#ded4ab" NAME="Alligator 3311" Spot="1" />
 <COLOR RGB="#b6b6ad" NAME="Alligator 3312" Spot="1" />
 <COLOR RGB="#c9c5b8" NAME="Alligator 3313" Spot="1" />
 <COLOR RGB="#c7c0b3" NAME="Alligator 3314" Spot="1" />
 <COLOR RGB="#8b6e5b" NAME="Alligator 3315" Spot="1" />
 <COLOR RGB="#af8d73" NAME="Alligator 3316" Spot="1" />
 <COLOR RGB="#bea98a" NAME="Alligator 3317" Spot="1" />
 <COLOR RGB="#d3bc96" NAME="Alligator 3318" Spot="1" />
 <COLOR RGB="#e2ceb0" NAME="Alligator 3319" Spot="1" />
 <COLOR RGB="#a45a51" NAME="Alligator 3320" Spot="1" />
 <COLOR RGB="#c8673c" NAME="Alligator 3321" Spot="1" />
 <COLOR RGB="#cb927c" NAME="Alligator 3322" Spot="1" />
 <COLOR RGB="#cf916c" NAME="Alligator 3323" Spot="1" />
 <COLOR RGB="#dcad6e" NAME="Alligator 3324" Spot="1" />
 <COLOR RGB="#55555d" NAME="Alligator 3325" Spot="1" />
 <COLOR RGB="#47686c" NAME="Alligator 3326" Spot="1" />
 <COLOR RGB="#3d6b5d" NAME="Alligator 3327" Spot="1" />
 <COLOR RGB="#9b8d61" NAME="Alligator 3328" Spot="1" />
 <COLOR RGB="#bf8c46" NAME="Alligator 3329" Spot="1" />
 <COLOR RGB="#52504f" NAME="Alligator 3500" Spot="1" />
 <COLOR RGB="#797878" NAME="Alligator 3501" Spot="1" />
 <COLOR RGB="#939290" NAME="Alligator 3502" Spot="1" />
 <COLOR RGB="#b6b5b2" NAME="Alligator 3503" Spot="1" />
 <COLOR RGB="#d3d3ce" NAME="Alligator 3504" Spot="1" />
 <COLOR RGB="#eeede5" NAME="Alligator 3505" Spot="1" />
 <COLOR RGB="#6f6e6a" NAME="Alligator 3506" Spot="1" />
 <COLOR RGB="#95938f" NAME="Alligator 3507" Spot="1" />
 <COLOR RGB="#bebdb5" NAME="Alligator 3508" Spot="1" />
 <COLOR RGB="#d5d4cc" NAME="Alligator 3509" Spot="1" />
 <COLOR RGB="#f0efe3" NAME="Alligator 3510" Spot="1" />
 <COLOR RGB="#736e6f" NAME="Alligator 3511" Spot="1" />
 <COLOR RGB="#959192" NAME="Alligator 3512" Spot="1" />
 <COLOR RGB="#bfbbb9" NAME="Alligator 3513" Spot="1" />
 <COLOR RGB="#d4cfcb" NAME="Alligator 3514" Spot="1" />
 <COLOR RGB="#eae6dd" NAME="Alligator 3515" Spot="1" />
 <COLOR RGB="#686d70" NAME="Alligator 3516" Spot="1" />
 <COLOR RGB="#909395" NAME="Alligator 3517" Spot="1" />
 <COLOR RGB="#babcbe" NAME="Alligator 3518" Spot="1" />
 <COLOR RGB="#cdd4cf" NAME="Alligator 3519" Spot="1" />
 <COLOR RGB="#e9ebe6" NAME="Alligator 3520" Spot="1" />
 <COLOR RGB="#6a6e6d" NAME="Alligator 3521" Spot="1" />
 <COLOR RGB="#8f9591" NAME="Alligator 3522" Spot="1" />
 <COLOR RGB="#bcbeb9" NAME="Alligator 3523" Spot="1" />
 <COLOR RGB="#cfd3cd" NAME="Alligator 3524" Spot="1" />
 <COLOR RGB="#eceee5" NAME="Alligator 3525" Spot="1" />
 <COLOR RGB="#edeae9" NAME="Alligator 3526" Spot="1" />
 <COLOR RGB="#f1e8e5" NAME="Alligator 3527" Spot="1" />
 <COLOR RGB="#f1e9e0" NAME="Alligator 3528" Spot="1" />
 <COLOR RGB="#f8ecdc" NAME="Alligator 3529" Spot="1" />
 <COLOR RGB="#f6ecd6" NAME="Alligator 3530" Spot="1" />
 <COLOR RGB="#f0ecd1" NAME="Alligator 3531" Spot="1" />
 <COLOR RGB="#d8d6d8" NAME="Alligator 3532" Spot="1" />
 <COLOR RGB="#e0d7d6" NAME="Alligator 3533" Spot="1" />
 <COLOR RGB="#e1d8d1" NAME="Alligator 3534" Spot="1" />
 <COLOR RGB="#e0d5c9" NAME="Alligator 3535" Spot="1" />
 <COLOR RGB="#e2d9c3" NAME="Alligator 3536" Spot="1" />
 <COLOR RGB="#dcd6c0" NAME="Alligator 3537" Spot="1" />
 <COLOR RGB="#bfbcc1" NAME="Alligator 3538" Spot="1" />
 <COLOR RGB="#c9bfc1" NAME="Alligator 3539" Spot="1" />
 <COLOR RGB="#cac0b8" NAME="Alligator 3540" Spot="1" />
 <COLOR RGB="#cac0b4" NAME="Alligator 3541" Spot="1" />
 <COLOR RGB="#cfc6b5" NAME="Alligator 3542" Spot="1" />
 <COLOR RGB="#c1bfb0" NAME="Alligator 3543" Spot="1" />
 <COLOR RGB="#acaab1" NAME="Alligator 3544" Spot="1" />
 <COLOR RGB="#b2abac" NAME="Alligator 3545" Spot="1" />
 <COLOR RGB="#b8aca6" NAME="Alligator 3546" Spot="1" />
 <COLOR RGB="#b5a99e" NAME="Alligator 3547" Spot="1" />
 <COLOR RGB="#b6ac9a" NAME="Alligator 3548" Spot="1" />
 <COLOR RGB="#98979f" NAME="Alligator 3549" Spot="1" />
 <COLOR RGB="#9f9698" NAME="Alligator 3550" Spot="1" />
 <COLOR RGB="#a19590" NAME="Alligator 3551" Spot="1" />
 <COLOR RGB="#a1958a" NAME="Alligator 3552" Spot="1" />
 <COLOR RGB="#a09788" NAME="Alligator 3553" Spot="1" />
 <COLOR RGB="#737177" NAME="Alligator 3554" Spot="1" />
 <COLOR RGB="#796e72" NAME="Alligator 3555" Spot="1" />
 <COLOR RGB="#7c726e" NAME="Alligator 3556" Spot="1" />
 <COLOR RGB="#7c7068" NAME="Alligator 3557" Spot="1" />
 <COLOR RGB="#7e7569" NAME="Alligator 3558" Spot="1" />
 <COLOR RGB="#eae5e9" NAME="Alligator 3559" Spot="1" />
 <COLOR RGB="#f4e3e0" NAME="Alligator 3560" Spot="1" />
 <COLOR RGB="#f5ddcc" NAME="Alligator 3561" Spot="1" />
 <COLOR RGB="#f6e0cc" NAME="Alligator 3562" Spot="1" />
 <COLOR RGB="#f6e6cb" NAME="Alligator 3563" Spot="1" />
 <COLOR RGB="#f3e9c4" NAME="Alligator 3564" Spot="1" />
 <COLOR RGB="#d7d3da" NAME="Alligator 3565" Spot="1" />
 <COLOR RGB="#e1cfcd" NAME="Alligator 3566" Spot="1" />
 <COLOR RGB="#ebd1c1" NAME="Alligator 3567" Spot="1" />
 <COLOR RGB="#eed4bd" NAME="Alligator 3568" Spot="1" />
 <COLOR RGB="#ead7bb" NAME="Alligator 3569" Spot="1" />
 <COLOR RGB="#e6dbb8" NAME="Alligator 3570" Spot="1" />
 <COLOR RGB="#c3bcc7" NAME="Alligator 3571" Spot="1" />
 <COLOR RGB="#c9b5b7" NAME="Alligator 3572" Spot="1" />
 <COLOR RGB="#d1b9ad" NAME="Alligator 3573" Spot="1" />
 <COLOR RGB="#d3bca7" NAME="Alligator 3574" Spot="1" />
 <COLOR RGB="#d7c3a9" NAME="Alligator 3575" Spot="1" />
 <COLOR RGB="#ccc2a3" NAME="Alligator 3576" Spot="1" />
 <COLOR RGB="#aba4af" NAME="Alligator 3577" Spot="1" />
 <COLOR RGB="#b3a2a2" NAME="Alligator 3578" Spot="1" />
 <COLOR RGB="#b9a296" NAME="Alligator 3579" Spot="1" />
 <COLOR RGB="#bda797" NAME="Alligator 3580" Spot="1" />
 <COLOR RGB="#bca790" NAME="Alligator 3581" Spot="1" />
 <COLOR RGB="#b8ac8f" NAME="Alligator 3582" Spot="1" />
 <COLOR RGB="#dfd0df" NAME="Alligator 3583" Spot="1" />
 <COLOR RGB="#f2cfd0" NAME="Alligator 3584" Spot="1" />
 <COLOR RGB="#f9cbb5" NAME="Alligator 3585" Spot="1" />
 <COLOR RGB="#f9cba8" NAME="Alligator 3586" Spot="1" />
 <COLOR RGB="#f9d9b0" NAME="Alligator 3587" Spot="1" />
 <COLOR RGB="#f6e6b0" NAME="Alligator 3588" Spot="1" />
 <COLOR RGB="#d0c3d9" NAME="Alligator 3589" Spot="1" />
 <COLOR RGB="#e6c1c1" NAME="Alligator 3590" Spot="1" />
 <COLOR RGB="#efc2ae" NAME="Alligator 3591" Spot="1" />
 <COLOR RGB="#f1c5a5" NAME="Alligator 3592" Spot="1" />
 <COLOR RGB="#f2ca9c" NAME="Alligator 3593" Spot="1" />
 <COLOR RGB="#ecdaa4" NAME="Alligator 3594" Spot="1" />
 <COLOR RGB="#bbadc3" NAME="Alligator 3595" Spot="1" />
 <COLOR RGB="#cea9aa" NAME="Alligator 3596" Spot="1" />
 <COLOR RGB="#d4a995" NAME="Alligator 3597" Spot="1" />
 <COLOR RGB="#d4ac91" NAME="Alligator 3598" Spot="1" />
 <COLOR RGB="#d2b48f" NAME="Alligator 3599" Spot="1" />
 <COLOR RGB="#ccbc8e" NAME="Alligator 3600" Spot="1" />
 <COLOR RGB="#a698ae" NAME="Alligator 3601" Spot="1" />
 <COLOR RGB="#b69193" NAME="Alligator 3602" Spot="1" />
 <COLOR RGB="#bd9585" NAME="Alligator 3603" Spot="1" />
 <COLOR RGB="#c49c82" NAME="Alligator 3604" Spot="1" />
 <COLOR RGB="#c1a280" NAME="Alligator 3605" Spot="1" />
 <COLOR RGB="#b4a57d" NAME="Alligator 3606" Spot="1" />
 <COLOR RGB="#816f84" NAME="Alligator 3607" Spot="1" />
 <COLOR RGB="#8a686d" NAME="Alligator 3608" Spot="1" />
 <COLOR RGB="#957062" NAME="Alligator 3609" Spot="1" />
 <COLOR RGB="#92705c" NAME="Alligator 3610" Spot="1" />
 <COLOR RGB="#917357" NAME="Alligator 3611" Spot="1" />
 <COLOR RGB="#423148" NAME="Alligator 3612" Spot="1" />
 <COLOR RGB="#53393c" NAME="Alligator 3613" Spot="1" />
 <COLOR RGB="#604339" NAME="Alligator 3614" Spot="1" />
 <COLOR RGB="#65493a" NAME="Alligator 3615" Spot="1" />
 <COLOR RGB="#634e3b" NAME="Alligator 3616" Spot="1" />
 <COLOR RGB="#cfbed7" NAME="Alligator 3617" Spot="1" />
 <COLOR RGB="#f5bcbf" NAME="Alligator 3618" Spot="1" />
 <COLOR RGB="#fbbaa1" NAME="Alligator 3619" Spot="1" />
 <COLOR RGB="#fcbd91" NAME="Alligator 3620" Spot="1" />
 <COLOR RGB="#fbc991" NAME="Alligator 3621" Spot="1" />
 <COLOR RGB="#fae599" NAME="Alligator 3622" Spot="1" />
 <COLOR RGB="#c9b5d2" NAME="Alligator 3623" Spot="1" />
 <COLOR RGB="#e3aeaf" NAME="Alligator 3624" Spot="1" />
 <COLOR RGB="#efb298" NAME="Alligator 3625" Spot="1" />
 <COLOR RGB="#f3b791" NAME="Alligator 3626" Spot="1" />
 <COLOR RGB="#f3bf87" NAME="Alligator 3627" Spot="1" />
 <COLOR RGB="#e5d08c" NAME="Alligator 3628" Spot="1" />
 <COLOR RGB="#b99fbd" NAME="Alligator 3629" Spot="1" />
 <COLOR RGB="#c89299" NAME="Alligator 3630" Spot="1" />
 <COLOR RGB="#d79c86" NAME="Alligator 3631" Spot="1" />
 <COLOR RGB="#dba17d" NAME="Alligator 3632" Spot="1" />
 <COLOR RGB="#d4a878" NAME="Alligator 3633" Spot="1" />
 <COLOR RGB="#c9b478" NAME="Alligator 3634" Spot="1" />
 <COLOR RGB="#9e86a6" NAME="Alligator 3635" Spot="1" />
 <COLOR RGB="#af7e84" NAME="Alligator 3636" Spot="1" />
 <COLOR RGB="#b8816d" NAME="Alligator 3637" Spot="1" />
 <COLOR RGB="#c18b6a" NAME="Alligator 3638" Spot="1" />
 <COLOR RGB="#c0966a" NAME="Alligator 3639" Spot="1" />
 <COLOR RGB="#b59e67" NAME="Alligator 3640" Spot="1" />
 <COLOR RGB="#c3a5ca" NAME="Alligator 3641" Spot="1" />
 <COLOR RGB="#dc99a2" NAME="Alligator 3642" Spot="1" />
 <COLOR RGB="#ec9d82" NAME="Alligator 3643" Spot="1" />
 <COLOR RGB="#f4aa7b" NAME="Alligator 3644" Spot="1" />
 <COLOR RGB="#f0b577" NAME="Alligator 3645" Spot="1" />
 <COLOR RGB="#edd17a" NAME="Alligator 3646" Spot="1" />
 <COLOR RGB="#775983" NAME="Alligator 3647" Spot="1" />
 <COLOR RGB="#8e545d" NAME="Alligator 3648" Spot="1" />
 <COLOR RGB="#9d614d" NAME="Alligator 3649" Spot="1" />
 <COLOR RGB="#a56b4a" NAME="Alligator 3650" Spot="1" />
 <COLOR RGB="#a5764a" NAME="Alligator 3651" Spot="1" />
 <COLOR RGB="#9d8146" NAME="Alligator 3652" Spot="1" />
 <COLOR RGB="#9d71aa" NAME="Alligator 3653" Spot="1" />
 <COLOR RGB="#bc6a79" NAME="Alligator 3654" Spot="1" />
 <COLOR RGB="#cb7459" NAME="Alligator 3655" Spot="1" />
 <COLOR RGB="#ce8154" NAME="Alligator 3656" Spot="1" />
 <COLOR RGB="#d49355" NAME="Alligator 3657" Spot="1" />
 <COLOR RGB="#c9a94f" NAME="Alligator 3658" Spot="1" />
 <COLOR RGB="#633969" NAME="Alligator 3659" Spot="1" />
 <COLOR RGB="#833e47" NAME="Alligator 3660" Spot="1" />
 <COLOR RGB="#95523c" NAME="Alligator 3661" Spot="1" />
 <COLOR RGB="#9d5f3d" NAME="Alligator 3662" Spot="1" />
 <COLOR RGB="#a26c3b" NAME="Alligator 3663" Spot="1" />
 <COLOR RGB="#957a38" NAME="Alligator 3664" Spot="1" />
 <COLOR RGB="#f2f1dd" NAME="Alligator 3665" Spot="1" />
 <COLOR RGB="#f0f2e1" NAME="Alligator 3666" Spot="1" />
 <COLOR RGB="#e8eedf" NAME="Alligator 3667" Spot="1" />
 <COLOR RGB="#e8f0e8" NAME="Alligator 3668" Spot="1" />
 <COLOR RGB="#e4eee9" NAME="Alligator 3669" Spot="1" />
 <COLOR RGB="#e6eaea" NAME="Alligator 3670" Spot="1" />
 <COLOR RGB="#e7e4d4" NAME="Alligator 3671" Spot="1" />
 <COLOR RGB="#e2e4d3" NAME="Alligator 3672" Spot="1" />
 <COLOR RGB="#dbe1d3" NAME="Alligator 3673" Spot="1" />
 <COLOR RGB="#d4dcd6" NAME="Alligator 3674" Spot="1" />
 <COLOR RGB="#d0dbda" NAME="Alligator 3675" Spot="1" />
 <COLOR RGB="#daddde" NAME="Alligator 3676" Spot="1" />
 <COLOR RGB="#ccccba" NAME="Alligator 3677" Spot="1" />
 <COLOR RGB="#c2c5b8" NAME="Alligator 3678" Spot="1" />
 <COLOR RGB="#bdc4b9" NAME="Alligator 3679" Spot="1" />
 <COLOR RGB="#bbc5c2" NAME="Alligator 3680" Spot="1" />
 <COLOR RGB="#b8c2c2" NAME="Alligator 3681" Spot="1" />
 <COLOR RGB="#c0c5c8" NAME="Alligator 3682" Spot="1" />
 <COLOR RGB="#b3b2a2" NAME="Alligator 3683" Spot="1" />
 <COLOR RGB="#abaea2" NAME="Alligator 3684" Spot="1" />
 <COLOR RGB="#aaafa4" NAME="Alligator 3685" Spot="1" />
 <COLOR RGB="#a3aeaa" NAME="Alligator 3686" Spot="1" />
 <COLOR RGB="#a4aeaf" NAME="Alligator 3687" Spot="1" />
 <COLOR RGB="#abb0b5" NAME="Alligator 3688" Spot="1" />
 <COLOR RGB="#9a998a" NAME="Alligator 3689" Spot="1" />
 <COLOR RGB="#989a8d" NAME="Alligator 3690" Spot="1" />
 <COLOR RGB="#959b92" NAME="Alligator 3691" Spot="1" />
 <COLOR RGB="#929d99" NAME="Alligator 3692" Spot="1" />
 <COLOR RGB="#8d9899" NAME="Alligator 3693" Spot="1" />
 <COLOR RGB="#959aa0" NAME="Alligator 3694" Spot="1" />
 <COLOR RGB="#7a786c" NAME="Alligator 3695" Spot="1" />
 <COLOR RGB="#75786d" NAME="Alligator 3696" Spot="1" />
 <COLOR RGB="#6c736a" NAME="Alligator 3697" Spot="1" />
 <COLOR RGB="#6c7471" NAME="Alligator 3698" Spot="1" />
 <COLOR RGB="#6b7578" NAME="Alligator 3699" Spot="1" />
 <COLOR RGB="#70747d" NAME="Alligator 3700" Spot="1" />
 <COLOR RGB="#f3efcd" NAME="Alligator 3701" Spot="1" />
 <COLOR RGB="#ebeed6" NAME="Alligator 3702" Spot="1" />
 <COLOR RGB="#e6f1d9" NAME="Alligator 3703" Spot="1" />
 <COLOR RGB="#ddebdf" NAME="Alligator 3704" Spot="1" />
 <COLOR RGB="#d8eae8" NAME="Alligator 3705" Spot="1" />
 <COLOR RGB="#dfeaec" NAME="Alligator 3706" Spot="1" />
 <COLOR RGB="#e4ddbd" NAME="Alligator 3707" Spot="1" />
 <COLOR RGB="#dce2ca" NAME="Alligator 3708" Spot="1" />
 <COLOR RGB="#d4dfca" NAME="Alligator 3709" Spot="1" />
 <COLOR RGB="#cfe1d4" NAME="Alligator 3710" Spot="1" />
 <COLOR RGB="#c8d7d9" NAME="Alligator 3711" Spot="1" />
 <COLOR RGB="#cad9e0" NAME="Alligator 3712" Spot="1" />
 <COLOR RGB="#cdc5a8" NAME="Alligator 3713" Spot="1" />
 <COLOR RGB="#c2c6b0" NAME="Alligator 3714" Spot="1" />
 <COLOR RGB="#bbc4b1" NAME="Alligator 3715" Spot="1" />
 <COLOR RGB="#b0c3b9" NAME="Alligator 3716" Spot="1" />
 <COLOR RGB="#b4c1c4" NAME="Alligator 3717" Spot="1" />
 <COLOR RGB="#b6c2ca" NAME="Alligator 3718" Spot="1" />
 <COLOR RGB="#afa88a" NAME="Alligator 3719" Spot="1" />
 <COLOR RGB="#abaf97" NAME="Alligator 3720" Spot="1" />
 <COLOR RGB="#a4af9c" NAME="Alligator 3721" Spot="1" />
 <COLOR RGB="#9eaea6" NAME="Alligator 3722" Spot="1" />
 <COLOR RGB="#9faeb2" NAME="Alligator 3723" Spot="1" />
 <COLOR RGB="#9faab3" NAME="Alligator 3724" Spot="1" />
 <COLOR RGB="#f3eab5" NAME="Alligator 3725" Spot="1" />
 <COLOR RGB="#e7f1bc" NAME="Alligator 3726" Spot="1" />
 <COLOR RGB="#dbebc8" NAME="Alligator 3727" Spot="1" />
 <COLOR RGB="#c7ead6" NAME="Alligator 3728" Spot="1" />
 <COLOR RGB="#c0e4e8" NAME="Alligator 3729" Spot="1" />
 <COLOR RGB="#c6dde7" NAME="Alligator 3730" Spot="1" />
 <COLOR RGB="#e6ddaa" NAME="Alligator 3731" Spot="1" />
 <COLOR RGB="#d2d8aa" NAME="Alligator 3732" Spot="1" />
 <COLOR RGB="#c4d7b2" NAME="Alligator 3733" Spot="1" />
 <COLOR RGB="#b3d4c3" NAME="Alligator 3734" Spot="1" />
 <COLOR RGB="#b2d7dd" NAME="Alligator 3735" Spot="1" />
 <COLOR RGB="#b4cfe0" NAME="Alligator 3736" Spot="1" />
 <COLOR RGB="#cbbf92" NAME="Alligator 3737" Spot="1" />
 <COLOR RGB="#bac49a" NAME="Alligator 3738" Spot="1" />
 <COLOR RGB="#acc1a0" NAME="Alligator 3739" Spot="1" />
 <COLOR RGB="#9ebfb0" NAME="Alligator 3740" Spot="1" />
 <COLOR RGB="#a0bfc7" NAME="Alligator 3741" Spot="1" />
 <COLOR RGB="#9cb3c7" NAME="Alligator 3742" Spot="1" />
 <COLOR RGB="#b2a981" NAME="Alligator 3743" Spot="1" />
 <COLOR RGB="#a5ab84" NAME="Alligator 3744" Spot="1" />
 <COLOR RGB="#98a98a" NAME="Alligator 3745" Spot="1" />
 <COLOR RGB="#84aa9b" NAME="Alligator 3746" Spot="1" />
 <COLOR RGB="#82a4ae" NAME="Alligator 3747" Spot="1" />
 <COLOR RGB="#889db0" NAME="Alligator 3748" Spot="1" />
 <COLOR RGB="#887e60" NAME="Alligator 3749" Spot="1" />
 <COLOR RGB="#767e60" NAME="Alligator 3750" Spot="1" />
 <COLOR RGB="#708065" NAME="Alligator 3751" Spot="1" />
 <COLOR RGB="#617f73" NAME="Alligator 3752" Spot="1" />
 <COLOR RGB="#5c7985" NAME="Alligator 3753" Spot="1" />
 <COLOR RGB="#63778a" NAME="Alligator 3754" Spot="1" />
 <COLOR RGB="#605439" NAME="Alligator 3755" Spot="1" />
 <COLOR RGB="#555943" NAME="Alligator 3756" Spot="1" />
 <COLOR RGB="#485441" NAME="Alligator 3757" Spot="1" />
 <COLOR RGB="#294a40" NAME="Alligator 3758" Spot="1" />
 <COLOR RGB="#314a52" NAME="Alligator 3759" Spot="1" />
 <COLOR RGB="#2f4255" NAME="Alligator 3760" Spot="1" />
 <COLOR RGB="#f3e99b" NAME="Alligator 3761" Spot="1" />
 <COLOR RGB="#e0eea6" NAME="Alligator 3762" Spot="1" />
 <COLOR RGB="#cceab4" NAME="Alligator 3763" Spot="1" />
 <COLOR RGB="#acdfc7" NAME="Alligator 3764" Spot="1" />
 <COLOR RGB="#a1d9e1" NAME="Alligator 3765" Spot="1" />
 <COLOR RGB="#a5cce5" NAME="Alligator 3766" Spot="1" />
 <COLOR RGB="#e3d68e" NAME="Alligator 3767" Spot="1" />
 <COLOR RGB="#c7d393" NAME="Alligator 3768" Spot="1" />
 <COLOR RGB="#b2cf9b" NAME="Alligator 3769" Spot="1" />
 <COLOR RGB="#a3d6be" NAME="Alligator 3770" Spot="1" />
 <COLOR RGB="#95cdd9" NAME="Alligator 3771" Spot="1" />
 <COLOR RGB="#a7c8de" NAME="Alligator 3772" Spot="1" />
 <COLOR RGB="#c6ba7c" NAME="Alligator 3773" Spot="1" />
 <COLOR RGB="#b3be85" NAME="Alligator 3774" Spot="1" />
 <COLOR RGB="#9cb788" NAME="Alligator 3775" Spot="1" />
 <COLOR RGB="#81bca4" NAME="Alligator 3776" Spot="1" />
 <COLOR RGB="#81b2c1" NAME="Alligator 3777" Spot="1" />
 <COLOR RGB="#89abc4" NAME="Alligator 3778" Spot="1" />
 <COLOR RGB="#b4a368" NAME="Alligator 3779" Spot="1" />
 <COLOR RGB="#9ca471" NAME="Alligator 3780" Spot="1" />
 <COLOR RGB="#89a275" NAME="Alligator 3781" Spot="1" />
 <COLOR RGB="#69a18b" NAME="Alligator 3782" Spot="1" />
 <COLOR RGB="#6a9cac" NAME="Alligator 3783" Spot="1" />
 <COLOR RGB="#7895af" NAME="Alligator 3784" Spot="1" />
 <COLOR RGB="#e3d379" NAME="Alligator 3785" Spot="1" />
 <COLOR RGB="#c2d081" NAME="Alligator 3786" Spot="1" />
 <COLOR RGB="#aacf90" NAME="Alligator 3787" Spot="1" />
 <COLOR RGB="#83d3b4" NAME="Alligator 3788" Spot="1" />
 <COLOR RGB="#7ac6d5" NAME="Alligator 3789" Spot="1" />
 <COLOR RGB="#8cbadc" NAME="Alligator 3790" Spot="1" />
 <COLOR RGB="#938141" NAME="Alligator 3791" Spot="1" />
 <COLOR RGB="#828a51" NAME="Alligator 3792" Spot="1" />
 <COLOR RGB="#6a8855" NAME="Alligator 3793" Spot="1" />
 <COLOR RGB="#38836c" NAME="Alligator 3794" Spot="1" />
 <COLOR RGB="#3e7c90" NAME="Alligator 3795" Spot="1" />
 <COLOR RGB="#497398" NAME="Alligator 3796" Spot="1" />
 <COLOR RGB="#c2b24c" NAME="Alligator 3797" Spot="1" />
 <COLOR RGB="#a3af5e" NAME="Alligator 3798" Spot="1" />
 <COLOR RGB="#86ab63" NAME="Alligator 3799" Spot="1" />
 <COLOR RGB="#47ae8c" NAME="Alligator 3800" Spot="1" />
 <COLOR RGB="#41a2b9" NAME="Alligator 3801" Spot="1" />
 <COLOR RGB="#5391be" NAME="Alligator 3802" Spot="1" />
 <COLOR RGB="#937e39" NAME="Alligator 3803" Spot="1" />
 <COLOR RGB="#798340" NAME="Alligator 3804" Spot="1" />
 <COLOR RGB="#587841" NAME="Alligator 3805" Spot="1" />
 <COLOR RGB="#007053" NAME="Alligator 3806" Spot="1" />
 <COLOR RGB="#006f84" NAME="Alligator 3807" Spot="1" />
 <COLOR RGB="#1b5e88" NAME="Alligator 3808" Spot="1" />
</SCRIBUSCOLORS>