<?xml version="1.0" encoding="UTF-8"?>
<SCRIBUSCOLORS Name="Alpina Pure Colour">
 <COLOR RGB="#ffc155" NAME="mirabelle" Spot="1" />
 <COLOR RGB="#ffc86f" NAME="mirabelle 1" Spot="1" />
 <COLOR RGB="#ffd89f" NAME="mirabelle 2" Spot="1" />
 <COLOR RGB="#f3d8af" NAME="mirabelle 3" Spot="1" />
 <COLOR RGB="#ffdca0" NAME="mirabelle 4" Spot="1" />
 <COLOR RGB="#ffda92" NAME="mirabelle 5" Spot="1" />
 <COLOR RGB="#ffce7b" NAME="mirabelle 6" Spot="1" />
 <COLOR RGB="#f6b659" NAME="mirabelle 7" Spot="1" />
 <COLOR RGB="#8299bd" NAME="saphir" Spot="1" />
 <COLOR RGB="#9cb0cb" NAME="saphir 1" Spot="1" />
 <COLOR RGB="#bfcde2" NAME="saphir 2" Spot="1" />
 <COLOR RGB="#e3eaf7" NAME="saphir 3" Spot="1" />
 <COLOR RGB="#9eacc2" NAME="saphir 4" Spot="1" />
 <COLOR RGB="#7d8fa9" NAME="saphir 5" Spot="1" />
 <COLOR RGB="#607695" NAME="saphir 6" Spot="1" />
 <COLOR RGB="#4a6282" NAME="saphir 7" Spot="1" />
 <COLOR RGB="#ffdba5" NAME="caramel" Spot="1" />
 <COLOR RGB="#ffd790" NAME="caramel 1" Spot="1" />
 <COLOR RGB="#ffba58" NAME="caramel 2" Spot="1" />
 <COLOR RGB="#ee9c38" NAME="caramel 3" Spot="1" />
 <COLOR RGB="#ffbc62" NAME="caramel 4" Spot="1" />
 <COLOR RGB="#ffc77b" NAME="caramel 5" Spot="1" />
 <COLOR RGB="#ffd298" NAME="caramel 6" Spot="1" />
 <COLOR RGB="#ffe2b7" NAME="caramel 7" Spot="1" />
 <COLOR RGB="#fe8851" NAME="orange" Spot="1" />
 <COLOR RGB="#fc9557" NAME="orange 1" Spot="1" />
 <COLOR RGB="#ffa872" NAME="orange 2" Spot="1" />
 <COLOR RGB="#ffcfb0" NAME="orange 3" Spot="1" />
 <COLOR RGB="#ffe0cd" NAME="orange 4" Spot="1" />
 <COLOR RGB="#ffb694" NAME="orange 5" Spot="1" />
 <COLOR RGB="#ea8565" NAME="orange 6" Spot="1" />
 <COLOR RGB="#bc583b" NAME="orange 7" Spot="1" />
 <COLOR RGB="#af4561" NAME="berry" Spot="1" />
 <COLOR RGB="#e68593" NAME="berry 1" Spot="1" />
 <COLOR RGB="#f5abb4" NAME="berry 2" Spot="1" />
 <COLOR RGB="#fad7d9" NAME="berry 3" Spot="1" />
 <COLOR RGB="#edafc4" NAME="berry 4" Spot="1" />
 <COLOR RGB="#ce92a6" NAME="berry 5" Spot="1" />
 <COLOR RGB="#b47487" NAME="berry 6" Spot="1" />
 <COLOR RGB="#9c5971" NAME="berry 7" Spot="1" />
 <COLOR RGB="#e6dbc4" NAME="kiesel" Spot="1" />
 <COLOR RGB="#d9ccb4" NAME="kiesel 1" Spot="1" />
 <COLOR RGB="#b8ac94" NAME="kiesel 2" Spot="1" />
 <COLOR RGB="#9b8e75" NAME="kiesel 3" Spot="1" />
 <COLOR RGB="#b6ac99" NAME="kiesel 4" Spot="1" />
 <COLOR RGB="#c2b8a8" NAME="kiesel 5" Spot="1" />
 <COLOR RGB="#d0c8bb" NAME="kiesel 6" Spot="1" />
 <COLOR RGB="#e1dcd1" NAME="kiesel 7" Spot="1" />
 <COLOR RGB="#63524e" NAME="choco" Spot="1" />
 <COLOR RGB="#735e59" NAME="choco 1" Spot="1" />
 <COLOR RGB="#8f7d78" NAME="choco 2" Spot="1" />
 <COLOR RGB="#a69994" NAME="choco 3" Spot="1" />
 <COLOR RGB="#ceb9b4" NAME="choco 4" Spot="1" />
 <COLOR RGB="#b59992" NAME="choco 5" Spot="1" />
 <COLOR RGB="#a28179" NAME="choco 6" Spot="1" />
 <COLOR RGB="#89635a" NAME="choco 7" Spot="1" />
 <COLOR RGB="#fff0b2" NAME="citro" Spot="1" />
 <COLOR RGB="#ffea9e" NAME="citro 1" Spot="1" />
 <COLOR RGB="#fee38c" NAME="citro 2" Spot="1" />
 <COLOR RGB="#fbd962" NAME="citro 3" Spot="1" />
 <COLOR RGB="#edd36c" NAME="citro 4" Spot="1" />
 <COLOR RGB="#f4df95" NAME="citro 5" Spot="1" />
 <COLOR RGB="#faeaae" NAME="citro 6" Spot="1" />
 <COLOR RGB="#fbf2c5" NAME="citro 7" Spot="1" />
 <COLOR RGB="#ffd662" NAME="sunny" Spot="1" />
 <COLOR RGB="#fccd4d" NAME="sunny 1" Spot="1" />
 <COLOR RGB="#fad26e" NAME="sunny 2" Spot="1" />
 <COLOR RGB="#ffe39b" NAME="sunny 3" Spot="1" />
 <COLOR RGB="#ffedc3" NAME="sunny 4" Spot="1" />
 <COLOR RGB="#ffe4ad" NAME="sunny 5" Spot="1" />
 <COLOR RGB="#f9d793" NAME="sunny 6" Spot="1" />
 <COLOR RGB="#f3c979" NAME="sunny 7" Spot="1" />
 <COLOR RGB="#ece1d1" NAME="creme" Spot="1" />
 <COLOR RGB="#ded0b8" NAME="creme 1" Spot="1" />
 <COLOR RGB="#c9bba6" NAME="creme 2" Spot="1" />
 <COLOR RGB="#b1a28c" NAME="creme 3" Spot="1" />
 <COLOR RGB="#8d7f6b" NAME="creme 4" Spot="1" />
 <COLOR RGB="#9a8f7e" NAME="creme 5" Spot="1" />
 <COLOR RGB="#aba293" NAME="creme 6" Spot="1" />
 <COLOR RGB="#bab1a3" NAME="creme 7" Spot="1" />
 <COLOR RGB="#ff9d47" NAME="pfirsich" Spot="1" />
 <COLOR RGB="#fd8e26" NAME="pfirsich 1" Spot="1" />
 <COLOR RGB="#ffb066" NAME="pfirsich 2" Spot="1" />
 <COLOR RGB="#ffc187" NAME="pfirsich 3" Spot="1" />
 <COLOR RGB="#ffcfa5" NAME="pfirsich 4" Spot="1" />
 <COLOR RGB="#ffe0c5" NAME="pfirsich 5" Spot="1" />
 <COLOR RGB="#f0b98a" NAME="pfirsich 6" Spot="1" />
 <COLOR RGB="#e7a76d" NAME="pfirsich 7" Spot="1" />
 <COLOR RGB="#ecf4d4" NAME="mint" Spot="1" />
 <COLOR RGB="#ddecad" NAME="mint 1" Spot="1" />
 <COLOR RGB="#d9ea9a" NAME="mint 2" Spot="1" />
 <COLOR RGB="#b7cf61" NAME="mint 3" Spot="1" />
 <COLOR RGB="#a3c14a" NAME="mint 4" Spot="1" />
 <COLOR RGB="#aec468" NAME="mint 5" Spot="1" />
 <COLOR RGB="#bed187" NAME="mint 6" Spot="1" />
 <COLOR RGB="#d4e2a6" NAME="mint 7" Spot="1" />
 <COLOR RGB="#bcc745" NAME="limone" Spot="1" />
 <COLOR RGB="#cbcf5d" NAME="limone 1" Spot="1" />
 <COLOR RGB="#dbe18f" NAME="limone 2" Spot="1" />
 <COLOR RGB="#e7eea8" NAME="limone 3" Spot="1" />
 <COLOR RGB="#e5eec4" NAME="limone 4" Spot="1" />
 <COLOR RGB="#e1e9ca" NAME="limone 5" Spot="1" />
 <COLOR RGB="#ccd7ac" NAME="limone 6" Spot="1" />
 <COLOR RGB="#b7c48e" NAME="limone 7" Spot="1" />
 <COLOR RGB="#847263" NAME="noisette" Spot="1" />
 <COLOR RGB="#9a897d" NAME="noisette 1" Spot="1" />
 <COLOR RGB="#b0a195" NAME="noisette 2" Spot="1" />
 <COLOR RGB="#c6bab0" NAME="noisette 3" Spot="1" />
 <COLOR RGB="#e8d7ca" NAME="noisette 4" Spot="1" />
 <COLOR RGB="#d6c0ae" NAME="noisette 5" Spot="1" />
 <COLOR RGB="#c6a992" NAME="noisette 6" Spot="1" />
 <COLOR RGB="#b69378" NAME="noisette 7" Spot="1" />
 <COLOR RGB="#f7e9c2" NAME="vanille" Spot="1" />
 <COLOR RGB="#f5e4a3" NAME="vanille 1" Spot="1" />
 <COLOR RGB="#edda88" NAME="vanille 2" Spot="1" />
 <COLOR RGB="#e5d06b" NAME="vanille 3" Spot="1" />
 <COLOR RGB="#dfc94d" NAME="vanille 4" Spot="1" />
 <COLOR RGB="#ead64c" NAME="vanille 5" Spot="1" />
 <COLOR RGB="#ffea7b" NAME="vanille 6" Spot="1" />
 <COLOR RGB="#feea98" NAME="vanille 7" Spot="1" />
 <COLOR RGB="#673c3c" NAME="bordeaux" Spot="1" />
 <COLOR RGB="#793b3f" NAME="bordeaux 1" Spot="1" />
 <COLOR RGB="#9c2b3a" NAME="bordeaux 2" Spot="1" />
 <COLOR RGB="#b3555b" NAME="bordeaux 3" Spot="1" />
 <COLOR RGB="#b97a7b" NAME="bordeaux 4" Spot="1" />
 <COLOR RGB="#a87877" NAME="bordeaux 5" Spot="1" />
 <COLOR RGB="#915757" NAME="bordeaux 6" Spot="1" />
 <COLOR RGB="#8b4f58" NAME="bordeaux 7" Spot="1" />
 <COLOR RGB="#543c4d" NAME="aubergine" Spot="1" />
 <COLOR RGB="#897180" NAME="aubergine 1" Spot="1" />
 <COLOR RGB="#a58c98" NAME="aubergine 2" Spot="1" />
 <COLOR RGB="#c0acb4" NAME="aubergine 3" Spot="1" />
 <COLOR RGB="#d9c8ce" NAME="aubergine 4" Spot="1" />
 <COLOR RGB="#cca8b1" NAME="aubergine 5" Spot="1" />
 <COLOR RGB="#b08996" NAME="aubergine 6" Spot="1" />
 <COLOR RGB="#8d616f" NAME="aubergine 7" Spot="1" />
 <COLOR RGB="#f6efda" NAME="linen" Spot="1" />
 <COLOR RGB="#e4ddc4" NAME="linen 1" Spot="1" />
 <COLOR RGB="#d1ccb1" NAME="linen 2" Spot="1" />
 <COLOR RGB="#b7af8e" NAME="linen 3" Spot="1" />
 <COLOR RGB="#ad9d53" NAME="linen 4" Spot="1" />
 <COLOR RGB="#bfb071" NAME="linen 5" Spot="1" />
 <COLOR RGB="#ccc08c" NAME="linen 6" Spot="1" />
 <COLOR RGB="#ded3aa" NAME="linen 7" Spot="1" />
 <COLOR RGB="#a59e45" NAME="avocado" Spot="1" />
 <COLOR RGB="#c6c147" NAME="avocado 1" Spot="1" />
 <COLOR RGB="#d7d14b" NAME="avocado 2" Spot="1" />
 <COLOR RGB="#e7e582" NAME="avocado 3" Spot="1" />
 <COLOR RGB="#f9f4bc" NAME="avocado 4" Spot="1" />
 <COLOR RGB="#d7d095" NAME="avocado 5" Spot="1" />
 <COLOR RGB="#a9a264" NAME="avocado 6" Spot="1" />
 <COLOR RGB="#89834f" NAME="avocado 7" Spot="1" />
 <COLOR RGB="#c66c44" NAME="terra" Spot="1" />
 <COLOR RGB="#d68359" NAME="terra 1" Spot="1" />
 <COLOR RGB="#e6a076" NAME="terra 2" Spot="1" />
 <COLOR RGB="#eeb491" NAME="terra 3" Spot="1" />
 <COLOR RGB="#ffc6a7" NAME="terra 4" Spot="1" />
 <COLOR RGB="#fcae86" NAME="terra 5" Spot="1" />
 <COLOR RGB="#ec9366" NAME="terra 6" Spot="1" />
 <COLOR RGB="#da7441" NAME="terra 7" Spot="1" />
 <COLOR RGB="#dadeb1" NAME="schilf" Spot="1" />
 <COLOR RGB="#dee6ae" NAME="schilf 1" Spot="1" />
 <COLOR RGB="#ebf1c2" NAME="schilf 2" Spot="1" />
 <COLOR RGB="#f0f0db" NAME="schilf 3" Spot="1" />
 <COLOR RGB="#e4e5cb" NAME="schilf 4" Spot="1" />
 <COLOR RGB="#d3d6b5" NAME="schilf 5" Spot="1" />
 <COLOR RGB="#bbc290" NAME="schilf 6" Spot="1" />
 <COLOR RGB="#b2c172" NAME="schilf 7" Spot="1" />
 <COLOR RGB="#53768d" NAME="ocean" Spot="1" />
 <COLOR RGB="#6b94ab" NAME="ocean 1" Spot="1" />
 <COLOR RGB="#8cb2c6" NAME="ocean 2" Spot="1" />
 <COLOR RGB="#a9c8d7" NAME="ocean 3" Spot="1" />
 <COLOR RGB="#c2d9e2" NAME="ocean 4" Spot="1" />
 <COLOR RGB="#d5e2ec" NAME="ocean 5" Spot="1" />
 <COLOR RGB="#b5c9d6" NAME="ocean 6" Spot="1" />
 <COLOR RGB="#93acbe" NAME="ocean 7" Spot="1" />
 <COLOR RGB="#6b5c4a" NAME="kokos" Spot="1" />
 <COLOR RGB="#827462" NAME="kokos 1" Spot="1" />
 <COLOR RGB="#978c7d" NAME="kokos 2" Spot="1" />
 <COLOR RGB="#b0a598" NAME="kokos 3" Spot="1" />
 <COLOR RGB="#dfd8ce" NAME="kokos 4" Spot="1" />
 <COLOR RGB="#e9dccc" NAME="kokos 5" Spot="1" />
 <COLOR RGB="#d5c3ac" NAME="kokos 6" Spot="1" />
 <COLOR RGB="#af987a" NAME="kokos 7" Spot="1" />
 <COLOR RGB="#ffd0a8" NAME="apricot" Spot="1" />
 <COLOR RGB="#ffce9c" NAME="apricot 1" Spot="1" />
 <COLOR RGB="#ffba76" NAME="apricot 2" Spot="1" />
 <COLOR RGB="#ea9f5d" NAME="apricot 3" Spot="1" />
 <COLOR RGB="#eeb17f" NAME="apricot 4" Spot="1" />
 <COLOR RGB="#ffc895" NAME="apricot 5" Spot="1" />
 <COLOR RGB="#ffe1c5" NAME="apricot 6" Spot="1" />
 <COLOR RGB="#ffe9d9" NAME="apricot 7" Spot="1" />
 <COLOR RGB="#ab4140" NAME="karmin" Spot="1" />
 <COLOR RGB="#d08179" NAME="karmin 1" Spot="1" />
 <COLOR RGB="#dda099" NAME="karmin 2" Spot="1" />
 <COLOR RGB="#eac1bb" NAME="karmin 3" Spot="1" />
 <COLOR RGB="#d1a099" NAME="karmin 4" Spot="1" />
 <COLOR RGB="#bf817a" NAME="karmin 5" Spot="1" />
 <COLOR RGB="#a85f59" NAME="karmin 6" Spot="1" />
 <COLOR RGB="#94443f" NAME="karmin 7" Spot="1" />
 <COLOR RGB="#fae7c8" NAME="sand" Spot="1" />
 <COLOR RGB="#ffe1b4" NAME="sand 1" Spot="1" />
 <COLOR RGB="#fad299" NAME="sand 2" Spot="1" />
 <COLOR RGB="#f3c17f" NAME="sand 3" Spot="1" />
 <COLOR RGB="#dbbb90" NAME="sand 4" Spot="1" />
 <COLOR RGB="#e2c69f" NAME="sand 5" Spot="1" />
 <COLOR RGB="#edd8b8" NAME="sand 6" Spot="1" />
 <COLOR RGB="#f5e9d2" NAME="sand 7" Spot="1" />
 <COLOR RGB="#bfdfec" NAME="bleu" Spot="1" />
 <COLOR RGB="#9ad8ee" NAME="bleu 1" Spot="1" />
 <COLOR RGB="#86cae3" NAME="bleu 2" Spot="1" />
 <COLOR RGB="#4295b0" NAME="bleu 3" Spot="1" />
 <COLOR RGB="#227495" NAME="bleu 4" Spot="1" />
 <COLOR RGB="#4c92b2" NAME="bleu 5" Spot="1" />
 <COLOR RGB="#73adc9" NAME="bleu 6" Spot="1" />
 <COLOR RGB="#a2d3eb" NAME="bleu 7" Spot="1" />
 <COLOR RGB="#5f6069" NAME="blaubeere" Spot="1" />
 <COLOR RGB="#787983" NAME="blaubeere 1" Spot="1" />
 <COLOR RGB="#a3a5b1" NAME="blaubeere 2" Spot="1" />
 <COLOR RGB="#cdd0db" NAME="blaubeere 3" Spot="1" />
 <COLOR RGB="#bbbdcf" NAME="blaubeere 4" Spot="1" />
 <COLOR RGB="#abafc7" NAME="blaubeere 5" Spot="1" />
 <COLOR RGB="#9da3bd" NAME="blaubeere 6" Spot="1" />
 <COLOR RGB="#7e839e" NAME="blaubeere 7" Spot="1" />
 <COLOR RGB="#e1e3e2" NAME="grey" Spot="1" />
 <COLOR RGB="#c8cacb" NAME="grey 1" Spot="1" />
 <COLOR RGB="#bbbdbe" NAME="grey 2" Spot="1" />
 <COLOR RGB="#acb0b1" NAME="grey 3" Spot="1" />
 <COLOR RGB="#9ea0a2" NAME="grey 4" Spot="1" />
 <COLOR RGB="#84837f" NAME="grey 5" Spot="1" />
 <COLOR RGB="#bfbdb7" NAME="grey 6" Spot="1" />
 <COLOR RGB="#d4d3cd" NAME="grey 7" Spot="1" />
 <COLOR RGB="#6b78ac" NAME="lavendel" Spot="1" />
 <COLOR RGB="#505d87" NAME="lavendel 1" Spot="1" />
 <COLOR RGB="#6285be" NAME="lavendel 2" Spot="1" />
 <COLOR RGB="#7ba0d9" NAME="lavendel 3" Spot="1" />
 <COLOR RGB="#a2bce5" NAME="lavendel 4" Spot="1" />
 <COLOR RGB="#c5ccec" NAME="lavendel 5" Spot="1" />
 <COLOR RGB="#b3bbde" NAME="lavendel 6" Spot="1" />
 <COLOR RGB="#8b96c3" NAME="lavendel 7" Spot="1" />
 <COLOR RGB="#8a373c" NAME="burgund" Spot="1" />
 <COLOR RGB="#a1575a" NAME="burgund 1" Spot="1" />
 <COLOR RGB="#c57a7a" NAME="burgund 2" Spot="1" />
 <COLOR RGB="#d69d9d" NAME="burgund 3" Spot="1" />
 <COLOR RGB="#e8bebd" NAME="burgund 4" Spot="1" />
 <COLOR RGB="#f9e3e2" NAME="burgund 5" Spot="1" />
 <COLOR RGB="#dfbdbb" NAME="burgund 6" Spot="1" />
 <COLOR RGB="#ca9999" NAME="burgund 7" Spot="1" />
 <COLOR RGB="#c8bfb7" NAME="stone" Spot="1" />
 <COLOR RGB="#e2dcd6" NAME="stone 1" Spot="1" />
 <COLOR RGB="#ece9e3" NAME="stone 2" Spot="1" />
 <COLOR RGB="#fceee1" NAME="stone 3" Spot="1" />
 <COLOR RGB="#e0d2c5" NAME="stone 4" Spot="1" />
 <COLOR RGB="#c7b5a7" NAME="stone 5" Spot="1" />
 <COLOR RGB="#ab9686" NAME="stone 6" Spot="1" />
 <COLOR RGB="#937d6c" NAME="stone 7" Spot="1" />
</SCRIBUSCOLORS>