<?xml version="1.0" encoding="UTF-8"?>
<SCRIBUSCOLORS Name="alsecco ACCS 2">
 <COLOR RGB="#f6f0e1" NAME="accs 1225" Spot="1" />
 <COLOR RGB="#e9e9e6" NAME="accs 2225" Spot="1" />
 <COLOR RGB="#f4f2ea" NAME="accs 2325" Spot="1" />
 <COLOR RGB="#eff1ea" NAME="accs 2425" Spot="1" />
 <COLOR RGB="#f6f2e2" NAME="accs 3455" Spot="1" />
 <COLOR RGB="#eee8df" NAME="accs 4144" Spot="1" />
 <COLOR RGB="#f2af15" NAME="accs 1060" Spot="1" />
 <COLOR RGB="#f8c656" NAME="accs 1061" Spot="1" />
 <COLOR RGB="#fcd67b" NAME="accs 1062" Spot="1" />
 <COLOR RGB="#fae098" NAME="accs 1063" Spot="1" />
 <COLOR RGB="#9f8554" NAME="accs 1000" Spot="1" />
 <COLOR RGB="#bda574" NAME="accs 1001" Spot="1" />
 <COLOR RGB="#d0b888" NAME="accs 1002" Spot="1" />
 <COLOR RGB="#dfc89d" NAME="accs 1003" Spot="1" />
 <COLOR RGB="#e7d4ad" NAME="accs 1004" Spot="1" />
 <COLOR RGB="#f6e8cb" NAME="accs 1005" Spot="1" />
 <COLOR RGB="#d19c3e" NAME="accs 1010" Spot="1" />
 <COLOR RGB="#e0ac55" NAME="accs 1011" Spot="1" />
 <COLOR RGB="#eec078" NAME="accs 1012" Spot="1" />
 <COLOR RGB="#f2d5a0" NAME="accs 1013" Spot="1" />
 <COLOR RGB="#f6e1b8" NAME="accs 1014" Spot="1" />
 <COLOR RGB="#faebc9" NAME="accs 1015" Spot="1" />
 <COLOR RGB="#b19b76" NAME="accs 1020" Spot="1" />
 <COLOR RGB="#c8b897" NAME="accs 1021" Spot="1" />
 <COLOR RGB="#d5c9ac" NAME="accs 1022" Spot="1" />
 <COLOR RGB="#e0d6bc" NAME="accs 1023" Spot="1" />
 <COLOR RGB="#ebe4d1" NAME="accs 1024" Spot="1" />
 <COLOR RGB="#faf1dc" NAME="accs 1025" Spot="1" />
 <COLOR RGB="#736245" NAME="accs 1050" Spot="1" />
 <COLOR RGB="#85785d" NAME="accs 1051" Spot="1" />
 <COLOR RGB="#9e9179" NAME="accs 1052" Spot="1" />
 <COLOR RGB="#b2a894" NAME="accs 1053" Spot="1" />
 <COLOR RGB="#c9c1b1" NAME="accs 1054" Spot="1" />
 <COLOR RGB="#e0dcd2" NAME="accs 1055" Spot="1" />
 <COLOR RGB="#f2b041" NAME="accs 1160" Spot="1" />
 <COLOR RGB="#f7bc55" NAME="accs 1161" Spot="1" />
 <COLOR RGB="#fcd482" NAME="accs 1162" Spot="1" />
 <COLOR RGB="#f9dd9c" NAME="accs 1163" Spot="1" />
 <COLOR RGB="#a17e54" NAME="accs 1100" Spot="1" />
 <COLOR RGB="#b8966b" NAME="accs 1101" Spot="1" />
 <COLOR RGB="#c3a378" NAME="accs 1102" Spot="1" />
 <COLOR RGB="#d5b690" NAME="accs 1103" Spot="1" />
 <COLOR RGB="#e1c8a6" NAME="accs 1104" Spot="1" />
 <COLOR RGB="#efdabc" NAME="accs 1105" Spot="1" />
 <COLOR RGB="#cb9248" NAME="accs 1110" Spot="1" />
 <COLOR RGB="#d4a15a" NAME="accs 1111" Spot="1" />
 <COLOR RGB="#e2b371" NAME="accs 1112" Spot="1" />
 <COLOR RGB="#ecc185" NAME="accs 1113" Spot="1" />
 <COLOR RGB="#f1ce9b" NAME="accs 1114" Spot="1" />
 <COLOR RGB="#f6dbb0" NAME="accs 1115" Spot="1" />
 <COLOR RGB="#b8a27e" NAME="accs 1120" Spot="1" />
 <COLOR RGB="#c5b291" NAME="accs 1121" Spot="1" />
 <COLOR RGB="#d7c3a1" NAME="accs 1122" Spot="1" />
 <COLOR RGB="#e4d2b5" NAME="accs 1123" Spot="1" />
 <COLOR RGB="#eddfc6" NAME="accs 1124" Spot="1" />
 <COLOR RGB="#f3e7d0" NAME="accs 1125" Spot="1" />
 <COLOR RGB="#5e554a" NAME="accs 1150" Spot="1" />
 <COLOR RGB="#726a5b" NAME="accs 1151" Spot="1" />
 <COLOR RGB="#8c7f6b" NAME="accs 1152" Spot="1" />
 <COLOR RGB="#afa08b" NAME="accs 1153" Spot="1" />
 <COLOR RGB="#c3b5a2" NAME="accs 1154" Spot="1" />
 <COLOR RGB="#dbd2c6" NAME="accs 1155" Spot="1" />
 <COLOR RGB="#dd9640" NAME="accs 1260" Spot="1" />
 <COLOR RGB="#eba953" NAME="accs 1261" Spot="1" />
 <COLOR RGB="#f6be6f" NAME="accs 1262" Spot="1" />
 <COLOR RGB="#f9d292" NAME="accs 1263" Spot="1" />
 <COLOR RGB="#98764f" NAME="accs 1200" Spot="1" />
 <COLOR RGB="#a98b64" NAME="accs 1201" Spot="1" />
 <COLOR RGB="#c0a27d" NAME="accs 1202" Spot="1" />
 <COLOR RGB="#d0b797" NAME="accs 1203" Spot="1" />
 <COLOR RGB="#d9c4a7" NAME="accs 1204" Spot="1" />
 <COLOR RGB="#e9d6b9" NAME="accs 1205" Spot="1" />
 <COLOR RGB="#b98846" NAME="accs 1210" Spot="1" />
 <COLOR RGB="#c49861" NAME="accs 1211" Spot="1" />
 <COLOR RGB="#d2ae7c" NAME="accs 1212" Spot="1" />
 <COLOR RGB="#e0bf92" NAME="accs 1213" Spot="1" />
 <COLOR RGB="#e2caa6" NAME="accs 1214" Spot="1" />
 <COLOR RGB="#f6e2c4" NAME="accs 1215" Spot="1" />
 <COLOR RGB="#b09e80" NAME="accs 1220" Spot="1" />
 <COLOR RGB="#c0af94" NAME="accs 1221" Spot="1" />
 <COLOR RGB="#d0c2aa" NAME="accs 1222" Spot="1" />
 <COLOR RGB="#e0d5c0" NAME="accs 1223" Spot="1" />
 <COLOR RGB="#eee5d6" NAME="accs 1224" Spot="1" />
 <COLOR RGB="#f5eedf" NAME="accs 1225" Spot="1" />
 <COLOR RGB="#897865" NAME="accs 1250" Spot="1" />
 <COLOR RGB="#a29483" NAME="accs 1251" Spot="1" />
 <COLOR RGB="#b8ac9c" NAME="accs 1252" Spot="1" />
 <COLOR RGB="#c6bcaf" NAME="accs 1253" Spot="1" />
 <COLOR RGB="#d3cac0" NAME="accs 1254" Spot="1" />
 <COLOR RGB="#ddd7cf" NAME="accs 1255" Spot="1" />
 <COLOR RGB="#c28144" NAME="accs 1360" Spot="1" />
 <COLOR RGB="#eba961" NAME="accs 1361" Spot="1" />
 <COLOR RGB="#f1b977" NAME="accs 1362" Spot="1" />
 <COLOR RGB="#f5ca90" NAME="accs 1363" Spot="1" />
 <COLOR RGB="#947455" NAME="accs 1300" Spot="1" />
 <COLOR RGB="#a98d6e" NAME="accs 1301" Spot="1" />
 <COLOR RGB="#bc9f81" NAME="accs 1302" Spot="1" />
 <COLOR RGB="#d2b496" NAME="accs 1303" Spot="1" />
 <COLOR RGB="#dec5ab" NAME="accs 1304" Spot="1" />
 <COLOR RGB="#ecd4bb" NAME="accs 1305" Spot="1" />
 <COLOR RGB="#b07b4c" NAME="accs 1310" Spot="1" />
 <COLOR RGB="#c59464" NAME="accs 1311" Spot="1" />
 <COLOR RGB="#d6a97c" NAME="accs 1312" Spot="1" />
 <COLOR RGB="#e2bb92" NAME="accs 1313" Spot="1" />
 <COLOR RGB="#edcdaa" NAME="accs 1314" Spot="1" />
 <COLOR RGB="#f5dec5" NAME="accs 1315" Spot="1" />
 <COLOR RGB="#ae9a81" NAME="accs 1320" Spot="1" />
 <COLOR RGB="#bdac96" NAME="accs 1321" Spot="1" />
 <COLOR RGB="#cdbfac" NAME="accs 1322" Spot="1" />
 <COLOR RGB="#dbcfbe" NAME="accs 1323" Spot="1" />
 <COLOR RGB="#e5dcce" NAME="accs 1324" Spot="1" />
 <COLOR RGB="#f3e7d7" NAME="accs 1325" Spot="1" />
 <COLOR RGB="#665548" NAME="accs 1350" Spot="1" />
 <COLOR RGB="#827265" NAME="accs 1351" Spot="1" />
 <COLOR RGB="#92867b" NAME="accs 1352" Spot="1" />
 <COLOR RGB="#a79d94" NAME="accs 1353" Spot="1" />
 <COLOR RGB="#bcb5af" NAME="accs 1354" Spot="1" />
 <COLOR RGB="#d4d0cb" NAME="accs 1355" Spot="1" />
 <COLOR RGB="#cf7643" NAME="accs 1460" Spot="1" />
 <COLOR RGB="#f38f57" NAME="accs 1461" Spot="1" />
 <COLOR RGB="#faa671" NAME="accs 1462" Spot="1" />
 <COLOR RGB="#fbba90" NAME="accs 1463" Spot="1" />
 <COLOR RGB="#8a6b51" NAME="accs 1400" Spot="1" />
 <COLOR RGB="#a58569" NAME="accs 1401" Spot="1" />
 <COLOR RGB="#b9977b" NAME="accs 1402" Spot="1" />
 <COLOR RGB="#c4a78f" NAME="accs 1403" Spot="1" />
 <COLOR RGB="#d6bfaa" NAME="accs 1404" Spot="1" />
 <COLOR RGB="#e8d7c8" NAME="accs 1405" Spot="1" />
 <COLOR RGB="#af6f49" NAME="accs 1410" Spot="1" />
 <COLOR RGB="#c3865e" NAME="accs 1411" Spot="1" />
 <COLOR RGB="#d09970" NAME="accs 1412" Spot="1" />
 <COLOR RGB="#deb18c" NAME="accs 1413" Spot="1" />
 <COLOR RGB="#e8c6aa" NAME="accs 1414" Spot="1" />
 <COLOR RGB="#edd5c0" NAME="accs 1415" Spot="1" />
 <COLOR RGB="#ac937e" NAME="accs 1420" Spot="1" />
 <COLOR RGB="#bda690" NAME="accs 1421" Spot="1" />
 <COLOR RGB="#cab5a0" NAME="accs 1422" Spot="1" />
 <COLOR RGB="#d8c6b4" NAME="accs 1423" Spot="1" />
 <COLOR RGB="#e4d5c4" NAME="accs 1424" Spot="1" />
 <COLOR RGB="#efe4d6" NAME="accs 1425" Spot="1" />
 <COLOR RGB="#7d756c" NAME="accs 1450" Spot="1" />
 <COLOR RGB="#938a82" NAME="accs 1451" Spot="1" />
 <COLOR RGB="#aea49c" NAME="accs 1452" Spot="1" />
 <COLOR RGB="#c4bcb4" NAME="accs 1453" Spot="1" />
 <COLOR RGB="#d6cdc5" NAME="accs 1454" Spot="1" />
 <COLOR RGB="#e0dad3" NAME="accs 1455" Spot="1" />
 <COLOR RGB="#b85f33" NAME="accs 1660" Spot="1" />
 <COLOR RGB="#d4825b" NAME="accs 1661" Spot="1" />
 <COLOR RGB="#f8ab85" NAME="accs 1662" Spot="1" />
 <COLOR RGB="#fdc2a3" NAME="accs 1663" Spot="1" />
 <COLOR RGB="#825541" NAME="accs 1600" Spot="1" />
 <COLOR RGB="#9e715f" NAME="accs 1601" Spot="1" />
 <COLOR RGB="#b38573" NAME="accs 1602" Spot="1" />
 <COLOR RGB="#c09583" NAME="accs 1603" Spot="1" />
 <COLOR RGB="#caa89a" NAME="accs 1604" Spot="1" />
 <COLOR RGB="#dfbcae" NAME="accs 1605" Spot="1" />
 <COLOR RGB="#9d5f44" NAME="accs 1610" Spot="1" />
 <COLOR RGB="#b7785d" NAME="accs 1611" Spot="1" />
 <COLOR RGB="#ca9076" NAME="accs 1612" Spot="1" />
 <COLOR RGB="#dbaa90" NAME="accs 1613" Spot="1" />
 <COLOR RGB="#e0bba7" NAME="accs 1614" Spot="1" />
 <COLOR RGB="#f3d6c6" NAME="accs 1615" Spot="1" />
 <COLOR RGB="#987d6e" NAME="accs 1620" Spot="1" />
 <COLOR RGB="#ae9687" NAME="accs 1621" Spot="1" />
 <COLOR RGB="#bda899" NAME="accs 1622" Spot="1" />
 <COLOR RGB="#cfbcaf" NAME="accs 1623" Spot="1" />
 <COLOR RGB="#ddcec3" NAME="accs 1624" Spot="1" />
 <COLOR RGB="#e5d8ce" NAME="accs 1625" Spot="1" />
 <COLOR RGB="#7c736f" NAME="accs 1650" Spot="1" />
 <COLOR RGB="#948b87" NAME="accs 1651" Spot="1" />
 <COLOR RGB="#a9a29d" NAME="accs 1652" Spot="1" />
 <COLOR RGB="#b8b3af" NAME="accs 1653" Spot="1" />
 <COLOR RGB="#cbc5c1" NAME="accs 1654" Spot="1" />
 <COLOR RGB="#d7d1cc" NAME="accs 1655" Spot="1" />
 <COLOR RGB="#9e4435" NAME="accs 1760" Spot="1" />
 <COLOR RGB="#b75e4d" NAME="accs 1761" Spot="1" />
 <COLOR RGB="#cb7d6d" NAME="accs 1762" Spot="1" />
 <COLOR RGB="#dfa495" NAME="accs 1763" Spot="1" />
 <COLOR RGB="#79554b" NAME="accs 1700" Spot="1" />
 <COLOR RGB="#937065" NAME="accs 1701" Spot="1" />
 <COLOR RGB="#a78276" NAME="accs 1702" Spot="1" />
 <COLOR RGB="#b89287" NAME="accs 1703" Spot="1" />
 <COLOR RGB="#cba69b" NAME="accs 1704" Spot="1" />
 <COLOR RGB="#e1c2b8" NAME="accs 1705" Spot="1" />
 <COLOR RGB="#97503c" NAME="accs 1710" Spot="1" />
 <COLOR RGB="#ae6c5b" NAME="accs 1711" Spot="1" />
 <COLOR RGB="#bc8172" NAME="accs 1712" Spot="1" />
 <COLOR RGB="#d09989" NAME="accs 1713" Spot="1" />
 <COLOR RGB="#deb1a5" NAME="accs 1714" Spot="1" />
 <COLOR RGB="#eec7bd" NAME="accs 1715" Spot="1" />
 <COLOR RGB="#95756d" NAME="accs 1720" Spot="1" />
 <COLOR RGB="#ab9089" NAME="accs 1721" Spot="1" />
 <COLOR RGB="#b69f99" NAME="accs 1722" Spot="1" />
 <COLOR RGB="#c9b4ad" NAME="accs 1723" Spot="1" />
 <COLOR RGB="#ddc9c1" NAME="accs 1724" Spot="1" />
 <COLOR RGB="#edddd5" NAME="accs 1725" Spot="1" />
 <COLOR RGB="#5c4843" NAME="accs 1750" Spot="1" />
 <COLOR RGB="#74615c" NAME="accs 1751" Spot="1" />
 <COLOR RGB="#8d7c77" NAME="accs 1752" Spot="1" />
 <COLOR RGB="#a49692" NAME="accs 1753" Spot="1" />
 <COLOR RGB="#c1b5b2" NAME="accs 1754" Spot="1" />
 <COLOR RGB="#dad1cd" NAME="accs 1755" Spot="1" />
 <COLOR RGB="#973c45" NAME="accs 1860" Spot="1" />
 <COLOR RGB="#ad585e" NAME="accs 1861" Spot="1" />
 <COLOR RGB="#d29b9b" NAME="accs 1862" Spot="1" />
 <COLOR RGB="#e7bdbb" NAME="accs 1863" Spot="1" />
 <COLOR RGB="#7a5350" NAME="accs 1800" Spot="1" />
 <COLOR RGB="#936b69" NAME="accs 1801" Spot="1" />
 <COLOR RGB="#a6807f" NAME="accs 1802" Spot="1" />
 <COLOR RGB="#bd9695" NAME="accs 1803" Spot="1" />
 <COLOR RGB="#cdabaa" NAME="accs 1804" Spot="1" />
 <COLOR RGB="#e1c1be" NAME="accs 1805" Spot="1" />
 <COLOR RGB="#8d5048" NAME="accs 1810" Spot="1" />
 <COLOR RGB="#a86e6d" NAME="accs 1811" Spot="1" />
 <COLOR RGB="#bf8a89" NAME="accs 1812" Spot="1" />
 <COLOR RGB="#d0a2a2" NAME="accs 1813" Spot="1" />
 <COLOR RGB="#dfbcba" NAME="accs 1814" Spot="1" />
 <COLOR RGB="#ebcdca" NAME="accs 1815" Spot="1" />
 <COLOR RGB="#967b7d" NAME="accs 1820" Spot="1" />
 <COLOR RGB="#ae9192" NAME="accs 1821" Spot="1" />
 <COLOR RGB="#bda3a4" NAME="accs 1822" Spot="1" />
 <COLOR RGB="#cdb6b4" NAME="accs 1823" Spot="1" />
 <COLOR RGB="#ddcac7" NAME="accs 1824" Spot="1" />
 <COLOR RGB="#eededa" NAME="accs 1825" Spot="1" />
 <COLOR RGB="#644e4d" NAME="accs 1850" Spot="1" />
 <COLOR RGB="#7f6c6a" NAME="accs 1851" Spot="1" />
 <COLOR RGB="#968583" NAME="accs 1852" Spot="1" />
 <COLOR RGB="#b1a4a3" NAME="accs 1853" Spot="1" />
 <COLOR RGB="#c4b9b7" NAME="accs 1854" Spot="1" />
 <COLOR RGB="#dad1d0" NAME="accs 1855" Spot="1" />
 <COLOR RGB="#ac566e" NAME="accs 2060" Spot="1" />
 <COLOR RGB="#ae727c" NAME="accs 2061" Spot="1" />
 <COLOR RGB="#d3b3b9" NAME="accs 2062" Spot="1" />
 <COLOR RGB="#e3d0cf" NAME="accs 2063" Spot="1" />
 <COLOR RGB="#6b595b" NAME="accs 2000" Spot="1" />
 <COLOR RGB="#8a777a" NAME="accs 2001" Spot="1" />
 <COLOR RGB="#9b8588" NAME="accs 2002" Spot="1" />
 <COLOR RGB="#a89498" NAME="accs 2003" Spot="1" />
 <COLOR RGB="#beabae" NAME="accs 2004" Spot="1" />
 <COLOR RGB="#d2c1c2" NAME="accs 2005" Spot="1" />
 <COLOR RGB="#805b5a" NAME="accs 2010" Spot="1" />
 <COLOR RGB="#987679" NAME="accs 2011" Spot="1" />
 <COLOR RGB="#aa8c90" NAME="accs 2012" Spot="1" />
 <COLOR RGB="#bb9da2" NAME="accs 2013" Spot="1" />
 <COLOR RGB="#cfb5b9" NAME="accs 2014" Spot="1" />
 <COLOR RGB="#e1ced0" NAME="accs 2015" Spot="1" />
 <COLOR RGB="#8d8388" NAME="accs 2020" Spot="1" />
 <COLOR RGB="#a1969a" NAME="accs 2021" Spot="1" />
 <COLOR RGB="#b1a5aa" NAME="accs 2022" Spot="1" />
 <COLOR RGB="#bdb2b5" NAME="accs 2023" Spot="1" />
 <COLOR RGB="#d5cbcb" NAME="accs 2024" Spot="1" />
 <COLOR RGB="#f0eae7" NAME="accs 2025" Spot="1" />
 <COLOR RGB="#6e6767" NAME="accs 2050" Spot="1" />
 <COLOR RGB="#877f7f" NAME="accs 2051" Spot="1" />
 <COLOR RGB="#9d9696" NAME="accs 2052" Spot="1" />
 <COLOR RGB="#b1abaa" NAME="accs 2053" Spot="1" />
 <COLOR RGB="#c1bdbb" NAME="accs 2054" Spot="1" />
 <COLOR RGB="#d1cecb" NAME="accs 2055" Spot="1" />
 <COLOR RGB="#75577d" NAME="accs 2160" Spot="1" />
 <COLOR RGB="#906b99" NAME="accs 2161" Spot="1" />
 <COLOR RGB="#c0a6c2" NAME="accs 2162" Spot="1" />
 <COLOR RGB="#decadc" NAME="accs 2163" Spot="1" />
 <COLOR RGB="#685d67" NAME="accs 2100" Spot="1" />
 <COLOR RGB="#756a71" NAME="accs 2101" Spot="1" />
 <COLOR RGB="#8a818a" NAME="accs 2102" Spot="1" />
 <COLOR RGB="#a2969d" NAME="accs 2103" Spot="1" />
 <COLOR RGB="#b3aab1" NAME="accs 2104" Spot="1" />
 <COLOR RGB="#cbc1c6" NAME="accs 2105" Spot="1" />
 <COLOR RGB="#6b5a66" NAME="accs 2110" Spot="1" />
 <COLOR RGB="#867882" NAME="accs 2111" Spot="1" />
 <COLOR RGB="#9b909a" NAME="accs 2112" Spot="1" />
 <COLOR RGB="#b1a7b0" NAME="accs 2113" Spot="1" />
 <COLOR RGB="#c1bac2" NAME="accs 2114" Spot="1" />
 <COLOR RGB="#e1dbdc" NAME="accs 2115" Spot="1" />
 <COLOR RGB="#7f7981" NAME="accs 2120" Spot="1" />
 <COLOR RGB="#99949a" NAME="accs 2121" Spot="1" />
 <COLOR RGB="#a59fa2" NAME="accs 2122" Spot="1" />
 <COLOR RGB="#b6afb3" NAME="accs 2123" Spot="1" />
 <COLOR RGB="#cac5c7" NAME="accs 2124" Spot="1" />
 <COLOR RGB="#e7e4e3" NAME="accs 2125" Spot="1" />
 <COLOR RGB="#625e6c" NAME="accs 2150" Spot="1" />
 <COLOR RGB="#7d7985" NAME="accs 2151" Spot="1" />
 <COLOR RGB="#96949f" NAME="accs 2152" Spot="1" />
 <COLOR RGB="#b6b3ba" NAME="accs 2153" Spot="1" />
 <COLOR RGB="#d5d4d8" NAME="accs 2154" Spot="1" />
 <COLOR RGB="#e5e4e8" NAME="accs 2155" Spot="1" />
 <COLOR RGB="#505f8b" NAME="accs 2260" Spot="1" />
 <COLOR RGB="#6b7aac" NAME="accs 2261" Spot="1" />
 <COLOR RGB="#97a0c2" NAME="accs 2262" Spot="1" />
 <COLOR RGB="#cfd3e9" NAME="accs 2263" Spot="1" />
 <COLOR RGB="#616672" NAME="accs 2200" Spot="1" />
 <COLOR RGB="#7a7e8a" NAME="accs 2201" Spot="1" />
 <COLOR RGB="#8e939d" NAME="accs 2202" Spot="1" />
 <COLOR RGB="#a0a5ae" NAME="accs 2203" Spot="1" />
 <COLOR RGB="#b5bbc3" NAME="accs 2204" Spot="1" />
 <COLOR RGB="#cad0d6" NAME="accs 2205" Spot="1" />
 <COLOR RGB="#757889" NAME="accs 2210" Spot="1" />
 <COLOR RGB="#8f92a4" NAME="accs 2211" Spot="1" />
 <COLOR RGB="#9fa4b3" NAME="accs 2212" Spot="1" />
 <COLOR RGB="#b0b6c4" NAME="accs 2213" Spot="1" />
 <COLOR RGB="#c4cad3" NAME="accs 2214" Spot="1" />
 <COLOR RGB="#d5dae0" NAME="accs 2215" Spot="1" />
 <COLOR RGB="#91949a" NAME="accs 2220" Spot="1" />
 <COLOR RGB="#a4a8ae" NAME="accs 2221" Spot="1" />
 <COLOR RGB="#b3b7bd" NAME="accs 2222" Spot="1" />
 <COLOR RGB="#c4c7ca" NAME="accs 2223" Spot="1" />
 <COLOR RGB="#d7d9d9" NAME="accs 2224" Spot="1" />
 <COLOR RGB="#ebebe8" NAME="accs 2225" Spot="1" />
 <COLOR RGB="#61626a" NAME="accs 2250" Spot="1" />
 <COLOR RGB="#787983" NAME="accs 2251" Spot="1" />
 <COLOR RGB="#95969e" NAME="accs 2252" Spot="1" />
 <COLOR RGB="#aeafba" NAME="accs 2253" Spot="1" />
 <COLOR RGB="#bbbdc8" NAME="accs 2254" Spot="1" />
 <COLOR RGB="#cacbd2" NAME="accs 2255" Spot="1" />
 <COLOR RGB="#41608b" NAME="accs 2360" Spot="1" />
 <COLOR RGB="#7b97b8" NAME="accs 2361" Spot="1" />
 <COLOR RGB="#95a9c5" NAME="accs 2362" Spot="1" />
 <COLOR RGB="#b3c5e0" NAME="accs 2363" Spot="1" />
 <COLOR RGB="#788494" NAME="accs 2300" Spot="1" />
 <COLOR RGB="#919ba9" NAME="accs 2301" Spot="1" />
 <COLOR RGB="#a3aeba" NAME="accs 2302" Spot="1" />
 <COLOR RGB="#b9c2ca" NAME="accs 2303" Spot="1" />
 <COLOR RGB="#cbd1d5" NAME="accs 2304" Spot="1" />
 <COLOR RGB="#dae0e3" NAME="accs 2305" Spot="1" />
 <COLOR RGB="#8498b0" NAME="accs 2310" Spot="1" />
 <COLOR RGB="#98acc3" NAME="accs 2311" Spot="1" />
 <COLOR RGB="#adbfd1" NAME="accs 2312" Spot="1" />
 <COLOR RGB="#c5d2dd" NAME="accs 2313" Spot="1" />
 <COLOR RGB="#d6dfe4" NAME="accs 2314" Spot="1" />
 <COLOR RGB="#e1ebee" NAME="accs 2315" Spot="1" />
 <COLOR RGB="#8f969c" NAME="accs 2320" Spot="1" />
 <COLOR RGB="#b3bac1" NAME="accs 2321" Spot="1" />
 <COLOR RGB="#c5cacd" NAME="accs 2322" Spot="1" />
 <COLOR RGB="#d8dadb" NAME="accs 2323" Spot="1" />
 <COLOR RGB="#e5e6e3" NAME="accs 2324" Spot="1" />
 <COLOR RGB="#f6f4ec" NAME="accs 2325" Spot="1" />
 <COLOR RGB="#484e5a" NAME="accs 2350" Spot="1" />
 <COLOR RGB="#5d646f" NAME="accs 2351" Spot="1" />
 <COLOR RGB="#757b84" NAME="accs 2352" Spot="1" />
 <COLOR RGB="#92979f" NAME="accs 2353" Spot="1" />
 <COLOR RGB="#b1b5bc" NAME="accs 2354" Spot="1" />
 <COLOR RGB="#d0d4d8" NAME="accs 2355" Spot="1" />
 <COLOR RGB="#499dac" NAME="accs 2460" Spot="1" />
 <COLOR RGB="#80c4d3" NAME="accs 2461" Spot="1" />
 <COLOR RGB="#9ed0dc" NAME="accs 2462" Spot="1" />
 <COLOR RGB="#bddfea" NAME="accs 2463" Spot="1" />
 <COLOR RGB="#6b8288" NAME="accs 2400" Spot="1" />
 <COLOR RGB="#7f979d" NAME="accs 2401" Spot="1" />
 <COLOR RGB="#99b0b4" NAME="accs 2402" Spot="1" />
 <COLOR RGB="#afc0c3" NAME="accs 2403" Spot="1" />
 <COLOR RGB="#c0cfcf" NAME="accs 2404" Spot="1" />
 <COLOR RGB="#d5e2e1" NAME="accs 2405" Spot="1" />
 <COLOR RGB="#6b9ca4" NAME="accs 2410" Spot="1" />
 <COLOR RGB="#87b0b6" NAME="accs 2411" Spot="1" />
 <COLOR RGB="#a3c3c7" NAME="accs 2412" Spot="1" />
 <COLOR RGB="#bfd8d8" NAME="accs 2413" Spot="1" />
 <COLOR RGB="#d5e5e2" NAME="accs 2414" Spot="1" />
 <COLOR RGB="#e5f0ed" NAME="accs 2415" Spot="1" />
 <COLOR RGB="#99a7a9" NAME="accs 2420" Spot="1" />
 <COLOR RGB="#afbdbf" NAME="accs 2421" Spot="1" />
 <COLOR RGB="#bdc8c8" NAME="accs 2422" Spot="1" />
 <COLOR RGB="#ced5d3" NAME="accs 2423" Spot="1" />
 <COLOR RGB="#e1e5df" NAME="accs 2424" Spot="1" />
 <COLOR RGB="#f1f3eb" NAME="accs 2425" Spot="1" />
 <COLOR RGB="#666d70" NAME="accs 2450" Spot="1" />
 <COLOR RGB="#80868a" NAME="accs 2451" Spot="1" />
 <COLOR RGB="#9ea5a8" NAME="accs 2452" Spot="1" />
 <COLOR RGB="#b4b9b9" NAME="accs 2453" Spot="1" />
 <COLOR RGB="#c6caca" NAME="accs 2454" Spot="1" />
 <COLOR RGB="#d9dddb" NAME="accs 2455" Spot="1" />
 <COLOR RGB="#398575" NAME="accs 2660" Spot="1" />
 <COLOR RGB="#3a9f8a" NAME="accs 2661" Spot="1" />
 <COLOR RGB="#68bba6" NAME="accs 2662" Spot="1" />
 <COLOR RGB="#87cfbc" NAME="accs 2663" Spot="1" />
 <COLOR RGB="#67716d" NAME="accs 2600" Spot="1" />
 <COLOR RGB="#848d87" NAME="accs 2601" Spot="1" />
 <COLOR RGB="#97a29a" NAME="accs 2602" Spot="1" />
 <COLOR RGB="#aeb8af" NAME="accs 2603" Spot="1" />
 <COLOR RGB="#c4ccc4" NAME="accs 2604" Spot="1" />
 <COLOR RGB="#d6ded5" NAME="accs 2605" Spot="1" />
 <COLOR RGB="#71887e" NAME="accs 2610" Spot="1" />
 <COLOR RGB="#8b9f95" NAME="accs 2611" Spot="1" />
 <COLOR RGB="#a1b4ae" NAME="accs 2612" Spot="1" />
 <COLOR RGB="#b6c8c0" NAME="accs 2613" Spot="1" />
 <COLOR RGB="#c8d7cf" NAME="accs 2614" Spot="1" />
 <COLOR RGB="#ddeae0" NAME="accs 2615" Spot="1" />
 <COLOR RGB="#8d9692" NAME="accs 2620" Spot="1" />
 <COLOR RGB="#a2aaa6" NAME="accs 2621" Spot="1" />
 <COLOR RGB="#b3bcb7" NAME="accs 2622" Spot="1" />
 <COLOR RGB="#ced3cd" NAME="accs 2623" Spot="1" />
 <COLOR RGB="#e1e3da" NAME="accs 2624" Spot="1" />
 <COLOR RGB="#f1f2e9" NAME="accs 2625" Spot="1" />
 <COLOR RGB="#5d6565" NAME="accs 2650" Spot="1" />
 <COLOR RGB="#7b8483" NAME="accs 2651" Spot="1" />
 <COLOR RGB="#929a98" NAME="accs 2652" Spot="1" />
 <COLOR RGB="#a5acab" NAME="accs 2653" Spot="1" />
 <COLOR RGB="#b5bdbb" NAME="accs 2654" Spot="1" />
 <COLOR RGB="#c8cfcc" NAME="accs 2655" Spot="1" />
 <COLOR RGB="#659544" NAME="accs 2860" Spot="1" />
 <COLOR RGB="#83b957" NAME="accs 2861" Spot="1" />
 <COLOR RGB="#8ec76c" NAME="accs 2862" Spot="1" />
 <COLOR RGB="#aed591" NAME="accs 2863" Spot="1" />
 <COLOR RGB="#727d58" NAME="accs 2800" Spot="1" />
 <COLOR RGB="#8b9775" NAME="accs 2801" Spot="1" />
 <COLOR RGB="#a4b294" NAME="accs 2802" Spot="1" />
 <COLOR RGB="#b5c1a6" NAME="accs 2803" Spot="1" />
 <COLOR RGB="#c0cbb3" NAME="accs 2804" Spot="1" />
 <COLOR RGB="#d5dfc8" NAME="accs 2805" Spot="1" />
 <COLOR RGB="#738c55" NAME="accs 2810" Spot="1" />
 <COLOR RGB="#89a272" NAME="accs 2811" Spot="1" />
 <COLOR RGB="#a5bc91" NAME="accs 2812" Spot="1" />
 <COLOR RGB="#bed0ac" NAME="accs 2813" Spot="1" />
 <COLOR RGB="#cddbba" NAME="accs 2814" Spot="1" />
 <COLOR RGB="#e7efd3" NAME="accs 2815" Spot="1" />
 <COLOR RGB="#959b8b" NAME="accs 2820" Spot="1" />
 <COLOR RGB="#a8b19e" NAME="accs 2821" Spot="1" />
 <COLOR RGB="#b8c1ae" NAME="accs 2822" Spot="1" />
 <COLOR RGB="#cbd3c2" NAME="accs 2823" Spot="1" />
 <COLOR RGB="#dadecf" NAME="accs 2824" Spot="1" />
 <COLOR RGB="#f0f2e3" NAME="accs 2825" Spot="1" />
 <COLOR RGB="#60625c" NAME="accs 2850" Spot="1" />
 <COLOR RGB="#767870" NAME="accs 2851" Spot="1" />
 <COLOR RGB="#8a8a82" NAME="accs 2852" Spot="1" />
 <COLOR RGB="#a4a39a" NAME="accs 2853" Spot="1" />
 <COLOR RGB="#b1b1a8" NAME="accs 2854" Spot="1" />
 <COLOR RGB="#c8c6bc" NAME="accs 2855" Spot="1" />
 <COLOR RGB="#d2b427" NAME="accs 3260" Spot="1" />
 <COLOR RGB="#e0c862" NAME="accs 3261" Spot="1" />
 <COLOR RGB="#e5d17f" NAME="accs 3262" Spot="1" />
 <COLOR RGB="#ecdc9c" NAME="accs 3263" Spot="1" />
 <COLOR RGB="#978e65" NAME="accs 3200" Spot="1" />
 <COLOR RGB="#b0a87b" NAME="accs 3201" Spot="1" />
 <COLOR RGB="#cac090" NAME="accs 3202" Spot="1" />
 <COLOR RGB="#d3cdab" NAME="accs 3203" Spot="1" />
 <COLOR RGB="#dfdbc0" NAME="accs 3204" Spot="1" />
 <COLOR RGB="#efebd3" NAME="accs 3205" Spot="1" />
 <COLOR RGB="#a8924d" NAME="accs 3210" Spot="1" />
 <COLOR RGB="#c9b66a" NAME="accs 3211" Spot="1" />
 <COLOR RGB="#e0cd76" NAME="accs 3212" Spot="1" />
 <COLOR RGB="#f3e4a0" NAME="accs 3213" Spot="1" />
 <COLOR RGB="#f5eec6" NAME="accs 3214" Spot="1" />
 <COLOR RGB="#f7f1cf" NAME="accs 3215" Spot="1" />
 <COLOR RGB="#a3a288" NAME="accs 3220" Spot="1" />
 <COLOR RGB="#c0c0ab" NAME="accs 3221" Spot="1" />
 <COLOR RGB="#d1ceb7" NAME="accs 3222" Spot="1" />
 <COLOR RGB="#e3decb" NAME="accs 3223" Spot="1" />
 <COLOR RGB="#f2efe2" NAME="accs 3224" Spot="1" />
 <COLOR RGB="#f8f6ec" NAME="accs 3225" Spot="1" />
 <COLOR RGB="#81785c" NAME="accs 3250" Spot="1" />
 <COLOR RGB="#989078" NAME="accs 3251" Spot="1" />
 <COLOR RGB="#aea892" NAME="accs 3252" Spot="1" />
 <COLOR RGB="#c7c3b1" NAME="accs 3253" Spot="1" />
 <COLOR RGB="#dad7ce" NAME="accs 3254" Spot="1" />
 <COLOR RGB="#eae9e3" NAME="accs 3255" Spot="1" />
 <COLOR RGB="#f6bd00" NAME="accs 3460" Spot="1" />
 <COLOR RGB="#fbda61" NAME="accs 3461" Spot="1" />
 <COLOR RGB="#fae394" NAME="accs 3462" Spot="1" />
 <COLOR RGB="#f4e8b6" NAME="accs 3463" Spot="1" />
 <COLOR RGB="#ad9764" NAME="accs 3400" Spot="1" />
 <COLOR RGB="#cbb77f" NAME="accs 3401" Spot="1" />
 <COLOR RGB="#d8c699" NAME="accs 3402" Spot="1" />
 <COLOR RGB="#e5d4a9" NAME="accs 3403" Spot="1" />
 <COLOR RGB="#ebdeb9" NAME="accs 3404" Spot="1" />
 <COLOR RGB="#f8edcb" NAME="accs 3405" Spot="1" />
 <COLOR RGB="#d5a645" NAME="accs 3410" Spot="1" />
 <COLOR RGB="#eec364" NAME="accs 3411" Spot="1" />
 <COLOR RGB="#f2d287" NAME="accs 3412" Spot="1" />
 <COLOR RGB="#f5e2ab" NAME="accs 3413" Spot="1" />
 <COLOR RGB="#f8ebc4" NAME="accs 3414" Spot="1" />
 <COLOR RGB="#f8f3d9" NAME="accs 3415" Spot="1" />
 <COLOR RGB="#afa381" NAME="accs 3420" Spot="1" />
 <COLOR RGB="#ccc2a1" NAME="accs 3421" Spot="1" />
 <COLOR RGB="#ded3b5" NAME="accs 3422" Spot="1" />
 <COLOR RGB="#ece2c6" NAME="accs 3423" Spot="1" />
 <COLOR RGB="#f4efd9" NAME="accs 3424" Spot="1" />
 <COLOR RGB="#f7f4e5" NAME="accs 3425" Spot="1" />
 <COLOR RGB="#79766b" NAME="accs 3450" Spot="1" />
 <COLOR RGB="#8c8a80" NAME="accs 3451" Spot="1" />
 <COLOR RGB="#aba9a0" NAME="accs 3452" Spot="1" />
 <COLOR RGB="#c5c4b9" NAME="accs 3453" Spot="1" />
 <COLOR RGB="#dedbd0" NAME="accs 3454" Spot="1" />
 <COLOR RGB="#f2f0e2" NAME="accs 3455" Spot="1" />
 <COLOR RGB="#474848" NAME="accs 4230" Spot="1" />
 <COLOR RGB="#585858" NAME="accs 4231" Spot="1" />
 <COLOR RGB="#6a6a6b" NAME="accs 4232" Spot="1" />
 <COLOR RGB="#787878" NAME="accs 4233" Spot="1" />
 <COLOR RGB="#828282" NAME="accs 4234" Spot="1" />
 <COLOR RGB="#919190" NAME="accs 4235" Spot="1" />
 <COLOR RGB="#9e9e9d" NAME="accs 4240" Spot="1" />
 <COLOR RGB="#acacab" NAME="accs 4241" Spot="1" />
 <COLOR RGB="#bbbcba" NAME="accs 4242" Spot="1" />
 <COLOR RGB="#c9c8c7" NAME="accs 4243" Spot="1" />
 <COLOR RGB="#d6d5d3" NAME="accs 4244" Spot="1" />
 <COLOR RGB="#e2e1de" NAME="accs 4245" Spot="1" />
 <COLOR RGB="#4b4a48" NAME="accs 4330" Spot="1" />
 <COLOR RGB="#565653" NAME="accs 4331" Spot="1" />
 <COLOR RGB="#6a6a66" NAME="accs 4332" Spot="1" />
 <COLOR RGB="#777773" NAME="accs 4333" Spot="1" />
 <COLOR RGB="#858480" NAME="accs 4334" Spot="1" />
 <COLOR RGB="#92918d" NAME="accs 4335" Spot="1" />
 <COLOR RGB="#9d9c97" NAME="accs 4340" Spot="1" />
 <COLOR RGB="#adaca7" NAME="accs 4341" Spot="1" />
 <COLOR RGB="#bab9b4" NAME="accs 4342" Spot="1" />
 <COLOR RGB="#cac7c3" NAME="accs 4343" Spot="1" />
 <COLOR RGB="#d7d5d1" NAME="accs 4344" Spot="1" />
 <COLOR RGB="#e1dfdb" NAME="accs 4345" Spot="1" />
 <COLOR RGB="#494c4d" NAME="accs 4430" Spot="1" />
 <COLOR RGB="#595b5e" NAME="accs 4431" Spot="1" />
 <COLOR RGB="#696c6e" NAME="accs 4432" Spot="1" />
 <COLOR RGB="#76797b" NAME="accs 4433" Spot="1" />
 <COLOR RGB="#818486" NAME="accs 4434" Spot="1" />
 <COLOR RGB="#8c9091" NAME="accs 4435" Spot="1" />
 <COLOR RGB="#9c9fa1" NAME="accs 4440" Spot="1" />
 <COLOR RGB="#a8abad" NAME="accs 4441" Spot="1" />
 <COLOR RGB="#b7babb" NAME="accs 4442" Spot="1" />
 <COLOR RGB="#c6c8c9" NAME="accs 4443" Spot="1" />
 <COLOR RGB="#d5d6d5" NAME="accs 4444" Spot="1" />
 <COLOR RGB="#dddfde" NAME="accs 4445" Spot="1" />
</SCRIBUSCOLORS>