<?xml version="1.0" encoding="UTF-8"?>
<SCRIBUSCOLORS Name="alsecco ACCS">
 <COLOR RGB="#bda475" NAME="ACCS 1001" Spot="1" />
 <COLOR RGB="#cdb588" NAME="ACCS 1002" Spot="1" />
 <COLOR RGB="#d9c39b" NAME="ACCS 1003" Spot="1" />
 <COLOR RGB="#e3d0ac" NAME="ACCS 1004" Spot="1" />
 <COLOR RGB="#ddaa56" NAME="ACCS 1011" Spot="1" />
 <COLOR RGB="#ebbe78" NAME="ACCS 1012" Spot="1" />
 <COLOR RGB="#eed19d" NAME="ACCS 1013" Spot="1" />
 <COLOR RGB="#f1dbb5" NAME="ACCS 1014" Spot="1" />
 <COLOR RGB="#c5b696" NAME="ACCS 1021" Spot="1" />
 <COLOR RGB="#d3c6aa" NAME="ACCS 1022" Spot="1" />
 <COLOR RGB="#ded4ba" NAME="ACCS 1023" Spot="1" />
 <COLOR RGB="#e6e0ce" NAME="ACCS 1024" Spot="1" />
 <COLOR RGB="#b6956b" NAME="ACCS 1101" Spot="1" />
 <COLOR RGB="#c2a279" NAME="ACCS 1102" Spot="1" />
 <COLOR RGB="#d2b48f" NAME="ACCS 1103" Spot="1" />
 <COLOR RGB="#dec6a6" NAME="ACCS 1104" Spot="1" />
 <COLOR RGB="#d29f5b" NAME="ACCS 1111" Spot="1" />
 <COLOR RGB="#dfb171" NAME="ACCS 1112" Spot="1" />
 <COLOR RGB="#e9bf86" NAME="ACCS 1113" Spot="1" />
 <COLOR RGB="#eecc9c" NAME="ACCS 1114" Spot="1" />
 <COLOR RGB="#c4b090" NAME="ACCS 1121" Spot="1" />
 <COLOR RGB="#d4c09f" NAME="ACCS 1122" Spot="1" />
 <COLOR RGB="#e0ceb2" NAME="ACCS 1123" Spot="1" />
 <COLOR RGB="#eadcc5" NAME="ACCS 1124" Spot="1" />
 <COLOR RGB="#a98a64" NAME="ACCS 1201" Spot="1" />
 <COLOR RGB="#bea27d" NAME="ACCS 1202" Spot="1" />
 <COLOR RGB="#ceb697" NAME="ACCS 1203" Spot="1" />
 <COLOR RGB="#d7c3a8" NAME="ACCS 1204" Spot="1" />
 <COLOR RGB="#c19760" NAME="ACCS 1211" Spot="1" />
 <COLOR RGB="#cfab7b" NAME="ACCS 1212" Spot="1" />
 <COLOR RGB="#d9b98f" NAME="ACCS 1213" Spot="1" />
 <COLOR RGB="#e5cdab" NAME="ACCS 1214" Spot="1" />
 <COLOR RGB="#bdad93" NAME="ACCS 1221" Spot="1" />
 <COLOR RGB="#cdbfa9" NAME="ACCS 1222" Spot="1" />
 <COLOR RGB="#ddd2bf" NAME="ACCS 1223" Spot="1" />
 <COLOR RGB="#e8e0d1" NAME="ACCS 1224" Spot="1" />
 <COLOR RGB="#a98d6f" NAME="ACCS 1301" Spot="1" />
 <COLOR RGB="#b99e81" NAME="ACCS 1302" Spot="1" />
 <COLOR RGB="#cfb296" NAME="ACCS 1303" Spot="1" />
 <COLOR RGB="#dac2a9" NAME="ACCS 1304" Spot="1" />
 <COLOR RGB="#c29364" NAME="ACCS 1311" Spot="1" />
 <COLOR RGB="#d2a67c" NAME="ACCS 1312" Spot="1" />
 <COLOR RGB="#deb891" NAME="ACCS 1313" Spot="1" />
 <COLOR RGB="#eacaa9" NAME="ACCS 1314" Spot="1" />
 <COLOR RGB="#baa994" NAME="ACCS 1321" Spot="1" />
 <COLOR RGB="#cabcaa" NAME="ACCS 1322" Spot="1" />
 <COLOR RGB="#d8ccbd" NAME="ACCS 1323" Spot="1" />
 <COLOR RGB="#e3d9cd" NAME="ACCS 1324" Spot="1" />
 <COLOR RGB="#a28368" NAME="ACCS 1401" Spot="1" />
 <COLOR RGB="#b6957a" NAME="ACCS 1402" Spot="1" />
 <COLOR RGB="#c0a48d" NAME="ACCS 1403" Spot="1" />
 <COLOR RGB="#d2bca8" NAME="ACCS 1404" Spot="1" />
 <COLOR RGB="#bf845c" NAME="ACCS 1411" Spot="1" />
 <COLOR RGB="#cc9770" NAME="ACCS 1412" Spot="1" />
 <COLOR RGB="#dcae8a" NAME="ACCS 1413" Spot="1" />
 <COLOR RGB="#ebc7ab" NAME="ACCS 1414" Spot="1" />
 <COLOR RGB="#bba490" NAME="ACCS 1421" Spot="1" />
 <COLOR RGB="#c6b29f" NAME="ACCS 1422" Spot="1" />
 <COLOR RGB="#d3c3b2" NAME="ACCS 1423" Spot="1" />
 <COLOR RGB="#dfd2c3" NAME="ACCS 1424" Spot="1" />
 <COLOR RGB="#937464" NAME="ACCS 1501" Spot="1" />
 <COLOR RGB="#ab8b7a" NAME="ACCS 1502" Spot="1" />
 <COLOR RGB="#bc9e8f" NAME="ACCS 1503" Spot="1" />
 <COLOR RGB="#cdb3a6" NAME="ACCS 1504" Spot="1" />
 <COLOR RGB="#a87b65" NAME="ACCS 1511" Spot="1" />
 <COLOR RGB="#bd9480" NAME="ACCS 1512" Spot="1" />
 <COLOR RGB="#cca795" NAME="ACCS 1513" Spot="1" />
 <COLOR RGB="#dbbeb0" NAME="ACCS 1514" Spot="1" />
 <COLOR RGB="#ab9b92" NAME="ACCS 1521" Spot="1" />
 <COLOR RGB="#b8a9a0" NAME="ACCS 1522" Spot="1" />
 <COLOR RGB="#c6b7ae" NAME="ACCS 1523" Spot="1" />
 <COLOR RGB="#d9ccc3" NAME="ACCS 1524" Spot="1" />
 <COLOR RGB="#9b6f5c" NAME="ACCS 1601" Spot="1" />
 <COLOR RGB="#af8370" NAME="ACCS 1602" Spot="1" />
 <COLOR RGB="#be9483" NAME="ACCS 1603" Spot="1" />
 <COLOR RGB="#ceac9e" NAME="ACCS 1604" Spot="1" />
 <COLOR RGB="#b4775c" NAME="ACCS 1611" Spot="1" />
 <COLOR RGB="#c78e74" NAME="ACCS 1612" Spot="1" />
 <COLOR RGB="#d7a78f" NAME="ACCS 1613" Spot="1" />
 <COLOR RGB="#e5bfab" NAME="ACCS 1614" Spot="1" />
 <COLOR RGB="#aa9385" NAME="ACCS 1621" Spot="1" />
 <COLOR RGB="#baa598" NAME="ACCS 1622" Spot="1" />
 <COLOR RGB="#ccb9ad" NAME="ACCS 1623" Spot="1" />
 <COLOR RGB="#d9cabf" NAME="ACCS 1624" Spot="1" />
 <COLOR RGB="#916e64" NAME="ACCS 1701" Spot="1" />
 <COLOR RGB="#a48075" NAME="ACCS 1702" Spot="1" />
 <COLOR RGB="#b79186" NAME="ACCS 1703" Spot="1" />
 <COLOR RGB="#c8a59a" NAME="ACCS 1704" Spot="1" />
 <COLOR RGB="#ad6b5b" NAME="ACCS 1711" Spot="1" />
 <COLOR RGB="#ba8071" NAME="ACCS 1712" Spot="1" />
 <COLOR RGB="#ce9889" NAME="ACCS 1713" Spot="1" />
 <COLOR RGB="#dbafa3" NAME="ACCS 1714" Spot="1" />
 <COLOR RGB="#a98e87" NAME="ACCS 1721" Spot="1" />
 <COLOR RGB="#b59e98" NAME="ACCS 1722" Spot="1" />
 <COLOR RGB="#c6b2ac" NAME="ACCS 1723" Spot="1" />
 <COLOR RGB="#d8c5bf" NAME="ACCS 1724" Spot="1" />
 <COLOR RGB="#946c6b" NAME="ACCS 1801" Spot="1" />
 <COLOR RGB="#a6807f" NAME="ACCS 1802" Spot="1" />
 <COLOR RGB="#bc9695" NAME="ACCS 1803" Spot="1" />
 <COLOR RGB="#cbaaa9" NAME="ACCS 1804" Spot="1" />
 <COLOR RGB="#aa6f6d" NAME="ACCS 1811" Spot="1" />
 <COLOR RGB="#bd8989" NAME="ACCS 1812" Spot="1" />
 <COLOR RGB="#cfa3a3" NAME="ACCS 1813" Spot="1" />
 <COLOR RGB="#debbba" NAME="ACCS 1814" Spot="1" />
 <COLOR RGB="#ad9293" NAME="ACCS 1821" Spot="1" />
 <COLOR RGB="#bba5a5" NAME="ACCS 1822" Spot="1" />
 <COLOR RGB="#cab5b3" NAME="ACCS 1823" Spot="1" />
 <COLOR RGB="#d9c8c7" NAME="ACCS 1824" Spot="1" />
 <COLOR RGB="#846d6f" NAME="ACCS 1901" Spot="1" />
 <COLOR RGB="#997f81" NAME="ACCS 1902" Spot="1" />
 <COLOR RGB="#ab9598" NAME="ACCS 1903" Spot="1" />
 <COLOR RGB="#bca8aa" NAME="ACCS 1904" Spot="1" />
 <COLOR RGB="#9b6f6f" NAME="ACCS 1911" Spot="1" />
 <COLOR RGB="#ad8284" NAME="ACCS 1912" Spot="1" />
 <COLOR RGB="#bd989a" NAME="ACCS 1913" Spot="1" />
 <COLOR RGB="#d0b2b3" NAME="ACCS 1914" Spot="1" />
 <COLOR RGB="#a49196" NAME="ACCS 1921" Spot="1" />
 <COLOR RGB="#b1a0a3" NAME="ACCS 1922" Spot="1" />
 <COLOR RGB="#c2b2b3" NAME="ACCS 1923" Spot="1" />
 <COLOR RGB="#d0c3c2" NAME="ACCS 1924" Spot="1" />
 <COLOR RGB="#887679" NAME="ACCS 2001" Spot="1" />
 <COLOR RGB="#998488" NAME="ACCS 2002" Spot="1" />
 <COLOR RGB="#a79498" NAME="ACCS 2003" Spot="1" />
 <COLOR RGB="#bbaaad" NAME="ACCS 2004" Spot="1" />
 <COLOR RGB="#99777a" NAME="ACCS 2011" Spot="1" />
 <COLOR RGB="#aa8c91" NAME="ACCS 2012" Spot="1" />
 <COLOR RGB="#ba9da1" NAME="ACCS 2013" Spot="1" />
 <COLOR RGB="#cdb4b7" NAME="ACCS 2014" Spot="1" />
 <COLOR RGB="#a09599" NAME="ACCS 2021" Spot="1" />
 <COLOR RGB="#b0a5a9" NAME="ACCS 2022" Spot="1" />
 <COLOR RGB="#bdb2b5" NAME="ACCS 2023" Spot="1" />
 <COLOR RGB="#d3caca" NAME="ACCS 2024" Spot="1" />
 <COLOR RGB="#746970" NAME="ACCS 2101" Spot="1" />
 <COLOR RGB="#8b8189" NAME="ACCS 2102" Spot="1" />
 <COLOR RGB="#a1969d" NAME="ACCS 2103" Spot="1" />
 <COLOR RGB="#b3a9b0" NAME="ACCS 2104" Spot="1" />
 <COLOR RGB="#867781" NAME="ACCS 2111" Spot="1" />
 <COLOR RGB="#9b8f9a" NAME="ACCS 2112" Spot="1" />
 <COLOR RGB="#b0a6af" NAME="ACCS 2113" Spot="1" />
 <COLOR RGB="#c1b9c1" NAME="ACCS 2114" Spot="1" />
 <COLOR RGB="#999399" NAME="ACCS 2121" Spot="1" />
 <COLOR RGB="#a49fa2" NAME="ACCS 2122" Spot="1" />
 <COLOR RGB="#b5aeb2" NAME="ACCS 2123" Spot="1" />
 <COLOR RGB="#c9c4c6" NAME="ACCS 2124" Spot="1" />
 <COLOR RGB="#7a7e89" NAME="ACCS 2201" Spot="1" />
 <COLOR RGB="#8e929c" NAME="ACCS 2202" Spot="1" />
 <COLOR RGB="#a0a5ae" NAME="ACCS 2203" Spot="1" />
 <COLOR RGB="#b4b9c1" NAME="ACCS 2204" Spot="1" />
 <COLOR RGB="#8f91a1" NAME="ACCS 2211" Spot="1" />
 <COLOR RGB="#9fa2b1" NAME="ACCS 2212" Spot="1" />
 <COLOR RGB="#aeb3c1" NAME="ACCS 2213" Spot="1" />
 <COLOR RGB="#c2c6d0" NAME="ACCS 2214" Spot="1" />
 <COLOR RGB="#a2a7ac" NAME="ACCS 2221" Spot="1" />
 <COLOR RGB="#b2b5bb" NAME="ACCS 2222" Spot="1" />
 <COLOR RGB="#c2c4c8" NAME="ACCS 2223" Spot="1" />
 <COLOR RGB="#d4d6d7" NAME="ACCS 2224" Spot="1" />
 <COLOR RGB="#919aa8" NAME="ACCS 2301" Spot="1" />
 <COLOR RGB="#a3acb8" NAME="ACCS 2302" Spot="1" />
 <COLOR RGB="#b8bfc7" NAME="ACCS 2303" Spot="1" />
 <COLOR RGB="#c9ced3" NAME="ACCS 2304" Spot="1" />
 <COLOR RGB="#99abc1" NAME="ACCS 2311" Spot="1" />
 <COLOR RGB="#aebdcf" NAME="ACCS 2312" Spot="1" />
 <COLOR RGB="#c3cfdb" NAME="ACCS 2313" Spot="1" />
 <COLOR RGB="#d3dce2" NAME="ACCS 2314" Spot="1" />
 <COLOR RGB="#b3bac0" NAME="ACCS 2321" Spot="1" />
 <COLOR RGB="#c3c7cb" NAME="ACCS 2322" Spot="1" />
 <COLOR RGB="#d3d6d6" NAME="ACCS 2323" Spot="1" />
 <COLOR RGB="#e2e2df" NAME="ACCS 2324" Spot="1" />
 <COLOR RGB="#849ba0" NAME="ACCS 2401" Spot="1" />
 <COLOR RGB="#99aeb3" NAME="ACCS 2402" Spot="1" />
 <COLOR RGB="#b0c1c5" NAME="ACCS 2403" Spot="1" />
 <COLOR RGB="#c0cdcf" NAME="ACCS 2404" Spot="1" />
 <COLOR RGB="#87aeb5" NAME="ACCS 2411" Spot="1" />
 <COLOR RGB="#a2c1c6" NAME="ACCS 2412" Spot="1" />
 <COLOR RGB="#bed4d7" NAME="ACCS 2413" Spot="1" />
 <COLOR RGB="#d2e1e1" NAME="ACCS 2414" Spot="1" />
 <COLOR RGB="#aebbbd" NAME="ACCS 2421" Spot="1" />
 <COLOR RGB="#bcc6c7" NAME="ACCS 2422" Spot="1" />
 <COLOR RGB="#cbd2d1" NAME="ACCS 2423" Spot="1" />
 <COLOR RGB="#dde1de" NAME="ACCS 2424" Spot="1" />
 <COLOR RGB="#7a9491" NAME="ACCS 2501" Spot="1" />
 <COLOR RGB="#91a7a5" NAME="ACCS 2502" Spot="1" />
 <COLOR RGB="#a2b8b5" NAME="ACCS 2503" Spot="1" />
 <COLOR RGB="#b8cbca" NAME="ACCS 2504" Spot="1" />
 <COLOR RGB="#83a59f" NAME="ACCS 2511" Spot="1" />
 <COLOR RGB="#9bbbb5" NAME="ACCS 2512" Spot="1" />
 <COLOR RGB="#aec7c3" NAME="ACCS 2513" Spot="1" />
 <COLOR RGB="#c6d9d5" NAME="ACCS 2514" Spot="1" />
 <COLOR RGB="#a4b1af" NAME="ACCS 2521" Spot="1" />
 <COLOR RGB="#b7c0be" NAME="ACCS 2522" Spot="1" />
 <COLOR RGB="#c7cfcc" NAME="ACCS 2523" Spot="1" />
 <COLOR RGB="#d8ddda" NAME="ACCS 2524" Spot="1" />
 <COLOR RGB="#838c86" NAME="ACCS 2601" Spot="1" />
 <COLOR RGB="#97a19a" NAME="ACCS 2602" Spot="1" />
 <COLOR RGB="#adb7af" NAME="ACCS 2603" Spot="1" />
 <COLOR RGB="#c1c9c3" NAME="ACCS 2604" Spot="1" />
 <COLOR RGB="#8c9d94" NAME="ACCS 2611" Spot="1" />
 <COLOR RGB="#a2b3ac" NAME="ACCS 2612" Spot="1" />
 <COLOR RGB="#b6c6be" NAME="ACCS 2613" Spot="1" />
 <COLOR RGB="#c7d4cd" NAME="ACCS 2614" Spot="1" />
 <COLOR RGB="#a1aaa5" NAME="ACCS 2621" Spot="1" />
 <COLOR RGB="#b3bcb7" NAME="ACCS 2622" Spot="1" />
 <COLOR RGB="#cbd0cb" NAME="ACCS 2623" Spot="1" />
 <COLOR RGB="#dee0da" NAME="ACCS 2624" Spot="1" />
 <COLOR RGB="#7b8976" NAME="ACCS 2701" Spot="1" />
 <COLOR RGB="#8c998a" NAME="ACCS 2702" Spot="1" />
 <COLOR RGB="#9fac9e" NAME="ACCS 2703" Spot="1" />
 <COLOR RGB="#b6c0b5" NAME="ACCS 2704" Spot="1" />
 <COLOR RGB="#80967d" NAME="ACCS 2711" Spot="1" />
 <COLOR RGB="#96ab93" NAME="ACCS 2712" Spot="1" />
 <COLOR RGB="#aebfab" NAME="ACCS 2713" Spot="1" />
 <COLOR RGB="#bccbb9" NAME="ACCS 2714" Spot="1" />
 <COLOR RGB="#9da497" NAME="ACCS 2721" Spot="1" />
 <COLOR RGB="#b5bbae" NAME="ACCS 2722" Spot="1" />
 <COLOR RGB="#c8ccc2" NAME="ACCS 2723" Spot="1" />
 <COLOR RGB="#d5d8ce" NAME="ACCS 2724" Spot="1" />
 <COLOR RGB="#8a9574" NAME="ACCS 2801" Spot="1" />
 <COLOR RGB="#a4b093" NAME="ACCS 2802" Spot="1" />
 <COLOR RGB="#b5c1a8" NAME="ACCS 2803" Spot="1" />
 <COLOR RGB="#c2cbb4" NAME="ACCS 2804" Spot="1" />
 <COLOR RGB="#8aa172" NAME="ACCS 2811" Spot="1" />
 <COLOR RGB="#a6ba91" NAME="ACCS 2812" Spot="1" />
 <COLOR RGB="#beceac" NAME="ACCS 2813" Spot="1" />
 <COLOR RGB="#cedabb" NAME="ACCS 2814" Spot="1" />
 <COLOR RGB="#a7af9d" NAME="ACCS 2821" Spot="1" />
 <COLOR RGB="#b7bfae" NAME="ACCS 2822" Spot="1" />
 <COLOR RGB="#c9d0c0" NAME="ACCS 2823" Spot="1" />
 <COLOR RGB="#daddd1" NAME="ACCS 2824" Spot="1" />
 <COLOR RGB="#7d7e65" NAME="ACCS 2901" Spot="1" />
 <COLOR RGB="#94967a" NAME="ACCS 2902" Spot="1" />
 <COLOR RGB="#aaac92" NAME="ACCS 2903" Spot="1" />
 <COLOR RGB="#b9bba4" NAME="ACCS 2904" Spot="1" />
 <COLOR RGB="#888c5f" NAME="ACCS 2911" Spot="1" />
 <COLOR RGB="#9ea375" NAME="ACCS 2912" Spot="1" />
 <COLOR RGB="#b6b890" NAME="ACCS 2913" Spot="1" />
 <COLOR RGB="#c9ccab" NAME="ACCS 2914" Spot="1" />
 <COLOR RGB="#a6aa91" NAME="ACCS 2921" Spot="1" />
 <COLOR RGB="#b5b9a3" NAME="ACCS 2922" Spot="1" />
 <COLOR RGB="#c0c4b1" NAME="ACCS 2923" Spot="1" />
 <COLOR RGB="#d0d3c3" NAME="ACCS 2924" Spot="1" />
 <COLOR RGB="#9a956c" NAME="ACCS 3001" Spot="1" />
 <COLOR RGB="#a7a580" NAME="ACCS 3002" Spot="1" />
 <COLOR RGB="#b9b594" NAME="ACCS 3003" Spot="1" />
 <COLOR RGB="#c9c7ad" NAME="ACCS 3004" Spot="1" />
 <COLOR RGB="#aaa167" NAME="ACCS 3011" Spot="1" />
 <COLOR RGB="#beb378" NAME="ACCS 3012" Spot="1" />
 <COLOR RGB="#ccc38e" NAME="ACCS 3013" Spot="1" />
 <COLOR RGB="#d9d1a3" NAME="ACCS 3014" Spot="1" />
 <COLOR RGB="#adae9c" NAME="ACCS 3021" Spot="1" />
 <COLOR RGB="#c1c2b0" NAME="ACCS 3022" Spot="1" />
 <COLOR RGB="#cecec2" NAME="ACCS 3023" Spot="1" />
 <COLOR RGB="#dadacd" NAME="ACCS 3024" Spot="1" />
 <COLOR RGB="#9f957c" NAME="ACCS 3101" Spot="1" />
 <COLOR RGB="#aea48b" NAME="ACCS 3102" Spot="1" />
 <COLOR RGB="#beb49a" NAME="ACCS 3103" Spot="1" />
 <COLOR RGB="#cfc8b4" NAME="ACCS 3104" Spot="1" />
 <COLOR RGB="#b5a369" NAME="ACCS 3111" Spot="1" />
 <COLOR RGB="#c3b681" NAME="ACCS 3112" Spot="1" />
 <COLOR RGB="#d7c998" NAME="ACCS 3113" Spot="1" />
 <COLOR RGB="#e0d5ae" NAME="ACCS 3114" Spot="1" />
 <COLOR RGB="#b8b49e" NAME="ACCS 3121" Spot="1" />
 <COLOR RGB="#c4c1ae" NAME="ACCS 3122" Spot="1" />
 <COLOR RGB="#d2cfbf" NAME="ACCS 3123" Spot="1" />
 <COLOR RGB="#dfdccf" NAME="ACCS 3124" Spot="1" />
 <COLOR RGB="#b1a77b" NAME="ACCS 3201" Spot="1" />
 <COLOR RGB="#c7be91" NAME="ACCS 3202" Spot="1" />
 <COLOR RGB="#d3ccad" NAME="ACCS 3203" Spot="1" />
 <COLOR RGB="#ddd9bf" NAME="ACCS 3204" Spot="1" />
 <COLOR RGB="#cab76c" NAME="ACCS 3211" Spot="1" />
 <COLOR RGB="#dfcc78" NAME="ACCS 3212" Spot="1" />
 <COLOR RGB="#ede1a3" NAME="ACCS 3213" Spot="1" />
 <COLOR RGB="#f0ebc6" NAME="ACCS 3214" Spot="1" />
 <COLOR RGB="#c2c2af" NAME="ACCS 3221" Spot="1" />
 <COLOR RGB="#d0cdb9" NAME="ACCS 3222" Spot="1" />
 <COLOR RGB="#dedccc" NAME="ACCS 3223" Spot="1" />
 <COLOR RGB="#edebe0" NAME="ACCS 3224" Spot="1" />
 <COLOR RGB="#ab9b71" NAME="ACCS 3301" Spot="1" />
 <COLOR RGB="#beae88" NAME="ACCS 3302" Spot="1" />
 <COLOR RGB="#ccbf9b" NAME="ACCS 3303" Spot="1" />
 <COLOR RGB="#d8d0b7" NAME="ACCS 3304" Spot="1" />
 <COLOR RGB="#cbb168" NAME="ACCS 3311" Spot="1" />
 <COLOR RGB="#dac888" NAME="ACCS 3312" Spot="1" />
 <COLOR RGB="#e2d59a" NAME="ACCS 3313" Spot="1" />
 <COLOR RGB="#e9e1b4" NAME="ACCS 3314" Spot="1" />
 <COLOR RGB="#c2bca0" NAME="ACCS 3321" Spot="1" />
 <COLOR RGB="#d1ccb5" NAME="ACCS 3322" Spot="1" />
 <COLOR RGB="#dedac9" NAME="ACCS 3323" Spot="1" />
 <COLOR RGB="#eae6dc" NAME="ACCS 3324" Spot="1" />
 <COLOR RGB="#c8b580" NAME="ACCS 3401" Spot="1" />
 <COLOR RGB="#d6c499" NAME="ACCS 3402" Spot="1" />
 <COLOR RGB="#e0d1a8" NAME="ACCS 3403" Spot="1" />
 <COLOR RGB="#e5dab9" NAME="ACCS 3404" Spot="1" />
 <COLOR RGB="#e7bf67" NAME="ACCS 3411" Spot="1" />
 <COLOR RGB="#f0d18b" NAME="ACCS 3412" Spot="1" />
 <COLOR RGB="#f0deac" NAME="ACCS 3413" Spot="1" />
 <COLOR RGB="#f2e7c5" NAME="ACCS 3414" Spot="1" />
 <COLOR RGB="#cdc3a4" NAME="ACCS 3421" Spot="1" />
 <COLOR RGB="#ded3b8" NAME="ACCS 3422" Spot="1" />
 <COLOR RGB="#e7dec7" NAME="ACCS 3423" Spot="1" />
 <COLOR RGB="#efead8" NAME="ACCS 3424" Spot="1" />
 <COLOR RGB="#828785" NAME="ACCS 3531" Spot="1" />
 <COLOR RGB="#8e938e" NAME="ACCS 3532" Spot="1" />
 <COLOR RGB="#9ea39f" NAME="ACCS 3533" Spot="1" />
 <COLOR RGB="#aeb2af" NAME="ACCS 3534" Spot="1" />
 <COLOR RGB="#bcc1be" NAME="ACCS 3541" Spot="1" />
 <COLOR RGB="#c8cbc7" NAME="ACCS 3542" Spot="1" />
 <COLOR RGB="#d5d8d4" NAME="ACCS 3543" Spot="1" />
 <COLOR RGB="#e3e4df" NAME="ACCS 3544" Spot="1" />
 <COLOR RGB="#84847f" NAME="ACCS 3631" Spot="1" />
 <COLOR RGB="#908f86" NAME="ACCS 3632" Spot="1" />
 <COLOR RGB="#a09f96" NAME="ACCS 3633" Spot="1" />
 <COLOR RGB="#abaaa1" NAME="ACCS 3634" Spot="1" />
 <COLOR RGB="#b8b7af" NAME="ACCS 3641" Spot="1" />
 <COLOR RGB="#c8c6be" NAME="ACCS 3642" Spot="1" />
 <COLOR RGB="#d7d6cf" NAME="ACCS 3643" Spot="1" />
 <COLOR RGB="#e3e1da" NAME="ACCS 3644" Spot="1" />
 <COLOR RGB="#7d7f7f" NAME="ACCS 3731" Spot="1" />
 <COLOR RGB="#8f9190" NAME="ACCS 3732" Spot="1" />
 <COLOR RGB="#a4a5a1" NAME="ACCS 3733" Spot="1" />
 <COLOR RGB="#b1b2af" NAME="ACCS 3734" Spot="1" />
 <COLOR RGB="#bcbdb9" NAME="ACCS 3741" Spot="1" />
 <COLOR RGB="#c7c9c7" NAME="ACCS 3742" Spot="1" />
 <COLOR RGB="#d3d4d1" NAME="ACCS 3743" Spot="1" />
 <COLOR RGB="#dededb" NAME="ACCS 3744" Spot="1" />
 <COLOR RGB="#8b8885" NAME="ACCS 3831" Spot="1" />
 <COLOR RGB="#95908f" NAME="ACCS 3832" Spot="1" />
 <COLOR RGB="#a49f9e" NAME="ACCS 3833" Spot="1" />
 <COLOR RGB="#b1acaa" NAME="ACCS 3834" Spot="1" />
 <COLOR RGB="#bab7b6" NAME="ACCS 3841" Spot="1" />
 <COLOR RGB="#c8c5c2" NAME="ACCS 3842" Spot="1" />
 <COLOR RGB="#d3cfcc" NAME="ACCS 3843" Spot="1" />
 <COLOR RGB="#e0dcd8" NAME="ACCS 3844" Spot="1" />
 <COLOR RGB="#818084" NAME="ACCS 3931" Spot="1" />
 <COLOR RGB="#918f93" NAME="ACCS 3932" Spot="1" />
 <COLOR RGB="#a4a2a5" NAME="ACCS 3933" Spot="1" />
 <COLOR RGB="#b0aeb2" NAME="ACCS 3934" Spot="1" />
 <COLOR RGB="#bab8ba" NAME="ACCS 3941" Spot="1" />
 <COLOR RGB="#c7c7c9" NAME="ACCS 3942" Spot="1" />
 <COLOR RGB="#d2d1d2" NAME="ACCS 3943" Spot="1" />
 <COLOR RGB="#dedddb" NAME="ACCS 3944" Spot="1" />
 <COLOR RGB="#7a7d81" NAME="ACCS 4031" Spot="1" />
 <COLOR RGB="#8d9195" NAME="ACCS 4032" Spot="1" />
 <COLOR RGB="#a0a3a7" NAME="ACCS 4033" Spot="1" />
 <COLOR RGB="#afb2b6" NAME="ACCS 4034" Spot="1" />
 <COLOR RGB="#bec1c3" NAME="ACCS 4041" Spot="1" />
 <COLOR RGB="#cccecf" NAME="ACCS 4042" Spot="1" />
 <COLOR RGB="#d7d7d6" NAME="ACCS 4043" Spot="1" />
 <COLOR RGB="#e9e8e4" NAME="ACCS 4044" Spot="1" />
 <COLOR RGB="#756b5d" NAME="ACCS 4131" Spot="1" />
 <COLOR RGB="#8a8073" NAME="ACCS 4132" Spot="1" />
 <COLOR RGB="#a0978b" NAME="ACCS 4133" Spot="1" />
 <COLOR RGB="#aea599" NAME="ACCS 4134" Spot="1" />
 <COLOR RGB="#bbb4a9" NAME="ACCS 4141" Spot="1" />
 <COLOR RGB="#cac4bb" NAME="ACCS 4142" Spot="1" />
 <COLOR RGB="#dad5cc" NAME="ACCS 4143" Spot="1" />
 <COLOR RGB="#e8e4dd" NAME="ACCS 4144" Spot="1" />
</SCRIBUSCOLORS>