<?xml version="1.0" encoding="UTF-8"?>
<SCRIBUSCOLORS Name="Arlon series4500-4550-4570">
 <COLOR RGB="#f7bd00" NAME="68" Spot="1" />
 <COLOR RGB="#f5a800" NAME="6" Spot="1" />
 <COLOR RGB="#dd5c11" NAME="9" Spot="1" />
 <COLOR RGB="#ba3227" NAME="33" Spot="1" />
 <COLOR RGB="#a7131b" NAME="1" Spot="1" />
 <COLOR RGB="#6f232d" NAME="12" Spot="1" />
 <COLOR RGB="#e48ab6" NAME="32" Spot="1" />
 <COLOR RGB="#b23468" NAME="31" Spot="1" />
 <COLOR RGB="#6d4a92" NAME="10" Spot="1" />
 <COLOR RGB="#0096c5" NAME="36" Spot="1" />
 <COLOR RGB="#005380" NAME="5" Spot="1" />
 <COLOR RGB="#203880" NAME="37" Spot="1" />
 <COLOR RGB="#233773" NAME="50" Spot="1" />
 <COLOR RGB="#1d273d" NAME="30" Spot="1" />
 <COLOR RGB="#00868c" NAME="71" Spot="1" />
 <COLOR RGB="#6fa35f" NAME="43" Spot="1" />
 <COLOR RGB="#4a9d1a" NAME="60" Spot="1" />
 <COLOR RGB="#007f4f" NAME="11" Spot="1" />
 <COLOR RGB="#00743d" NAME="61" Spot="1" />
 <COLOR RGB="#005032" NAME="35" Spot="1" />
 <COLOR RGB="#4b3229" NAME="8" Spot="1" />
 <COLOR RGB="#f6edcd" NAME="41" Spot="1" />
 <COLOR RGB="#a28b5c" NAME="4" Spot="1" />
 <COLOR RGB="#a9abad" NAME="7" Spot="1" />
 <COLOR RGB="#969892" NAME="34" Spot="1" />
 <COLOR RGB="#17191c" NAME="3" Spot="1" />
 <COLOR RGB="#242628" NAME="40" Spot="1" />
 <COLOR RGB="#eef4f3" NAME="2" Spot="1" />
 <COLOR RGB="#eef3f1" NAME="49" Spot="1" />
</SCRIBUSCOLORS>