<?xml version="1.0" encoding="UTF-8"?>
<SCRIBUSCOLORS Name="Arlon series2500-2550-2570">
 <COLOR RGB="#e6be00" NAME="2037" Spot="1" />
 <COLOR RGB="#f1c200" NAME="15" Spot="1" />
 <COLOR RGB="#f3b700" NAME="1090" Spot="1" />
 <COLOR RGB="#ffb400" NAME="525" Spot="1" />
 <COLOR RGB="#f5a300" NAME="125" Spot="1" />
 <COLOR RGB="#e59b00" NAME="25" Spot="1" />
 <COLOR RGB="#f3b01b" NAME="169" Spot="1" />
 <COLOR RGB="#ea7218" NAME="84" Spot="1" />
 <COLOR RGB="#e3540c" NAME="2119" Spot="1" />
 <COLOR RGB="#e04f02" NAME="44" Spot="1" />
 <COLOR RGB="#c92811" NAME="2662" Spot="1" />
 <COLOR RGB="#cc3639" NAME="415" Spot="1" />
 <COLOR RGB="#c02f1c" NAME="143" Spot="1" />
 <COLOR RGB="#bd281b" NAME="43" Spot="1" />
 <COLOR RGB="#b81d23" NAME="83" Spot="1" />
 <COLOR RGB="#b91f26" NAME="33" Spot="1" />
 <COLOR RGB="#b71f1b" NAME="2885" Spot="1" />
 <COLOR RGB="#a4151e" NAME="2510" Spot="1" />
 <COLOR RGB="#af1e27" NAME="73" Spot="1" />
 <COLOR RGB="#9e1620" NAME="253" Spot="1" />
 <COLOR RGB="#971721" NAME="2283" Spot="1" />
 <COLOR RGB="#631c25" NAME="49" Spot="1" />
 <COLOR RGB="#bf2c52" NAME="78" Spot="1" />
 <COLOR RGB="#991652" NAME="133" Spot="1" />
 <COLOR RGB="#583360" NAME="128" Spot="1" />
 <COLOR RGB="#633389" NAME="2856" Spot="1" />
 <COLOR RGB="#612e27" NAME="63" Spot="1" />
 <COLOR RGB="#3f2d23" NAME="59" Spot="1" />
 <COLOR RGB="#443d37" NAME="69" Spot="1" />
 <COLOR RGB="#1e1e1f" NAME="22" Spot="1" />
 <COLOR RGB="#008bb5" NAME="57" Spot="1" />
 <COLOR RGB="#007cbb" NAME="337" Spot="1" />
 <COLOR RGB="#006fb0" NAME="127" Spot="1" />
 <COLOR RGB="#005ca3" NAME="2930" Spot="1" />
 <COLOR RGB="#0061a7" NAME="67" Spot="1" />
 <COLOR RGB="#005999" NAME="2051" Spot="1" />
 <COLOR RGB="#005596" NAME="97" Spot="1" />
 <COLOR RGB="#1d4a8d" NAME="157" Spot="1" />
 <COLOR RGB="#253873" NAME="2870" Spot="1" />
 <COLOR RGB="#0a3785" NAME="557" Spot="1" />
 <COLOR RGB="#00457b" NAME="2940" Spot="1" />
 <COLOR RGB="#1d3662" NAME="3238" Spot="1" />
 <COLOR RGB="#222551" NAME="36" Spot="1" />
 <COLOR RGB="#003b68" NAME="2114" Spot="1" />
 <COLOR RGB="#2d1d7d" NAME="87" Spot="1" />
 <COLOR RGB="#00596e" NAME="236" Spot="1" />
 <COLOR RGB="#00847d" NAME="246" Spot="1" />
 <COLOR RGB="#00ab9b" NAME="307" Spot="1" />
 <COLOR RGB="#6ca922" NAME="106" Spot="1" />
 <COLOR RGB="#00981d" NAME="2586" Spot="1" />
 <COLOR RGB="#00a163" NAME="146" Spot="1" />
 <COLOR RGB="#00843a" NAME="156" Spot="1" />
 <COLOR RGB="#008a47" NAME="3227" Spot="1" />
 <COLOR RGB="#007228" NAME="26" Spot="1" />
 <COLOR RGB="#007039" NAME="4028" Spot="1" />
 <COLOR RGB="#00542b" NAME="76" Spot="1" />
 <COLOR RGB="#00582e" NAME="2108" Spot="1" />
 <COLOR RGB="#758436" NAME="112" Spot="1" />
 <COLOR RGB="#8d9595" NAME="51" Spot="1" />
 <COLOR RGB="#948e87" NAME="71" Spot="1" />
 <COLOR RGB="#edeee9" NAME="20" Spot="1" />
 <COLOR RGB="#e0d0ac" NAME="5" Spot="1" />
 <COLOR RGB="#a4865f" NAME="131" Spot="1" />
</SCRIBUSCOLORS>