<?xml version="1.0" encoding="UTF-8"?>
<SCRIBUSCOLORS Name="Arlon series2100-2200-2270">
 <COLOR RGB="#e5c096" NAME="48" Spot="1" />
 <COLOR RGB="#e7d1a5" NAME="27" Spot="1" />
 <COLOR RGB="#ffd652" NAME="105" Spot="1" />
 <COLOR RGB="#f8c700" NAME="67" Spot="1" />
 <COLOR RGB="#ffae00" NAME="6" Spot="1" />
 <COLOR RGB="#eb9500" NAME="165" Spot="1" />
 <COLOR RGB="#f88123" NAME="97" Spot="1" />
 <COLOR RGB="#f26000" NAME="83" Spot="1" />
 <COLOR RGB="#d54517" NAME="96" Spot="1" />
 <COLOR RGB="#cb4224" NAME="73" Spot="1" />
 <COLOR RGB="#c22a37" NAME="220" Spot="1" />
 <COLOR RGB="#be1716" NAME="223" Spot="1" />
 <COLOR RGB="#b1261c" NAME="14" Spot="1" />
 <COLOR RGB="#a51f1f" NAME="221" Spot="1" />
 <COLOR RGB="#911826" NAME="60" Spot="1" />
 <COLOR RGB="#89231e" NAME="42" Spot="1" />
 <COLOR RGB="#8a141d" NAME="1" Spot="1" />
 <COLOR RGB="#6f1126" NAME="12" Spot="1" />
 <COLOR RGB="#6a282d" NAME="39" Spot="1" />
 <COLOR RGB="#ce618d" NAME="76" Spot="1" />
 <COLOR RGB="#9e2e69" NAME="58" Spot="1" />
 <COLOR RGB="#b52c5e" NAME="56" Spot="1" />
 <COLOR RGB="#bc97be" NAME="63" Spot="1" />
 <COLOR RGB="#7a68af" NAME="75" Spot="1" />
 <COLOR RGB="#47317b" NAME="74" Spot="1" />
 <COLOR RGB="#683e79" NAME="99" Spot="1" />
 <COLOR RGB="#4d183c" NAME="62" Spot="1" />
 <COLOR RGB="#7591a0" NAME="92" Spot="1" />
 <COLOR RGB="#7fbdc2" NAME="51" Spot="1" />
 <COLOR RGB="#009cc0" NAME="31" Spot="1" />
 <COLOR RGB="#0089be" NAME="18" Spot="1" />
 <COLOR RGB="#4083c4" NAME="166" Spot="1" />
 <COLOR RGB="#006e9c" NAME="32" Spot="1" />
 <COLOR RGB="#0062a2" NAME="250" Spot="1" />
 <COLOR RGB="#0e456e" NAME="37" Spot="1" />
 <COLOR RGB="#004f8d" NAME="5" Spot="1" />
 <COLOR RGB="#143b79" NAME="17" Spot="1" />
 <COLOR RGB="#2b307e" NAME="111" Spot="1" />
 <COLOR RGB="#265874" NAME="66" Spot="1" />
 <COLOR RGB="#0e293e" NAME="30" Spot="1" />
 <COLOR RGB="#0f2c4c" NAME="93" Spot="1" />
 <COLOR RGB="#23394d" NAME="65" Spot="1" />
 <COLOR RGB="#101c2c" NAME="11" Spot="1" />
 <COLOR RGB="#cecdbc" NAME="120" Spot="1" />
 <COLOR RGB="#eae1cd" NAME="26" Spot="1" />
 <COLOR RGB="#eaddcf" NAME="84" Spot="1" />
 <COLOR RGB="#cfbe9f" NAME="68" Spot="1" />
 <COLOR RGB="#a79780" NAME="164" Spot="1" />
 <COLOR RGB="#615e4d" NAME="167" Spot="1" />
 <COLOR RGB="#a68651" NAME="4" Spot="1" />
 <COLOR RGB="#d7953a" NAME="59" Spot="1" />
 <COLOR RGB="#f28773" NAME="78" Spot="1" />
 <COLOR RGB="#ab5321" NAME="280" Spot="1" />
 <COLOR RGB="#6e422a" NAME="85" Spot="1" />
 <COLOR RGB="#4a2f1c" NAME="8" Spot="1" />
 <COLOR RGB="#462c1d" NAME="35" Spot="1" />
 <COLOR RGB="#82bf00" NAME="79" Spot="1" />
 <COLOR RGB="#349800" NAME="69" Spot="1" />
 <COLOR RGB="#00884b" NAME="61" Spot="1" />
 <COLOR RGB="#006c2e" NAME="106" Spot="1" />
 <COLOR RGB="#004e2f" NAME="24" Spot="1" />
 <COLOR RGB="#104439" NAME="86" Spot="1" />
 <COLOR RGB="#102f1e" NAME="230" Spot="1" />
 <COLOR RGB="#53bba6" NAME="87" Spot="1" />
 <COLOR RGB="#009e89" NAME="88" Spot="1" />
 <COLOR RGB="#009f95" NAME="89" Spot="1" />
 <COLOR RGB="#007d81" NAME="71" Spot="1" />
 <COLOR RGB="#00696c" NAME="53" Spot="1" />
 <COLOR RGB="#54787b" NAME="98" Spot="1" />
 <COLOR RGB="#c6c5c2" NAME="70" Spot="1" />
 <COLOR RGB="#afb0af" NAME="81" Spot="1" />
 <COLOR RGB="#a0a2a0" NAME="28" Spot="1" />
 <COLOR RGB="#878d93" NAME="80" Spot="1" />
 <COLOR RGB="#767778" NAME="50" Spot="1" />
 <COLOR RGB="#acaeaf" NAME="7" Spot="1" />
 <COLOR RGB="#78746e" NAME="21" Spot="1" />
 <COLOR RGB="#525355" NAME="52" Spot="1" />
 <COLOR RGB="#43413d" NAME="23" Spot="1" />
 <COLOR RGB="#3b3b3a" NAME="40" Spot="1" />
 <COLOR RGB="#131313" NAME="3" Spot="1" />
 <COLOR RGB="#ecf1f1" NAME="49" Spot="1" />
 <COLOR RGB="#eff4f4" NAME="2" Spot="1" />
 <COLOR RGB="#e6e4e1" NAME="0" Spot="1" />
</SCRIBUSCOLORS>