<?xml version="1.0" encoding="UTF-8"?>
<SCRIBUSCOLORS Name="Arlon series4100">
 <COLOR RGB="#edbd00" NAME="346" Spot="1" />
 <COLOR RGB="#f4ad00" NAME="306" Spot="1" />
 <COLOR RGB="#e46832" NAME="9" Spot="1" />
 <COLOR RGB="#c0403d" NAME="333" Spot="1" />
 <COLOR RGB="#ac2a2e" NAME="301" Spot="1" />
 <COLOR RGB="#aa3235" NAME="373" Spot="1" />
 <COLOR RGB="#aa393a" NAME="353" Spot="1" />
 <COLOR RGB="#6f212c" NAME="49" Spot="1" />
 <COLOR RGB="#0094c2" NAME="336" Spot="1" />
 <COLOR RGB="#0076b1" NAME="27" Spot="1" />
 <COLOR RGB="#31529f" NAME="337" Spot="1" />
 <COLOR RGB="#383365" NAME="387" Spot="1" />
 <COLOR RGB="#16305e" NAME="339" Spot="1" />
 <COLOR RGB="#007d4e" NAME="11" Spot="1" />
 <COLOR RGB="#006b33" NAME="2313" Spot="1" />
 <COLOR RGB="#008880" NAME="371" Spot="1" />
 <COLOR RGB="#8c9494" NAME="40" Spot="1" />
 <COLOR RGB="#1e1f1f" NAME="22" Spot="1" />
 <COLOR RGB="#ebebe3" NAME="320" Spot="1" />
</SCRIBUSCOLORS>