<?xml version="1.0" encoding="UTF-8"?>
<SCRIBUSCOLORS Name="Arlon series2100x">
 <COLOR RGB="#ffad00" NAME="606" Spot="1" />
 <COLOR RGB="#e54b00" NAME="644" Spot="1" />
 <COLOR RGB="#ad2518" NAME="614" Spot="1" />
 <COLOR RGB="#8b1b22" NAME="601" Spot="1" />
 <COLOR RGB="#911e2a" NAME="660" Spot="1" />
 <COLOR RGB="#6f1123" NAME="612" Spot="1" />
 <COLOR RGB="#3f1f6b" NAME="674" Spot="1" />
 <COLOR RGB="#008ac0" NAME="618" Spot="1" />
 <COLOR RGB="#0067a2" NAME="647" Spot="1" />
 <COLOR RGB="#004e8c" NAME="605" Spot="1" />
 <COLOR RGB="#163b7a" NAME="617" Spot="1" />
 <COLOR RGB="#102d4d" NAME="693" Spot="1" />
 <COLOR RGB="#162338" NAME="611" Spot="1" />
 <COLOR RGB="#339e00" NAME="669" Spot="1" />
 <COLOR RGB="#008d4c" NAME="661" Spot="1" />
 <COLOR RGB="#007d3c" NAME="6106" Spot="1" />
 <COLOR RGB="#005837" NAME="624" Spot="1" />
 <COLOR RGB="#184a3e" NAME="686" Spot="1" />
 <COLOR RGB="#008689" NAME="671" Spot="1" />
 <COLOR RGB="#332723" NAME="608" Spot="1" />
 <COLOR RGB="#a9abad" NAME="607" Spot="1" />
 <COLOR RGB="#aaa9a7" NAME="631" Spot="1" />
 <COLOR RGB="#585958" NAME="641" Spot="1" />
 <COLOR RGB="#131415" NAME="603" Spot="1" />
 <COLOR RGB="#3e3d3d" NAME="640" Spot="1" />
 <COLOR RGB="#f0f3f2" NAME="602" Spot="1" />
</SCRIBUSCOLORS>