<?xml version="1.0" encoding="UTF-8"?>
<SCRIBUSCOLORS Name="Arlon series5000-5050">
 <COLOR RGB="#f5bb00" NAME="168" Spot="1" />
 <COLOR RGB="#f9bb00" NAME="116" Spot="1" />
 <COLOR RGB="#f8a600" NAME="106" Spot="1" />
 <COLOR RGB="#f57e24" NAME="119" Spot="1" />
 <COLOR RGB="#d95f17" NAME="109" Spot="1" />
 <COLOR RGB="#d0340b" NAME="114" Spot="1" />
 <COLOR RGB="#b52e22" NAME="133" Spot="1" />
 <COLOR RGB="#ae1116" NAME="101" Spot="1" />
 <COLOR RGB="#9b0d1f" NAME="160" Spot="1" />
 <COLOR RGB="#93181c" NAME="173" Spot="1" />
 <COLOR RGB="#691c26" NAME="112" Spot="1" />
 <COLOR RGB="#684797" NAME="110" Spot="1" />
 <COLOR RGB="#493886" NAME="176" Spot="1" />
 <COLOR RGB="#0085bb" NAME="118" Spot="1" />
 <COLOR RGB="#0062a0" NAME="198" Spot="1" />
 <COLOR RGB="#005483" NAME="105" Spot="1" />
 <COLOR RGB="#1e3c83" NAME="137" Spot="1" />
 <COLOR RGB="#212b73" NAME="193" Spot="1" />
 <COLOR RGB="#1f283c" NAME="130" Spot="1" />
 <COLOR RGB="#00878b" NAME="171" Spot="1" />
 <COLOR RGB="#3f9607" NAME="164" Spot="1" />
 <COLOR RGB="#00814f" NAME="111" Spot="1" />
 <COLOR RGB="#00502f" NAME="135" Spot="1" />
 <COLOR RGB="#12422d" NAME="186" Spot="1" />
 <COLOR RGB="#473026" NAME="108" Spot="1" />
 <COLOR RGB="#aa571e" NAME="180" Spot="1" />
 <COLOR RGB="#d29437" NAME="159" Spot="1" />
 <COLOR RGB="#d1c1a3" NAME="182" Spot="1" />
 <COLOR RGB="#937b45" NAME="104" Spot="1" />
 <COLOR RGB="#9fa1a2" NAME="107" Spot="1" />
 <COLOR RGB="#505250" NAME="150" Spot="1" />
 <COLOR RGB="#64686d" NAME="140" Spot="1" />
 <COLOR RGB="#949692" NAME="134" Spot="1" />
 <COLOR RGB="#c4c7c3" NAME="149" Spot="1" />
 <COLOR RGB="#101215" NAME="103" Spot="1" />
 <COLOR RGB="#ecefed" NAME="102" Spot="1" />
 <COLOR RGB="#e5e4e3" NAME="100" Spot="1" />
</SCRIBUSCOLORS>