<?xml version="1.0" encoding="UTF-8"?>
<SCRIBUSCOLORS Name="Aslan C118 Soft">
 <COLOR RGB="#e3d200" NAME="11818" Spot="1" />
 <COLOR RGB="#f6c500" NAME="11831" Spot="1" />
 <COLOR RGB="#f9b400" NAME="11801" Spot="1" />
 <COLOR RGB="#f3a800" NAME="11832" Spot="1" />
 <COLOR RGB="#f3dda0" NAME="11819" Spot="1" />
 <COLOR RGB="#754824" NAME="11833" Spot="1" />
 <COLOR RGB="#402c1e" NAME="11820" Spot="1" />
 <COLOR RGB="#ca5400" NAME="11811" Spot="1" />
 <COLOR RGB="#bf2a14" NAME="11834" Spot="1" />
 <COLOR RGB="#c22b17" NAME="11802" Spot="1" />
 <COLOR RGB="#a6161b" NAME="11803" Spot="1" />
 <COLOR RGB="#940010" NAME="11835" Spot="1" />
 <COLOR RGB="#781b23" NAME="11823" Spot="1" />
 <COLOR RGB="#601525" NAME="11816" Spot="1" />
 <COLOR RGB="#eb8dbd" NAME="11824" Spot="1" />
 <COLOR RGB="#b52864" NAME="11813" Spot="1" />
 <COLOR RGB="#5d3e8d" NAME="11836" Spot="1" />
 <COLOR RGB="#0097ce" NAME="11815" Spot="1" />
 <COLOR RGB="#0062a6" NAME="11837" Spot="1" />
 <COLOR RGB="#2d45a3" NAME="11838" Spot="1" />
 <COLOR RGB="#004d8b" NAME="11804" Spot="1" />
 <COLOR RGB="#003c82" NAME="11839" Spot="1" />
 <COLOR RGB="#14326d" NAME="11805" Spot="1" />
 <COLOR RGB="#132b4f" NAME="11840" Spot="1" />
 <COLOR RGB="#122137" NAME="11825" Spot="1" />
 <COLOR RGB="#009289" NAME="11821" Spot="1" />
 <COLOR RGB="#389906" NAME="11814" Spot="1" />
 <COLOR RGB="#008332" NAME="11822" Spot="1" />
 <COLOR RGB="#008a56" NAME="11841" Spot="1" />
 <COLOR RGB="#00703b" NAME="11806" Spot="1" />
 <COLOR RGB="#00472a" NAME="11807" Spot="1" />
 <COLOR RGB="#e4e7eb" NAME="11809" Spot="1" />
 <COLOR RGB="#bdbfc1" NAME="11842" Spot="1" />
 <COLOR RGB="#90938d" NAME="11843" Spot="1" />
 <COLOR RGB="#5e6465" NAME="11808" Spot="1" />
 <COLOR RGB="#0f1114" NAME="11810" Spot="1" />
 <COLOR RGB="#9da0a2" NAME="11812" Spot="1" />
 <COLOR RGB="#474745" NAME="11844" Spot="1" />
 <COLOR RGB="#a59457" NAME="11830" Spot="1" />
 <COLOR RGB="#cbced7" NAME="11400" Spot="1" />
 <COLOR RGB="#e5eaee" NAME="11401" Spot="1" />
 <COLOR RGB="#e5cea3" NAME="11405" Spot="1" />
 <COLOR RGB="#d9d246" NAME="11407" Spot="1" />
 <COLOR RGB="#f1b615" NAME="11408" Spot="1" />
 <COLOR RGB="#f8b01e" NAME="11409" Spot="1" />
 <COLOR RGB="#d75b17" NAME="11412" Spot="1" />
 <COLOR RGB="#d3481a" NAME="11414" Spot="1" />
 <COLOR RGB="#bd3a25" NAME="11413" Spot="1" />
 <COLOR RGB="#b7282a" NAME="11415" Spot="1" />
 <COLOR RGB="#9d1c22" NAME="11416" Spot="1" />
 <COLOR RGB="#602427" NAME="11417" Spot="1" />
 <COLOR RGB="#513325" NAME="11404" Spot="1" />
 <COLOR RGB="#803a72" NAME="11424" Spot="1" />
 <COLOR RGB="#76ac5a" NAME="11420" Spot="1" />
 <COLOR RGB="#1e7a3e" NAME="11421" Spot="1" />
 <COLOR RGB="#00683e" NAME="11422" Spot="1" />
 <COLOR RGB="#214732" NAME="11425" Spot="1" />
 <COLOR RGB="#0090c3" NAME="11431" Spot="1" />
 <COLOR RGB="#006ba6" NAME="11432" Spot="1" />
 <COLOR RGB="#005183" NAME="11434" Spot="1" />
 <COLOR RGB="#2f459e" NAME="11433" Spot="1" />
 <COLOR RGB="#2a3982" NAME="11435" Spot="1" />
 <COLOR RGB="#20365e" NAME="11437" Spot="1" />
 <COLOR RGB="#8c8f8c" NAME="11440" Spot="1" />
 <COLOR RGB="#51504c" NAME="11441" Spot="1" />
 <COLOR RGB="#101214" NAME="11445" Spot="1" />
 <COLOR RGB="#9c9e9d" NAME="11448" Spot="1" />
 <COLOR RGB="#bd9e59" NAME="11449" Spot="1" />
 <COLOR RGB="#dee4e6" NAME="11451" Spot="1" />
 <COLOR RGB="#dfd94c" NAME="11453" Spot="1" />
 <COLOR RGB="#f6b233" NAME="11454" Spot="1" />
 <COLOR RGB="#cc532d" NAME="11463" Spot="1" />
 <COLOR RGB="#ae3f33" NAME="11462" Spot="1" />
 <COLOR RGB="#a03739" NAME="11464" Spot="1" />
 <COLOR RGB="#9c2f32" NAME="11466" Spot="1" />
 <COLOR RGB="#83c248" NAME="11471" Spot="1" />
 <COLOR RGB="#008058" NAME="11473" Spot="1" />
 <COLOR RGB="#335240" NAME="11475" Spot="1" />
 <COLOR RGB="#0074a8" NAME="11481" Spot="1" />
 <COLOR RGB="#165b8c" NAME="11483" Spot="1" />
 <COLOR RGB="#3a50a0" NAME="11485" Spot="1" />
 <COLOR RGB="#324379" NAME="11487" Spot="1" />
 <COLOR RGB="#7d7f7f" NAME="11492" Spot="1" />
 <COLOR RGB="#5a3f37" NAME="11452" Spot="1" />
 <COLOR RGB="#353738" NAME="11499" Spot="1" />
 <COLOR RGB="#ccc72b" NAME="11614" Spot="1" />
 <COLOR RGB="#d2ac0a" NAME="11604" Spot="1" />
 <COLOR RGB="#efa628" NAME="11605" Spot="1" />
 <COLOR RGB="#cc5e36" NAME="11603" Spot="1" />
 <COLOR RGB="#c44a38" NAME="11616" Spot="1" />
 <COLOR RGB="#b33734" NAME="11602" Spot="1" />
 <COLOR RGB="#a83436" NAME="11629" Spot="1" />
 <COLOR RGB="#c64b4d" NAME="11615" Spot="1" />
 <COLOR RGB="#b03a56" NAME="11611" Spot="1" />
 <COLOR RGB="#6a2d34" NAME="11635" Spot="1" />
 <COLOR RGB="#782f67" NAME="11617" Spot="1" />
 <COLOR RGB="#9c2c6e" NAME="11632" Spot="1" />
 <COLOR RGB="#38abce" NAME="11618" Spot="1" />
 <COLOR RGB="#008ab1" NAME="11636" Spot="1" />
 <COLOR RGB="#0071aa" NAME="11609" Spot="1" />
 <COLOR RGB="#374e98" NAME="11631" Spot="1" />
 <COLOR RGB="#304979" NAME="11620" Spot="1" />
 <COLOR RGB="#3c4a84" NAME="11630" Spot="1" />
 <COLOR RGB="#3f2f7b" NAME="11608" Spot="1" />
 <COLOR RGB="#404266" NAME="11639" Spot="1" />
 <COLOR RGB="#009392" NAME="11621" Spot="1" />
 <COLOR RGB="#00b695" NAME="11633" Spot="1" />
 <COLOR RGB="#7bb21e" NAME="11606" Spot="1" />
 <COLOR RGB="#1a8e4a" NAME="11612" Spot="1" />
 <COLOR RGB="#008f46" NAME="11622" Spot="1" />
 <COLOR RGB="#007340" NAME="11607" Spot="1" />
 <COLOR RGB="#325043" NAME="11638" Spot="1" />
 <COLOR RGB="#b99269" NAME="11624" Spot="1" />
 <COLOR RGB="#77443b" NAME="11623" Spot="1" />
 <COLOR RGB="#553f3b" NAME="11625" Spot="1" />
 <COLOR RGB="#dee0df" NAME="11601" Spot="1" />
 <COLOR RGB="#c5c8c7" NAME="11637" Spot="1" />
 <COLOR RGB="#9aa0a5" NAME="11634" Spot="1" />
 <COLOR RGB="#909896" NAME="11613" Spot="1" />
 <COLOR RGB="#393a3b" NAME="11610" Spot="1" />
 <COLOR RGB="#babcbc" NAME="11626" Spot="1" />
 <COLOR RGB="#bea76b" NAME="11627" Spot="1" />
 <COLOR RGB="#dad300" NAME="11355" Spot="1" />
 <COLOR RGB="#ecaa00" NAME="11371" Spot="1" />
 <COLOR RGB="#df7500" NAME="11356" Spot="1" />
 <COLOR RGB="#c82d00" NAME="11357" Spot="1" />
 <COLOR RGB="#c71900" NAME="11358" Spot="1" />
 <COLOR RGB="#c00700" NAME="11373" Spot="1" />
 <COLOR RGB="#b20002" NAME="11374" Spot="1" />
 <COLOR RGB="#7e000d" NAME="11359" Spot="1" />
 <COLOR RGB="#a10391" NAME="11360" Spot="1" />
 <COLOR RGB="#610079" NAME="11395" Spot="1" />
 <COLOR RGB="#c8bfa2" NAME="11391" Spot="1" />
 <COLOR RGB="#dda3bc" NAME="11370" Spot="1" />
 <COLOR RGB="#b10068" NAME="11377" Spot="1" />
 <COLOR RGB="#009bbe" NAME="11383" Spot="1" />
 <COLOR RGB="#0072aa" NAME="11362" Spot="1" />
 <COLOR RGB="#0084b8" NAME="11382" Spot="1" />
 <COLOR RGB="#0070a5" NAME="11381" Spot="1" />
 <COLOR RGB="#004fa5" NAME="11392" Spot="1" />
 <COLOR RGB="#0042a9" NAME="11380" Spot="1" />
 <COLOR RGB="#27279d" NAME="11379" Spot="1" />
 <COLOR RGB="#00a980" NAME="11364" Spot="1" />
 <COLOR RGB="#007950" NAME="11365" Spot="1" />
 <COLOR RGB="#003e25" NAME="11366" Spot="1" />
 <COLOR RGB="#65a400" NAME="11388" Spot="1" />
 <COLOR RGB="#007800" NAME="11386" Spot="1" />
 <COLOR RGB="#00772e" NAME="11385" Spot="1" />
 <COLOR RGB="#4a1911" NAME="11389" Spot="1" />
 <COLOR RGB="#94948b" NAME="11368" Spot="1" />
 <COLOR RGB="#8f8f86" NAME="11390" Spot="1" />
 <COLOR RGB="#464135" NAME="11369" Spot="1" />
 <COLOR RGB="#bab59e" NAME="22312" Spot="1" />
 <COLOR RGB="#8eafc9" NAME="22311" Spot="1" />
 <COLOR RGB="#bda8b2" NAME="22313" Spot="1" />
 <COLOR RGB="#a4c7c6" NAME="22310" Spot="1" />
 <COLOR RGB="#c2be5f" NAME="22355" Spot="1" />
 <COLOR RGB="#d0a356" NAME="22371" Spot="1" />
 <COLOR RGB="#ca8a65" NAME="22356" Spot="1" />
 <COLOR RGB="#c37069" NAME="22357" Spot="1" />
 <COLOR RGB="#c36e6b" NAME="22358" Spot="1" />
 <COLOR RGB="#955b5d" NAME="22374" Spot="1" />
 <COLOR RGB="#c39dab" NAME="22370" Spot="1" />
 <COLOR RGB="#ab617f" NAME="22377" Spot="1" />
 <COLOR RGB="#b2ab97" NAME="22391" Spot="1" />
 <COLOR RGB="#7c7b77" NAME="22369" Spot="1" />
 <COLOR RGB="#5aacc7" NAME="22383" Spot="1" />
 <COLOR RGB="#608eb4" NAME="22362" Spot="1" />
 <COLOR RGB="#6571a8" NAME="22380" Spot="1" />
 <COLOR RGB="#41a98d" NAME="22364" Spot="1" />
 <COLOR RGB="#3c9980" NAME="22365" Spot="1" />
 <COLOR RGB="#81ac66" NAME="22388" Spot="1" />
 <COLOR RGB="#5d8a64" NAME="22386" Spot="1" />
 <COLOR RGB="#4e926f" NAME="22385" Spot="1" />
 <COLOR RGB="#7a6665" NAME="22389" Spot="1" />
 <COLOR RGB="#dee0e9" NAME="14200" Spot="1" />
 <COLOR RGB="#cacdcd" NAME="14210" Spot="1" />
 <COLOR RGB="#cecfd5" NAME="14300" Spot="1" />
 <COLOR RGB="#c8cacf" NAME="14302" Spot="1" />
 <COLOR RGB="#dddfe6" NAME="14304" Spot="1" />
 <COLOR RGB="#d0d1d5" NAME="14300 L" Spot="1" />
 <COLOR RGB="#c4c7cb" NAME="14302 L" Spot="1" />
 <COLOR RGB="#d2d3d8" NAME="14370" Spot="1" />
 <COLOR RGB="#d0d3d1" NAME="14161" Spot="1" />
 <COLOR RGB="#e0e2e9" NAME="11118" Spot="1" />
 <COLOR RGB="#dbdbe3" NAME="11250" Spot="1" />
 <COLOR RGB="#dcdee3" NAME="11251" Spot="1" />
 <COLOR RGB="#e1e2e8" NAME="11252" Spot="1" />
 <COLOR RGB="#eaeff0" NAME="14115" Spot="1" />
 <COLOR RGB="#cdd1ce" NAME="14116" Spot="1" />
 <COLOR RGB="#d2d4d3" NAME="14160" Spot="1" />
 <COLOR RGB="#ff3800" NAME="14205" Spot="1" />
 <COLOR RGB="#e7f100" NAME="14206" Spot="1" />
 <COLOR RGB="#d4d5cb" NAME="14501" Spot="1" />
 <COLOR RGB="#425c53" NAME="11460" Spot="1" />
 <COLOR RGB="#424344" NAME="11461" Spot="1" />
 <COLOR RGB="#e7eaec" NAME="11809 WB" Spot="1" />
 <COLOR RGB="#5a5857" NAME="14005" Spot="1" />
 <COLOR RGB="#5a0f0e" NAME="13111" Spot="1" />
 <COLOR RGB="#003c2a" NAME="13112" Spot="1" />
 <COLOR RGB="#191137" NAME="13113" Spot="1" />
 <COLOR RGB="#243076" NAME="13114" Spot="1" />
 <COLOR RGB="#4f123f" NAME="13115" Spot="1" />
 <COLOR RGB="#838689" NAME="13131" Spot="1" />
 <COLOR RGB="#a56f3e" NAME="13105" Spot="1" />
 <COLOR RGB="#b2aa9b" NAME="13109" Spot="1" />
 <COLOR RGB="#dddcd7" NAME="13104" Spot="1" />
 <COLOR RGB="#bb994f" NAME="13106" Spot="1" />
 <COLOR RGB="#383a3b" NAME="13102" Spot="1" />
 <COLOR RGB="#4a4c33" NAME="13103" Spot="1" />
 <COLOR RGB="#5b5237" NAME="13108" Spot="1" />
 <COLOR RGB="#393d40" NAME="13119" Spot="1" />
 <COLOR RGB="#484b35" NAME="13117" Spot="1" />
 <COLOR RGB="#4c4735" NAME="13118" Spot="1" />
</SCRIBUSCOLORS>