<?xml version="1.0" encoding="UTF-8"?>
<SCRIBUSCOLORS Name="Atlas-Nowa Paleta Barw">
 <COLOR RGB="#e1d97f" NAME="0006" Spot="1" />
 <COLOR RGB="#dcd371" NAME="0005" Spot="1" />
 <COLOR RGB="#d8d061" NAME="0004" Spot="1" />
 <COLOR RGB="#d4cc3a" NAME="0003" Spot="1" />
 <COLOR RGB="#c8c637" NAME="0002" Spot="1" />
 <COLOR RGB="#c1c331" NAME="0001" Spot="1" />
 <COLOR RGB="#efedc4" NAME="0012" Spot="1" />
 <COLOR RGB="#eceab4" NAME="0011" Spot="1" />
 <COLOR RGB="#eeeca5" NAME="0010" Spot="1" />
 <COLOR RGB="#ece898" NAME="0009" Spot="1" />
 <COLOR RGB="#e8e780" NAME="0008" Spot="1" />
 <COLOR RGB="#e8e359" NAME="0007" Spot="1" />
 <COLOR RGB="#f3e3c8" NAME="0018" Spot="1" />
 <COLOR RGB="#f1ebb7" NAME="0017" Spot="1" />
 <COLOR RGB="#efe59c" NAME="0016" Spot="1" />
 <COLOR RGB="#f8e48b" NAME="0015" Spot="1" />
 <COLOR RGB="#f8e17b" NAME="0014" Spot="1" />
 <COLOR RGB="#f6db6a" NAME="0013" Spot="1" />
 <COLOR RGB="#f5e894" NAME="0024" Spot="1" />
 <COLOR RGB="#f8e384" NAME="0023" Spot="1" />
 <COLOR RGB="#f7d955" NAME="0022" Spot="1" />
 <COLOR RGB="#f5d94b" NAME="0021" Spot="1" />
 <COLOR RGB="#f8d62c" NAME="0020" Spot="1" />
 <COLOR RGB="#f3c920" NAME="0019" Spot="1" />
 <COLOR RGB="#fbe2a4" NAME="0030" Spot="1" />
 <COLOR RGB="#fbc977" NAME="0029" Spot="1" />
 <COLOR RGB="#ffbf49" NAME="0028" Spot="1" />
 <COLOR RGB="#ffb633" NAME="0027" Spot="1" />
 <COLOR RGB="#ffb626" NAME="0026" Spot="1" />
 <COLOR RGB="#ffb10b" NAME="0025" Spot="1" />
 <COLOR RGB="#f2e1b1" NAME="0036" Spot="1" />
 <COLOR RGB="#f3e0aa" NAME="0035" Spot="1" />
 <COLOR RGB="#f4da9d" NAME="0034" Spot="1" />
 <COLOR RGB="#d7c48e" NAME="0033" Spot="1" />
 <COLOR RGB="#e9c070" NAME="0032" Spot="1" />
 <COLOR RGB="#c5a05d" NAME="0031" Spot="1" />
 <COLOR RGB="#f1e4b9" NAME="0042" Spot="1" />
 <COLOR RGB="#f3e3a6" NAME="0041" Spot="1" />
 <COLOR RGB="#f1d589" NAME="0040" Spot="1" />
 <COLOR RGB="#eec774" NAME="0039" Spot="1" />
 <COLOR RGB="#e3ae4e" NAME="0038" Spot="1" />
 <COLOR RGB="#e0ab4a" NAME="0037" Spot="1" />
 <COLOR RGB="#f7de96" NAME="0048" Spot="1" />
 <COLOR RGB="#f6d583" NAME="0047" Spot="1" />
 <COLOR RGB="#f4cb6a" NAME="0046" Spot="1" />
 <COLOR RGB="#ecb741" NAME="0045" Spot="1" />
 <COLOR RGB="#e8af3c" NAME="0044" Spot="1" />
 <COLOR RGB="#e2aa37" NAME="0043" Spot="1" />
 <COLOR RGB="#eee9d2" NAME="0054" Spot="1" />
 <COLOR RGB="#ecd8b1" NAME="0053" Spot="1" />
 <COLOR RGB="#edcc97" NAME="0052" Spot="1" />
 <COLOR RGB="#eec585" NAME="0051" Spot="1" />
 <COLOR RGB="#d4ac6f" NAME="0050" Spot="1" />
 <COLOR RGB="#dda95e" NAME="0049" Spot="1" />
 <COLOR RGB="#efd2a7" NAME="0060" Spot="1" />
 <COLOR RGB="#f1ce99" NAME="0059" Spot="1" />
 <COLOR RGB="#edc080" NAME="0058" Spot="1" />
 <COLOR RGB="#e1ae5f" NAME="0057" Spot="1" />
 <COLOR RGB="#daa55b" NAME="0056" Spot="1" />
 <COLOR RGB="#d19b50" NAME="0055" Spot="1" />
 <COLOR RGB="#e8e3ba" NAME="0066" Spot="1" />
 <COLOR RGB="#f1d8a2" NAME="0065" Spot="1" />
 <COLOR RGB="#e9c787" NAME="0064" Spot="1" />
 <COLOR RGB="#e7b46c" NAME="0063" Spot="1" />
 <COLOR RGB="#e0a450" NAME="0062" Spot="1" />
 <COLOR RGB="#da9c56" NAME="0061" Spot="1" />
 <COLOR RGB="#f1dba0" NAME="0072" Spot="1" />
 <COLOR RGB="#eac884" NAME="0071" Spot="1" />
 <COLOR RGB="#ecc379" NAME="0070" Spot="1" />
 <COLOR RGB="#e8b24c" NAME="0069" Spot="1" />
 <COLOR RGB="#e4ab49" NAME="0068" Spot="1" />
 <COLOR RGB="#d8a546" NAME="0067" Spot="1" />
 <COLOR RGB="#f2cd8d" NAME="0078" Spot="1" />
 <COLOR RGB="#f6c276" NAME="0077" Spot="1" />
 <COLOR RGB="#f5b860" NAME="0076" Spot="1" />
 <COLOR RGB="#e9a63f" NAME="0075" Spot="1" />
 <COLOR RGB="#e19e36" NAME="0074" Spot="1" />
 <COLOR RGB="#e19e32" NAME="0073" Spot="1" />
 <COLOR RGB="#fbcc84" NAME="0084" Spot="1" />
 <COLOR RGB="#fac371" NAME="0083" Spot="1" />
 <COLOR RGB="#f5b351" NAME="0082" Spot="1" />
 <COLOR RGB="#f0a73d" NAME="0081" Spot="1" />
 <COLOR RGB="#e6a138" NAME="0080" Spot="1" />
 <COLOR RGB="#dd973c" NAME="0079" Spot="1" />
 <COLOR RGB="#fbce8a" NAME="0090" Spot="1" />
 <COLOR RGB="#fabe6c" NAME="0089" Spot="1" />
 <COLOR RGB="#f6b75a" NAME="0088" Spot="1" />
 <COLOR RGB="#eca73e" NAME="0087" Spot="1" />
 <COLOR RGB="#efa636" NAME="0086" Spot="1" />
 <COLOR RGB="#eca337" NAME="0085" Spot="1" />
 <COLOR RGB="#e6bd98" NAME="0096" Spot="1" />
 <COLOR RGB="#e7b989" NAME="0095" Spot="1" />
 <COLOR RGB="#e2b07a" NAME="0094" Spot="1" />
 <COLOR RGB="#d99f5f" NAME="0093" Spot="1" />
 <COLOR RGB="#d29654" NAME="0092" Spot="1" />
 <COLOR RGB="#dd9c55" NAME="0091" Spot="1" />
 <COLOR RGB="#edae6d" NAME="0102" Spot="1" />
 <COLOR RGB="#df9b5d" NAME="0101" Spot="1" />
 <COLOR RGB="#f19352" NAME="0100" Spot="1" />
 <COLOR RGB="#ed8541" NAME="0099" Spot="1" />
 <COLOR RGB="#ec793c" NAME="0098" Spot="1" />
 <COLOR RGB="#f07435" NAME="0097" Spot="1" />
 <COLOR RGB="#eec8bc" NAME="0108" Spot="1" />
 <COLOR RGB="#e5a692" NAME="0107" Spot="1" />
 <COLOR RGB="#e68e6d" NAME="0106" Spot="1" />
 <COLOR RGB="#ea8c66" NAME="0105" Spot="1" />
 <COLOR RGB="#ec7c4d" NAME="0104" Spot="1" />
 <COLOR RGB="#d26544" NAME="0103" Spot="1" />
 <COLOR RGB="#e79b78" NAME="0114" Spot="1" />
 <COLOR RGB="#f18a5e" NAME="0113" Spot="1" />
 <COLOR RGB="#e37e5f" NAME="0112" Spot="1" />
 <COLOR RGB="#ef6e4c" NAME="0111" Spot="1" />
 <COLOR RGB="#e3633f" NAME="0110" Spot="1" />
 <COLOR RGB="#e35639" NAME="0109" Spot="1" />
 <COLOR RGB="#eea37d" NAME="0120" Spot="1" />
 <COLOR RGB="#ed8c63" NAME="0119" Spot="1" />
 <COLOR RGB="#ea6f40" NAME="0118" Spot="1" />
 <COLOR RGB="#e66a41" NAME="0117" Spot="1" />
 <COLOR RGB="#e55d3e" NAME="0116" Spot="1" />
 <COLOR RGB="#d65040" NAME="0115" Spot="1" />
 <COLOR RGB="#eaa8a0" NAME="0126" Spot="1" />
 <COLOR RGB="#e28577" NAME="0125" Spot="1" />
 <COLOR RGB="#e97360" NAME="0124" Spot="1" />
 <COLOR RGB="#e06255" NAME="0123" Spot="1" />
 <COLOR RGB="#d95749" NAME="0122" Spot="1" />
 <COLOR RGB="#d44c43" NAME="0121" Spot="1" />
 <COLOR RGB="#e59c96" NAME="0132" Spot="1" />
 <COLOR RGB="#da8083" NAME="0131" Spot="1" />
 <COLOR RGB="#d26c6c" NAME="0130" Spot="1" />
 <COLOR RGB="#d05a56" NAME="0129" Spot="1" />
 <COLOR RGB="#bf5351" NAME="0128" Spot="1" />
 <COLOR RGB="#aa4643" NAME="0127" Spot="1" />
 <COLOR RGB="#dec3bb" NAME="0138" Spot="1" />
 <COLOR RGB="#e1989e" NAME="0137" Spot="1" />
 <COLOR RGB="#e1939a" NAME="0136" Spot="1" />
 <COLOR RGB="#d78186" NAME="0135" Spot="1" />
 <COLOR RGB="#c86b72" NAME="0134" Spot="1" />
 <COLOR RGB="#ac4e4e" NAME="0133" Spot="1" />
 <COLOR RGB="#db8a92" NAME="0144" Spot="1" />
 <COLOR RGB="#d6797f" NAME="0143" Spot="1" />
 <COLOR RGB="#c36768" NAME="0142" Spot="1" />
 <COLOR RGB="#bf5c5d" NAME="0141" Spot="1" />
 <COLOR RGB="#b04f4e" NAME="0140" Spot="1" />
 <COLOR RGB="#a24945" NAME="0139" Spot="1" />
 <COLOR RGB="#de9e9c" NAME="0150" Spot="1" />
 <COLOR RGB="#dc908e" NAME="0149" Spot="1" />
 <COLOR RGB="#c26f6a" NAME="0148" Spot="1" />
 <COLOR RGB="#bc625d" NAME="0147" Spot="1" />
 <COLOR RGB="#af5c54" NAME="0146" Spot="1" />
 <COLOR RGB="#a95149" NAME="0145" Spot="1" />
 <COLOR RGB="#edcaba" NAME="0156" Spot="1" />
 <COLOR RGB="#e6baa4" NAME="0155" Spot="1" />
 <COLOR RGB="#dda796" NAME="0154" Spot="1" />
 <COLOR RGB="#d89985" NAME="0153" Spot="1" />
 <COLOR RGB="#c18472" NAME="0152" Spot="1" />
 <COLOR RGB="#bb7966" NAME="0151" Spot="1" />
 <COLOR RGB="#e3beac" NAME="0162" Spot="1" />
 <COLOR RGB="#d5aaa0" NAME="0161" Spot="1" />
 <COLOR RGB="#a97066" NAME="0160" Spot="1" />
 <COLOR RGB="#ab7469" NAME="0159" Spot="1" />
 <COLOR RGB="#9c6154" NAME="0158" Spot="1" />
 <COLOR RGB="#945a4c" NAME="0157" Spot="1" />
 <COLOR RGB="#d7b5ad" NAME="0168" Spot="1" />
 <COLOR RGB="#c69a92" NAME="0167" Spot="1" />
 <COLOR RGB="#bf8c81" NAME="0166" Spot="1" />
 <COLOR RGB="#a06c62" NAME="0165" Spot="1" />
 <COLOR RGB="#8e685d" NAME="0164" Spot="1" />
 <COLOR RGB="#865b50" NAME="0163" Spot="1" />
 <COLOR RGB="#dfc7ba" NAME="0174" Spot="1" />
 <COLOR RGB="#d0a797" NAME="0173" Spot="1" />
 <COLOR RGB="#bc9487" NAME="0172" Spot="1" />
 <COLOR RGB="#af8a7a" NAME="0171" Spot="1" />
 <COLOR RGB="#9c705e" NAME="0170" Spot="1" />
 <COLOR RGB="#8b5e4e" NAME="0169" Spot="1" />
 <COLOR RGB="#efc9b6" NAME="0180" Spot="1" />
 <COLOR RGB="#edc6b4" NAME="0179" Spot="1" />
 <COLOR RGB="#dca997" NAME="0178" Spot="1" />
 <COLOR RGB="#c5826c" NAME="0177" Spot="1" />
 <COLOR RGB="#a8664f" NAME="0176" Spot="1" />
 <COLOR RGB="#9e5f49" NAME="0175" Spot="1" />
 <COLOR RGB="#e2b39e" NAME="0186" Spot="1" />
 <COLOR RGB="#d89d84" NAME="0185" Spot="1" />
 <COLOR RGB="#cd8a70" NAME="0184" Spot="1" />
 <COLOR RGB="#bf765c" NAME="0183" Spot="1" />
 <COLOR RGB="#af684f" NAME="0182" Spot="1" />
 <COLOR RGB="#ac674d" NAME="0181" Spot="1" />
 <COLOR RGB="#f0d2bd" NAME="0192" Spot="1" />
 <COLOR RGB="#e4b59a" NAME="0191" Spot="1" />
 <COLOR RGB="#d99d7c" NAME="0190" Spot="1" />
 <COLOR RGB="#be7755" NAME="0189" Spot="1" />
 <COLOR RGB="#b86e51" NAME="0188" Spot="1" />
 <COLOR RGB="#a6644f" NAME="0187" Spot="1" />
 <COLOR RGB="#e5b697" NAME="0198" Spot="1" />
 <COLOR RGB="#daa78b" NAME="0197" Spot="1" />
 <COLOR RGB="#cc8a67" NAME="0196" Spot="1" />
 <COLOR RGB="#c07f5e" NAME="0195" Spot="1" />
 <COLOR RGB="#bd7657" NAME="0194" Spot="1" />
 <COLOR RGB="#b87155" NAME="0193" Spot="1" />
 <COLOR RGB="#e8c4a7" NAME="0204" Spot="1" />
 <COLOR RGB="#dba78b" NAME="0203" Spot="1" />
 <COLOR RGB="#d79a79" NAME="0202" Spot="1" />
 <COLOR RGB="#ca8a6b" NAME="0201" Spot="1" />
 <COLOR RGB="#c17855" NAME="0200" Spot="1" />
 <COLOR RGB="#b56f50" NAME="0199" Spot="1" />
 <COLOR RGB="#e4b590" NAME="0210" Spot="1" />
 <COLOR RGB="#ddab7e" NAME="0209" Spot="1" />
 <COLOR RGB="#cb8a5a" NAME="0208" Spot="1" />
 <COLOR RGB="#bf834f" NAME="0207" Spot="1" />
 <COLOR RGB="#b7794e" NAME="0206" Spot="1" />
 <COLOR RGB="#b37251" NAME="0205" Spot="1" />
 <COLOR RGB="#edc8a4" NAME="0216" Spot="1" />
 <COLOR RGB="#e9ba94" NAME="0215" Spot="1" />
 <COLOR RGB="#dcaa80" NAME="0214" Spot="1" />
 <COLOR RGB="#d99c69" NAME="0213" Spot="1" />
 <COLOR RGB="#ca8859" NAME="0212" Spot="1" />
 <COLOR RGB="#c07e51" NAME="0211" Spot="1" />
 <COLOR RGB="#edc29b" NAME="0222" Spot="1" />
 <COLOR RGB="#e8bc91" NAME="0221" Spot="1" />
 <COLOR RGB="#dea477" NAME="0220" Spot="1" />
 <COLOR RGB="#d59965" NAME="0219" Spot="1" />
 <COLOR RGB="#d18f59" NAME="0218" Spot="1" />
 <COLOR RGB="#ca8350" NAME="0217" Spot="1" />
 <COLOR RGB="#eec39e" NAME="0228" Spot="1" />
 <COLOR RGB="#e7b78b" NAME="0227" Spot="1" />
 <COLOR RGB="#dca471" NAME="0226" Spot="1" />
 <COLOR RGB="#c27f4d" NAME="0225" Spot="1" />
 <COLOR RGB="#b97e4e" NAME="0224" Spot="1" />
 <COLOR RGB="#b08456" NAME="0223" Spot="1" />
 <COLOR RGB="#dcb185" NAME="0234" Spot="1" />
 <COLOR RGB="#e7ac78" NAME="0233" Spot="1" />
 <COLOR RGB="#dc9b63" NAME="0232" Spot="1" />
 <COLOR RGB="#d48a4b" NAME="0231" Spot="1" />
 <COLOR RGB="#c67a3c" NAME="0230" Spot="1" />
 <COLOR RGB="#c57a3f" NAME="0229" Spot="1" />
 <COLOR RGB="#c9b695" NAME="0240" Spot="1" />
 <COLOR RGB="#d8bb8d" NAME="0239" Spot="1" />
 <COLOR RGB="#d3aa73" NAME="0238" Spot="1" />
 <COLOR RGB="#b8915a" NAME="0237" Spot="1" />
 <COLOR RGB="#937957" NAME="0236" Spot="1" />
 <COLOR RGB="#957159" NAME="0235" Spot="1" />
 <COLOR RGB="#ccb3a3" NAME="0246" Spot="1" />
 <COLOR RGB="#c2a697" NAME="0245" Spot="1" />
 <COLOR RGB="#a88573" NAME="0244" Spot="1" />
 <COLOR RGB="#9b7867" NAME="0243" Spot="1" />
 <COLOR RGB="#8a6755" NAME="0242" Spot="1" />
 <COLOR RGB="#836255" NAME="0241" Spot="1" />
 <COLOR RGB="#cda89a" NAME="0252" Spot="1" />
 <COLOR RGB="#b88e7e" NAME="0251" Spot="1" />
 <COLOR RGB="#ac8070" NAME="0250" Spot="1" />
 <COLOR RGB="#966858" NAME="0249" Spot="1" />
 <COLOR RGB="#745a4c" NAME="0248" Spot="1" />
 <COLOR RGB="#66544a" NAME="0247" Spot="1" />
 <COLOR RGB="#b87f6e" NAME="0258" Spot="1" />
 <COLOR RGB="#ae756a" NAME="0257" Spot="1" />
 <COLOR RGB="#906157" NAME="0256" Spot="1" />
 <COLOR RGB="#72564e" NAME="0255" Spot="1" />
 <COLOR RGB="#64534c" NAME="0254" Spot="1" />
 <COLOR RGB="#5c514b" NAME="0253" Spot="1" />
 <COLOR RGB="#c3a38f" NAME="0264" Spot="1" />
 <COLOR RGB="#ad876e" NAME="0263" Spot="1" />
 <COLOR RGB="#947058" NAME="0262" Spot="1" />
 <COLOR RGB="#88654e" NAME="0261" Spot="1" />
 <COLOR RGB="#7e6652" NAME="0260" Spot="1" />
 <COLOR RGB="#665a50" NAME="0259" Spot="1" />
 <COLOR RGB="#ceb1a2" NAME="0270" Spot="1" />
 <COLOR RGB="#a68372" NAME="0269" Spot="1" />
 <COLOR RGB="#9b7660" NAME="0268" Spot="1" />
 <COLOR RGB="#7c6657" NAME="0267" Spot="1" />
 <COLOR RGB="#695b52" NAME="0266" Spot="1" />
 <COLOR RGB="#5c544e" NAME="0265" Spot="1" />
 <COLOR RGB="#c3b8a8" NAME="0276" Spot="1" />
 <COLOR RGB="#a1907d" NAME="0275" Spot="1" />
 <COLOR RGB="#aa9272" NAME="0274" Spot="1" />
 <COLOR RGB="#927d64" NAME="0273" Spot="1" />
 <COLOR RGB="#80705c" NAME="0272" Spot="1" />
 <COLOR RGB="#72665b" NAME="0271" Spot="1" />
 <COLOR RGB="#dad2bf" NAME="0282" Spot="1" />
 <COLOR RGB="#c7bca6" NAME="0281" Spot="1" />
 <COLOR RGB="#b3a386" NAME="0280" Spot="1" />
 <COLOR RGB="#8c7e66" NAME="0279" Spot="1" />
 <COLOR RGB="#857862" NAME="0278" Spot="1" />
 <COLOR RGB="#767061" NAME="0277" Spot="1" />
 <COLOR RGB="#e0d1b4" NAME="0288" Spot="1" />
 <COLOR RGB="#c3ae87" NAME="0287" Spot="1" />
 <COLOR RGB="#bc9f5e" NAME="0286" Spot="1" />
 <COLOR RGB="#b99d68" NAME="0285" Spot="1" />
 <COLOR RGB="#a69260" NAME="0284" Spot="1" />
 <COLOR RGB="#9f8556" NAME="0283" Spot="1" />
 <COLOR RGB="#dad2b1" NAME="0294" Spot="1" />
 <COLOR RGB="#d0c5a1" NAME="0293" Spot="1" />
 <COLOR RGB="#c1b58e" NAME="0292" Spot="1" />
 <COLOR RGB="#ac9c6f" NAME="0291" Spot="1" />
 <COLOR RGB="#938a65" NAME="0290" Spot="1" />
 <COLOR RGB="#837d60" NAME="0289" Spot="1" />
 <COLOR RGB="#e1d5af" NAME="0300" Spot="1" />
 <COLOR RGB="#d0c49e" NAME="0299" Spot="1" />
 <COLOR RGB="#c9bc8f" NAME="0298" Spot="1" />
 <COLOR RGB="#b1a77b" NAME="0297" Spot="1" />
 <COLOR RGB="#a39669" NAME="0296" Spot="1" />
 <COLOR RGB="#938a62" NAME="0295" Spot="1" />
 <COLOR RGB="#beba9d" NAME="0306" Spot="1" />
 <COLOR RGB="#ada582" NAME="0305" Spot="1" />
 <COLOR RGB="#9d8f63" NAME="0304" Spot="1" />
 <COLOR RGB="#837a5c" NAME="0303" Spot="1" />
 <COLOR RGB="#71705b" NAME="0302" Spot="1" />
 <COLOR RGB="#69695b" NAME="0301" Spot="1" />
 <COLOR RGB="#e1d4a2" NAME="0312" Spot="1" />
 <COLOR RGB="#cac48d" NAME="0311" Spot="1" />
 <COLOR RGB="#ccb05d" NAME="0310" Spot="1" />
 <COLOR RGB="#bba050" NAME="0309" Spot="1" />
 <COLOR RGB="#9c8e52" NAME="0308" Spot="1" />
 <COLOR RGB="#958c58" NAME="0307" Spot="1" />
 <COLOR RGB="#d0d4ad" NAME="0318" Spot="1" />
 <COLOR RGB="#c9cc9e" NAME="0317" Spot="1" />
 <COLOR RGB="#b0b78f" NAME="0316" Spot="1" />
 <COLOR RGB="#acb07e" NAME="0315" Spot="1" />
 <COLOR RGB="#9e9864" NAME="0314" Spot="1" />
 <COLOR RGB="#8e9261" NAME="0313" Spot="1" />
 <COLOR RGB="#e2deba" NAME="0324" Spot="1" />
 <COLOR RGB="#c8c996" NAME="0323" Spot="1" />
 <COLOR RGB="#babb86" NAME="0322" Spot="1" />
 <COLOR RGB="#acaf79" NAME="0321" Spot="1" />
 <COLOR RGB="#a0a266" NAME="0320" Spot="1" />
 <COLOR RGB="#969b61" NAME="0319" Spot="1" />
 <COLOR RGB="#d3d9b3" NAME="0330" Spot="1" />
 <COLOR RGB="#b3c183" NAME="0329" Spot="1" />
 <COLOR RGB="#aeb36c" NAME="0328" Spot="1" />
 <COLOR RGB="#a3ab58" NAME="0327" Spot="1" />
 <COLOR RGB="#939e4f" NAME="0326" Spot="1" />
 <COLOR RGB="#859148" NAME="0325" Spot="1" />
 <COLOR RGB="#c0c6b2" NAME="0336" Spot="1" />
 <COLOR RGB="#b6bba1" NAME="0335" Spot="1" />
 <COLOR RGB="#a8aa8b" NAME="0334" Spot="1" />
 <COLOR RGB="#939a78" NAME="0333" Spot="1" />
 <COLOR RGB="#8a9172" NAME="0332" Spot="1" />
 <COLOR RGB="#767f5f" NAME="0331" Spot="1" />
 <COLOR RGB="#98a580" NAME="0342" Spot="1" />
 <COLOR RGB="#829270" NAME="0341" Spot="1" />
 <COLOR RGB="#637354" NAME="0340" Spot="1" />
 <COLOR RGB="#566b54" NAME="0339" Spot="1" />
 <COLOR RGB="#465e4c" NAME="0338" Spot="1" />
 <COLOR RGB="#45594e" NAME="0337" Spot="1" />
 <COLOR RGB="#959e6c" NAME="0348" Spot="1" />
 <COLOR RGB="#8ea073" NAME="0347" Spot="1" />
 <COLOR RGB="#8a956d" NAME="0346" Spot="1" />
 <COLOR RGB="#818b5a" NAME="0345" Spot="1" />
 <COLOR RGB="#758358" NAME="0344" Spot="1" />
 <COLOR RGB="#798265" NAME="0343" Spot="1" />
 <COLOR RGB="#a1b580" NAME="0354" Spot="1" />
 <COLOR RGB="#95b87c" NAME="0353" Spot="1" />
 <COLOR RGB="#84a75f" NAME="0352" Spot="1" />
 <COLOR RGB="#709450" NAME="0351" Spot="1" />
 <COLOR RGB="#6c914d" NAME="0350" Spot="1" />
 <COLOR RGB="#577b43" NAME="0349" Spot="1" />
 <COLOR RGB="#a0c7a4" NAME="0360" Spot="1" />
 <COLOR RGB="#93c38b" NAME="0359" Spot="1" />
 <COLOR RGB="#77ad6b" NAME="0358" Spot="1" />
 <COLOR RGB="#609c59" NAME="0357" Spot="1" />
 <COLOR RGB="#548b50" NAME="0356" Spot="1" />
 <COLOR RGB="#48834a" NAME="0355" Spot="1" />
 <COLOR RGB="#b7c7b4" NAME="0366" Spot="1" />
 <COLOR RGB="#b3d1ad" NAME="0365" Spot="1" />
 <COLOR RGB="#96bb8f" NAME="0364" Spot="1" />
 <COLOR RGB="#84ae7f" NAME="0363" Spot="1" />
 <COLOR RGB="#7aa67f" NAME="0362" Spot="1" />
 <COLOR RGB="#629a73" NAME="0361" Spot="1" />
 <COLOR RGB="#c6dec7" NAME="0372" Spot="1" />
 <COLOR RGB="#b0d3bd" NAME="0371" Spot="1" />
 <COLOR RGB="#a5ceb5" NAME="0370" Spot="1" />
 <COLOR RGB="#93c2a2" NAME="0369" Spot="1" />
 <COLOR RGB="#76b18e" NAME="0368" Spot="1" />
 <COLOR RGB="#67a483" NAME="0367" Spot="1" />
 <COLOR RGB="#bddac6" NAME="0378" Spot="1" />
 <COLOR RGB="#b4d5c6" NAME="0377" Spot="1" />
 <COLOR RGB="#90bda7" NAME="0376" Spot="1" />
 <COLOR RGB="#8abc9e" NAME="0375" Spot="1" />
 <COLOR RGB="#6ea88f" NAME="0374" Spot="1" />
 <COLOR RGB="#63a386" NAME="0373" Spot="1" />
 <COLOR RGB="#deeadf" NAME="0384" Spot="1" />
 <COLOR RGB="#c9e0d2" NAME="0383" Spot="1" />
 <COLOR RGB="#a6cdc4" NAME="0382" Spot="1" />
 <COLOR RGB="#95c0b4" NAME="0381" Spot="1" />
 <COLOR RGB="#7aaea1" NAME="0380" Spot="1" />
 <COLOR RGB="#559587" NAME="0379" Spot="1" />
 <COLOR RGB="#ddecd7" NAME="0390" Spot="1" />
 <COLOR RGB="#c4e3c6" NAME="0389" Spot="1" />
 <COLOR RGB="#b4d8bb" NAME="0388" Spot="1" />
 <COLOR RGB="#99c7a6" NAME="0387" Spot="1" />
 <COLOR RGB="#81bc8f" NAME="0386" Spot="1" />
 <COLOR RGB="#73b082" NAME="0385" Spot="1" />
 <COLOR RGB="#e6e7c6" NAME="0396" Spot="1" />
 <COLOR RGB="#d9e9c4" NAME="0395" Spot="1" />
 <COLOR RGB="#cbe3b1" NAME="0394" Spot="1" />
 <COLOR RGB="#b8dea9" NAME="0393" Spot="1" />
 <COLOR RGB="#a3cf8e" NAME="0392" Spot="1" />
 <COLOR RGB="#7ab46a" NAME="0391" Spot="1" />
 <COLOR RGB="#cde6ad" NAME="0402" Spot="1" />
 <COLOR RGB="#c5e3a2" NAME="0401" Spot="1" />
 <COLOR RGB="#aacc84" NAME="0400" Spot="1" />
 <COLOR RGB="#a0d16d" NAME="0399" Spot="1" />
 <COLOR RGB="#89c366" NAME="0398" Spot="1" />
 <COLOR RGB="#83bf5a" NAME="0397" Spot="1" />
 <COLOR RGB="#e2ebc8" NAME="0408" Spot="1" />
 <COLOR RGB="#d0e9ac" NAME="0407" Spot="1" />
 <COLOR RGB="#bdda8f" NAME="0406" Spot="1" />
 <COLOR RGB="#a7cc7b" NAME="0405" Spot="1" />
 <COLOR RGB="#9acf67" NAME="0404" Spot="1" />
 <COLOR RGB="#88bf5c" NAME="0403" Spot="1" />
 <COLOR RGB="#e1ecb6" NAME="0414" Spot="1" />
 <COLOR RGB="#cfe160" NAME="0413" Spot="1" />
 <COLOR RGB="#bdd859" NAME="0412" Spot="1" />
 <COLOR RGB="#aed45e" NAME="0411" Spot="1" />
 <COLOR RGB="#98cc5b" NAME="0410" Spot="1" />
 <COLOR RGB="#7ebb64" NAME="0409" Spot="1" />
 <COLOR RGB="#eeeac9" NAME="0420" Spot="1" />
 <COLOR RGB="#e1ecb1" NAME="0419" Spot="1" />
 <COLOR RGB="#cae38e" NAME="0418" Spot="1" />
 <COLOR RGB="#c4d872" NAME="0417" Spot="1" />
 <COLOR RGB="#b7d962" NAME="0416" Spot="1" />
 <COLOR RGB="#acd25b" NAME="0415" Spot="1" />
 <COLOR RGB="#e4e5c9" NAME="0426" Spot="1" />
 <COLOR RGB="#deebb2" NAME="0425" Spot="1" />
 <COLOR RGB="#c0d685" NAME="0424" Spot="1" />
 <COLOR RGB="#b7da79" NAME="0423" Spot="1" />
 <COLOR RGB="#a0d064" NAME="0422" Spot="1" />
 <COLOR RGB="#96c957" NAME="0421" Spot="1" />
 <COLOR RGB="#90d096" NAME="0432" Spot="1" />
 <COLOR RGB="#72bf84" NAME="0431" Spot="1" />
 <COLOR RGB="#5bb875" NAME="0430" Spot="1" />
 <COLOR RGB="#4da15e" NAME="0429" Spot="1" />
 <COLOR RGB="#359a55" NAME="0428" Spot="1" />
 <COLOR RGB="#108145" NAME="0427" Spot="1" />
 <COLOR RGB="#9dd3a0" NAME="0438" Spot="1" />
 <COLOR RGB="#62be8a" NAME="0437" Spot="1" />
 <COLOR RGB="#59b380" NAME="0436" Spot="1" />
 <COLOR RGB="#2fa366" NAME="0435" Spot="1" />
 <COLOR RGB="#2a925a" NAME="0434" Spot="1" />
 <COLOR RGB="#00874e" NAME="0433" Spot="1" />
 <COLOR RGB="#a2e0cb" NAME="0444" Spot="1" />
 <COLOR RGB="#8ad3bd" NAME="0443" Spot="1" />
 <COLOR RGB="#72cab2" NAME="0442" Spot="1" />
 <COLOR RGB="#4cb193" NAME="0441" Spot="1" />
 <COLOR RGB="#34a986" NAME="0440" Spot="1" />
 <COLOR RGB="#2c9c77" NAME="0439" Spot="1" />
 <COLOR RGB="#83d6bf" NAME="0450" Spot="1" />
 <COLOR RGB="#6dcdb5" NAME="0449" Spot="1" />
 <COLOR RGB="#4cb899" NAME="0448" Spot="1" />
 <COLOR RGB="#25a989" NAME="0447" Spot="1" />
 <COLOR RGB="#009876" NAME="0446" Spot="1" />
 <COLOR RGB="#008a6a" NAME="0445" Spot="1" />
 <COLOR RGB="#86d8c2" NAME="0456" Spot="1" />
 <COLOR RGB="#6dccb5" NAME="0455" Spot="1" />
 <COLOR RGB="#3db99d" NAME="0454" Spot="1" />
 <COLOR RGB="#009f7e" NAME="0453" Spot="1" />
 <COLOR RGB="#009677" NAME="0452" Spot="1" />
 <COLOR RGB="#00896a" NAME="0451" Spot="1" />
 <COLOR RGB="#79ba96" NAME="0462" Spot="1" />
 <COLOR RGB="#4f9e7c" NAME="0461" Spot="1" />
 <COLOR RGB="#419366" NAME="0460" Spot="1" />
 <COLOR RGB="#2e7e5a" NAME="0459" Spot="1" />
 <COLOR RGB="#28714f" NAME="0458" Spot="1" />
 <COLOR RGB="#1e654d" NAME="0457" Spot="1" />
 <COLOR RGB="#64a68f" NAME="0468" Spot="1" />
 <COLOR RGB="#468e72" NAME="0467" Spot="1" />
 <COLOR RGB="#328164" NAME="0466" Spot="1" />
 <COLOR RGB="#2f6a5a" NAME="0465" Spot="1" />
 <COLOR RGB="#2e6c5c" NAME="0464" Spot="1" />
 <COLOR RGB="#2b6353" NAME="0463" Spot="1" />
 <COLOR RGB="#59b7b3" NAME="0474" Spot="1" />
 <COLOR RGB="#44a4a4" NAME="0473" Spot="1" />
 <COLOR RGB="#009895" NAME="0472" Spot="1" />
 <COLOR RGB="#008784" NAME="0471" Spot="1" />
 <COLOR RGB="#007977" NAME="0470" Spot="1" />
 <COLOR RGB="#136764" NAME="0469" Spot="1" />
 <COLOR RGB="#6bbbc2" NAME="0480" Spot="1" />
 <COLOR RGB="#4da5ae" NAME="0479" Spot="1" />
 <COLOR RGB="#2c95a1" NAME="0478" Spot="1" />
 <COLOR RGB="#008288" NAME="0477" Spot="1" />
 <COLOR RGB="#06767d" NAME="0476" Spot="1" />
 <COLOR RGB="#125f66" NAME="0475" Spot="1" />
 <COLOR RGB="#65b2bf" NAME="0486" Spot="1" />
 <COLOR RGB="#4799aa" NAME="0485" Spot="1" />
 <COLOR RGB="#358e9c" NAME="0484" Spot="1" />
 <COLOR RGB="#278391" NAME="0483" Spot="1" />
 <COLOR RGB="#24788d" NAME="0482" Spot="1" />
 <COLOR RGB="#186f81" NAME="0481" Spot="1" />
 <COLOR RGB="#b6d4d2" NAME="0492" Spot="1" />
 <COLOR RGB="#a1cac3" NAME="0491" Spot="1" />
 <COLOR RGB="#60a8b8" NAME="0490" Spot="1" />
 <COLOR RGB="#4097a2" NAME="0489" Spot="1" />
 <COLOR RGB="#368a94" NAME="0488" Spot="1" />
 <COLOR RGB="#2e8188" NAME="0487" Spot="1" />
 <COLOR RGB="#b9cfcb" NAME="0498" Spot="1" />
 <COLOR RGB="#b4d6cf" NAME="0497" Spot="1" />
 <COLOR RGB="#96bbb6" NAME="0496" Spot="1" />
 <COLOR RGB="#8db0a5" NAME="0495" Spot="1" />
 <COLOR RGB="#6ba4a2" NAME="0494" Spot="1" />
 <COLOR RGB="#589a96" NAME="0493" Spot="1" />
 <COLOR RGB="#c6dfdd" NAME="0504" Spot="1" />
 <COLOR RGB="#b4d5d8" NAME="0503" Spot="1" />
 <COLOR RGB="#a2c9ce" NAME="0502" Spot="1" />
 <COLOR RGB="#8bbabf" NAME="0501" Spot="1" />
 <COLOR RGB="#79b2b8" NAME="0500" Spot="1" />
 <COLOR RGB="#5f99a5" NAME="0499" Spot="1" />
 <COLOR RGB="#c3dadb" NAME="0510" Spot="1" />
 <COLOR RGB="#5eaac3" NAME="0509" Spot="1" />
 <COLOR RGB="#4498b5" NAME="0508" Spot="1" />
 <COLOR RGB="#287e9c" NAME="0507" Spot="1" />
 <COLOR RGB="#187695" NAME="0506" Spot="1" />
 <COLOR RGB="#1d6a87" NAME="0505" Spot="1" />
 <COLOR RGB="#c4cdd1" NAME="0516" Spot="1" />
 <COLOR RGB="#b9d5dc" NAME="0515" Spot="1" />
 <COLOR RGB="#7fafd5" NAME="0514" Spot="1" />
 <COLOR RGB="#70a6d2" NAME="0513" Spot="1" />
 <COLOR RGB="#60a2c2" NAME="0512" Spot="1" />
 <COLOR RGB="#5a8ca7" NAME="0511" Spot="1" />
 <COLOR RGB="#bdd7df" NAME="0522" Spot="1" />
 <COLOR RGB="#acc7da" NAME="0521" Spot="1" />
 <COLOR RGB="#7cadcc" NAME="0520" Spot="1" />
 <COLOR RGB="#488fbf" NAME="0519" Spot="1" />
 <COLOR RGB="#2a6fa0" NAME="0518" Spot="1" />
 <COLOR RGB="#2a628f" NAME="0517" Spot="1" />
 <COLOR RGB="#dae7e1" NAME="0528" Spot="1" />
 <COLOR RGB="#68a8d1" NAME="0527" Spot="1" />
 <COLOR RGB="#549cc9" NAME="0526" Spot="1" />
 <COLOR RGB="#277eb0" NAME="0525" Spot="1" />
 <COLOR RGB="#2871a0" NAME="0524" Spot="1" />
 <COLOR RGB="#206799" NAME="0523" Spot="1" />
 <COLOR RGB="#c1c8cf" NAME="0534" Spot="1" />
 <COLOR RGB="#88a8b8" NAME="0533" Spot="1" />
 <COLOR RGB="#6d98b0" NAME="0532" Spot="1" />
 <COLOR RGB="#426c87" NAME="0531" Spot="1" />
 <COLOR RGB="#3a5466" NAME="0530" Spot="1" />
 <COLOR RGB="#3e5362" NAME="0529" Spot="1" />
 <COLOR RGB="#9da9c3" NAME="0540" Spot="1" />
 <COLOR RGB="#8ea2c1" NAME="0539" Spot="1" />
 <COLOR RGB="#798dac" NAME="0538" Spot="1" />
 <COLOR RGB="#6c85a9" NAME="0537" Spot="1" />
 <COLOR RGB="#496081" NAME="0536" Spot="1" />
 <COLOR RGB="#3e4d67" NAME="0535" Spot="1" />
 <COLOR RGB="#89a7d4" NAME="0546" Spot="1" />
 <COLOR RGB="#7090c6" NAME="0545" Spot="1" />
 <COLOR RGB="#5e7bb7" NAME="0544" Spot="1" />
 <COLOR RGB="#506ca3" NAME="0543" Spot="1" />
 <COLOR RGB="#3d5590" NAME="0542" Spot="1" />
 <COLOR RGB="#40507d" NAME="0541" Spot="1" />
 <COLOR RGB="#8fa5d4" NAME="0552" Spot="1" />
 <COLOR RGB="#8095cc" NAME="0551" Spot="1" />
 <COLOR RGB="#7285c1" NAME="0550" Spot="1" />
 <COLOR RGB="#5b6fac" NAME="0549" Spot="1" />
 <COLOR RGB="#4c5c95" NAME="0548" Spot="1" />
 <COLOR RGB="#485288" NAME="0547" Spot="1" />
 <COLOR RGB="#aca7d3" NAME="0558" Spot="1" />
 <COLOR RGB="#9a98ce" NAME="0557" Spot="1" />
 <COLOR RGB="#888cc6" NAME="0556" Spot="1" />
 <COLOR RGB="#6b72ae" NAME="0555" Spot="1" />
 <COLOR RGB="#545697" NAME="0554" Spot="1" />
 <COLOR RGB="#42416a" NAME="0553" Spot="1" />
 <COLOR RGB="#aa9ece" NAME="0564" Spot="1" />
 <COLOR RGB="#9a8dc6" NAME="0563" Spot="1" />
 <COLOR RGB="#786ba6" NAME="0562" Spot="1" />
 <COLOR RGB="#685a99" NAME="0561" Spot="1" />
 <COLOR RGB="#594e83" NAME="0560" Spot="1" />
 <COLOR RGB="#4c3f6a" NAME="0559" Spot="1" />
 <COLOR RGB="#bfafc3" NAME="0570" Spot="1" />
 <COLOR RGB="#b3a2bd" NAME="0569" Spot="1" />
 <COLOR RGB="#9f8ba9" NAME="0568" Spot="1" />
 <COLOR RGB="#856f99" NAME="0567" Spot="1" />
 <COLOR RGB="#745c8b" NAME="0566" Spot="1" />
 <COLOR RGB="#59466c" NAME="0565" Spot="1" />
 <COLOR RGB="#b3abd6" NAME="0576" Spot="1" />
 <COLOR RGB="#9393c1" NAME="0575" Spot="1" />
 <COLOR RGB="#8083b2" NAME="0574" Spot="1" />
 <COLOR RGB="#6e72a4" NAME="0573" Spot="1" />
 <COLOR RGB="#545284" NAME="0572" Spot="1" />
 <COLOR RGB="#45436a" NAME="0571" Spot="1" />
 <COLOR RGB="#9b9fba" NAME="0582" Spot="1" />
 <COLOR RGB="#8c96b5" NAME="0581" Spot="1" />
 <COLOR RGB="#7b84a5" NAME="0580" Spot="1" />
 <COLOR RGB="#6d7695" NAME="0579" Spot="1" />
 <COLOR RGB="#545b78" NAME="0578" Spot="1" />
 <COLOR RGB="#4b4f63" NAME="0577" Spot="1" />
 <COLOR RGB="#9793a6" NAME="0588" Spot="1" />
 <COLOR RGB="#85849a" NAME="0587" Spot="1" />
 <COLOR RGB="#746f83" NAME="0586" Spot="1" />
 <COLOR RGB="#5e5667" NAME="0585" Spot="1" />
 <COLOR RGB="#544d59" NAME="0584" Spot="1" />
 <COLOR RGB="#4b444d" NAME="0583" Spot="1" />
 <COLOR RGB="#d3b4c7" NAME="0594" Spot="1" />
 <COLOR RGB="#caa6bc" NAME="0593" Spot="1" />
 <COLOR RGB="#a17e97" NAME="0592" Spot="1" />
 <COLOR RGB="#916b84" NAME="0591" Spot="1" />
 <COLOR RGB="#746273" NAME="0590" Spot="1" />
 <COLOR RGB="#68535c" NAME="0589" Spot="1" />
 <COLOR RGB="#e0cdcb" NAME="0600" Spot="1" />
 <COLOR RGB="#d7c5c2" NAME="0599" Spot="1" />
 <COLOR RGB="#c0afae" NAME="0598" Spot="1" />
 <COLOR RGB="#a5908f" NAME="0597" Spot="1" />
 <COLOR RGB="#957f7a" NAME="0596" Spot="1" />
 <COLOR RGB="#8a7572" NAME="0595" Spot="1" />
 <COLOR RGB="#b8aea9" NAME="0606" Spot="1" />
 <COLOR RGB="#a89e9b" NAME="0605" Spot="1" />
 <COLOR RGB="#9b9393" NAME="0604" Spot="1" />
 <COLOR RGB="#897f7b" NAME="0603" Spot="1" />
 <COLOR RGB="#736c6b" NAME="0602" Spot="1" />
 <COLOR RGB="#524c49" NAME="0601" Spot="1" />
 <COLOR RGB="#d3d2cc" NAME="0612" Spot="1" />
 <COLOR RGB="#c1c0be" NAME="0611" Spot="1" />
 <COLOR RGB="#b7b7b4" NAME="0610" Spot="1" />
 <COLOR RGB="#a1a09d" NAME="0609" Spot="1" />
 <COLOR RGB="#686a68" NAME="0608" Spot="1" />
 <COLOR RGB="#424345" NAME="0607" Spot="1" />
 <COLOR RGB="#d8d7d1" NAME="0618" Spot="1" />
 <COLOR RGB="#c1c6c9" NAME="0617" Spot="1" />
 <COLOR RGB="#9fa6aa" NAME="0616" Spot="1" />
 <COLOR RGB="#777e82" NAME="0615" Spot="1" />
 <COLOR RGB="#515859" NAME="0614" Spot="1" />
 <COLOR RGB="#42474a" NAME="0613" Spot="1" />
 <COLOR RGB="#c1c1bd" NAME="0624" Spot="1" />
 <COLOR RGB="#a6a9ab" NAME="0623" Spot="1" />
 <COLOR RGB="#979a9b" NAME="0622" Spot="1" />
 <COLOR RGB="#858a8b" NAME="0621" Spot="1" />
 <COLOR RGB="#727679" NAME="0620" Spot="1" />
 <COLOR RGB="#65696b" NAME="0619" Spot="1" />
 <COLOR RGB="#bbbfbb" NAME="0630" Spot="1" />
 <COLOR RGB="#adb1ad" NAME="0629" Spot="1" />
 <COLOR RGB="#9b9f9d" NAME="0628" Spot="1" />
 <COLOR RGB="#878b86" NAME="0627" Spot="1" />
 <COLOR RGB="#70726e" NAME="0626" Spot="1" />
 <COLOR RGB="#5f6462" NAME="0625" Spot="1" />
 <COLOR RGB="#bfbdb4" NAME="0636" Spot="1" />
 <COLOR RGB="#b2b0a5" NAME="0635" Spot="1" />
 <COLOR RGB="#9d9d91" NAME="0634" Spot="1" />
 <COLOR RGB="#868375" NAME="0633" Spot="1" />
 <COLOR RGB="#777465" NAME="0632" Spot="1" />
 <COLOR RGB="#68665c" NAME="0631" Spot="1" />
 <COLOR RGB="#bcbdb5" NAME="0642" Spot="1" />
 <COLOR RGB="#a9aea6" NAME="0641" Spot="1" />
 <COLOR RGB="#989d95" NAME="0640" Spot="1" />
 <COLOR RGB="#898c83" NAME="0639" Spot="1" />
 <COLOR RGB="#73756b" NAME="0638" Spot="1" />
 <COLOR RGB="#6a6b62" NAME="0637" Spot="1" />
 <COLOR RGB="#b4b5a2" NAME="0648" Spot="1" />
 <COLOR RGB="#a4a58f" NAME="0647" Spot="1" />
 <COLOR RGB="#787b73" NAME="0646" Spot="1" />
 <COLOR RGB="#5d6156" NAME="0645" Spot="1" />
 <COLOR RGB="#52554c" NAME="0644" Spot="1" />
 <COLOR RGB="#4a4d47" NAME="0643" Spot="1" />
 <COLOR RGB="#c3cac3" NAME="0654" Spot="1" />
 <COLOR RGB="#b4beb6" NAME="0653" Spot="1" />
 <COLOR RGB="#a2b0a6" NAME="0652" Spot="1" />
 <COLOR RGB="#919d92" NAME="0651" Spot="1" />
 <COLOR RGB="#75857a" NAME="0650" Spot="1" />
 <COLOR RGB="#6b7b70" NAME="0649" Spot="1" />
 <COLOR RGB="#f3dfd2" NAME="01" Spot="1" />
 <COLOR RGB="#edd4cb" NAME="11" Spot="1" />
 <COLOR RGB="#edd8cc" NAME="12" Spot="1" />
 <COLOR RGB="#e7d6ce" NAME="13" Spot="1" />
 <COLOR RGB="#d3c9c4" NAME="14" Spot="1" />
 <COLOR RGB="#d1cfca" NAME="02" Spot="1" />
 <COLOR RGB="#d3d1cd" NAME="21" Spot="1" />
 <COLOR RGB="#d2ccc6" NAME="22" Spot="1" />
 <COLOR RGB="#bab9b4" NAME="23" Spot="1" />
 <COLOR RGB="#b9b8b7" NAME="24" Spot="1" />
 <COLOR RGB="#d6ddd8" NAME="03" Spot="1" />
 <COLOR RGB="#d9e1e1" NAME="31" Spot="1" />
 <COLOR RGB="#d2dade" NAME="32" Spot="1" />
 <COLOR RGB="#c4d8de" NAME="33" Spot="1" />
 <COLOR RGB="#cbdde2" NAME="34" Spot="1" />
 <COLOR RGB="#e0decc" NAME="04" Spot="1" />
 <COLOR RGB="#dcd9c8" NAME="41" Spot="1" />
 <COLOR RGB="#e1e1d0" NAME="42" Spot="1" />
 <COLOR RGB="#e1e8df" NAME="43" Spot="1" />
 <COLOR RGB="#d6e2d2" NAME="44" Spot="1" />
 <COLOR RGB="#ede3cd" NAME="05" Spot="1" />
 <COLOR RGB="#f0ebd0" NAME="51" Spot="1" />
 <COLOR RGB="#f0e7c6" NAME="52" Spot="1" />
 <COLOR RGB="#f1e4c6" NAME="53" Spot="1" />
 <COLOR RGB="#efe0c6" NAME="54" Spot="1" />
 <COLOR RGB="#f6ddc9" NAME="06" Spot="1" />
 <COLOR RGB="#efd9c7" NAME="61" Spot="1" />
 <COLOR RGB="#f2d4bf" NAME="62" Spot="1" />
 <COLOR RGB="#f0ceb6" NAME="63" Spot="1" />
 <COLOR RGB="#eec7ae" NAME="64" Spot="1" />
 <COLOR RGB="#e8d7c6" NAME="07" Spot="1" />
 <COLOR RGB="#e2d1c5" NAME="71" Spot="1" />
 <COLOR RGB="#decaba" NAME="72" Spot="1" />
 <COLOR RGB="#d9c4b2" NAME="73" Spot="1" />
 <COLOR RGB="#e3d1ba" NAME="74" Spot="1" />
 <COLOR RGB="#ccdecf" NAME="08" Spot="1" />
 <COLOR RGB="#cee0d3" NAME="81" Spot="1" />
 <COLOR RGB="#c9dbd5" NAME="82" Spot="1" />
 <COLOR RGB="#c6d9d4" NAME="83" Spot="1" />
 <COLOR RGB="#c4d7d3" NAME="84" Spot="1" />
</SCRIBUSCOLORS>