<?xml version="1.0" encoding="UTF-8"?>
<SCRIBUSCOLORS Name="Auro Farbtonblock III Nr 344+350">
 <COLOR RGB="#fdf3e1" NAME="K05 1" Spot="1" />
 <COLOR RGB="#fbecd4" NAME="K05 2" Spot="1" />
 <COLOR RGB="#fce7c8" NAME="K05 3" Spot="1" />
 <COLOR RGB="#f9ddb3" NAME="K05 4" Spot="1" />
 <COLOR RGB="#fadaab" NAME="K05 5" Spot="1" />
 <COLOR RGB="#f6d099" NAME="K05 6" Spot="1" />
 <COLOR RGB="#f2c785" NAME="K05 7" Spot="1" />
 <COLOR RGB="#e4a94f" NAME="K05 8" Spot="1" />
 <COLOR RGB="#f7e0dd" NAME="K35 1" Spot="1" />
 <COLOR RGB="#f4d8d4" NAME="K35 2" Spot="1" />
 <COLOR RGB="#eec9c5" NAME="K35 3" Spot="1" />
 <COLOR RGB="#e5b7b2" NAME="K35 4" Spot="1" />
 <COLOR RGB="#dda8a3" NAME="K35 5" Spot="1" />
 <COLOR RGB="#d6958d" NAME="K35 6" Spot="1" />
 <COLOR RGB="#cb867e" NAME="K35 7" Spot="1" />
 <COLOR RGB="#aa5140" NAME="K35 8" Spot="1" />
 <COLOR RGB="#f1e6e6" NAME="K45 1" Spot="1" />
 <COLOR RGB="#ebdbdd" NAME="K45 2" Spot="1" />
 <COLOR RGB="#e3cfd2" NAME="K45 3" Spot="1" />
 <COLOR RGB="#d7bdc1" NAME="K45 4" Spot="1" />
 <COLOR RGB="#d0b4b8" NAME="K45 5" Spot="1" />
 <COLOR RGB="#c4a2a6" NAME="K45 6" Spot="1" />
 <COLOR RGB="#b79095" NAME="K45 7" Spot="1" />
 <COLOR RGB="#8f595a" NAME="K45 8" Spot="1" />
 <COLOR RGB="#f0f5f6" NAME="K55 1" Spot="1" />
 <COLOR RGB="#e9f1f6" NAME="K55 2" Spot="1" />
 <COLOR RGB="#e0edf6" NAME="K55 3" Spot="1" />
 <COLOR RGB="#d3e6f6" NAME="K55 4" Spot="1" />
 <COLOR RGB="#c8dff3" NAME="K55 5" Spot="1" />
 <COLOR RGB="#bbd8f3" NAME="K55 6" Spot="1" />
 <COLOR RGB="#afd2f3" NAME="K55 7" Spot="1" />
 <COLOR RGB="#70aee8" NAME="K55 8" Spot="1" />
 <COLOR RGB="#edf0e8" NAME="K65 1" Spot="1" />
 <COLOR RGB="#e9eee5" NAME="K65 2" Spot="1" />
 <COLOR RGB="#e0e7db" NAME="K65 3" Spot="1" />
 <COLOR RGB="#d0dbca" NAME="K65 4" Spot="1" />
 <COLOR RGB="#c9d5c2" NAME="K65 5" Spot="1" />
 <COLOR RGB="#bccbb4" NAME="K65 6" Spot="1" />
 <COLOR RGB="#abbda2" NAME="K65 7" Spot="1" />
 <COLOR RGB="#809a71" NAME="K65 8" Spot="1" />
 <COLOR RGB="#eee4e2" NAME="K85 1" Spot="1" />
 <COLOR RGB="#e5d8d6" NAME="K85 2" Spot="1" />
 <COLOR RGB="#dacac8" NAME="K85 3" Spot="1" />
 <COLOR RGB="#ceb9b6" NAME="K85 4" Spot="1" />
 <COLOR RGB="#c5aca9" NAME="K85 5" Spot="1" />
 <COLOR RGB="#ba9e9b" NAME="K85 6" Spot="1" />
 <COLOR RGB="#a58683" NAME="K85 7" Spot="1" />
 <COLOR RGB="#7d5348" NAME="K85 8" Spot="1" />
 <COLOR RGB="#e5e6e5" NAME="K95 1" Spot="1" />
 <COLOR RGB="#dedede" NAME="K95 2" Spot="1" />
 <COLOR RGB="#d0d0d0" NAME="K95 3" Spot="1" />
 <COLOR RGB="#c1c1c2" NAME="K95 4" Spot="1" />
 <COLOR RGB="#b5b5b7" NAME="K95 5" Spot="1" />
 <COLOR RGB="#a6a6a7" NAME="K95 6" Spot="1" />
 <COLOR RGB="#939395" NAME="K95 7" Spot="1" />
 <COLOR RGB="#5b5857" NAME="K95 8" Spot="1" />
 <COLOR RGB="#f5e6ca" NAME="K196" Spot="1" />
 <COLOR RGB="#f4ddb8" NAME="K238" Spot="1" />
 <COLOR RGB="#f1dcb4" NAME="K244" Spot="1" />
 <COLOR RGB="#f0e8d1" NAME="K160" Spot="1" />
 <COLOR RGB="#e6dab7" NAME="K246" Spot="1" />
 <COLOR RGB="#ded1a7" NAME="K291" Spot="1" />
 <COLOR RGB="#cac294" NAME="K290" Spot="1" />
 <COLOR RGB="#c2dbec" NAME="K836" Spot="1" />
 <COLOR RGB="#b3cfe0" NAME="K834" Spot="1" />
 <COLOR RGB="#aec4d7" NAME="K333" Spot="1" />
 <COLOR RGB="#f2ddc8" NAME="K184" Spot="1" />
 <COLOR RGB="#efd4b3" NAME="K226" Spot="1" />
 <COLOR RGB="#f3d3b2" NAME="K232" Spot="1" />
 <COLOR RGB="#ebbfa6" NAME="K234" Spot="1" />
 <COLOR RGB="#e3ae79" NAME="K501" Spot="1" />
 <COLOR RGB="#d49352" NAME="K500" Spot="1" />
 <COLOR RGB="#d19164" NAME="K1013" Spot="1" />
 <COLOR RGB="#e1b5af" NAME="K679" Spot="1" />
 <COLOR RGB="#d79b82" NAME="K278" Spot="1" />
 <COLOR RGB="#ce8b70" NAME="K504" Spot="1" />
 <COLOR RGB="#c59995" NAME="K707" Spot="1" />
 <COLOR RGB="#bc704d" NAME="K1011" Spot="1" />
 <COLOR RGB="#b27a52" NAME="K1002" Spot="1" />
 <COLOR RGB="#a0685e" NAME="K1000" Spot="1" />
</SCRIBUSCOLORS>