<?xml version="1.0" encoding="UTF-8"?>
<SCRIBUSCOLORS Name="Auro Farbtonblock II Nr 321+330">
 <COLOR RGB="#a5b9cc" NAME="836" Spot="1" />
 <COLOR RGB="#8da3be" NAME="834" Spot="1" />
 <COLOR RGB="#8290a7" NAME="333" Spot="1" />
 <COLOR RGB="#919aa7" NAME="332" Spot="1" />
 <COLOR RGB="#bfc0d0" NAME="356" Spot="1" />
 <COLOR RGB="#aaabc0" NAME="362" Spot="1" />
 <COLOR RGB="#9ca2bd" NAME="330" Spot="1" />
 <COLOR RGB="#c6cace" NAME="845" Spot="1" />
 <COLOR RGB="#bbcad8" NAME="835" Spot="1" />
 <COLOR RGB="#879c94" NAME="863" Spot="1" />
 <COLOR RGB="#afbfbf" NAME="837" Spot="1" />
 <COLOR RGB="#c7d4d8" NAME="811" Spot="1" />
 <COLOR RGB="#d2dbd8" NAME="787" Spot="1" />
 <COLOR RGB="#b1baa6" NAME="967" Spot="1" />
 <COLOR RGB="#b6c6b0" NAME="766" Spot="1" />
 <COLOR RGB="#b8c6be" NAME="813" Spot="1" />
 <COLOR RGB="#c0cdbb" NAME="765" Spot="1" />
 <COLOR RGB="#d9e1d9" NAME="763" Spot="1" />
 <COLOR RGB="#e0decf" NAME="155" Spot="1" />
 <COLOR RGB="#e5e1c6" NAME="160" Spot="1" />
 <COLOR RGB="#dfe0d8" NAME="113" Spot="1" />
 <COLOR RGB="#e9e6d9" NAME="112" Spot="1" />
 <COLOR RGB="#e3e4ce" NAME="118" Spot="1" />
 <COLOR RGB="#d8ddc7" NAME="119" Spot="1" />
 <COLOR RGB="#a5aa7f" NAME="290" Spot="1" />
 <COLOR RGB="#bcbb91" NAME="291" Spot="1" />
 <COLOR RGB="#ccc7a0" NAME="246" Spot="1" />
 <COLOR RGB="#e6d3a7" NAME="244" Spot="1" />
 <COLOR RGB="#ecd4aa" NAME="238" Spot="1" />
 <COLOR RGB="#ecdebf" NAME="196" Spot="1" />
 <COLOR RGB="#ebe3cd" NAME="154" Spot="1" />
 <COLOR RGB="#e4d7c3" NAME="5-8" Spot="1" />
 <COLOR RGB="#d5c3ae" NAME="5-10" Spot="1" />
 <COLOR RGB="#ccbdae" NAME="591" Spot="1" />
 <COLOR RGB="#b1aca8" NAME="825" Spot="1" />
 <COLOR RGB="#bab4a2" NAME="592" Spot="1" />
 <COLOR RGB="#a7a592" NAME="284" Spot="1" />
 <COLOR RGB="#a8a38a" NAME="4-4" Spot="1" />
 <COLOR RGB="#a4a494" NAME="969" Spot="1" />
 <COLOR RGB="#807c6f" NAME="989" Spot="1" />
 <COLOR RGB="#d7cbba" NAME="172" Spot="1" />
 <COLOR RGB="#bcae9d" NAME="216" Spot="1" />
 <COLOR RGB="#bdac96" NAME="258" Spot="1" />
 <COLOR RGB="#aa977c" NAME="247" Spot="1" />
 <COLOR RGB="#90806e" NAME="302" Spot="1" />
 <COLOR RGB="#d0ccc1" NAME="913" Spot="1" />
 <COLOR RGB="#aeaa9c" NAME="951" Spot="1" />
 <COLOR RGB="#c4c6c9" NAME="823" Spot="1" />
 <COLOR RGB="#a7a4a5" NAME="849" Spot="1" />
 <COLOR RGB="#807976" NAME="875" Spot="1" />
 <COLOR RGB="#abb1bb" NAME="331" Spot="1" />
 <COLOR RGB="#9c9fa6" NAME="848" Spot="1" />
 <COLOR RGB="#7d8192" NAME="880" Spot="1" />
 <COLOR RGB="#bdbecf" NAME="361" Spot="1" />
 <COLOR RGB="#bbb4c1" NAME="359" Spot="1" />
 <COLOR RGB="#d7ccd1" NAME="360" Spot="1" />
 <COLOR RGB="#a79fb0" NAME="357" Spot="1" />
 <COLOR RGB="#9f9aad" NAME="363" Spot="1" />
 <COLOR RGB="#bbb3c0" NAME="433" Spot="1" />
 <COLOR RGB="#846966" NAME="539" Spot="1" />
 <COLOR RGB="#927a75" NAME="528" Spot="1" />
 <COLOR RGB="#92747e" NAME="522" Spot="1" />
 <COLOR RGB="#ae939b" NAME="478" Spot="1" />
 <COLOR RGB="#c9acb0" NAME="430" Spot="1" />
 <COLOR RGB="#b9969a" NAME="475" Spot="1" />
 <COLOR RGB="#a18d87" NAME="459" Spot="1" />
 <COLOR RGB="#c3b7bd" NAME="586" Spot="1" />
 <COLOR RGB="#dec1bb" NAME="585" Spot="1" />
 <COLOR RGB="#dccccf" NAME="358" Spot="1" />
 <COLOR RGB="#e5c3bc" NAME="583" Spot="1" />
 <COLOR RGB="#e1c2b7" NAME="589" Spot="1" />
 <COLOR RGB="#e3c7b7" NAME="5-11" Spot="1" />
 <COLOR RGB="#e6d0c8" NAME="100" Spot="1" />
 <COLOR RGB="#e7cdb7" NAME="184" Spot="1" />
 <COLOR RGB="#e6c7a7" NAME="226" Spot="1" />
 <COLOR RGB="#edbd9f" NAME="232" Spot="1" />
 <COLOR RGB="#efc3ad" NAME="190" Spot="1" />
 <COLOR RGB="#dc9e8d" NAME="192" Spot="1" />
 <COLOR RGB="#dc9f8a" NAME="234" Spot="1" />
 <COLOR RGB="#cc9c93" NAME="645" Spot="1" />
 <COLOR RGB="#d79e93" NAME="643" Spot="1" />
 <COLOR RGB="#cb8b7e" NAME="679" Spot="1" />
 <COLOR RGB="#c0897b" NAME="681" Spot="1" />
 <COLOR RGB="#a26b63" NAME="707" Spot="1" />
 <COLOR RGB="#b9715e" NAME="278" Spot="1" />
 <COLOR RGB="#af6552" NAME="504" Spot="1" />
 <COLOR RGB="#ce8b66" NAME="501" Spot="1" />
 <COLOR RGB="#ae6642" NAME="500" Spot="1" />
 <COLOR RGB="#914e3f" NAME="1011" Spot="1" />
 <COLOR RGB="#b06951" NAME="1013" Spot="1" />
 <COLOR RGB="#c69b8e" NAME="651" Spot="1" />
 <COLOR RGB="#b79085" NAME="663" Spot="1" />
 <COLOR RGB="#9d6f61" NAME="713" Spot="1" />
 <COLOR RGB="#8f675d" NAME="725" Spot="1" />
 <COLOR RGB="#775040" NAME="1002" Spot="1" />
 <COLOR RGB="#744d45" NAME="1000" Spot="1" />
</SCRIBUSCOLORS>