<?xml version="1.0" encoding="UTF-8"?>
<SCRIBUSCOLORS Name="Auro Farbtonblock I Nr 321+330">
 <COLOR RGB="#fdefd7" NAME="10,1" Spot="1" />
 <COLOR RGB="#feecce" NAME="10,2" Spot="1" />
 <COLOR RGB="#fce4bf" NAME="10,3" Spot="1" />
 <COLOR RGB="#f8d9ab" NAME="10,4" Spot="1" />
 <COLOR RGB="#f6d39f" NAME="10,5" Spot="1" />
 <COLOR RGB="#f2c98f" NAME="10,6" Spot="1" />
 <COLOR RGB="#ebbb78" NAME="10,7" Spot="1" />
 <COLOR RGB="#c5883c" NAME="10,8" Spot="1" />
 <COLOR RGB="#e5d2d2" NAME="30,1" Spot="1" />
 <COLOR RGB="#ddc5c6" NAME="30,2" Spot="1" />
 <COLOR RGB="#d0b2b4" NAME="30,3" Spot="1" />
 <COLOR RGB="#c09b9f" NAME="30,4" Spot="1" />
 <COLOR RGB="#b58d90" NAME="30,5" Spot="1" />
 <COLOR RGB="#a87d80" NAME="30,6" Spot="1" />
 <COLOR RGB="#946669" NAME="30,7" Spot="1" />
 <COLOR RGB="#724342" NAME="30,8" Spot="1" />
 <COLOR RGB="#eec2b6" NAME="32,1" Spot="1" />
 <COLOR RGB="#e6afa3" NAME="32,2" Spot="1" />
 <COLOR RGB="#db9b8d" NAME="32,3" Spot="1" />
 <COLOR RGB="#ce8778" NAME="32,4" Spot="1" />
 <COLOR RGB="#c67c6d" NAME="32,5" Spot="1" />
 <COLOR RGB="#b86b5e" NAME="32,6" Spot="1" />
 <COLOR RGB="#a65c50" NAME="32,7" Spot="1" />
 <COLOR RGB="#87463c" NAME="32,8" Spot="1" />
 <COLOR RGB="#e7ecee" NAME="50,1" Spot="1" />
 <COLOR RGB="#dde5ed" NAME="50,2" Spot="1" />
 <COLOR RGB="#d0dced" NAME="50,3" Spot="1" />
 <COLOR RGB="#becee7" NAME="50,4" Spot="1" />
 <COLOR RGB="#b1c4e5" NAME="50,5" Spot="1" />
 <COLOR RGB="#a0b5de" NAME="50,6" Spot="1" />
 <COLOR RGB="#849ed3" NAME="50,7" Spot="1" />
 <COLOR RGB="#2d4fa4" NAME="50,8" Spot="1" />
 <COLOR RGB="#e2e8da" NAME="60,1" Spot="1" />
 <COLOR RGB="#d7e0d0" NAME="60,2" Spot="1" />
 <COLOR RGB="#c9d5c1" NAME="60,3" Spot="1" />
 <COLOR RGB="#b6c6b1" NAME="60,4" Spot="1" />
 <COLOR RGB="#acbea4" NAME="60,5" Spot="1" />
 <COLOR RGB="#9db296" NAME="60,6" Spot="1" />
 <COLOR RGB="#8ba384" NAME="60,7" Spot="1" />
 <COLOR RGB="#57704e" NAME="60,8" Spot="1" />
 <COLOR RGB="#d9d0cc" NAME="81,1" Spot="1" />
 <COLOR RGB="#cac0bc" NAME="81,2" Spot="1" />
 <COLOR RGB="#baadaa" NAME="81,3" Spot="1" />
 <COLOR RGB="#a59793" NAME="81,4" Spot="1" />
 <COLOR RGB="#998986" NAME="81,5" Spot="1" />
 <COLOR RGB="#897a77" NAME="81,6" Spot="1" />
 <COLOR RGB="#776765" NAME="81,7" Spot="1" />
 <COLOR RGB="#524340" NAME="81,8" Spot="1" />
 <COLOR RGB="#d7d0c9" NAME="82,1" Spot="1" />
 <COLOR RGB="#cac1b9" NAME="82,2" Spot="1" />
 <COLOR RGB="#b9afa7" NAME="82,3" Spot="1" />
 <COLOR RGB="#a79c93" NAME="82,4" Spot="1" />
 <COLOR RGB="#9b8e85" NAME="82,5" Spot="1" />
 <COLOR RGB="#8c7f76" NAME="82,6" Spot="1" />
 <COLOR RGB="#7a6d65" NAME="82,7" Spot="1" />
 <COLOR RGB="#544841" NAME="82,8" Spot="1" />
 <COLOR RGB="#cfcecb" NAME="99,1" Spot="1" />
 <COLOR RGB="#bfbdbc" NAME="99,2" Spot="1" />
 <COLOR RGB="#acabaa" NAME="99,3" Spot="1" />
 <COLOR RGB="#969595" NAME="99,4" Spot="1" />
 <COLOR RGB="#898889" NAME="99,5" Spot="1" />
 <COLOR RGB="#787779" NAME="99,6" Spot="1" />
 <COLOR RGB="#676668" NAME="99,7" Spot="1" />
 <COLOR RGB="#393736" NAME="99,8" Spot="1" />
</SCRIBUSCOLORS>