<?xml version="1.0" encoding="UTF-8"?>
<SCRIBUSCOLORS Name="Australian Standard">
 <COLOR RGB="#eabe00" NAME="Australian Y 11 · Canary" Spot="1" />
 <COLOR RGB="#e9ac00" NAME="Australian Y 12 · Wattle" Spot="1" />
 <COLOR RGB="#fbab00" NAME="Australian Y 13 · Vivid Yellow" Spot="1" />
 <COLOR RGB="#f2a300" NAME="Australian Y 14 · Golden Yellow" Spot="1" />
 <COLOR RGB="#fea700" NAME="Australian Y 15 · Sunflower" Spot="1" />
 <COLOR RGB="#de8b00" NAME="Australian Y 16 · Inca Gold" Spot="1" />
 <COLOR RGB="#e3d161" NAME="Australian Y 21 · Primrose" Spot="1" />
 <COLOR RGB="#f1ce5f" NAME="Australian Y 22 · Custard" Spot="1" />
 <COLOR RGB="#f5ce3f" NAME="Australian Y 23 · Buttercup" Spot="1" />
 <COLOR RGB="#e6ca89" NAME="Australian Y 24 · Straw" Spot="1" />
 <COLOR RGB="#f3c771" NAME="Australian Y 25 · Deep Cream" Spot="1" />
 <COLOR RGB="#fac300" NAME="Australian Y 26 · Homebush Gold" Spot="1" />
 <COLOR RGB="#e7e7d3" NAME="Australian Y 31 · Lily Green" Spot="1" />
 <COLOR RGB="#eae1a1" NAME="Australian Y 32 · Flummery" Spot="1" />
 <COLOR RGB="#f7f5d3" NAME="Australian Y 33 · Pale Primrose" Spot="1" />
 <COLOR RGB="#f2e4c3" NAME="Australian Y 34 · Cream" Spot="1" />
 <COLOR RGB="#f5ecd9" NAME="Australian Y 35 · Off White" Spot="1" />
 <COLOR RGB="#927521" NAME="Australian Y 41 · Olive Yellow" Spot="1" />
 <COLOR RGB="#c7a21e" NAME="Australian Y 42 · Mustard" Spot="1" />
 <COLOR RGB="#d7cca9" NAME="Australian Y 43 · Parchment" Spot="1" />
 <COLOR RGB="#dfc392" NAME="Australian Y 44 · Sand" Spot="1" />
 <COLOR RGB="#e8d4ad" NAME="Australian Y 45 · Manilla" Spot="1" />
 <COLOR RGB="#6c603e" NAME="Australian Y 51 · Bronze Olive" Spot="1" />
 <COLOR RGB="#c2ad7b" NAME="Australian Y 52 · Chamois" Spot="1" />
 <COLOR RGB="#d7c295" NAME="Australian Y 53 · Sandstone" Spot="1" />
 <COLOR RGB="#cdb187" NAME="Australian Y 54 · Oatmeal" Spot="1" />
 <COLOR RGB="#bf9d6f" NAME="Australian Y 55 · Deep Stone" Spot="1" />
 <COLOR RGB="#ccbba3" NAME="Australian Y 56 · Merino" Spot="1" />
 <COLOR RGB="#4a4a3e" NAME="Australian Y 61 · Black Olive" Spot="1" />
 <COLOR RGB="#c0a75f" NAME="Australian Y 62 · Sugar Cane" Spot="1" />
 <COLOR RGB="#886b42" NAME="Australian Y 63 · Khaki" Spot="1" />
 <COLOR RGB="#a89988" NAME="Australian Y 65 · Mushroom" Spot="1" />
 <COLOR RGB="#5e5549" NAME="Australian Y 66 · Mudstone" Spot="1" />
 <COLOR RGB="#d29447" NAME="Australian X 11 · Butterscotch" Spot="1" />
 <COLOR RGB="#d67d0d" NAME="Australian X 12 · Pumpkin" Spot="1" />
 <COLOR RGB="#e57f00" NAME="Australian X 13 · Marigold" Spot="1" />
 <COLOR RGB="#dc5214" NAME="Australian X 14 · Mandarin" Spot="1" />
 <COLOR RGB="#dd6f2a" NAME="Australian X 15 · Orange" Spot="1" />
 <COLOR RGB="#dba868" NAME="Australian X 21 · Pale Ochre" Spot="1" />
 <COLOR RGB="#f3ac55" NAME="Australian X 22 · Saffron" Spot="1" />
 <COLOR RGB="#fbb775" NAME="Australian X 23 · Apricot" Spot="1" />
 <COLOR RGB="#f28c4f" NAME="Australian X 24 · Rockmelon" Spot="1" />
 <COLOR RGB="#eecc9d" NAME="Australian X 31 · Raffia" Spot="1" />
 <COLOR RGB="#f3e1c5" NAME="Australian X 32 · Magnolia" Spot="1" />
 <COLOR RGB="#f7ebda" NAME="Australian X 33 · Warm White" Spot="1" />
 <COLOR RGB="#dac9b4" NAME="Australian X 34 · Driftwood" Spot="1" />
 <COLOR RGB="#c58f4b" NAME="Australian X 41 · Buff" Spot="1" />
 <COLOR RGB="#dfbe9a" NAME="Australian X 42 · Biscuit" Spot="1" />
 <COLOR RGB="#ccaf92" NAME="Australian X 43 · Beige" Spot="1" />
 <COLOR RGB="#b08974" NAME="Australian X 45 · Cinnamon" Spot="1" />
 <COLOR RGB="#926230" NAME="Australian X 51 · Tan" Spot="1" />
 <COLOR RGB="#b07c4b" NAME="Australian X 52 · Coffee" Spot="1" />
 <COLOR RGB="#945721" NAME="Australian X 53 · Golden Tan" Spot="1" />
 <COLOR RGB="#66411e" NAME="Australian X 54 · Brown" Spot="1" />
 <COLOR RGB="#7a482e" NAME="Australian X 55 · Nut Brown" Spot="1" />
 <COLOR RGB="#736356" NAME="Australian X 61 · Wombat" Spot="1" />
 <COLOR RGB="#584f45" NAME="Australian X 62 · Dark Earth" Spot="1" />
 <COLOR RGB="#473c36" NAME="Australian X 63 · Ironbark" Spot="1" />
 <COLOR RGB="#4b3b2d" NAME="Australian X 64 · Chocolate" Spot="1" />
 <COLOR RGB="#513529" NAME="Australian X 65 · Dark Brown" Spot="1" />
 <COLOR RGB="#c34621" NAME="Australian R 11 · International Orange" Spot="1" />
 <COLOR RGB="#c43a19" NAME="Australian R 12 · Scarlett" Spot="1" />
 <COLOR RGB="#b5291c" NAME="Australian R 13 · Signal Red" Spot="1" />
 <COLOR RGB="#a31517" NAME="Australian R 14 · Waratah" Spot="1" />
 <COLOR RGB="#9c171a" NAME="Australian R 15 · Crimson" Spot="1" />
 <COLOR RGB="#e36c5c" NAME="Australian R 21 · Tangerine" Spot="1" />
 <COLOR RGB="#d03b2e" NAME="Australian R 22 · Homebush Red" Spot="1" />
 <COLOR RGB="#c8535c" NAME="Australian R 23 · Lollipop" Spot="1" />
 <COLOR RGB="#a9203a" NAME="Australian R 24 · Strawberry" Spot="1" />
 <COLOR RGB="#e599a5" NAME="Australian R 25 · Rose Pink" Spot="1" />
 <COLOR RGB="#f5e6de" NAME="Australian R 32 · Apple Blossom" Spot="1" />
 <COLOR RGB="#ecdfd9" NAME="Australian R 33 · Ghost Gum" Spot="1" />
 <COLOR RGB="#dbc5bd" NAME="Australian R 34 · Mushroom Pink" Spot="1" />
 <COLOR RGB="#cb7478" NAME="Australian R 35 · Deep Rose" Spot="1" />
 <COLOR RGB="#f8d8bf" NAME="Australian R 41 · Shell Pink" Spot="1" />
 <COLOR RGB="#d89a80" NAME="Australian R 42 · Salmon Pink" Spot="1" />
 <COLOR RGB="#cc6953" NAME="Australian R 43 · Red Dust" Spot="1" />
 <COLOR RGB="#a78f87" NAME="Australian R 44 · Possum" Spot="1" />
 <COLOR RGB="#8c394a" NAME="Australian R 45 · Ruby" Spot="1" />
 <COLOR RGB="#dfa095" NAME="Australian R 51 · Burnt Pink" Spot="1" />
 <COLOR RGB="#a3523c" NAME="Australian R 52 · Terra Cotta" Spot="1" />
 <COLOR RGB="#904739" NAME="Australian R 53 · Red Gum" Spot="1" />
 <COLOR RGB="#822728" NAME="Australian R 54 · Raspberry" Spot="1" />
 <COLOR RGB="#601c20" NAME="Australian R 55 · Claret" Spot="1" />
 <COLOR RGB="#793829" NAME="Australian R 62 · Venetian Red" Spot="1" />
 <COLOR RGB="#663125" NAME="Australian R 63 · Red Oxide" Spot="1" />
 <COLOR RGB="#562f2b" NAME="Australian R 64 · Dep Indian Red" Spot="1" />
 <COLOR RGB="#372122" NAME="Australian R 65 · Maroon" Spot="1" />
 <COLOR RGB="#77224b" NAME="Australian P 11 · Magenta" Spot="1" />
 <COLOR RGB="#864982" NAME="Australian P 12 · Purple" Spot="1" />
 <COLOR RGB="#613e6b" NAME="Australian P 13 · Violet" Spot="1" />
 <COLOR RGB="#4f467e" NAME="Australian P 14 · Blueberry" Spot="1" />
 <COLOR RGB="#e4c1c4" NAME="Australian P 21 · Sunset Pink" Spot="1" />
 <COLOR RGB="#835f83" NAME="Australian P 22 · Cyclamen" Spot="1" />
 <COLOR RGB="#ab9ab9" NAME="Australian P 23 · Lilac" Spot="1" />
 <COLOR RGB="#7d6799" NAME="Australian P 24 · Jacaranda" Spot="1" />
 <COLOR RGB="#dec5c2" NAME="Australian P 31 · Dusty Pink" Spot="1" />
 <COLOR RGB="#d4c2cd" NAME="Australian P 33 · Ribbon Pink" Spot="1" />
 <COLOR RGB="#c2608c" NAME="Australian P 41 · Erica Pink" Spot="1" />
 <COLOR RGB="#a36d7d" NAME="Australian P 42 · Mulberry" Spot="1" />
 <COLOR RGB="#7b7699" NAME="Australian P 43 · Wisteria" Spot="1" />
 <COLOR RGB="#6d3a4a" NAME="Australian P 52 · Plum" Spot="1" />
 <COLOR RGB="#25396e" NAME="Australian B 11 · Rich Blue" Spot="1" />
 <COLOR RGB="#283867" NAME="Australian B 12 · Royal Blue" Spot="1" />
 <COLOR RGB="#1c2d4b" NAME="Australian B 13 · Navy Blue" Spot="1" />
 <COLOR RGB="#244970" NAME="Australian B 14 · Sapphire" Spot="1" />
 <COLOR RGB="#005470" NAME="Australian B 15 · Mid Blue" Spot="1" />
 <COLOR RGB="#2b5c9c" NAME="Australian B 21 · Ultramarine" Spot="1" />
 <COLOR RGB="#255b9d" NAME="Australian B 22 · Homebush Blue" Spot="1" />
 <COLOR RGB="#005a8d" NAME="Australian B 23 · Bright Blue" Spot="1" />
 <COLOR RGB="#156f98" NAME="Australian B 24 · Harbour Blue" Spot="1" />
 <COLOR RGB="#5ea3b3" NAME="Australian B 25 · Aqua" Spot="1" />
 <COLOR RGB="#bed0e1" NAME="Australian B 32 · Powder Blue" Spot="1" />
 <COLOR RGB="#e8ede8" NAME="Australian B 33 · Mist Blue" Spot="1" />
 <COLOR RGB="#3ea3be" NAME="Australian B 34 · Paradise Blue" Spot="1" />
 <COLOR RGB="#d5eae7" NAME="Australian B 35 · Pale Blue" Spot="1" />
 <COLOR RGB="#6aa2d5" NAME="Australian B 41 · Bluebell" Spot="1" />
 <COLOR RGB="#64819d" NAME="Australian B 42 · Purple Grey" Spot="1" />
 <COLOR RGB="#678391" NAME="Australian B 43 · Grey Blue" Spot="1" />
 <COLOR RGB="#99b2ba" NAME="Australian B 44 · Light Grey Blue" Spot="1" />
 <COLOR RGB="#89bfca" NAME="Australian B 45 · Sky Blue" Spot="1" />
 <COLOR RGB="#407cb3" NAME="Australian B 51 · Periwinkle" Spot="1" />
 <COLOR RGB="#576e78" NAME="Australian B 53 · Dark Grey Blue" Spot="1" />
 <COLOR RGB="#458699" NAME="Australian B 55 · Storm Blue" Spot="1" />
 <COLOR RGB="#2b3d79" NAME="Australian B 61 · Coral Sea" Spot="1" />
 <COLOR RGB="#252532" NAME="Australian B 62 · Midnight Blue" Spot="1" />
 <COLOR RGB="#353e44" NAME="Australian B 64 · Charcoal" Spot="1" />
 <COLOR RGB="#00729c" NAME="Australian T 11 · Tropical Blue" Spot="1" />
 <COLOR RGB="#007575" NAME="Australian T 12 · Diamantina" Spot="1" />
 <COLOR RGB="#005652" NAME="Australian T 14 · Malachite" Spot="1" />
 <COLOR RGB="#00908a" NAME="Australian T 15 · Turquoise" Spot="1" />
 <COLOR RGB="#3d9296" NAME="Australian T 22 · Oriental Blue" Spot="1" />
 <COLOR RGB="#488782" NAME="Australian T 24 · Blue Jade" Spot="1" />
 <COLOR RGB="#7ebab5" NAME="Australian T 32 · Huon Green" Spot="1" />
 <COLOR RGB="#a7beb8" NAME="Australian T 33 · Smoke Blue" Spot="1" />
 <COLOR RGB="#82b3a6" NAME="Australian T 35 · Green Ice" Spot="1" />
 <COLOR RGB="#71918c" NAME="Australian T 44 · Blue Gum" Spot="1" />
 <COLOR RGB="#7ea494" NAME="Australian T 45 · Cootamundra" Spot="1" />
 <COLOR RGB="#255e6c" NAME="Australian T 51 · Mountain Blue" Spot="1" />
 <COLOR RGB="#1e6069" NAME="Australian T 53 · Peacock Blue" Spot="1" />
 <COLOR RGB="#00424a" NAME="Australian T 63 · Teal" Spot="1" />
 <COLOR RGB="#143524" NAME="Australian G 11 · Bottle Green" Spot="1" />
 <COLOR RGB="#184328" NAME="Australian G 12 · Holly" Spot="1" />
 <COLOR RGB="#09662b" NAME="Australian G 13 · Emerald" Spot="1" />
 <COLOR RGB="#315519" NAME="Australian G 14 · Moss Green" Spot="1" />
 <COLOR RGB="#414a2a" NAME="Australian G 15 · Rainforest Green" Spot="1" />
 <COLOR RGB="#275639" NAME="Australian G 16 · Traffic Green" Spot="1" />
 <COLOR RGB="#006f38" NAME="Australian G 17 · Mint Green" Spot="1" />
 <COLOR RGB="#007a4f" NAME="Australian G 21 · Jade " Spot="1" />
 <COLOR RGB="#85ab86" NAME="Australian G 22 · Serpentine" Spot="1" />
 <COLOR RGB="#31662d" NAME="Australian G 23 · Shamrock" Spot="1" />
 <COLOR RGB="#4c732a" NAME="Australian G 24 · Fern Green" Spot="1" />
 <COLOR RGB="#636232" NAME="Australian G 25 · Olive" Spot="1" />
 <COLOR RGB="#5a9a3a" NAME="Australian G 26 · Apple Green" Spot="1" />
 <COLOR RGB="#008445" NAME="Australian G 27 · Homebush Green" Spot="1" />
 <COLOR RGB="#549169" NAME="Australian G 31 · Verdigris" Spot="1" />
 <COLOR RGB="#b5cdbb" NAME="Australian G 32 · Opaline" Spot="1" />
 <COLOR RGB="#849d56" NAME="Australian G 33 · Lettuce" Spot="1" />
 <COLOR RGB="#7c8150" NAME="Australian G 34 · Advocado" Spot="1" />
 <COLOR RGB="#919225" NAME="Australian G 35 · Lime Green" Spot="1" />
 <COLOR RGB="#9ab527" NAME="Australian G 36 · Kikuyu" Spot="1" />
 <COLOR RGB="#50a969" NAME="Australian G 37 · Beanstalk" Spot="1" />
 <COLOR RGB="#008b57" NAME="Australian G 41 · Lawn Green" Spot="1" />
 <COLOR RGB="#dce6d5" NAME="Australian G 42 · Glacier " Spot="1" />
 <COLOR RGB="#cecdad" NAME="Australian G 43 · Surf Green" Spot="1" />
 <COLOR RGB="#a1b47b" NAME="Australian G 44 · Palm Green" Spot="1" />
 <COLOR RGB="#cbcc93" NAME="Australian G 45 · Chartreuse" Spot="1" />
 <COLOR RGB="#c6c933" NAME="Australian G 46 · Citronella" Spot="1" />
 <COLOR RGB="#b7d0ac" NAME="Australian G 47 · Grystal Green" Spot="1" />
 <COLOR RGB="#006b49" NAME="Australian G 51 · Spruce" Spot="1" />
 <COLOR RGB="#6c795f" NAME="Australian G 52 · Eucalyptus" Spot="1" />
 <COLOR RGB="#99997e" NAME="Australian G 53 · Banksia" Spot="1" />
 <COLOR RGB="#828872" NAME="Australian G 54 · Mist Green" Spot="1" />
 <COLOR RGB="#aeae93" NAME="Australian G 55 · Lichen" Spot="1" />
 <COLOR RGB="#6e7544" NAME="Australian G 56 · Sage Green" Spot="1" />
 <COLOR RGB="#20322b" NAME="Australian G 61 · Dark Green" Spot="1" />
 <COLOR RGB="#667462" NAME="Australian G 62 · River Gum" Spot="1" />
 <COLOR RGB="#313626" NAME="Australian G 63 · Deep Bronze Green" Spot="1" />
 <COLOR RGB="#646556" NAME="Australian G 64 · Slate" Spot="1" />
 <COLOR RGB="#61624e" NAME="Australian G 65 · Ti-tree" Spot="1" />
 <COLOR RGB="#4f5141" NAME="Australian G 66 · Environment Green" Spot="1" />
 <COLOR RGB="#274335" NAME="Australian G 67 · Zucchini" Spot="1" />
 <COLOR RGB="#ded9ce" NAME="Australian N 11 · Pearl Grey" Spot="1" />
 <COLOR RGB="#d6d4ce" NAME="Australian N 12 · Pastel Grey" Spot="1" />
 <COLOR RGB="#f4f4eb" NAME="Australian N 14 · White" Spot="1" />
 <COLOR RGB="#a8a298" NAME="Australian N 15 · Homebush Grey" Spot="1" />
 <COLOR RGB="#cac7be" NAME="Australian N 22 · Cloud Grey" Spot="1" />
 <COLOR RGB="#cccdcc" NAME="Australian N 23 · Neutral Grey" Spot="1" />
 <COLOR RGB="#c4cecb" NAME="Australian N 24 · Silver Grey" Spot="1" />
 <COLOR RGB="#b1aa9f" NAME="Australian N 25 · Birch Grey" Spot="1" />
 <COLOR RGB="#979a88" NAME="Australian N 32 · Green Grey" Spot="1" />
 <COLOR RGB="#b3b4b3" NAME="Australian N 33 · Lightbox Grey" Spot="1" />
 <COLOR RGB="#aeaea7" NAME="Australian N 35 · Light Grey" Spot="1" />
 <COLOR RGB="#a29882" NAME="Australian N 41 · Oyster" Spot="1" />
 <COLOR RGB="#8e968e" NAME="Australian N 42 · Storm Grey" Spot="1" />
 <COLOR RGB="#99999a" NAME="Australian N 43 · Pipeline Grey" Spot="1" />
 <COLOR RGB="#7e7f7f" NAME="Australian N 44 · Bridge Grey" Spot="1" />
 <COLOR RGB="#99968f" NAME="Australian N 45 · Koala Grey" Spot="1" />
 <COLOR RGB="#7c827f" NAME="Australian N 52 · Mid Grey" Spot="1" />
 <COLOR RGB="#858c8f" NAME="Australian N 53 · Blue Grey" Spot="1" />
 <COLOR RGB="#5f6368" NAME="Australian N 54 · Basalt" Spot="1" />
 <COLOR RGB="#666460" NAME="Australian N 55 · Lead Grey" Spot="1" />
 <COLOR RGB="#1e1f20" NAME="Australian N 61 · Black" Spot="1" />
 <COLOR RGB="#5f666a" NAME="Australian N 63 · Pewter" Spot="1" />
 <COLOR RGB="#52585e" NAME="Australian N 64 · Dark Grey" Spot="1" />
 <COLOR RGB="#474a4c" NAME="Australian N 65 · Graphite Grey" Spot="1" />
</SCRIBUSCOLORS>