<?xml version="1.0" encoding="UTF-8"?>
<SCRIBUSCOLORS Name="Avery Translucent Films">
 <COLOR RGB="#e5c100" NAME="5502 QM" Spot="1" />
 <COLOR RGB="#e2c000" NAME="5503 QM" Spot="1" />
 <COLOR RGB="#d9b700" NAME="5551 QM" Spot="1" />
 <COLOR RGB="#caa900" NAME="5504 QM" Spot="1" />
 <COLOR RGB="#dca700" NAME="5505 QM" Spot="1" />
 <COLOR RGB="#cb6917" NAME="5516 QM" Spot="1" />
 <COLOR RGB="#c24917" NAME="5517 QM" Spot="1" />
 <COLOR RGB="#c23812" NAME="5518 QM" Spot="1" />
 <COLOR RGB="#b22a1a" NAME="5506 QM" Spot="1" />
 <COLOR RGB="#b12918" NAME="5519 QM" Spot="1" />
 <COLOR RGB="#84272a" NAME="5526 QM" Spot="1" />
 <COLOR RGB="#a32938" NAME="5527 QM" Spot="1" />
 <COLOR RGB="#b5383e" NAME="5528 QM" Spot="1" />
 <COLOR RGB="#bd71ac" NAME="5531 QM" Spot="1" />
 <COLOR RGB="#a22d4e" NAME="5532 QM" Spot="1" />
 <COLOR RGB="#394c7d" NAME="5539 QM" Spot="1" />
 <COLOR RGB="#2c2435" NAME="5540 QM" Spot="1" />
 <COLOR RGB="#2e295b" NAME="5541 QM" Spot="1" />
 <COLOR RGB="#272355" NAME="5542 QM" Spot="1" />
 <COLOR RGB="#2b215b" NAME="5543 QM" Spot="1" />
 <COLOR RGB="#e19f00" NAME="5507 QM" Spot="1" />
 <COLOR RGB="#cf9400" NAME="5510 QM" Spot="1" />
 <COLOR RGB="#ca8f00" NAME="5511 QM" Spot="1" />
 <COLOR RGB="#e68205" NAME="5513 QM" Spot="1" />
 <COLOR RGB="#da7a00" NAME="5514 QM" Spot="1" />
 <COLOR RGB="#c76d00" NAME="5515 QM" Spot="1" />
 <COLOR RGB="#b42719" NAME="5520 QM" Spot="1" />
 <COLOR RGB="#a21e1a" NAME="5521 QM" Spot="1" />
 <COLOR RGB="#981b1e" NAME="5522 QM" Spot="1" />
 <COLOR RGB="#8a1e22" NAME="5523 QM" Spot="1" />
 <COLOR RGB="#92141b" NAME="5524 QM" Spot="1" />
 <COLOR RGB="#91201f" NAME="5525 QM" Spot="1" />
 <COLOR RGB="#973e7d" NAME="5533 QM" Spot="1" />
 <COLOR RGB="#751f42" NAME="5534 QM" Spot="1" />
 <COLOR RGB="#833043" NAME="5535 QM" Spot="1" />
 <COLOR RGB="#563255" NAME="5536 QM" Spot="1" />
 <COLOR RGB="#849bc0" NAME="5537 QM" Spot="1" />
 <COLOR RGB="#4f6097" NAME="5538 QM" Spot="1" />
 <COLOR RGB="#1a2951" NAME="5544 QM" Spot="1" />
 <COLOR RGB="#1e315c" NAME="5545 QM" Spot="1" />
 <COLOR RGB="#233063" NAME="5546 QM" Spot="1" />
 <COLOR RGB="#293871" NAME="5509 QM" Spot="1" />
 <COLOR RGB="#154182" NAME="5547 QM" Spot="1" />
 <COLOR RGB="#005189" NAME="5512 QM" Spot="1" />
 <COLOR RGB="#00589b" NAME="5548 QM" Spot="1" />
 <COLOR RGB="#005b94" NAME="5549 QM" Spot="1" />
 <COLOR RGB="#005a95" NAME="5550 QM" Spot="1" />
 <COLOR RGB="#007eba" NAME="5581 QM" Spot="1" />
 <COLOR RGB="#007caa" NAME="5552 QM" Spot="1" />
 <COLOR RGB="#006a2e" NAME="5559 QM" Spot="1" />
 <COLOR RGB="#007d2f" NAME="5560 QM" Spot="1" />
 <COLOR RGB="#58992c" NAME="5561 QM" Spot="1" />
 <COLOR RGB="#69a400" NAME="5562 QM" Spot="1" />
 <COLOR RGB="#004928" NAME="5563 QM" Spot="1" />
 <COLOR RGB="#667078" NAME="5589 QM" Spot="1" />
 <COLOR RGB="#5b6872" NAME="5570 QM" Spot="1" />
 <COLOR RGB="#5f656e" NAME="5571 QM" Spot="1" />
 <COLOR RGB="#222121" NAME="5501 QM" Spot="1" />
 <COLOR RGB="#aaacae" NAME="5590 QM" Spot="1" />
 <COLOR RGB="#5f2226" NAME="5577 QM" Spot="1" />
 <COLOR RGB="#443d39" NAME="5578 QM" Spot="1" />
 <COLOR RGB="#4a322d" NAME="5579 QM" Spot="1" />
 <COLOR RGB="#0088b2" NAME="5553 QM" Spot="1" />
 <COLOR RGB="#008c80" NAME="5554 QM" Spot="1" />
 <COLOR RGB="#007874" NAME="5555 QM" Spot="1" />
 <COLOR RGB="#009b5f" NAME="5557 QM" Spot="1" />
 <COLOR RGB="#007740" NAME="5558 QM" Spot="1" />
 <COLOR RGB="#006b3a" NAME="5508 QM" Spot="1" />
 <COLOR RGB="#005c3d" NAME="5564 QM" Spot="1" />
 <COLOR RGB="#c1b80a" NAME="5565 QM" Spot="1" />
 <COLOR RGB="#e0e3e4" NAME="5500 QM" Spot="1" />
 <COLOR RGB="#d5d1ca" NAME="5567 QM" Spot="1" />
 <COLOR RGB="#908a87" NAME="5568 QM" Spot="1" />
 <COLOR RGB="#8d9392" NAME="5569 QM" Spot="1" />
 <COLOR RGB="#af9770" NAME="5591 QM" Spot="1" />
 <COLOR RGB="#d5c9a3" NAME="5572 QM" Spot="1" />
 <COLOR RGB="#c2b49e" NAME="5573 QM" Spot="1" />
 <COLOR RGB="#b16a3c" NAME="5574 QM" Spot="1" />
 <COLOR RGB="#6f3125" NAME="5575 QM" Spot="1" />
 <COLOR RGB="#6d2629" NAME="5530 QM" Spot="1" />
 <COLOR RGB="#663137" NAME="4522 TF" Spot="1" />
 <COLOR RGB="#6a3139" NAME="4520 TF" Spot="1" />
 <COLOR RGB="#a23a3c" NAME="4509 TF" Spot="1" />
 <COLOR RGB="#b9423e" NAME="4506 TF" Spot="1" />
 <COLOR RGB="#b34e3f" NAME="4508 TF" Spot="1" />
 <COLOR RGB="#007c49" NAME="4533 TF" Spot="1" />
 <COLOR RGB="#005637" NAME="4516 TF" Spot="1" />
 <COLOR RGB="#2e4c3e" NAME="4532 TF" Spot="1" />
 <COLOR RGB="#008d8d" NAME="4531 TF" Spot="1" />
 <COLOR RGB="#00856c" NAME="4539 TF" Spot="1" />
 <COLOR RGB="#3a3063" NAME="4517 TF" Spot="1" />
 <COLOR RGB="#302a5e" NAME="4525 TF" Spot="1" />
 <COLOR RGB="#322a4c" NAME="4529 TF" Spot="1" />
 <COLOR RGB="#522e5a" NAME="4513 TF" Spot="1" />
 <COLOR RGB="#932f6b" NAME="4511 TF" Spot="1" />
 <COLOR RGB="#2d2f30" NAME="4501 TF" Spot="1" />
 <COLOR RGB="#d1d4d5" NAME="4500 TF" Spot="1" />
 <COLOR RGB="#adafaf" NAME="4540 TF" Spot="1" />
 <COLOR RGB="#b29c63" NAME="4541 TF" Spot="1" />
 <COLOR RGB="#d26235" NAME="4510 TF" Spot="1" />
 <COLOR RGB="#d17511" NAME="4524 TF" Spot="1" />
 <COLOR RGB="#ba8415" NAME="4504 TF" Spot="1" />
 <COLOR RGB="#aa8f18" NAME="4502 TF" Spot="1" />
 <COLOR RGB="#b2ab35" NAME="4503 TF" Spot="1" />
 <COLOR RGB="#72a42f" NAME="4507 TF" Spot="1" />
 <COLOR RGB="#00645d" NAME="4534 TF" Spot="1" />
 <COLOR RGB="#0087b1" NAME="4527 TF" Spot="1" />
 <COLOR RGB="#0985a9" NAME="4523 TF" Spot="1" />
 <COLOR RGB="#00669d" NAME="4512 TF" Spot="1" />
 <COLOR RGB="#345298" NAME="4528 TF" Spot="1" />
 <COLOR RGB="#304078" NAME="4518 TF" Spot="1" />
 <COLOR RGB="#d0b887" NAME="4538 TF" Spot="1" />
 <COLOR RGB="#673a34" NAME="4514 TF" Spot="1" />
 <COLOR RGB="#4f3c39" NAME="4537 TF" Spot="1" />
 <COLOR RGB="#8c8d93" NAME="4519 TF" Spot="1" />
 <COLOR RGB="#717679" NAME="4536 TF" Spot="1" />
 <COLOR RGB="#69757e" NAME="4535 TF" Spot="1" />
 <COLOR RGB="#e8ebea" NAME="Avery 5301 Blockout " Spot="1" />
 <COLOR RGB="#201f1f" NAME="Avery 5303 Blockout " Spot="1" />
 <COLOR RGB="#b5b6b8" NAME="Avery 5160 Diffuser " Spot="1" />
 <COLOR RGB="#dde1df" NAME="Avery 5130 Diffuser " Spot="1" />
</SCRIBUSCOLORS>