<?xml version="1.0" encoding="UTF-8"?>
<SCRIBUSCOLORS Name="Avery800PremiumCast">
 <COLOR RGB="#f5dc00" NAME="Avery 807 Primrose Yellow" Spot="1" />
 <COLOR RGB="#fbc400" NAME="Avery 839 Bright Yellow" Spot="1" />
 <COLOR RGB="#ffc100" NAME="Avery 855 Yellow" Spot="1" />
 <COLOR RGB="#ffbb00" NAME="Avery 806 Sunflower Yellow" Spot="1" />
 <COLOR RGB="#fbab00" NAME="Avery 856 Dark Yellow" Spot="1" />
 <COLOR RGB="#eea600" NAME="Avery 862 Signal Yellow" Spot="1" />
 <COLOR RGB="#fba900" NAME="Avery 860 Corn Yellow" Spot="1" />
 <COLOR RGB="#ef6500" NAME="Avery 866 Light Orange" Spot="1" />
 <COLOR RGB="#e66000" NAME="Avery 805 Orange" Spot="1" />
 <COLOR RGB="#e7560e" NAME="Avery 848 Bright Orange" Spot="1" />
 <COLOR RGB="#db3c05" NAME="Avery 865 Warm Red" Spot="1" />
 <COLOR RGB="#ce2100" NAME="Avery 837 Bright Red" Spot="1" />
 <COLOR RGB="#c51d14" NAME="Avery 826 Medium Red" Spot="1" />
 <COLOR RGB="#c11212" NAME="Avery 850 Tomato Red" Spot="1" />
 <COLOR RGB="#b70318" NAME="Avery 849 Geranium Red" Spot="1" />
 <COLOR RGB="#a80a14" NAME="Avery 803 Cherry Red" Spot="1" />
 <COLOR RGB="#a11b18" NAME="Avery 864 Red" Spot="1" />
 <COLOR RGB="#830f1a" NAME="Avery 858 Dark Red" Spot="1" />
 <COLOR RGB="#691929" NAME="Avery 802 Burgundy Red" Spot="1" />
 <COLOR RGB="#630f36" NAME="Avery 867 Deep Purple" Spot="1" />
 <COLOR RGB="#f08ab8" NAME="Avery 816 Pink" Spot="1" />
 <COLOR RGB="#d15988" NAME="Avery 873 Magenta" Spot="1" />
 <COLOR RGB="#be3975" NAME="Avery 872 Blossom" Spot="1" />
 <COLOR RGB="#b42c69" NAME="Avery 815 Cyclamen" Spot="1" />
 <COLOR RGB="#c195c6" NAME="Avery 871 Lilac" Spot="1" />
 <COLOR RGB="#816aad" NAME="Avery 870 Lavender" Spot="1" />
 <COLOR RGB="#5f346d" NAME="Avery 868 Purple" Spot="1" />
 <COLOR RGB="#5d3b86" NAME="Avery 817 Violet" Spot="1" />
 <COLOR RGB="#16183e" NAME="Avery 824 Cobalt Blue" Spot="1" />
 <COLOR RGB="#15255d" NAME="Avery 823 Dark Blue" Spot="1" />
 <COLOR RGB="#192b6e" NAME="Avery 853 Royal Blue" Spot="1" />
 <COLOR RGB="#223763" NAME="Avery 876 Navy Blue" Spot="1" />
 <COLOR RGB="#0e3373" NAME="Avery 847 Marine Blue" Spot="1" />
 <COLOR RGB="#07377d" NAME="Avery 851 Vivid Blue" Spot="1" />
 <COLOR RGB="#1e367f" NAME="Avery 852 Sapphire Blue" Spot="1" />
 <COLOR RGB="#004880" NAME="Avery 875 Standard Blue" Spot="1" />
 <COLOR RGB="#1d499d" NAME="Avery 874 Brillant Blue" Spot="1" />
 <COLOR RGB="#005297" NAME="Avery 808 Cosmos Blue" Spot="1" />
 <COLOR RGB="#0064ac" NAME="Avery 841 Scuba Blue" Spot="1" />
 <COLOR RGB="#0073b9" NAME="Avery 869 Intense Blue" Spot="1" />
 <COLOR RGB="#0087bd" NAME="Avery 809 Ocean Blue" Spot="1" />
 <COLOR RGB="#0099ce" NAME="Avery 877 Bright Blue" Spot="1" />
 <COLOR RGB="#56b0d8" NAME="Avery 832 Light Blue" Spot="1" />
 <COLOR RGB="#00537a" NAME="Avery 833 Blue" Spot="1" />
 <COLOR RGB="#009294" NAME="Avery 831 Turquoise" Spot="1" />
 <COLOR RGB="#00a296" NAME="Avery 842 Teal" Spot="1" />
 <COLOR RGB="#75d5bc" NAME="Avery 829 Mint" Spot="1" />
 <COLOR RGB="#00763e" NAME="Avery 834 Kelly Green" Spot="1" />
 <COLOR RGB="#00824b" NAME="Avery 854 Green" Spot="1" />
 <COLOR RGB="#009053" NAME="Avery 812 Cactus Green" Spot="1" />
 <COLOR RGB="#009033" NAME="Avery 879 Bright Green" Spot="1" />
 <COLOR RGB="#0d5611" NAME="Avery 878 Leaf Green" Spot="1" />
 <COLOR RGB="#004d29" NAME="Avery 811 Forest Green" Spot="1" />
 <COLOR RGB="#3ea200" NAME="Avery 813 Grass Green" Spot="1" />
 <COLOR RGB="#82c830" NAME="Avery 814 Lime" Spot="1" />
 <COLOR RGB="#f7f8f4" NAME="Avery 800 White" Spot="1" />
 <COLOR RGB="#fafaf7" NAME="Avery 830 White Matt" Spot="1" />
 <COLOR RGB="#c8c8c6" NAME="Avery 859 Light Grey" Spot="1" />
 <COLOR RGB="#cac9c9" NAME="Avery 845 Mist" Spot="1" />
 <COLOR RGB="#8c8f92" NAME="Avery 886 Cool Grey" Spot="1" />
 <COLOR RGB="#939690" NAME="Avery 844 Dove Grey" Spot="1" />
 <COLOR RGB="#79858c" NAME="Avery 825 Medium Grey" Spot="1" />
 <COLOR RGB="#6e716d" NAME="Avery 885 Cloud Grey" Spot="1" />
 <COLOR RGB="#5d6263" NAME="Avery 820 Grey" Spot="1" />
 <COLOR RGB="#4d4e4d" NAME="Avery 881 Dark Grey" Spot="1" />
 <COLOR RGB="#131213" NAME="Avery 801 Black" Spot="1" />
 <COLOR RGB="#3b3b3a" NAME="Avery 821 Black Matt" Spot="1" />
 <COLOR RGB="#424446" NAME="Avery 846 Grey Metallic" Spot="1" />
 <COLOR RGB="#959697" NAME="Avery 835 Silver Metallic" Spot="1" />
 <COLOR RGB="#9f8c55" NAME="Avery 836 Gold Metallic" Spot="1" />
 <COLOR RGB="#ebd8c0" NAME="Avery 857 Ivory" Spot="1" />
 <COLOR RGB="#f3df9f" NAME="Avery 861 Cream" Spot="1" />
 <COLOR RGB="#e7cb9c" NAME="Avery 819 Beige" Spot="1" />
 <COLOR RGB="#ab865c" NAME="Avery 884 Dark Beige" Spot="1" />
 <COLOR RGB="#b2834c" NAME="Avery 827 Tan" Spot="1" />
 <COLOR RGB="#af5520" NAME="Avery 883 Hazelnut Brown" Spot="1" />
 <COLOR RGB="#62231c" NAME="Avery 882 Chestnut Brown" Spot="1" />
 <COLOR RGB="#5d131c" NAME="Avery 863 Dark Burgundy" Spot="1" />
 <COLOR RGB="#513324" NAME="Avery 818 Chocolate Brown" Spot="1" />
 <COLOR RGB="#402921" NAME="Avery 880 Brown" Spot="1" />
</SCRIBUSCOLORS>