<?xml version="1.0" encoding="UTF-8"?>
<SCRIBUSCOLORS Name="Avery900SuperCast">
 <COLOR RGB="#facb00" NAME="Avery 951 Primrose Yellow" Spot="1" />
 <COLOR RGB="#f9c100" NAME="Avery 928 Bright Yellow" Spot="1" />
 <COLOR RGB="#ffb600" NAME="Avery 927 Sunflower Yellow" Spot="1" />
 <COLOR RGB="#ffb700" NAME="Avery 936 Light Yellow" Spot="1" />
 <COLOR RGB="#feb200" NAME="Avery 902 Buttercup Yellow" Spot="1" />
 <COLOR RGB="#e99500" NAME="Avery 904 Chrome Yellow" Spot="1" />
 <COLOR RGB="#f2972b" NAME="Avery 937 Morning Orange" Spot="1" />
 <COLOR RGB="#f37b24" NAME="Avery 938 Sweet Orange" Spot="1" />
 <COLOR RGB="#e66800" NAME="Avery 911 Light Orange" Spot="1" />
 <COLOR RGB="#e55700" NAME="Avery 910 Dark Orange" Spot="1" />
 <COLOR RGB="#de3e0d" NAME="Avery 926 Sunrise" Spot="1" />
 <COLOR RGB="#c54000" NAME="Avery 980 Spanish Orange" Spot="1" />
 <COLOR RGB="#cc220b" NAME="Avery 906 Medium Red" Spot="1" />
 <COLOR RGB="#bb2212" NAME="Avery 925 Signal Red" Spot="1" />
 <COLOR RGB="#b51e17" NAME="Avery 955 Cardinal Red" Spot="1" />
 <COLOR RGB="#c30e05" NAME="Avery 987 Spicy Red" Spot="1" />
 <COLOR RGB="#af222e" NAME="Avery 981 Soft Red" Spot="1" />
 <COLOR RGB="#ab0e1a" NAME="Avery 922 Geranium Red" Spot="1" />
 <COLOR RGB="#a52122" NAME="Avery 903 Tomato Red" Spot="1" />
 <COLOR RGB="#9f0713" NAME="Avery 950 Carmine Red" Spot="1" />
 <COLOR RGB="#8d181e" NAME="Avery 924 Dark Red" Spot="1" />
 <COLOR RGB="#6e0f1c" NAME="Avery 923 Burgundy" Spot="1" />
 <COLOR RGB="#501521" NAME="Avery 959 Rioja Red" Spot="1" />
 <COLOR RGB="#c03164" NAME="Avery 986 Pink" Spot="1" />
 <COLOR RGB="#d46390" NAME="Avery 947 Magenta" Spot="1" />
 <COLOR RGB="#b24784" NAME="Avery 978 Light Purple" Spot="1" />
 <COLOR RGB="#672760" NAME="Avery 948 Purple" Spot="1" />
 <COLOR RGB="#884182" NAME="Avery 954 Lilac" Spot="1" />
 <COLOR RGB="#502b4f" NAME="Avery 984 Dark Purple" Spot="1" />
 <COLOR RGB="#262259" NAME="Avery 969 Passion Blue" Spot="1" />
 <COLOR RGB="#1e3877" NAME="Avery 909 Sapphire Blue" Spot="1" />
 <COLOR RGB="#18387a" NAME="Avery 933 Midnight Blue" Spot="1" />
 <COLOR RGB="#003d76" NAME="Avery 939 Royal Blue" Spot="1" />
 <COLOR RGB="#1d2d70" NAME="Avery 968 Empire Blue" Spot="1" />
 <COLOR RGB="#25488e" NAME="Avery 979 Swimming Blue" Spot="1" />
 <COLOR RGB="#141b3c" NAME="Avery 957 Cobalt Blue" Spot="1" />
 <COLOR RGB="#0e213c" NAME="Avery 932 Indigo Blue" Spot="1" />
 <COLOR RGB="#405072" NAME="Avery 982 Antique Blue" Spot="1" />
 <COLOR RGB="#365a6f" NAME="Avery 963 Airforce Blue" Spot="1" />
 <COLOR RGB="#005891" NAME="Avery 912 Gentian Blue" Spot="1" />
 <COLOR RGB="#005393" NAME="Avery 934 Vivid Blue" Spot="1" />
 <COLOR RGB="#005190" NAME="Avery 941 Cosmos Blue" Spot="1" />
 <COLOR RGB="#005f95" NAME="Avery 964 Sea Blue" Spot="1" />
 <COLOR RGB="#0073b5" NAME="Avery 935 Intense Blue" Spot="1" />
 <COLOR RGB="#0094c9" NAME="Avery 942 Light Blue" Spot="1" />
 <COLOR RGB="#00656d" NAME="Avery 943 Petrol" Spot="1" />
 <COLOR RGB="#008584" NAME="Avery 971 Turquoise" Spot="1" />
 <COLOR RGB="#00a395" NAME="Avery 944 Aqua" Spot="1" />
 <COLOR RGB="#00aa97" NAME="Avery 946 Caribbean Aqua" Spot="1" />
 <COLOR RGB="#75d7bc" NAME="Avery 965 Mint" Spot="1" />
 <COLOR RGB="#009358" NAME="Avery 970 Bottle Green" Spot="1" />
 <COLOR RGB="#008c45" NAME="Avery 966 Meadow Green" Spot="1" />
 <COLOR RGB="#007e2f" NAME="Avery 929 Green" Spot="1" />
 <COLOR RGB="#007939" NAME="Avery 908 Kelly Green" Spot="1" />
 <COLOR RGB="#006228" NAME="Avery 931 Emerald Green" Spot="1" />
 <COLOR RGB="#094c3f" NAME="Avery 945 Golf Green" Spot="1" />
 <COLOR RGB="#03411f" NAME="Avery 916 Dark Green" Spot="1" />
 <COLOR RGB="#579c37" NAME="Avery 907 Light Green" Spot="1" />
 <COLOR RGB="#69ab27" NAME="Avery 956 Grass Green" Spot="1" />
 <COLOR RGB="#40450d" NAME="Avery 967 Leaf Green" Spot="1" />
 <COLOR RGB="#b6c622" NAME="Avery 958 Springtime Green" Spot="1" />
 <COLOR RGB="#e5cd00" NAME="Avery 972 Lemon" Spot="1" />
 <COLOR RGB="#fafbf7" NAME="Avery 900 White" Spot="1" />
 <COLOR RGB="#fcfdf9" NAME="Avery 920 White Matt" Spot="1" />
 <COLOR RGB="#cccccf" NAME="Avery 961 Pearl Grey " Spot="1" />
 <COLOR RGB="#aaa8a5" NAME="Avery 960 Dove Grey" Spot="1" />
 <COLOR RGB="#7d8484" NAME="Avery 918 Grey" Spot="1" />
 <COLOR RGB="#5e6770" NAME="Avery 983 Gunmetal Grey" Spot="1" />
 <COLOR RGB="#4d4f4f" NAME="Avery 962 Storm Grey" Spot="1" />
 <COLOR RGB="#191817" NAME="Avery 901 Black" Spot="1" />
 <COLOR RGB="#3a3a3a" NAME="Avery 921 Black Matt" Spot="1" />
 <COLOR RGB="#535656" NAME="Avery 992 Grey Metallic" Spot="1" />
 <COLOR RGB="#b5b7b8" NAME="Avery 990 Silver Metallic" Spot="1" />
 <COLOR RGB="#a49558" NAME="Avery 991 Gold Metallic" Spot="1" />
 <COLOR RGB="#e8d9c0" NAME="Avery 913 Ivory" Spot="1" />
 <COLOR RGB="#ecddba" NAME="Avery 917 Taxi Beige" Spot="1" />
 <COLOR RGB="#cdaf7f" NAME="Avery 914 Cream" Spot="1" />
 <COLOR RGB="#8d5d28" NAME="Avery 973 Mocha" Spot="1" />
 <COLOR RGB="#a45516" NAME="Avery 974 Leather Brown" Spot="1" />
 <COLOR RGB="#89382b" NAME="Avery 975 Fox Brown" Spot="1" />
 <COLOR RGB="#76151b" NAME="Avery 930 Wine Red" Spot="1" />
 <COLOR RGB="#6a3621" NAME="Avery 976 Brown" Spot="1" />
 <COLOR RGB="#492a1e" NAME="Avery 915 Mahogany Brown" Spot="1" />
</SCRIBUSCOLORS>