<?xml version="1.0" encoding="UTF-8"?>
<SCRIBUSCOLORS Name="Avery500EventFilm">
 <COLOR RGB="#f3dc00" NAME="Avery 526-G Saharagelb" Spot="1" />
 <COLOR RGB="#f6ca00" NAME="Avery 527-G Buttergelb" Spot="1" />
 <COLOR RGB="#ffbe00" NAME="Avery 504-G Primelgelb" Spot="1" />
 <COLOR RGB="#fac600" NAME="Avery 525-G Hellgelb" Spot="1" />
 <COLOR RGB="#f99700" NAME="Avery 516-G Hellorange" Spot="1" />
 <COLOR RGB="#f86400" NAME="Avery 509-G Orange" Spot="1" />
 <COLOR RGB="#ce3209" NAME="Avery 514-G Klatschmohn" Spot="1" />
 <COLOR RGB="#c42918" NAME="Avery 523-G Mittelrot" Spot="1" />
 <COLOR RGB="#bd2713" NAME="Avery 511-G Kirschrot" Spot="1" />
 <COLOR RGB="#af0e1e" NAME="Avery 503-G Geranienrot" Spot="1" />
 <COLOR RGB="#a8131d" NAME="Avery 519-G Rot" Spot="1" />
 <COLOR RGB="#8e201d" NAME="Avery 515-G Dunkelrot" Spot="1" />
 <COLOR RGB="#6e0e25" NAME="Avery 513-G Burgunder" Spot="1" />
 <COLOR RGB="#ca4085" NAME="Avery 524-G Magenta" Spot="1" />
 <COLOR RGB="#ee8dbf" NAME="Avery 541-G Pink" Spot="1" />
 <COLOR RGB="#7969a9" NAME="Avery 550-G Lavendel" Spot="1" />
 <COLOR RGB="#6c3b85" NAME="Avery 522-G Violet" Spot="1" />
 <COLOR RGB="#111c3a" NAME="Avery 540-G Kobaltblau" Spot="1" />
 <COLOR RGB="#253768" NAME="Avery 512-G Dunkelblau" Spot="1" />
 <COLOR RGB="#133482" NAME="Avery 528-G Tiefblau" Spot="1" />
 <COLOR RGB="#104181" NAME="Avery 520-G Ultramarinblau" Spot="1" />
 <COLOR RGB="#0949a5" NAME="Avery 539-G Strahlendblau" Spot="1" />
 <COLOR RGB="#005585" NAME="Avery 505-G Blau" Spot="1" />
 <COLOR RGB="#006da7" NAME="Avery 521-G Intensivblau" Spot="1" />
 <COLOR RGB="#0079ba" NAME="Avery 510-G Hellblau" Spot="1" />
 <COLOR RGB="#0094b9" NAME="Avery 538-G Enzianblau" Spot="1" />
 <COLOR RGB="#4eafd6" NAME="Avery 537-G Capriblau" Spot="1" />
 <COLOR RGB="#008e8e" NAME="Avery 534-G Tuerkis" Spot="1" />
 <COLOR RGB="#009f94" NAME="Avery 535-G Teal" Spot="1" />
 <COLOR RGB="#72d1b7" NAME="Avery 536-G Mint" Spot="1" />
 <COLOR RGB="#004e30" NAME="Avery 533-G Waldgruen" Spot="1" />
 <COLOR RGB="#007a3c" NAME="Avery 532-G Irischgruen" Spot="1" />
 <COLOR RGB="#007d4e" NAME="Avery 506-G Kaktusgruen" Spot="1" />
 <COLOR RGB="#12852e" NAME="Avery 518-G Grasgruen" Spot="1" />
 <COLOR RGB="#65a321" NAME="Avery 517-G Hellgruen" Spot="1" />
 <COLOR RGB="#79c529" NAME="Avery 531-G Limone" Spot="1" />
 <COLOR RGB="#ebeced" NAME="Avery 501-G Weiss" Spot="1" />
 <COLOR RGB="#c1c1c1" NAME="Avery 544-G Lichtgrau" Spot="1" />
 <COLOR RGB="#9fa5af" NAME="Avery 529-G Hellgrau" Spot="1" />
 <COLOR RGB="#818a91" NAME="Avery 508-G Grau" Spot="1" />
 <COLOR RGB="#939590" NAME="Avery 545-G Taubengrau" Spot="1" />
 <COLOR RGB="#565c61" NAME="Avery 530-G Dunkelgrau" Spot="1" />
 <COLOR RGB="#101115" NAME="Avery 502-G Schwarz" Spot="1" />
 <COLOR RGB="#85888a" NAME="Avery 546-G Silber" Spot="1" />
 <COLOR RGB="#968453" NAME="Avery 547-G Gold" Spot="1" />
 <COLOR RGB="#e2cdb1" NAME="Avery 542-G Elfenbein" Spot="1" />
 <COLOR RGB="#d9bf90" NAME="Avery 543-G Beige" Spot="1" />
 <COLOR RGB="#aa865b" NAME="Avery 549-G Lichtbraun" Spot="1" />
 <COLOR RGB="#3d241c" NAME="Avery 507-G Braun" Spot="1" />
 <COLOR RGB="#af5a23" NAME="Avery 548-G Nussbraun" Spot="1" />
 <COLOR RGB="#f5db0c" NAME="Avery 526-M Saharagelb" Spot="1" />
 <COLOR RGB="#f1c905" NAME="Avery 527-M Buttergelb" Spot="1" />
 <COLOR RGB="#fcbe00" NAME="Avery 504-M Primelgelb" Spot="1" />
 <COLOR RGB="#f7c600" NAME="Avery 525-M Hellgelb" Spot="1" />
 <COLOR RGB="#fa9b00" NAME="Avery 516-M Hellorange" Spot="1" />
 <COLOR RGB="#e75b27" NAME="Avery 509-M Orange" Spot="1" />
 <COLOR RGB="#d3442d" NAME="Avery 514-M Klatschmohn" Spot="1" />
 <COLOR RGB="#c33e36" NAME="Avery 523-M Mittelrot" Spot="1" />
 <COLOR RGB="#bf3a2e" NAME="Avery 511-M Kirschrot" Spot="1" />
 <COLOR RGB="#ad272e" NAME="Avery 503-M Geranienrot" Spot="1" />
 <COLOR RGB="#a92f33" NAME="Avery 519-M Rot" Spot="1" />
 <COLOR RGB="#8c3433" NAME="Avery 515-M Dunkelrot" Spot="1" />
 <COLOR RGB="#722a35" NAME="Avery 513-M Burgunder" Spot="1" />
 <COLOR RGB="#c34a84" NAME="Avery 524-M Magenta" Spot="1" />
 <COLOR RGB="#eb92c1" NAME="Avery 541-M Pink" Spot="1" />
 <COLOR RGB="#7d71ab" NAME="Avery 550-M Lavendel" Spot="1" />
 <COLOR RGB="#754a8c" NAME="Avery 522-M Violet" Spot="1" />
 <COLOR RGB="#2b3046" NAME="Avery 540-M Kobaltblau" Spot="1" />
 <COLOR RGB="#35436c" NAME="Avery 512-M Dunkelblau" Spot="1" />
 <COLOR RGB="#3c4981" NAME="Avery 528-M Tiefblau" Spot="1" />
 <COLOR RGB="#35558d" NAME="Avery 520-M Ultramarinblau" Spot="1" />
 <COLOR RGB="#2756aa" NAME="Avery 539-M Strahlendblau" Spot="1" />
 <COLOR RGB="#27608d" NAME="Avery 505-M Blau" Spot="1" />
 <COLOR RGB="#0072ab" NAME="Avery 521-M Intensivblau" Spot="1" />
 <COLOR RGB="#017ebc" NAME="Avery 510-M Hellblau" Spot="1" />
 <COLOR RGB="#009abf" NAME="Avery 538-M Enzianblau" Spot="1" />
 <COLOR RGB="#5ab1d9" NAME="Avery 537-M Capriblau" Spot="1" />
 <COLOR RGB="#009295" NAME="Avery 534-M Tuerkis" Spot="1" />
 <COLOR RGB="#00a098" NAME="Avery 535-M Teal" Spot="1" />
 <COLOR RGB="#76d5bd" NAME="Avery 536-M Mint" Spot="1" />
 <COLOR RGB="#00593d" NAME="Avery 533-M Waldgruen" Spot="1" />
 <COLOR RGB="#007e4b" NAME="Avery 532-M Irischgruen" Spot="1" />
 <COLOR RGB="#008759" NAME="Avery 506-M Kaktusgruen" Spot="1" />
 <COLOR RGB="#328e40" NAME="Avery 518-M Grasgruen" Spot="1" />
 <COLOR RGB="#70ad3a" NAME="Avery 517-M Hellgruen" Spot="1" />
 <COLOR RGB="#83cc3f" NAME="Avery 531-M Limone" Spot="1" />
 <COLOR RGB="#f0f2f0" NAME="Avery 501-M Weiss" Spot="1" />
 <COLOR RGB="#c8c8c7" NAME="Avery 544-M Lichtgrau" Spot="1" />
 <COLOR RGB="#a4aab3" NAME="Avery 529-M Hellgrau" Spot="1" />
 <COLOR RGB="#878e96" NAME="Avery 508-M Grau" Spot="1" />
 <COLOR RGB="#969994" NAME="Avery 545-M Taubengrau" Spot="1" />
 <COLOR RGB="#63686d" NAME="Avery 530-M Dunkelgrau" Spot="1" />
 <COLOR RGB="#2e2f31" NAME="Avery 502-M Schwarz" Spot="1" />
 <COLOR RGB="#9b9d9e" NAME="Avery 546-M Silber" Spot="1" />
 <COLOR RGB="#958457" NAME="Avery 547-M Gold" Spot="1" />
 <COLOR RGB="#e7d2b8" NAME="Avery 542-M Elfenbein" Spot="1" />
 <COLOR RGB="#dfc697" NAME="Avery 543-M Beige" Spot="1" />
 <COLOR RGB="#ae8c63" NAME="Avery 549-M Lichtbraun" Spot="1" />
 <COLOR RGB="#4c3a35" NAME="Avery 507-M Braun" Spot="1" />
 <COLOR RGB="#b05f36" NAME="Avery 548-M Nussbraun" Spot="1" />
</SCRIBUSCOLORS>