<?xml version="1.0" encoding="UTF-8"?>
<SCRIBUSCOLORS Name="Avery900SuperCast-Pantone">
 <COLOR RGB="#f7ef7d" NAME="Avery 100 C" Spot="1" />
 <COLOR RGB="#fbd500" NAME="Avery Yellow C" Spot="1" />
 <COLOR RGB="#f7ce00" NAME="Avery 109 C" Spot="1" />
 <COLOR RGB="#fac629" NAME="Avery 123 C" Spot="1" />
 <COLOR RGB="#e6a900" NAME="Avery 124 C" Spot="1" />
 <COLOR RGB="#f1daae" NAME="Avery 155 C" Spot="1" />
 <COLOR RGB="#f69d00" NAME="Avery 137 C" Spot="1" />
 <COLOR RGB="#f17600" NAME="Avery 151 C" Spot="1" />
 <COLOR RGB="#f0630a" NAME="Avery 165 C" Spot="1" />
 <COLOR RGB="#f05b00" NAME="Avery Orange 021 C" Spot="1" />
 <COLOR RGB="#e5482c" NAME="Avery Warm Red C" Spot="1" />
 <COLOR RGB="#dc3d2c" NAME="Avery 179 C" Spot="1" />
 <COLOR RGB="#ffbbae" NAME="Avery 169 C" Spot="1" />
 <COLOR RGB="#da3d3d" NAME="Avery Red 032 C" Spot="1" />
 <COLOR RGB="#d93c44" NAME="Avery 185 C" Spot="1" />
 <COLOR RGB="#cc293c" NAME="Avery 186 C" Spot="1" />
 <COLOR RGB="#b90e34" NAME="Avery 193 C" Spot="1" />
 <COLOR RGB="#bd203b" NAME="Avery 200 C" Spot="1" />
 <COLOR RGB="#94222e" NAME="Avery 201 C" Spot="1" />
 <COLOR RGB="#7a2831" NAME="Avery 188 C" Spot="1" />
 <COLOR RGB="#6f2939" NAME="Avery 209 C" Spot="1" />
 <COLOR RGB="#f5aabf" NAME="Avery 189 C" Spot="1" />
 <COLOR RGB="#a51238" NAME="Avery 207 C" Spot="1" />
 <COLOR RGB="#a31c50" NAME="Avery 220 C" Spot="1" />
 <COLOR RGB="#8d2542" NAME="Avery 208 C" Spot="1" />
 <COLOR RGB="#f387b7" NAME="Avery 211 C" Spot="1" />
 <COLOR RGB="#913498" NAME="Avery 254 C" Spot="1" />
 <COLOR RGB="#7bbbe4" NAME="Avery 292 C" Spot="1" />
 <COLOR RGB="#639dde" NAME="Avery 279 C" Spot="1" />
 <COLOR RGB="#c6ddea" NAME="Avery 290 C" Spot="1" />
 <COLOR RGB="#2d89d3" NAME="Avery 285 C" Spot="1" />
 <COLOR RGB="#005fb7" NAME="Avery 293 C" Spot="1" />
 <COLOR RGB="#004371" NAME="Avery 541 C" Spot="1" />
 <COLOR RGB="#003069" NAME="Avery 281 C" Spot="1" />
 <COLOR RGB="#8cd3f1" NAME="Avery 297 C" Spot="1" />
 <COLOR RGB="#15aedb" NAME="Avery 299 C" Spot="1" />
 <COLOR RGB="#629cc6" NAME="Avery 542 C" Spot="1" />
 <COLOR RGB="#005c93" NAME="Avery 301 C" Spot="1" />
 <COLOR RGB="#003253" NAME="Avery 540 C" Spot="1" />
 <COLOR RGB="#0080b4" NAME="Avery 307 C" Spot="1" />
 <COLOR RGB="#629eaf" NAME="Avery 549 C" Spot="1" />
 <COLOR RGB="#006281" NAME="Avery 308 C" Spot="1" />
 <COLOR RGB="#004d71" NAME="Avery 302 C" Spot="1" />
 <COLOR RGB="#004653" NAME="Avery 548 C" Spot="1" />
 <COLOR RGB="#c4e7e6" NAME="Avery 317 C" Spot="1" />
 <COLOR RGB="#00b7ac" NAME="Avery 326 C" Spot="1" />
 <COLOR RGB="#00a2a9" NAME="Avery 320 C" Spot="1" />
 <COLOR RGB="#007388" NAME="Avery 315 C" Spot="1" />
 <COLOR RGB="#008a8c" NAME="Avery 321 C" Spot="1" />
 <COLOR RGB="#008873" NAME="Avery 327 C" Spot="1" />
 <COLOR RGB="#007966" NAME="Avery 328 C" Spot="1" />
 <COLOR RGB="#00935d" NAME="Avery 340 C" Spot="1" />
 <COLOR RGB="#007b50" NAME="Avery 341 C" Spot="1" />
 <COLOR RGB="#13543b" NAME="Avery 343 C" Spot="1" />
 <COLOR RGB="#afe4bd" NAME="Avery 351 C" Spot="1" />
 <COLOR RGB="#00ad36" NAME="Avery 354 C" Spot="1" />
 <COLOR RGB="#6db80b" NAME="Avery 368 C" Spot="1" />
 <COLOR RGB="#00a04c" NAME="Avery 347 C" Spot="1" />
 <COLOR RGB="#00962a" NAME="Avery 355 C" Spot="1" />
 <COLOR RGB="#00883f" NAME="Avery 348 C" Spot="1" />
 <COLOR RGB="#006d37" NAME="Avery 349 C" Spot="1" />
 <COLOR RGB="#9da1a2" NAME="Avery 877 C" Spot="1" />
 <COLOR RGB="#cccfcd" NAME="Avery 428 C" Spot="1" />
 <COLOR RGB="#b0b4b3" NAME="Avery 429 C" Spot="1" />
 <COLOR RGB="#8e9495" NAME="Avery 430 C" Spot="1" />
 <COLOR RGB="#697176" NAME="Avery 431 C" Spot="1" />
 <COLOR RGB="#4f575c" NAME="Avery 432 C" Spot="1" />
 <COLOR RGB="#8a6c39" NAME="Avery 873 C" Spot="1" />
 <COLOR RGB="#929490" NAME="Avery 423 C" Spot="1" />
 <COLOR RGB="#7c7d7a" NAME="Avery 424 C" Spot="1" />
 <COLOR RGB="#776f62" NAME="Avery 404 C" Spot="1" />
 <COLOR RGB="#7a6a62" NAME="Avery 410 C" Spot="1" />
 <COLOR RGB="#5c5d5b" NAME="Avery 425 C" Spot="1" />
 <COLOR RGB="#e0d8bb" NAME="Avery 468 C" Spot="1" />
 <COLOR RGB="#cbba8b" NAME="Avery 466 C" Spot="1" />
 <COLOR RGB="#e3a06f" NAME="Avery 472 C" Spot="1" />
 <COLOR RGB="#b5571b" NAME="Avery 471 C" Spot="1" />
 <COLOR RGB="#955207" NAME="Avery 154 C" Spot="1" />
 <COLOR RGB="#954a1a" NAME="Avery 470 C" Spot="1" />
 <COLOR RGB="#5b301c" NAME="Avery 469 C" Spot="1" />
</SCRIBUSCOLORS>