<?xml version="1.0" encoding="UTF-8"?>
<SCRIBUSCOLORS Name="Avery Supreme Wrapping Film">
 <COLOR RGB="#f5f7f3" NAME="White" Spot="1" />
 <COLOR RGB="#d2d3c9" NAME="White Pearlescent" Spot="1" />
 <COLOR RGB="#141312" NAME="Black" Spot="1" />
 <COLOR RGB="#fcc300" NAME="Yellow" Spot="1" />
 <COLOR RGB="#f3ac00" NAME="Dark Yellow" Spot="1" />
 <COLOR RGB="#d74e00" NAME="Orange" Spot="1" />
 <COLOR RGB="#c31e02" NAME="Red" Spot="1" />
 <COLOR RGB="#b0222e" NAME="Soft Red" Spot="1" />
 <COLOR RGB="#b1140e" NAME="Cardinal Red" Spot="1" />
 <COLOR RGB="#9e000f" NAME="Carmine Red" Spot="1" />
 <COLOR RGB="#671117" NAME="Burgundy" Spot="1" />
 <COLOR RGB="#b1c528" NAME="Lime Green" Spot="1" />
 <COLOR RGB="#65a51d" NAME="Grass Green" Spot="1" />
 <COLOR RGB="#003e1d" NAME="Dark Green" Spot="1" />
 <COLOR RGB="#0092c9" NAME="Light Blue" Spot="1" />
 <COLOR RGB="#0070b2" NAME="Intense Blue" Spot="1" />
 <COLOR RGB="#00508c" NAME="Blue" Spot="1" />
 <COLOR RGB="#1c3877" NAME="Dark Blue" Spot="1" />
 <COLOR RGB="#16203a" NAME="Indigo Blue" Spot="1" />
 <COLOR RGB="#c7c9cb" NAME="Light Grey" Spot="1" />
 <COLOR RGB="#a8a7a4" NAME="Grey" Spot="1" />
 <COLOR RGB="#4d4f4e" NAME="Dark Grey" Spot="1" />
 <COLOR RGB="#f6f9f6" NAME="Matte White" Spot="1" />
 <COLOR RGB="#747678" NAME="Matte Dark Grey" Spot="1" />
 <COLOR RGB="#363637" NAME="Matte Black" Spot="1" />
 <COLOR RGB="#8c7547" NAME="Gold Metallic" Spot="1" />
 <COLOR RGB="#594940" NAME="Brown Metallic" Spot="1" />
 <COLOR RGB="#8a0c24" NAME="Cherry Red Metallic" Spot="1" />
 <COLOR RGB="#006a96" NAME="Bright Blue Metallic" Spot="1" />
 <COLOR RGB="#0a2d45" NAME="Dark Blue Metallic" Spot="1" />
 <COLOR RGB="#b1b3b4" NAME="Silver Metallic" Spot="1" />
 <COLOR RGB="#484b4a" NAME="Grey Metallic" Spot="1" />
 <COLOR RGB="#1e1c1b" NAME="Black Metallic" Spot="1" />
</SCRIBUSCOLORS>