<?xml version="1.0" encoding="UTF-8"?>
<SCRIBUSCOLORS Name="Avery Supreme Wrapping Film LE">
 <COLOR RGB="#8f3541" NAME="Matt Cherry Metallic" Spot="1" />
 <COLOR RGB="#a75c80" NAME="Matt Pink Metallic" Spot="1" />
 <COLOR RGB="#d7692d" NAME="Matt Orange" Spot="1" />
 <COLOR RGB="#ad6d56" NAME="Matt Copper Metallic" Spot="1" />
 <COLOR RGB="#949745" NAME="Matt Green Metallic" Spot="1" />
 <COLOR RGB="#b5b7b9" NAME="Matt Silver Metallic" Spot="1" />
 <COLOR RGB="#767c7b" NAME="Matt Anthracite Metallic" Spot="1" />
 <COLOR RGB="#616364" NAME="Matt Grey Metallic" Spot="1" />
 <COLOR RGB="#e0cebd" NAME="Matt Beige" Spot="1" />
 <COLOR RGB="#ece334" NAME="Ambulance Yellow" Spot="1" />
 <COLOR RGB="#7d7b77" NAME="Brushed Metallic Titanium" Spot="1" />
 <COLOR RGB="#5b5c60" NAME="Brushed Metallic Steel" Spot="1" />
 <COLOR RGB="#a9acae" NAME="Brushed Metallic Aluminium" Spot="1" />
 <COLOR RGB="#a87e51" NAME="Brushed Metallic Bronze" Spot="1" />
</SCRIBUSCOLORS>