<?xml version="1.0" encoding="UTF-8"?>
<SCRIBUSCOLORS Name="Avery700PremiumFilm">
 <COLOR RGB="#f2dd00" NAME="Avery 707 Primrose Yellow" Spot="1" />
 <COLOR RGB="#f6c400" NAME="Avery 739 Bright Yellow" Spot="1" />
 <COLOR RGB="#feb700" NAME="Avery 706 Sunflower Yellow" Spot="1" />
 <COLOR RGB="#ffb600" NAME="Avery 706-01 Sun Yellow" Spot="1" />
 <COLOR RGB="#f2a900" NAME="Avery 704 Signal Yellow" Spot="1" />
 <COLOR RGB="#fda600" NAME="Avery 710 Gold Yellow" Spot="1" />
 <COLOR RGB="#fa9d00" NAME="Avery 764 Saffron" Spot="1" />
 <COLOR RGB="#fcab00" NAME="Avery 760 Orange Yellow" Spot="1" />
 <COLOR RGB="#ea6000" NAME="Avery 722 Light Orange" Spot="1" />
 <COLOR RGB="#e75f00" NAME="Avery 705 Orange" Spot="1" />
 <COLOR RGB="#e65301" NAME="Avery 738 Bright Orange" Spot="1" />
 <COLOR RGB="#dc3c06" NAME="Avery 743 Deep Red" Spot="1" />
 <COLOR RGB="#d73116" NAME="Avery 748 Tomato Red" Spot="1" />
 <COLOR RGB="#cf2502" NAME="Avery 737 Bright Red" Spot="1" />
 <COLOR RGB="#d42f04" NAME="Avery 769 Orange Red" Spot="1" />
 <COLOR RGB="#c21f12" NAME="Avery 726 Medium Red" Spot="1" />
 <COLOR RGB="#c61112" NAME="Avery 765 Blood Red" Spot="1" />
 <COLOR RGB="#c32615" NAME="Avery 749 Cardinal Red" Spot="1" />
 <COLOR RGB="#c2222e" NAME="Avery 763 Regal Red" Spot="1" />
 <COLOR RGB="#b8081a" NAME="Avery 749-01 Crimson Red" Spot="1" />
 <COLOR RGB="#ab151d" NAME="Avery 703 Cherry Red" Spot="1" />
 <COLOR RGB="#b00919" NAME="Avery 771 Lipstick Red" Spot="1" />
 <COLOR RGB="#a20011" NAME="Avery 750 Apple Red" Spot="1" />
 <COLOR RGB="#a21b16" NAME="Avery 770 Red" Spot="1" />
 <COLOR RGB="#861522" NAME="Avery 767 Dark Red" Spot="1" />
 <COLOR RGB="#7f2026" NAME="Avery 778 Wine Red" Spot="1" />
 <COLOR RGB="#61111c" NAME="Avery 780 Purple Red" Spot="1" />
 <COLOR RGB="#67182a" NAME="Avery 702 Burgundy Red" Spot="1" />
 <COLOR RGB="#610f33" NAME="Avery 779 Bordeaux" Spot="1" />
 <COLOR RGB="#ee91bc" NAME="Avery 716 Pink" Spot="1" />
 <COLOR RGB="#ec828d" NAME="Avery 799 Old Pink" Spot="1" />
 <COLOR RGB="#d86289" NAME="Avery 774 Magenta" Spot="1" />
 <COLOR RGB="#c74d89" NAME="Avery 772 Fuchsia" Spot="1" />
 <COLOR RGB="#ba3772" NAME="Avery 773 Telemagenta" Spot="1" />
 <COLOR RGB="#b92662" NAME="Avery 715 Cyclamen" Spot="1" />
 <COLOR RGB="#b42e6b" NAME="Avery 768 Dark Pink" Spot="1" />
 <COLOR RGB="#bf9cc4" NAME="Avery 776 Lilac" Spot="1" />
 <COLOR RGB="#7e6aab" NAME="Avery 775 Lavender" Spot="1" />
 <COLOR RGB="#5b3f8b" NAME="Avery 717 Violet" Spot="1" />
 <COLOR RGB="#5e386a" NAME="Avery 777 Purple" Spot="1" />
 <COLOR RGB="#53afd7" NAME="Avery 732 Light Blue" Spot="1" />
 <COLOR RGB="#0098d2" NAME="Avery 784 Sky Blue" Spot="1" />
 <COLOR RGB="#0b87ba" NAME="Avery 782 Pastel Blue" Spot="1" />
 <COLOR RGB="#008bbc" NAME="Avery 709-01 Euro Blue" Spot="1" />
 <COLOR RGB="#008ac1" NAME="Avery 709 Ocean Blue" Spot="1" />
 <COLOR RGB="#0076b7" NAME="Avery 751 Azure Blue" Spot="1" />
 <COLOR RGB="#0074b5" NAME="Avery 741-01 Dodger Blue" Spot="1" />
 <COLOR RGB="#0066ad" NAME="Avery 741 Scuba Blue" Spot="1" />
 <COLOR RGB="#005594" NAME="Avery 708 Cosmos Blue" Spot="1" />
 <COLOR RGB="#05438d" NAME="Avery 752 Ultramarine Blue" Spot="1" />
 <COLOR RGB="#00557a" NAME="Avery 733 Blue" Spot="1" />
 <COLOR RGB="#00497e" NAME="Avery 795 Delft Blue" Spot="1" />
 <COLOR RGB="#284cbf" NAME="Avery 753 Brillant Blue" Spot="1" />
 <COLOR RGB="#1d2f83" NAME="Avery 793 Classic Blue" Spot="1" />
 <COLOR RGB="#133b82" NAME="Avery 794 Middle Blue" Spot="1" />
 <COLOR RGB="#1f357e" NAME="Avery 785 King Blue" Spot="1" />
 <COLOR RGB="#233a82" NAME="Avery 754 Royal Blue" Spot="1" />
 <COLOR RGB="#192d71" NAME="Avery 792 Midnight Blue" Spot="1" />
 <COLOR RGB="#043672" NAME="Avery 747-01 Denim Blue" Spot="1" />
 <COLOR RGB="#0a356f" NAME="Avery 747 Marine Blue" Spot="1" />
 <COLOR RGB="#223664" NAME="Avery 789 Ink Blue" Spot="1" />
 <COLOR RGB="#1d285c" NAME="Avery 791 Deep Blue" Spot="1" />
 <COLOR RGB="#222c64" NAME="Avery 723 Dark Blue" Spot="1" />
 <COLOR RGB="#0f2d58" NAME="Avery 783 Scandinavia Blue" Spot="1" />
 <COLOR RGB="#141f40" NAME="Avery 724 Cobalt Blue" Spot="1" />
 <COLOR RGB="#152146" NAME="Avery 724-02 Steel Blue" Spot="1" />
 <COLOR RGB="#16253b" NAME="Avery 724-01 Alfa Blue" Spot="1" />
 <COLOR RGB="#151e29" NAME="Avery 788 Black Blue" Spot="1" />
 <COLOR RGB="#8edbda" NAME="Avery 796 Blue Green" Spot="1" />
 <COLOR RGB="#74d6bc" NAME="Avery 729 Mint" Spot="1" />
 <COLOR RGB="#00a59a" NAME="Avery 742 Teal" Spot="1" />
 <COLOR RGB="#00a698" NAME="Avery 786 Dark Teal" Spot="1" />
 <COLOR RGB="#009193" NAME="Avery 731 Turquoise" Spot="1" />
 <COLOR RGB="#008c8a" NAME="Avery 797 Turquoise Blue" Spot="1" />
 <COLOR RGB="#00636e" NAME="Avery 798 Petrol" Spot="1" />
 <COLOR RGB="#006f4e" NAME="Avery 734-01 Turquoise Green" Spot="1" />
 <COLOR RGB="#00552e" NAME="Avery 711 Forest Green" Spot="1" />
 <COLOR RGB="#004f30" NAME="Avery 711-01 Dark Green" Spot="1" />
 <COLOR RGB="#125617" NAME="Avery 757 Olive Green" Spot="1" />
 <COLOR RGB="#1d561e" NAME="Avery 766 Foliage Green" Spot="1" />
 <COLOR RGB="#00642c" NAME="Avery 781 Emerald" Spot="1" />
 <COLOR RGB="#007440" NAME="Avery 734 Kelly Green" Spot="1" />
 <COLOR RGB="#008441" NAME="Avery 756 Green" Spot="1" />
 <COLOR RGB="#009054" NAME="Avery 712 Cactus Green" Spot="1" />
 <COLOR RGB="#009437" NAME="Avery 755-01 Bright Green" Spot="1" />
 <COLOR RGB="#009035" NAME="Avery 755 Light Green" Spot="1" />
 <COLOR RGB="#37a207" NAME="Avery 713 Grass Green" Spot="1" />
 <COLOR RGB="#72c235" NAME="Avery 714-01 Lime Tree Green" Spot="1" />
 <COLOR RGB="#80cc3c" NAME="Avery 714 Lime" Spot="1" />
 <COLOR RGB="#f1f2f6" NAME="Avery 700 White" Spot="1" />
 <COLOR RGB="#f4f4f6" NAME="Avery 730 White Matt" Spot="1" />
 <COLOR RGB="#cbcbcb" NAME="Avery 745 Mist" Spot="1" />
 <COLOR RGB="#cbccc9" NAME="Avery 745-01 Pale Grey" Spot="1" />
 <COLOR RGB="#989a94" NAME="Avery 744 Dove Grey" Spot="1" />
 <COLOR RGB="#818a90" NAME="Avery 725 Medium Grey" Spot="1" />
 <COLOR RGB="#909292" NAME="Avery 744-01 Tele Grey" Spot="1" />
 <COLOR RGB="#5f6567" NAME="Avery 720 Grey" Spot="1" />
 <COLOR RGB="#6c6e68" NAME="Avery 720-01 Stone Grey" Spot="1" />
 <COLOR RGB="#4c4e4e" NAME="Avery 759 Dark Grey" Spot="1" />
 <COLOR RGB="#323434" NAME="Avery 759-01 Komatsu Grey" Spot="1" />
 <COLOR RGB="#101114" NAME="Avery 701 Black" Spot="1" />
 <COLOR RGB="#2b2b2c" NAME="Avery 721 Black Matt" Spot="1" />
 <COLOR RGB="#464646" NAME="Avery 746 Grey Metallic" Spot="1" />
 <COLOR RGB="#b9baba" NAME="Avery 735 Silver Metallic" Spot="1" />
 <COLOR RGB="#b69f5f" NAME="Avery 736 Gold Metallic" Spot="1" />
 <COLOR RGB="#ebdcba" NAME="Avery 758 Ivory" Spot="1" />
 <COLOR RGB="#e9d5b9" NAME="Avery 758-01 Light Ivory" Spot="1" />
 <COLOR RGB="#e7cd9b" NAME="Avery 719 Beige" Spot="1" />
 <COLOR RGB="#f5dfa0" NAME="Avery 719-01 Cream" Spot="1" />
 <COLOR RGB="#ae8552" NAME="Avery 727 Tan" Spot="1" />
 <COLOR RGB="#ac875c" NAME="Avery 727-01 Light Brown" Spot="1" />
 <COLOR RGB="#7e4c25" NAME="Avery 728 Caramel" Spot="1" />
 <COLOR RGB="#804f28" NAME="Avery 728-01 Medium Brown" Spot="1" />
 <COLOR RGB="#6c4121" NAME="Avery 761 Fawn Brown" Spot="1" />
 <COLOR RGB="#50362a" NAME="Avery 718 Chocolate Brown" Spot="1" />
 <COLOR RGB="#43291d" NAME="Avery 762 Dark Brown" Spot="1" />
 <COLOR RGB="#432822" NAME="Avery 718-01 Brown" Spot="1" />
 <COLOR RGB="#5f231b" NAME="Avery 790 Red Brown" Spot="1" />
 <COLOR RGB="#b35621" NAME="Avery 787 Nut Brown" Spot="1" />
</SCRIBUSCOLORS>