<?xml version="1.0" encoding="UTF-8"?>
<SCRIBUSCOLORS Name="BannerRite">
 <COLOR RGB="#73cde3" NAME="BannerRite Hellblau" Spot="1" />
 <COLOR RGB="#efdc56" NAME="BannerRite Gelb " Spot="1" />
 <COLOR RGB="#b13944" NAME="BannerRite Rot " Spot="1" />
 <COLOR RGB="#f5f5f7" NAME="BannerRite Weiss" Spot="1" />
 <COLOR RGB="#364d79" NAME="BannerRite Blau " Spot="1" />
 <COLOR RGB="#2ba366" NAME="BannerRite Gruen" Spot="1" />
 <COLOR RGB="#ff3ea8" NAME="BannerRite Pink fluoreszierend" Spot="1" />
 <COLOR RGB="#3e3e41" NAME="BannerRite Schwarz" Spot="1" />
 <COLOR RGB="#fafaf3" NAME="BannerRite PV20 " Spot="1" />
</SCRIBUSCOLORS>