<?xml version="1.0" encoding="UTF-8"?>
<SCRIBUSCOLORS Name="Baumit Silikat">
 <COLOR RGB="#dee1dc" NAME="Baumit 09A" Spot="1" />
 <COLOR RGB="#e8e2d0" NAME="Baumit 09B" Spot="1" />
 <COLOR RGB="#ecdfd1" NAME="Baumit 09C" Spot="1" />
 <COLOR RGB="#e1e1dd" NAME="Baumit 09F" Spot="1" />
 <COLOR RGB="#e7e5d7" NAME="Baumit 09G" Spot="1" />
 <COLOR RGB="#dde4d9" NAME="Baumit 09J" Spot="1" />
 <COLOR RGB="#e7e7db" NAME="Baumit 09K" Spot="1" />
 <COLOR RGB="#e1e5d7" NAME="Baumit 09L" Spot="1" />
 <COLOR RGB="#e9e3ce" NAME="Baumit 09M" Spot="1" />
 <COLOR RGB="#e9e6d6" NAME="Baumit 09O" Spot="1" />
 <COLOR RGB="#e3d5cf" NAME="Baumit 09R" Spot="1" />
 <COLOR RGB="#e3e1dc" NAME="Baumit 09S" Spot="1" />
 <COLOR RGB="#d7e1da" NAME="Baumit 09T" Spot="1" />
 <COLOR RGB="#e5dacf" NAME="Baumit 09U" Spot="1" />
 <COLOR RGB="#e4ded9" NAME="Baumit 09V" Spot="1" />
 <COLOR RGB="#e8d5cd" NAME="Baumit 09Z" Spot="1" />
 <COLOR RGB="#e8e6db" NAME="Baumit 0W9" Spot="1" />
 <COLOR RGB="#6d929e" NAME="Baumit 11A" Spot="1" />
 <COLOR RGB="#b3934d" NAME="Baumit 11B" Spot="1" />
 <COLOR RGB="#bb794d" NAME="Baumit 11C" Spot="1" />
 <COLOR RGB="#847681" NAME="Baumit 11F" Spot="1" />
 <COLOR RGB="#d2d27a" NAME="Baumit 11G" Spot="1" />
 <COLOR RGB="#48aa8d" NAME="Baumit 11J" Spot="1" />
 <COLOR RGB="#738d6a" NAME="Baumit 11K" Spot="1" />
 <COLOR RGB="#85b97c" NAME="Baumit 11L" Spot="1" />
 <COLOR RGB="#cc9848" NAME="Baumit 11M" Spot="1" />
 <COLOR RGB="#888459" NAME="Baumit 11O" Spot="1" />
 <COLOR RGB="#945a55" NAME="Baumit 11R" Spot="1" />
 <COLOR RGB="#6a6762" NAME="Baumit 11S" Spot="1" />
 <COLOR RGB="#4eb0bf" NAME="Baumit 11T" Spot="1" />
 <COLOR RGB="#8c6650" NAME="Baumit 11U" Spot="1" />
 <COLOR RGB="#8a6161" NAME="Baumit 11V" Spot="1" />
 <COLOR RGB="#a6624e" NAME="Baumit 11Z" Spot="1" />
 <COLOR RGB="#91b2bc" NAME="Baumit 13A" Spot="1" />
 <COLOR RGB="#caab64" NAME="Baumit 13B" Spot="1" />
 <COLOR RGB="#d0946b" NAME="Baumit 13C" Spot="1" />
 <COLOR RGB="#9d939d" NAME="Baumit 13F" Spot="1" />
 <COLOR RGB="#dcdd90" NAME="Baumit 13G" Spot="1" />
 <COLOR RGB="#6ebfa7" NAME="Baumit 13J" Spot="1" />
 <COLOR RGB="#96ac8a" NAME="Baumit 13K" Spot="1" />
 <COLOR RGB="#9ccb95" NAME="Baumit 13L" Spot="1" />
 <COLOR RGB="#dbaf63" NAME="Baumit 13M" Spot="1" />
 <COLOR RGB="#a19e74" NAME="Baumit 13O" Spot="1" />
 <COLOR RGB="#af7772" NAME="Baumit 13R" Spot="1" />
 <COLOR RGB="#8a8781" NAME="Baumit 13S" Spot="1" />
 <COLOR RGB="#77c6d2" NAME="Baumit 13T" Spot="1" />
 <COLOR RGB="#a98065" NAME="Baumit 13U" Spot="1" />
 <COLOR RGB="#a47d7d" NAME="Baumit 13V" Spot="1" />
 <COLOR RGB="#bf7e68" NAME="Baumit 13Z" Spot="1" />
 <COLOR RGB="#b5cad0" NAME="Baumit 15A" Spot="1" />
 <COLOR RGB="#dbc389" NAME="Baumit 15B" Spot="1" />
 <COLOR RGB="#ddaf8d" NAME="Baumit 15C" Spot="1" />
 <COLOR RGB="#bdb6bd" NAME="Baumit 15F" Spot="1" />
 <COLOR RGB="#e0e1a9" NAME="Baumit 15G" Spot="1" />
 <COLOR RGB="#9cd2c1" NAME="Baumit 15J" Spot="1" />
 <COLOR RGB="#b4c3a9" NAME="Baumit 15K" Spot="1" />
 <COLOR RGB="#b4d7ad" NAME="Baumit 15L" Spot="1" />
 <COLOR RGB="#e6c587" NAME="Baumit 15M" Spot="1" />
 <COLOR RGB="#c1be9a" NAME="Baumit 15O" Spot="1" />
 <COLOR RGB="#c79d98" NAME="Baumit 15R" Spot="1" />
 <COLOR RGB="#adaba5" NAME="Baumit 15S" Spot="1" />
 <COLOR RGB="#a2d5da" NAME="Baumit 15T" Spot="1" />
 <COLOR RGB="#c9aa95" NAME="Baumit 15U" Spot="1" />
 <COLOR RGB="#c3a4a5" NAME="Baumit 15V" Spot="1" />
 <COLOR RGB="#d5a492" NAME="Baumit 15Z" Spot="1" />
 <COLOR RGB="#d0dcdc" NAME="Baumit 17A" Spot="1" />
 <COLOR RGB="#e3d6b2" NAME="Baumit 17B" Spot="1" />
 <COLOR RGB="#e7ccb4" NAME="Baumit 17C" Spot="1" />
 <COLOR RGB="#d6d4d4" NAME="Baumit 17F" Spot="1" />
 <COLOR RGB="#e6e8c8" NAME="Baumit 17G" Spot="1" />
 <COLOR RGB="#c7ded3" NAME="Baumit 17J" Spot="1" />
 <COLOR RGB="#d6dccb" NAME="Baumit 17K" Spot="1" />
 <COLOR RGB="#cfdfc7" NAME="Baumit 17L" Spot="1" />
 <COLOR RGB="#e9d7b1" NAME="Baumit 17M" Spot="1" />
 <COLOR RGB="#dad8c2" NAME="Baumit 17O" Spot="1" />
 <COLOR RGB="#ddc1bc" NAME="Baumit 17R" Spot="1" />
 <COLOR RGB="#c7c5c1" NAME="Baumit 17S" Spot="1" />
 <COLOR RGB="#cae2e4" NAME="Baumit 17T" Spot="1" />
 <COLOR RGB="#d9c2b0" NAME="Baumit 17U" Spot="1" />
 <COLOR RGB="#dcc8c7" NAME="Baumit 17V" Spot="1" />
 <COLOR RGB="#e6c6b8" NAME="Baumit 17Z" Spot="1" />
 <COLOR RGB="#6895af" NAME="Baumit 21A" Spot="1" />
 <COLOR RGB="#a78b53" NAME="Baumit 21B" Spot="1" />
 <COLOR RGB="#af6c4f" NAME="Baumit 21C" Spot="1" />
 <COLOR RGB="#797f94" NAME="Baumit 21F" Spot="1" />
 <COLOR RGB="#e0da78" NAME="Baumit 21G" Spot="1" />
 <COLOR RGB="#5ba77e" NAME="Baumit 21J" Spot="1" />
 <COLOR RGB="#809165" NAME="Baumit 21K" Spot="1" />
 <COLOR RGB="#b6c274" NAME="Baumit 21L" Spot="1" />
 <COLOR RGB="#da9d4c" NAME="Baumit 21M" Spot="1" />
 <COLOR RGB="#959059" NAME="Baumit 21O" Spot="1" />
 <COLOR RGB="#8e5957" NAME="Baumit 21R" Spot="1" />
 <COLOR RGB="#626061" NAME="Baumit 21S" Spot="1" />
 <COLOR RGB="#3fb8bb" NAME="Baumit 21T" Spot="1" />
 <COLOR RGB="#996b52" NAME="Baumit 21U" Spot="1" />
 <COLOR RGB="#866c72" NAME="Baumit 21V" Spot="1" />
 <COLOR RGB="#9f594c" NAME="Baumit 21Z" Spot="1" />
 <COLOR RGB="#8bafc5" NAME="Baumit 23A" Spot="1" />
 <COLOR RGB="#bea368" NAME="Baumit 23B" Spot="1" />
 <COLOR RGB="#c88766" NAME="Baumit 23C" Spot="1" />
 <COLOR RGB="#9ba2b3" NAME="Baumit 23F" Spot="1" />
 <COLOR RGB="#e4e08d" NAME="Baumit 23G" Spot="1" />
 <COLOR RGB="#7abc96" NAME="Baumit 23J" Spot="1" />
 <COLOR RGB="#9dab81" NAME="Baumit 23K" Spot="1" />
 <COLOR RGB="#c3cd8c" NAME="Baumit 23L" Spot="1" />
 <COLOR RGB="#e1ad64" NAME="Baumit 23M" Spot="1" />
 <COLOR RGB="#aaa66f" NAME="Baumit 23O" Spot="1" />
 <COLOR RGB="#ab7978" NAME="Baumit 23R" Spot="1" />
 <COLOR RGB="#7f7e7f" NAME="Baumit 23S" Spot="1" />
 <COLOR RGB="#6bc7ca" NAME="Baumit 23T" Spot="1" />
 <COLOR RGB="#b3866b" NAME="Baumit 23U" Spot="1" />
 <COLOR RGB="#a28b90" NAME="Baumit 23V" Spot="1" />
 <COLOR RGB="#b87468" NAME="Baumit 23Z" Spot="1" />
 <COLOR RGB="#b2cad5" NAME="Baumit 25A" Spot="1" />
 <COLOR RGB="#cfbb8b" NAME="Baumit 25B" Spot="1" />
 <COLOR RGB="#d9a68b" NAME="Baumit 25C" Spot="1" />
 <COLOR RGB="#b8bec9" NAME="Baumit 25F" Spot="1" />
 <COLOR RGB="#e5e6ae" NAME="Baumit 25G" Spot="1" />
 <COLOR RGB="#a3cdb0" NAME="Baumit 25J" Spot="1" />
 <COLOR RGB="#bbc5a5" NAME="Baumit 25K" Spot="1" />
 <COLOR RGB="#d4d9a9" NAME="Baumit 25L" Spot="1" />
 <COLOR RGB="#ecca92" NAME="Baumit 25M" Spot="1" />
 <COLOR RGB="#c6c196" NAME="Baumit 25O" Spot="1" />
 <COLOR RGB="#c7a1a0" NAME="Baumit 25R" Spot="1" />
 <COLOR RGB="#a4a3a3" NAME="Baumit 25S" Spot="1" />
 <COLOR RGB="#9dd7d8" NAME="Baumit 25T" Spot="1" />
 <COLOR RGB="#cdaa91" NAME="Baumit 25U" Spot="1" />
 <COLOR RGB="#c1b0b3" NAME="Baumit 25V" Spot="1" />
 <COLOR RGB="#d0988d" NAME="Baumit 25Z" Spot="1" />
 <COLOR RGB="#cbdbe0" NAME="Baumit 27A" Spot="1" />
 <COLOR RGB="#e4d7b8" NAME="Baumit 27B" Spot="1" />
 <COLOR RGB="#e6c6b3" NAME="Baumit 27C" Spot="1" />
 <COLOR RGB="#d1d5d8" NAME="Baumit 27F" Spot="1" />
 <COLOR RGB="#e6e5c2" NAME="Baumit 27G" Spot="1" />
 <COLOR RGB="#c7dfcd" NAME="Baumit 27J" Spot="1" />
 <COLOR RGB="#d5dac6" NAME="Baumit 27K" Spot="1" />
 <COLOR RGB="#e2e4c8" NAME="Baumit 27L" Spot="1" />
 <COLOR RGB="#e7d6b2" NAME="Baumit 27M" Spot="1" />
 <COLOR RGB="#dfdbbe" NAME="Baumit 27O" Spot="1" />
 <COLOR RGB="#d8c0bc" NAME="Baumit 27R" Spot="1" />
 <COLOR RGB="#c5c3be" NAME="Baumit 27S" Spot="1" />
 <COLOR RGB="#c3e1df" NAME="Baumit 27T" Spot="1" />
 <COLOR RGB="#e0c9ba" NAME="Baumit 27U" Spot="1" />
 <COLOR RGB="#d5cbcb" NAME="Baumit 27V" Spot="1" />
 <COLOR RGB="#e1bdb5" NAME="Baumit 27Z" Spot="1" />
 <COLOR RGB="#669dd3" NAME="Baumit 31A" Spot="1" />
 <COLOR RGB="#9b8754" NAME="Baumit 31B" Spot="1" />
 <COLOR RGB="#e2bd67" NAME="Baumit 31G" Spot="1" />
 <COLOR RGB="#68aa77" NAME="Baumit 31J" Spot="1" />
 <COLOR RGB="#cb8d56" NAME="Baumit 31M" Spot="1" />
 <COLOR RGB="#48aba0" NAME="Baumit 31T" Spot="1" />
 <COLOR RGB="#865f4c" NAME="Baumit 31U" Spot="1" />
 <COLOR RGB="#88b3da" NAME="Baumit 33A" Spot="1" />
 <COLOR RGB="#b5a26d" NAME="Baumit 33B" Spot="1" />
 <COLOR RGB="#e5c97d" NAME="Baumit 33G" Spot="1" />
 <COLOR RGB="#87c092" NAME="Baumit 33J" Spot="1" />
 <COLOR RGB="#daa16a" NAME="Baumit 33M" Spot="1" />
 <COLOR RGB="#76bdb5" NAME="Baumit 33T" Spot="1" />
 <COLOR RGB="#a37d69" NAME="Baumit 33U" Spot="1" />
 <COLOR RGB="#b2cade" NAME="Baumit 35A" Spot="1" />
 <COLOR RGB="#cebf93" NAME="Baumit 35B" Spot="1" />
 <COLOR RGB="#e8d9a2" NAME="Baumit 35G" Spot="1" />
 <COLOR RGB="#afd2ae" NAME="Baumit 35J" Spot="1" />
 <COLOR RGB="#e2b98d" NAME="Baumit 35M" Spot="1" />
 <COLOR RGB="#9acfc8" NAME="Baumit 35T" Spot="1" />
 <COLOR RGB="#c1a292" NAME="Baumit 35U" Spot="1" />
 <COLOR RGB="#ccd9e0" NAME="Baumit 37A" Spot="1" />
 <COLOR RGB="#e1d7bb" NAME="Baumit 37B" Spot="1" />
 <COLOR RGB="#ebe4c4" NAME="Baumit 37G" Spot="1" />
 <COLOR RGB="#cee2cc" NAME="Baumit 37J" Spot="1" />
 <COLOR RGB="#e9d3b5" NAME="Baumit 37M" Spot="1" />
 <COLOR RGB="#c3ded8" NAME="Baumit 37T" Spot="1" />
 <COLOR RGB="#dac3b5" NAME="Baumit 37U" Spot="1" />
 <COLOR RGB="#698bad" NAME="Baumit 41A" Spot="1" />
 <COLOR RGB="#8a7b54" NAME="Baumit 41B" Spot="1" />
 <COLOR RGB="#765f52" NAME="Baumit 41U" Spot="1" />
 <COLOR RGB="#8eacc8" NAME="Baumit 43A" Spot="1" />
 <COLOR RGB="#a7986d" NAME="Baumit 43B" Spot="1" />
 <COLOR RGB="#988172" NAME="Baumit 43U" Spot="1" />
 <COLOR RGB="#aec5d6" NAME="Baumit 45A" Spot="1" />
 <COLOR RGB="#c5b998" NAME="Baumit 45B" Spot="1" />
 <COLOR RGB="#baa599" NAME="Baumit 45U" Spot="1" />
 <COLOR RGB="#cdd9df" NAME="Baumit 47A" Spot="1" />
 <COLOR RGB="#d7cfb5" NAME="Baumit 47B" Spot="1" />
 <COLOR RGB="#d4c5bb" NAME="Baumit 47U" Spot="1" />
 <COLOR RGB="#697e91" NAME="Baumit 51A" Spot="1" />
 <COLOR RGB="#8c9fb0" NAME="Baumit 53A" Spot="1" />
 <COLOR RGB="#afbdc8" NAME="Baumit 55A" Spot="1" />
 <COLOR RGB="#ced6db" NAME="Baumit 57A" Spot="1" />
</SCRIBUSCOLORS>