<?xml version="1.0" encoding="UTF-8"?>
<SCRIBUSCOLORS Name="Baumit Life">
 <COLOR RGB="#c5bfae" NAME="14" Spot="1" />
 <COLOR RGB="#d3cdbe" NAME="15" Spot="1" />
 <COLOR RGB="#ddd8cc" NAME="16" Spot="1" />
 <COLOR RGB="#e7e3d8" NAME="17" Spot="1" />
 <COLOR RGB="#eeeae0" NAME="18" Spot="1" />
 <COLOR RGB="#f8f6ee" NAME="19" Spot="1" />
 <COLOR RGB="#f2e43d" NAME="21" Spot="1" />
 <COLOR RGB="#f4e953" NAME="22" Spot="1" />
 <COLOR RGB="#f3ec69" NAME="23" Spot="1" />
 <COLOR RGB="#f2ee7c" NAME="24" Spot="1" />
 <COLOR RGB="#f1f095" NAME="25" Spot="1" />
 <COLOR RGB="#f0f1a9" NAME="26" Spot="1" />
 <COLOR RGB="#f1f2bb" NAME="27" Spot="1" />
 <COLOR RGB="#f2f3cc" NAME="28" Spot="1" />
 <COLOR RGB="#f2f3d4" NAME="29" Spot="1" />
 <COLOR RGB="#f4d737" NAME="31" Spot="1" />
 <COLOR RGB="#f6dd50" NAME="32" Spot="1" />
 <COLOR RGB="#f5e467" NAME="33" Spot="1" />
 <COLOR RGB="#f4ea80" NAME="34" Spot="1" />
 <COLOR RGB="#f3ee97" NAME="35" Spot="1" />
 <COLOR RGB="#f3f1ac" NAME="36" Spot="1" />
 <COLOR RGB="#f3f3c0" NAME="37" Spot="1" />
 <COLOR RGB="#f4f4cc" NAME="38" Spot="1" />
 <COLOR RGB="#f4f5d2" NAME="39" Spot="1" />
 <COLOR RGB="#f3ce41" NAME="41" Spot="1" />
 <COLOR RGB="#f7d857" NAME="42" Spot="1" />
 <COLOR RGB="#f7e170" NAME="43" Spot="1" />
 <COLOR RGB="#f6e887" NAME="44" Spot="1" />
 <COLOR RGB="#f5ed9c" NAME="45" Spot="1" />
 <COLOR RGB="#f4efae" NAME="46" Spot="1" />
 <COLOR RGB="#f3f2c1" NAME="47" Spot="1" />
 <COLOR RGB="#f4f3cc" NAME="48" Spot="1" />
 <COLOR RGB="#f4f3d6" NAME="49" Spot="1" />
 <COLOR RGB="#e9b643" NAME="51" Spot="1" />
 <COLOR RGB="#efc14d" NAME="52" Spot="1" />
 <COLOR RGB="#f3cc60" NAME="53" Spot="1" />
 <COLOR RGB="#f5d87c" NAME="54" Spot="1" />
 <COLOR RGB="#f7e193" NAME="55" Spot="1" />
 <COLOR RGB="#f6e8aa" NAME="56" Spot="1" />
 <COLOR RGB="#f6edbc" NAME="57" Spot="1" />
 <COLOR RGB="#f5f0cc" NAME="58" Spot="1" />
 <COLOR RGB="#f5f1d6" NAME="59" Spot="1" />
 <COLOR RGB="#f1c43b" NAME="61" Spot="1" />
 <COLOR RGB="#f7cd56" NAME="62" Spot="1" />
 <COLOR RGB="#f8d667" NAME="63" Spot="1" />
 <COLOR RGB="#f8df7f" NAME="64" Spot="1" />
 <COLOR RGB="#f6e898" NAME="65" Spot="1" />
 <COLOR RGB="#f6edad" NAME="66" Spot="1" />
 <COLOR RGB="#f5f0c0" NAME="67" Spot="1" />
 <COLOR RGB="#f5f2ce" NAME="68" Spot="1" />
 <COLOR RGB="#f5f3d7" NAME="69" Spot="1" />
 <COLOR RGB="#eebb3f" NAME="71" Spot="1" />
 <COLOR RGB="#f2c459" NAME="72" Spot="1" />
 <COLOR RGB="#f6d16e" NAME="73" Spot="1" />
 <COLOR RGB="#f7db85" NAME="74" Spot="1" />
 <COLOR RGB="#f6e49b" NAME="75" Spot="1" />
 <COLOR RGB="#f5eab1" NAME="76" Spot="1" />
 <COLOR RGB="#f6efc2" NAME="77" Spot="1" />
 <COLOR RGB="#f5f1cf" NAME="78" Spot="1" />
 <COLOR RGB="#f6f2d8" NAME="79" Spot="1" />
 <COLOR RGB="#eeb03e" NAME="81" Spot="1" />
 <COLOR RGB="#f1b853" NAME="82" Spot="1" />
 <COLOR RGB="#f5c668" NAME="83" Spot="1" />
 <COLOR RGB="#f7d27d" NAME="84" Spot="1" />
 <COLOR RGB="#f7dc93" NAME="85" Spot="1" />
 <COLOR RGB="#f5e5a9" NAME="86" Spot="1" />
 <COLOR RGB="#f6ebbd" NAME="87" Spot="1" />
 <COLOR RGB="#f5efcc" NAME="88" Spot="1" />
 <COLOR RGB="#f5f1d5" NAME="89" Spot="1" />
 <COLOR RGB="#c1a647" NAME="121" Spot="1" />
 <COLOR RGB="#cbb059" NAME="122" Spot="1" />
 <COLOR RGB="#d7be6a" NAME="123" Spot="1" />
 <COLOR RGB="#e2ce83" NAME="124" Spot="1" />
 <COLOR RGB="#ead996" NAME="125" Spot="1" />
 <COLOR RGB="#efe3ad" NAME="126" Spot="1" />
 <COLOR RGB="#f1e9bd" NAME="127" Spot="1" />
 <COLOR RGB="#f3eed1" NAME="128" Spot="1" />
 <COLOR RGB="#f4f0d8" NAME="129" Spot="1" />
 <COLOR RGB="#cba14b" NAME="131" Spot="1" />
 <COLOR RGB="#d2ab5a" NAME="132" Spot="1" />
 <COLOR RGB="#e0bb6c" NAME="133" Spot="1" />
 <COLOR RGB="#e7ca82" NAME="134" Spot="1" />
 <COLOR RGB="#f0d798" NAME="135" Spot="1" />
 <COLOR RGB="#f4e0ad" NAME="136" Spot="1" />
 <COLOR RGB="#f3e7bc" NAME="137" Spot="1" />
 <COLOR RGB="#f5edcf" NAME="138" Spot="1" />
 <COLOR RGB="#f6f0d7" NAME="139" Spot="1" />
 <COLOR RGB="#bc9649" NAME="141" Spot="1" />
 <COLOR RGB="#c7a25a" NAME="142" Spot="1" />
 <COLOR RGB="#d4b16b" NAME="143" Spot="1" />
 <COLOR RGB="#e1c280" NAME="144" Spot="1" />
 <COLOR RGB="#ebd199" NAME="145" Spot="1" />
 <COLOR RGB="#f0dcab" NAME="146" Spot="1" />
 <COLOR RGB="#f3e4bd" NAME="147" Spot="1" />
 <COLOR RGB="#f5ebcf" NAME="148" Spot="1" />
 <COLOR RGB="#f6eed7" NAME="149" Spot="1" />
 <COLOR RGB="#93774c" NAME="151" Spot="1" />
 <COLOR RGB="#a3865a" NAME="152" Spot="1" />
 <COLOR RGB="#b5996c" NAME="153" Spot="1" />
 <COLOR RGB="#c5ac81" NAME="154" Spot="1" />
 <COLOR RGB="#d5be95" NAME="155" Spot="1" />
 <COLOR RGB="#e0cca8" NAME="156" Spot="1" />
 <COLOR RGB="#e9d9bb" NAME="157" Spot="1" />
 <COLOR RGB="#efe3ca" NAME="158" Spot="1" />
 <COLOR RGB="#f2e8d5" NAME="159" Spot="1" />
 <COLOR RGB="#8f7652" NAME="161" Spot="1" />
 <COLOR RGB="#9b825d" NAME="162" Spot="1" />
 <COLOR RGB="#a9916c" NAME="163" Spot="1" />
 <COLOR RGB="#bba47d" NAME="164" Spot="1" />
 <COLOR RGB="#cbb590" NAME="165" Spot="1" />
 <COLOR RGB="#dbc9a8" NAME="166" Spot="1" />
 <COLOR RGB="#e5d6ba" NAME="167" Spot="1" />
 <COLOR RGB="#ece1ca" NAME="168" Spot="1" />
 <COLOR RGB="#eee6d0" NAME="169" Spot="1" />
 <COLOR RGB="#9b7c52" NAME="171" Spot="1" />
 <COLOR RGB="#a5865b" NAME="172" Spot="1" />
 <COLOR RGB="#b6986b" NAME="173" Spot="1" />
 <COLOR RGB="#c5aa7e" NAME="174" Spot="1" />
 <COLOR RGB="#d5be94" NAME="175" Spot="1" />
 <COLOR RGB="#e0cda9" NAME="176" Spot="1" />
 <COLOR RGB="#e8d8ba" NAME="177" Spot="1" />
 <COLOR RGB="#efe4ce" NAME="178" Spot="1" />
 <COLOR RGB="#efe7d3" NAME="179" Spot="1" />
 <COLOR RGB="#8a7455" NAME="181" Spot="1" />
 <COLOR RGB="#978261" NAME="182" Spot="1" />
 <COLOR RGB="#a8926f" NAME="183" Spot="1" />
 <COLOR RGB="#baa581" NAME="184" Spot="1" />
 <COLOR RGB="#cab695" NAME="185" Spot="1" />
 <COLOR RGB="#d8c8ab" NAME="186" Spot="1" />
 <COLOR RGB="#e2d6bc" NAME="187" Spot="1" />
 <COLOR RGB="#ece1cc" NAME="188" Spot="1" />
 <COLOR RGB="#efe7d6" NAME="189" Spot="1" />
 <COLOR RGB="#82694d" NAME="191" Spot="1" />
 <COLOR RGB="#94795c" NAME="192" Spot="1" />
 <COLOR RGB="#a78b6c" NAME="193" Spot="1" />
 <COLOR RGB="#b99f80" NAME="194" Spot="1" />
 <COLOR RGB="#c9b395" NAME="195" Spot="1" />
 <COLOR RGB="#d8c5aa" NAME="196" Spot="1" />
 <COLOR RGB="#e3d4bd" NAME="197" Spot="1" />
 <COLOR RGB="#eadecb" NAME="198" Spot="1" />
 <COLOR RGB="#eee4d2" NAME="199" Spot="1" />
 <COLOR RGB="#dea943" NAME="201" Spot="1" />
 <COLOR RGB="#e6b353" NAME="202" Spot="1" />
 <COLOR RGB="#eec062" NAME="203" Spot="1" />
 <COLOR RGB="#f5d486" NAME="204" Spot="1" />
 <COLOR RGB="#f7da92" NAME="205" Spot="1" />
 <COLOR RGB="#f9e2a6" NAME="206" Spot="1" />
 <COLOR RGB="#f7e6b2" NAME="207" Spot="1" />
 <COLOR RGB="#f7ecc6" NAME="208" Spot="1" />
 <COLOR RGB="#f6f0d7" NAME="209" Spot="1" />
 <COLOR RGB="#d39b4a" NAME="211" Spot="1" />
 <COLOR RGB="#dba556" NAME="212" Spot="1" />
 <COLOR RGB="#e4b366" NAME="213" Spot="1" />
 <COLOR RGB="#f0c782" NAME="214" Spot="1" />
 <COLOR RGB="#f4cf90" NAME="215" Spot="1" />
 <COLOR RGB="#f6dba7" NAME="216" Spot="1" />
 <COLOR RGB="#f7e5be" NAME="217" Spot="1" />
 <COLOR RGB="#f7ebcd" NAME="218" Spot="1" />
 <COLOR RGB="#f7ecd2" NAME="219" Spot="1" />
 <COLOR RGB="#c9904a" NAME="221" Spot="1" />
 <COLOR RGB="#d79e59" NAME="222" Spot="1" />
 <COLOR RGB="#e3b06f" NAME="223" Spot="1" />
 <COLOR RGB="#ecc083" NAME="224" Spot="1" />
 <COLOR RGB="#f2cd97" NAME="225" Spot="1" />
 <COLOR RGB="#f6daae" NAME="226" Spot="1" />
 <COLOR RGB="#f8e4c0" NAME="227" Spot="1" />
 <COLOR RGB="#f7eace" NAME="228" Spot="1" />
 <COLOR RGB="#f6ecd6" NAME="229" Spot="1" />
 <COLOR RGB="#af834f" NAME="231" Spot="1" />
 <COLOR RGB="#be925c" NAME="232" Spot="1" />
 <COLOR RGB="#cba16c" NAME="233" Spot="1" />
 <COLOR RGB="#dbb683" NAME="234" Spot="1" />
 <COLOR RGB="#e3c395" NAME="235" Spot="1" />
 <COLOR RGB="#ebd2ac" NAME="236" Spot="1" />
 <COLOR RGB="#f1ddbe" NAME="237" Spot="1" />
 <COLOR RGB="#f2e5cc" NAME="238" Spot="1" />
 <COLOR RGB="#f4ebd7" NAME="239" Spot="1" />
 <COLOR RGB="#a87845" NAME="241" Spot="1" />
 <COLOR RGB="#b98955" NAME="242" Spot="1" />
 <COLOR RGB="#c99a64" NAME="243" Spot="1" />
 <COLOR RGB="#d9b07b" NAME="244" Spot="1" />
 <COLOR RGB="#e5c292" NAME="245" Spot="1" />
 <COLOR RGB="#ecd0a7" NAME="246" Spot="1" />
 <COLOR RGB="#f2ddba" NAME="247" Spot="1" />
 <COLOR RGB="#f2e5cd" NAME="248" Spot="1" />
 <COLOR RGB="#f4ead6" NAME="249" Spot="1" />
 <COLOR RGB="#d3954b" NAME="281" Spot="1" />
 <COLOR RGB="#df9e55" NAME="282" Spot="1" />
 <COLOR RGB="#e8af68" NAME="283" Spot="1" />
 <COLOR RGB="#f0bf7c" NAME="284" Spot="1" />
 <COLOR RGB="#f5cc92" NAME="285" Spot="1" />
 <COLOR RGB="#f7d8a8" NAME="286" Spot="1" />
 <COLOR RGB="#f7e2bb" NAME="287" Spot="1" />
 <COLOR RGB="#f6e7c9" NAME="288" Spot="1" />
 <COLOR RGB="#f6ebd2" NAME="289" Spot="1" />
 <COLOR RGB="#d28440" NAME="291" Spot="1" />
 <COLOR RGB="#dc9250" NAME="292" Spot="1" />
 <COLOR RGB="#e5a25f" NAME="293" Spot="1" />
 <COLOR RGB="#efb678" NAME="294" Spot="1" />
 <COLOR RGB="#f3be85" NAME="295" Spot="1" />
 <COLOR RGB="#f7cd99" NAME="296" Spot="1" />
 <COLOR RGB="#f8d9ae" NAME="297" Spot="1" />
 <COLOR RGB="#f8e3c1" NAME="298" Spot="1" />
 <COLOR RGB="#f7e9ce" NAME="299" Spot="1" />
 <COLOR RGB="#c27d46" NAME="301" Spot="1" />
 <COLOR RGB="#c98853" NAME="302" Spot="1" />
 <COLOR RGB="#d99960" NAME="303" Spot="1" />
 <COLOR RGB="#e4ad77" NAME="304" Spot="1" />
 <COLOR RGB="#eebe8b" NAME="305" Spot="1" />
 <COLOR RGB="#f2cda3" NAME="306" Spot="1" />
 <COLOR RGB="#f3d8b5" NAME="307" Spot="1" />
 <COLOR RGB="#f4e2c7" NAME="308" Spot="1" />
 <COLOR RGB="#f5e7cc" NAME="309" Spot="1" />
 <COLOR RGB="#b77046" NAME="311" Spot="1" />
 <COLOR RGB="#bf7f56" NAME="312" Spot="1" />
 <COLOR RGB="#cf9063" NAME="313" Spot="1" />
 <COLOR RGB="#dda376" NAME="314" Spot="1" />
 <COLOR RGB="#e6b68c" NAME="315" Spot="1" />
 <COLOR RGB="#eec8a4" NAME="316" Spot="1" />
 <COLOR RGB="#f2d5b7" NAME="317" Spot="1" />
 <COLOR RGB="#f5e1c8" NAME="318" Spot="1" />
 <COLOR RGB="#f4e5d0" NAME="319" Spot="1" />
 <COLOR RGB="#b76b44" NAME="321" Spot="1" />
 <COLOR RGB="#c27b56" NAME="322" Spot="1" />
 <COLOR RGB="#d18d66" NAME="323" Spot="1" />
 <COLOR RGB="#e2a983" NAME="324" Spot="1" />
 <COLOR RGB="#f0c3a1" NAME="325" Spot="1" />
 <COLOR RGB="#f3d0b6" NAME="326" Spot="1" />
 <COLOR RGB="#f1d7c0" NAME="327" Spot="1" />
 <COLOR RGB="#f3e1cd" NAME="328" Spot="1" />
 <COLOR RGB="#f3e6d5" NAME="329" Spot="1" />
 <COLOR RGB="#a56e48" NAME="331" Spot="1" />
 <COLOR RGB="#b47e58" NAME="332" Spot="1" />
 <COLOR RGB="#c58f66" NAME="333" Spot="1" />
 <COLOR RGB="#d3a37b" NAME="334" Spot="1" />
 <COLOR RGB="#e2b793" NAME="335" Spot="1" />
 <COLOR RGB="#eccaa9" NAME="336" Spot="1" />
 <COLOR RGB="#f0d7bb" NAME="337" Spot="1" />
 <COLOR RGB="#f2e0c9" NAME="338" Spot="1" />
 <COLOR RGB="#f3e6d3" NAME="339" Spot="1" />
 <COLOR RGB="#aa7b52" NAME="341" Spot="1" />
 <COLOR RGB="#b68861" NAME="342" Spot="1" />
 <COLOR RGB="#c59b72" NAME="343" Spot="1" />
 <COLOR RGB="#d3ac84" NAME="344" Spot="1" />
 <COLOR RGB="#e1be98" NAME="345" Spot="1" />
 <COLOR RGB="#eaceae" NAME="346" Spot="1" />
 <COLOR RGB="#efdabf" NAME="347" Spot="1" />
 <COLOR RGB="#f2e2cc" NAME="348" Spot="1" />
 <COLOR RGB="#f2e7d5" NAME="349" Spot="1" />
 <COLOR RGB="#9b724f" NAME="351" Spot="1" />
 <COLOR RGB="#a7805a" NAME="352" Spot="1" />
 <COLOR RGB="#b58e69" NAME="353" Spot="1" />
 <COLOR RGB="#c7a27a" NAME="354" Spot="1" />
 <COLOR RGB="#d5b592" NAME="355" Spot="1" />
 <COLOR RGB="#e2c6a6" NAME="356" Spot="1" />
 <COLOR RGB="#ead5bb" NAME="357" Spot="1" />
 <COLOR RGB="#efe1cc" NAME="358" Spot="1" />
 <COLOR RGB="#f2e5d3" NAME="359" Spot="1" />
 <COLOR RGB="#876348" NAME="361" Spot="1" />
 <COLOR RGB="#98765b" NAME="362" Spot="1" />
 <COLOR RGB="#aa876a" NAME="363" Spot="1" />
 <COLOR RGB="#bc9c7f" NAME="364" Spot="1" />
 <COLOR RGB="#ceb196" NAME="365" Spot="1" />
 <COLOR RGB="#dbc3ab" NAME="366" Spot="1" />
 <COLOR RGB="#e6d3bd" NAME="367" Spot="1" />
 <COLOR RGB="#ebdcca" NAME="368" Spot="1" />
 <COLOR RGB="#eee1d1" NAME="369" Spot="1" />
 <COLOR RGB="#83634d" NAME="371" Spot="1" />
 <COLOR RGB="#90715a" NAME="372" Spot="1" />
 <COLOR RGB="#a18169" NAME="373" Spot="1" />
 <COLOR RGB="#b8987f" NAME="374" Spot="1" />
 <COLOR RGB="#c8ab93" NAME="375" Spot="1" />
 <COLOR RGB="#d8bfa9" NAME="376" Spot="1" />
 <COLOR RGB="#e2ceba" NAME="377" Spot="1" />
 <COLOR RGB="#e8d9c8" NAME="378" Spot="1" />
 <COLOR RGB="#e8ddcf" NAME="379" Spot="1" />
 <COLOR RGB="#7b604b" NAME="381" Spot="1" />
 <COLOR RGB="#89705d" NAME="382" Spot="1" />
 <COLOR RGB="#9d846e" NAME="383" Spot="1" />
 <COLOR RGB="#ac947e" NAME="384" Spot="1" />
 <COLOR RGB="#c2ac97" NAME="385" Spot="1" />
 <COLOR RGB="#d0bca7" NAME="386" Spot="1" />
 <COLOR RGB="#ddcdba" NAME="387" Spot="1" />
 <COLOR RGB="#e7dbcd" NAME="388" Spot="1" />
 <COLOR RGB="#eadfd2" NAME="389" Spot="1" />
 <COLOR RGB="#6e594c" NAME="391" Spot="1" />
 <COLOR RGB="#7f6b5e" NAME="392" Spot="1" />
 <COLOR RGB="#927e70" NAME="393" Spot="1" />
 <COLOR RGB="#a59283" NAME="394" Spot="1" />
 <COLOR RGB="#b9a799" NAME="395" Spot="1" />
 <COLOR RGB="#cabaac" NAME="396" Spot="1" />
 <COLOR RGB="#d7cabe" NAME="397" Spot="1" />
 <COLOR RGB="#e4d9cf" NAME="398" Spot="1" />
 <COLOR RGB="#e6ded4" NAME="399" Spot="1" />
 <COLOR RGB="#915e4a" NAME="401" Spot="1" />
 <COLOR RGB="#9f6d5a" NAME="402" Spot="1" />
 <COLOR RGB="#ae7c67" NAME="403" Spot="1" />
 <COLOR RGB="#c08f7a" NAME="404" Spot="1" />
 <COLOR RGB="#cfa491" NAME="405" Spot="1" />
 <COLOR RGB="#ddb7a5" NAME="406" Spot="1" />
 <COLOR RGB="#e8c8b8" NAME="407" Spot="1" />
 <COLOR RGB="#eed7c8" NAME="408" Spot="1" />
 <COLOR RGB="#f0dfd2" NAME="409" Spot="1" />
 <COLOR RGB="#755249" NAME="411" Spot="1" />
 <COLOR RGB="#87655d" NAME="412" Spot="1" />
 <COLOR RGB="#98766d" NAME="413" Spot="1" />
 <COLOR RGB="#ab8980" NAME="414" Spot="1" />
 <COLOR RGB="#be9e95" NAME="415" Spot="1" />
 <COLOR RGB="#d0b4ab" NAME="416" Spot="1" />
 <COLOR RGB="#ddc5bc" NAME="417" Spot="1" />
 <COLOR RGB="#e5d4cc" NAME="418" Spot="1" />
 <COLOR RGB="#ecded6" NAME="419" Spot="1" />
 <COLOR RGB="#5b514d" NAME="421" Spot="1" />
 <COLOR RGB="#6d6260" NAME="422" Spot="1" />
 <COLOR RGB="#807572" NAME="423" Spot="1" />
 <COLOR RGB="#958b87" NAME="424" Spot="1" />
 <COLOR RGB="#aaa09d" NAME="425" Spot="1" />
 <COLOR RGB="#bab1ad" NAME="426" Spot="1" />
 <COLOR RGB="#ccc4c0" NAME="427" Spot="1" />
 <COLOR RGB="#d9d3cf" NAME="428" Spot="1" />
 <COLOR RGB="#e3ddd8" NAME="429" Spot="1" />
 <COLOR RGB="#635853" NAME="431" Spot="1" />
 <COLOR RGB="#726965" NAME="432" Spot="1" />
 <COLOR RGB="#867e79" NAME="433" Spot="1" />
 <COLOR RGB="#9c948f" NAME="434" Spot="1" />
 <COLOR RGB="#afa7a2" NAME="435" Spot="1" />
 <COLOR RGB="#c0b9b3" NAME="436" Spot="1" />
 <COLOR RGB="#cfc8c3" NAME="437" Spot="1" />
 <COLOR RGB="#ddd7d2" NAME="438" Spot="1" />
 <COLOR RGB="#e3ded8" NAME="439" Spot="1" />
 <COLOR RGB="#57504f" NAME="441" Spot="1" />
 <COLOR RGB="#6b6566" NAME="442" Spot="1" />
 <COLOR RGB="#7f7a7b" NAME="443" Spot="1" />
 <COLOR RGB="#908c8c" NAME="444" Spot="1" />
 <COLOR RGB="#a6a2a2" NAME="445" Spot="1" />
 <COLOR RGB="#b9b5b4" NAME="446" Spot="1" />
 <COLOR RGB="#cac6c4" NAME="447" Spot="1" />
 <COLOR RGB="#d8d4d0" NAME="448" Spot="1" />
 <COLOR RGB="#dfdcd8" NAME="449" Spot="1" />
 <COLOR RGB="#ebaf43" NAME="451" Spot="1" />
 <COLOR RGB="#f0ba5b" NAME="452" Spot="1" />
 <COLOR RGB="#f4c76c" NAME="453" Spot="1" />
 <COLOR RGB="#f7d787" NAME="454" Spot="1" />
 <COLOR RGB="#f6e29d" NAME="455" Spot="1" />
 <COLOR RGB="#f8eab0" NAME="456" Spot="1" />
 <COLOR RGB="#f4edc0" NAME="457" Spot="1" />
 <COLOR RGB="#f5f2d3" NAME="458" Spot="1" />
 <COLOR RGB="#f6f1d7" NAME="459" Spot="1" />
 <COLOR RGB="#f2a347" NAME="461" Spot="1" />
 <COLOR RGB="#f5ad57" NAME="462" Spot="1" />
 <COLOR RGB="#f9bc68" NAME="463" Spot="1" />
 <COLOR RGB="#f8cb80" NAME="464" Spot="1" />
 <COLOR RGB="#f8d794" NAME="465" Spot="1" />
 <COLOR RGB="#f6e2a9" NAME="466" Spot="1" />
 <COLOR RGB="#f5e9bd" NAME="467" Spot="1" />
 <COLOR RGB="#f5eecc" NAME="468" Spot="1" />
 <COLOR RGB="#f4f1d8" NAME="469" Spot="1" />
 <COLOR RGB="#f29345" NAME="471" Spot="1" />
 <COLOR RGB="#f4a058" NAME="472" Spot="1" />
 <COLOR RGB="#f9b16a" NAME="473" Spot="1" />
 <COLOR RGB="#f9bf7e" NAME="474" Spot="1" />
 <COLOR RGB="#f8cf95" NAME="475" Spot="1" />
 <COLOR RGB="#f8dba9" NAME="476" Spot="1" />
 <COLOR RGB="#f7e5bd" NAME="477" Spot="1" />
 <COLOR RGB="#f6eacb" NAME="478" Spot="1" />
 <COLOR RGB="#f5edd4" NAME="479" Spot="1" />
 <COLOR RGB="#ef7d46" NAME="481" Spot="1" />
 <COLOR RGB="#f08856" NAME="482" Spot="1" />
 <COLOR RGB="#f59a69" NAME="483" Spot="1" />
 <COLOR RGB="#f9ac7c" NAME="484" Spot="1" />
 <COLOR RGB="#fabc91" NAME="485" Spot="1" />
 <COLOR RGB="#f9cdaa" NAME="486" Spot="1" />
 <COLOR RGB="#f8d9ba" NAME="487" Spot="1" />
 <COLOR RGB="#f9e5cd" NAME="488" Spot="1" />
 <COLOR RGB="#f6e7d2" NAME="489" Spot="1" />
 <COLOR RGB="#ea6849" NAME="491" Spot="1" />
 <COLOR RGB="#ed7454" NAME="492" Spot="1" />
 <COLOR RGB="#f48867" NAME="493" Spot="1" />
 <COLOR RGB="#f89b7c" NAME="494" Spot="1" />
 <COLOR RGB="#fbb094" NAME="495" Spot="1" />
 <COLOR RGB="#fcc0a9" NAME="496" Spot="1" />
 <COLOR RGB="#fcceba" NAME="497" Spot="1" />
 <COLOR RGB="#fbdbca" NAME="498" Spot="1" />
 <COLOR RGB="#f9e1d2" NAME="499" Spot="1" />
 <COLOR RGB="#d26248" NAME="501" Spot="1" />
 <COLOR RGB="#db705a" NAME="502" Spot="1" />
 <COLOR RGB="#e9836c" NAME="503" Spot="1" />
 <COLOR RGB="#f09781" NAME="504" Spot="1" />
 <COLOR RGB="#f5ab97" NAME="505" Spot="1" />
 <COLOR RGB="#f9bdac" NAME="506" Spot="1" />
 <COLOR RGB="#fbcdbe" NAME="507" Spot="1" />
 <COLOR RGB="#fadace" NAME="508" Spot="1" />
 <COLOR RGB="#f9e0d5" NAME="509" Spot="1" />
 <COLOR RGB="#da4c43" NAME="511" Spot="1" />
 <COLOR RGB="#df5954" NAME="512" Spot="1" />
 <COLOR RGB="#ec6b68" NAME="513" Spot="1" />
 <COLOR RGB="#f4817e" NAME="514" Spot="1" />
 <COLOR RGB="#f99696" NAME="515" Spot="1" />
 <COLOR RGB="#fcabac" NAME="516" Spot="1" />
 <COLOR RGB="#fdbebf" NAME="517" Spot="1" />
 <COLOR RGB="#fccdce" NAME="518" Spot="1" />
 <COLOR RGB="#fcd7d7" NAME="519" Spot="1" />
 <COLOR RGB="#c54d40" NAME="521" Spot="1" />
 <COLOR RGB="#d95b56" NAME="522" Spot="1" />
 <COLOR RGB="#e56e6c" NAME="523" Spot="1" />
 <COLOR RGB="#f08481" NAME="524" Spot="1" />
 <COLOR RGB="#f59899" NAME="525" Spot="1" />
 <COLOR RGB="#fbacac" NAME="526" Spot="1" />
 <COLOR RGB="#fbbfbf" NAME="527" Spot="1" />
 <COLOR RGB="#fbcdcb" NAME="528" Spot="1" />
 <COLOR RGB="#fbd2d2" NAME="529" Spot="1" />
 <COLOR RGB="#a96047" NAME="561" Spot="1" />
 <COLOR RGB="#b46d54" NAME="562" Spot="1" />
 <COLOR RGB="#c57d61" NAME="563" Spot="1" />
 <COLOR RGB="#d49277" NAME="564" Spot="1" />
 <COLOR RGB="#e0a78e" NAME="565" Spot="1" />
 <COLOR RGB="#e9baa2" NAME="566" Spot="1" />
 <COLOR RGB="#f1cbb3" NAME="567" Spot="1" />
 <COLOR RGB="#f4dac9" NAME="568" Spot="1" />
 <COLOR RGB="#f6e3d4" NAME="569" Spot="1" />
 <COLOR RGB="#974d3d" NAME="571" Spot="1" />
 <COLOR RGB="#9f5849" NAME="572" Spot="1" />
 <COLOR RGB="#b16858" NAME="573" Spot="1" />
 <COLOR RGB="#c37f6f" NAME="574" Spot="1" />
 <COLOR RGB="#cb8a78" NAME="575" Spot="1" />
 <COLOR RGB="#d99d8c" NAME="576" Spot="1" />
 <COLOR RGB="#e5b5a8" NAME="577" Spot="1" />
 <COLOR RGB="#ecc2b6" NAME="578" Spot="1" />
 <COLOR RGB="#f1d1c5" NAME="579" Spot="1" />
 <COLOR RGB="#9f4c3f" NAME="581" Spot="1" />
 <COLOR RGB="#ac5852" NAME="582" Spot="1" />
 <COLOR RGB="#bc6965" NAME="583" Spot="1" />
 <COLOR RGB="#d07e79" NAME="584" Spot="1" />
 <COLOR RGB="#de9591" NAME="585" Spot="1" />
 <COLOR RGB="#e9aaa5" NAME="586" Spot="1" />
 <COLOR RGB="#f0bdb8" NAME="587" Spot="1" />
 <COLOR RGB="#f3cdc8" NAME="588" Spot="1" />
 <COLOR RGB="#f6d3cf" NAME="589" Spot="1" />
 <COLOR RGB="#844f4e" NAME="591" Spot="1" />
 <COLOR RGB="#936568" NAME="592" Spot="1" />
 <COLOR RGB="#a37879" NAME="593" Spot="1" />
 <COLOR RGB="#b68e90" NAME="594" Spot="1" />
 <COLOR RGB="#c7a2a3" NAME="595" Spot="1" />
 <COLOR RGB="#d4b5b6" NAME="596" Spot="1" />
 <COLOR RGB="#dfc6c6" NAME="597" Spot="1" />
 <COLOR RGB="#e6d4d3" NAME="598" Spot="1" />
 <COLOR RGB="#eadad8" NAME="599" Spot="1" />
 <COLOR RGB="#894e4b" NAME="601" Spot="1" />
 <COLOR RGB="#976161" NAME="602" Spot="1" />
 <COLOR RGB="#a36f70" NAME="603" Spot="1" />
 <COLOR RGB="#b78888" NAME="604" Spot="1" />
 <COLOR RGB="#c79d9d" NAME="605" Spot="1" />
 <COLOR RGB="#d6b1b0" NAME="606" Spot="1" />
 <COLOR RGB="#e1c4c2" NAME="607" Spot="1" />
 <COLOR RGB="#e9d2d0" NAME="608" Spot="1" />
 <COLOR RGB="#ecd9d6" NAME="609" Spot="1" />
 <COLOR RGB="#924f4d" NAME="611" Spot="1" />
 <COLOR RGB="#a96060" NAME="612" Spot="1" />
 <COLOR RGB="#be7478" NAME="613" Spot="1" />
 <COLOR RGB="#d1888b" NAME="614" Spot="1" />
 <COLOR RGB="#dd9d9f" NAME="615" Spot="1" />
 <COLOR RGB="#eab3b4" NAME="616" Spot="1" />
 <COLOR RGB="#f2c4c5" NAME="617" Spot="1" />
 <COLOR RGB="#f6d2d1" NAME="618" Spot="1" />
 <COLOR RGB="#f7dedb" NAME="619" Spot="1" />
 <COLOR RGB="#93505a" NAME="621" Spot="1" />
 <COLOR RGB="#9d5e6e" NAME="622" Spot="1" />
 <COLOR RGB="#b17385" NAME="623" Spot="1" />
 <COLOR RGB="#c1889a" NAME="624" Spot="1" />
 <COLOR RGB="#d2a0af" NAME="625" Spot="1" />
 <COLOR RGB="#dfb3bf" NAME="626" Spot="1" />
 <COLOR RGB="#e7c7d0" NAME="627" Spot="1" />
 <COLOR RGB="#edd4d8" NAME="628" Spot="1" />
 <COLOR RGB="#f1dfe1" NAME="629" Spot="1" />
 <COLOR RGB="#84535b" NAME="631" Spot="1" />
 <COLOR RGB="#9a6976" NAME="632" Spot="1" />
 <COLOR RGB="#ac7a88" NAME="633" Spot="1" />
 <COLOR RGB="#bf919e" NAME="634" Spot="1" />
 <COLOR RGB="#d0a6af" NAME="635" Spot="1" />
 <COLOR RGB="#deb9c0" NAME="636" Spot="1" />
 <COLOR RGB="#e8c9cd" NAME="637" Spot="1" />
 <COLOR RGB="#efd9d9" NAME="638" Spot="1" />
 <COLOR RGB="#f2e1df" NAME="639" Spot="1" />
 <COLOR RGB="#775e72" NAME="671" Spot="1" />
 <COLOR RGB="#897289" NAME="672" Spot="1" />
 <COLOR RGB="#9a859c" NAME="673" Spot="1" />
 <COLOR RGB="#ad9baf" NAME="674" Spot="1" />
 <COLOR RGB="#bfafc0" NAME="675" Spot="1" />
 <COLOR RGB="#cec0ce" NAME="676" Spot="1" />
 <COLOR RGB="#dcd0d8" NAME="677" Spot="1" />
 <COLOR RGB="#e5dce1" NAME="678" Spot="1" />
 <COLOR RGB="#ece5e7" NAME="679" Spot="1" />
 <COLOR RGB="#756b8d" NAME="681" Spot="1" />
 <COLOR RGB="#8982a4" NAME="682" Spot="1" />
 <COLOR RGB="#9e97b7" NAME="683" Spot="1" />
 <COLOR RGB="#b1acc7" NAME="684" Spot="1" />
 <COLOR RGB="#c3bdd3" NAME="685" Spot="1" />
 <COLOR RGB="#d3cfdf" NAME="686" Spot="1" />
 <COLOR RGB="#ddd9e2" NAME="687" Spot="1" />
 <COLOR RGB="#e8e4e8" NAME="688" Spot="1" />
 <COLOR RGB="#ece9e9" NAME="689" Spot="1" />
 <COLOR RGB="#707da5" NAME="691" Spot="1" />
 <COLOR RGB="#8696ba" NAME="692" Spot="1" />
 <COLOR RGB="#9da9c7" NAME="693" Spot="1" />
 <COLOR RGB="#b1bbd3" NAME="694" Spot="1" />
 <COLOR RGB="#c3cbdc" NAME="695" Spot="1" />
 <COLOR RGB="#d4d9e3" NAME="696" Spot="1" />
 <COLOR RGB="#e0e4e8" NAME="697" Spot="1" />
 <COLOR RGB="#e9ebea" NAME="698" Spot="1" />
 <COLOR RGB="#eaedeb" NAME="699" Spot="1" />
 <COLOR RGB="#6688d3" NAME="701" Spot="1" />
 <COLOR RGB="#7ea0e2" NAME="702" Spot="1" />
 <COLOR RGB="#95b3e7" NAME="703" Spot="1" />
 <COLOR RGB="#abc3e7" NAME="704" Spot="1" />
 <COLOR RGB="#bcd0ea" NAME="705" Spot="1" />
 <COLOR RGB="#cddceb" NAME="706" Spot="1" />
 <COLOR RGB="#dbe4eb" NAME="707" Spot="1" />
 <COLOR RGB="#e5ecec" NAME="708" Spot="1" />
 <COLOR RGB="#e9edea" NAME="709" Spot="1" />
 <COLOR RGB="#5596d4" NAME="711" Spot="1" />
 <COLOR RGB="#70a9de" NAME="712" Spot="1" />
 <COLOR RGB="#8bbae4" NAME="713" Spot="1" />
 <COLOR RGB="#a4cae7" NAME="714" Spot="1" />
 <COLOR RGB="#b9d5e9" NAME="715" Spot="1" />
 <COLOR RGB="#cce0eb" NAME="716" Spot="1" />
 <COLOR RGB="#dae6ea" NAME="717" Spot="1" />
 <COLOR RGB="#e3eced" NAME="718" Spot="1" />
 <COLOR RGB="#e7edeb" NAME="719" Spot="1" />
 <COLOR RGB="#4298cb" NAME="721" Spot="1" />
 <COLOR RGB="#5fa8d2" NAME="722" Spot="1" />
 <COLOR RGB="#7cb9de" NAME="723" Spot="1" />
 <COLOR RGB="#97c7e3" NAME="724" Spot="1" />
 <COLOR RGB="#add4e8" NAME="725" Spot="1" />
 <COLOR RGB="#c3dfea" NAME="726" Spot="1" />
 <COLOR RGB="#d3e6eb" NAME="727" Spot="1" />
 <COLOR RGB="#e0ebeb" NAME="728" Spot="1" />
 <COLOR RGB="#e5eeec" NAME="729" Spot="1" />
 <COLOR RGB="#43a6c8" NAME="731" Spot="1" />
 <COLOR RGB="#68b6d3" NAME="732" Spot="1" />
 <COLOR RGB="#83c5dd" NAME="733" Spot="1" />
 <COLOR RGB="#a1d1e2" NAME="734" Spot="1" />
 <COLOR RGB="#b4dbe7" NAME="735" Spot="1" />
 <COLOR RGB="#c9e4e9" NAME="736" Spot="1" />
 <COLOR RGB="#d8eaea" NAME="737" Spot="1" />
 <COLOR RGB="#e3eeec" NAME="738" Spot="1" />
 <COLOR RGB="#e8f0eb" NAME="739" Spot="1" />
 <COLOR RGB="#52a5ae" NAME="741" Spot="1" />
 <COLOR RGB="#70b4be" NAME="742" Spot="1" />
 <COLOR RGB="#8bc4cb" NAME="743" Spot="1" />
 <COLOR RGB="#a2d1d6" NAME="744" Spot="1" />
 <COLOR RGB="#b4dce0" NAME="745" Spot="1" />
 <COLOR RGB="#c9e4e3" NAME="746" Spot="1" />
 <COLOR RGB="#d9ebe9" NAME="747" Spot="1" />
 <COLOR RGB="#e5efeb" NAME="748" Spot="1" />
 <COLOR RGB="#eaf0ea" NAME="749" Spot="1" />
 <COLOR RGB="#56a3b8" NAME="751" Spot="1" />
 <COLOR RGB="#70b3c5" NAME="752" Spot="1" />
 <COLOR RGB="#8dc4d3" NAME="753" Spot="1" />
 <COLOR RGB="#a5d0db" NAME="754" Spot="1" />
 <COLOR RGB="#badce2" NAME="755" Spot="1" />
 <COLOR RGB="#cbe4e6" NAME="756" Spot="1" />
 <COLOR RGB="#dbeae9" NAME="757" Spot="1" />
 <COLOR RGB="#e5efea" NAME="758" Spot="1" />
 <COLOR RGB="#eaf0ea" NAME="759" Spot="1" />
 <COLOR RGB="#5591c0" NAME="761" Spot="1" />
 <COLOR RGB="#73a8d3" NAME="762" Spot="1" />
 <COLOR RGB="#8ab8db" NAME="763" Spot="1" />
 <COLOR RGB="#a1c7e2" NAME="764" Spot="1" />
 <COLOR RGB="#b5d4e9" NAME="765" Spot="1" />
 <COLOR RGB="#c9dfea" NAME="766" Spot="1" />
 <COLOR RGB="#d9e7ed" NAME="767" Spot="1" />
 <COLOR RGB="#e5edec" NAME="768" Spot="1" />
 <COLOR RGB="#e6ece9" NAME="769" Spot="1" />
 <COLOR RGB="#6184a9" NAME="771" Spot="1" />
 <COLOR RGB="#7a9cbc" NAME="772" Spot="1" />
 <COLOR RGB="#8eadc9" NAME="773" Spot="1" />
 <COLOR RGB="#a5bed3" NAME="774" Spot="1" />
 <COLOR RGB="#bacfde" NAME="775" Spot="1" />
 <COLOR RGB="#c8d8e1" NAME="776" Spot="1" />
 <COLOR RGB="#d7e3e7" NAME="777" Spot="1" />
 <COLOR RGB="#e4edeb" NAME="778" Spot="1" />
 <COLOR RGB="#e8eeeb" NAME="779" Spot="1" />
 <COLOR RGB="#648fa1" NAME="781" Spot="1" />
 <COLOR RGB="#7aa2b3" NAME="782" Spot="1" />
 <COLOR RGB="#90b4c2" NAME="783" Spot="1" />
 <COLOR RGB="#a8c6d1" NAME="784" Spot="1" />
 <COLOR RGB="#b9d2d9" NAME="785" Spot="1" />
 <COLOR RGB="#c9dce0" NAME="786" Spot="1" />
 <COLOR RGB="#d8e5e5" NAME="787" Spot="1" />
 <COLOR RGB="#e4ebe8" NAME="788" Spot="1" />
 <COLOR RGB="#e5ece8" NAME="789" Spot="1" />
 <COLOR RGB="#567894" NAME="791" Spot="1" />
 <COLOR RGB="#688ca8" NAME="792" Spot="1" />
 <COLOR RGB="#7d9eb8" NAME="793" Spot="1" />
 <COLOR RGB="#a0bacb" NAME="794" Spot="1" />
 <COLOR RGB="#b9ccd7" NAME="795" Spot="1" />
 <COLOR RGB="#ccd9db" NAME="796" Spot="1" />
 <COLOR RGB="#dae2df" NAME="797" Spot="1" />
 <COLOR RGB="#e5eae4" NAME="798" Spot="1" />
 <COLOR RGB="#e8ece7" NAME="799" Spot="1" />
 <COLOR RGB="#61707c" NAME="831" Spot="1" />
 <COLOR RGB="#7a8a96" NAME="832" Spot="1" />
 <COLOR RGB="#909ea9" NAME="833" Spot="1" />
 <COLOR RGB="#a7b3bc" NAME="834" Spot="1" />
 <COLOR RGB="#b9c3ca" NAME="835" Spot="1" />
 <COLOR RGB="#cbd3d6" NAME="836" Spot="1" />
 <COLOR RGB="#dbe0df" NAME="837" Spot="1" />
 <COLOR RGB="#e3e7e4" NAME="838" Spot="1" />
 <COLOR RGB="#e8eae5" NAME="839" Spot="1" />
 <COLOR RGB="#5f7378" NAME="841" Spot="1" />
 <COLOR RGB="#71868d" NAME="842" Spot="1" />
 <COLOR RGB="#86999e" NAME="843" Spot="1" />
 <COLOR RGB="#9bacb0" NAME="844" Spot="1" />
 <COLOR RGB="#b0bec0" NAME="845" Spot="1" />
 <COLOR RGB="#c3cfcf" NAME="846" Spot="1" />
 <COLOR RGB="#d3dbd9" NAME="847" Spot="1" />
 <COLOR RGB="#dee5e0" NAME="848" Spot="1" />
 <COLOR RGB="#e4e8e2" NAME="849" Spot="1" />
 <COLOR RGB="#626d72" NAME="851" Spot="1" />
 <COLOR RGB="#74838a" NAME="852" Spot="1" />
 <COLOR RGB="#88959b" NAME="853" Spot="1" />
 <COLOR RGB="#9da9ad" NAME="854" Spot="1" />
 <COLOR RGB="#b1babd" NAME="855" Spot="1" />
 <COLOR RGB="#c2cacb" NAME="856" Spot="1" />
 <COLOR RGB="#d1d8d7" NAME="857" Spot="1" />
 <COLOR RGB="#dde1de" NAME="858" Spot="1" />
 <COLOR RGB="#e5e8e3" NAME="859" Spot="1" />
 <COLOR RGB="#5b6168" NAME="861" Spot="1" />
 <COLOR RGB="#6f7982" NAME="862" Spot="1" />
 <COLOR RGB="#868e96" NAME="863" Spot="1" />
 <COLOR RGB="#99a1a7" NAME="864" Spot="1" />
 <COLOR RGB="#b1b6ba" NAME="865" Spot="1" />
 <COLOR RGB="#c4c9cb" NAME="866" Spot="1" />
 <COLOR RGB="#d3d8d8" NAME="867" Spot="1" />
 <COLOR RGB="#dfe1df" NAME="868" Spot="1" />
 <COLOR RGB="#e1e3e1" NAME="869" Spot="1" />
 <COLOR RGB="#595a5d" NAME="871" Spot="1" />
 <COLOR RGB="#6f7278" NAME="872" Spot="1" />
 <COLOR RGB="#86898e" NAME="873" Spot="1" />
 <COLOR RGB="#a0a3a6" NAME="874" Spot="1" />
 <COLOR RGB="#adafb2" NAME="875" Spot="1" />
 <COLOR RGB="#bfbfbf" NAME="876" Spot="1" />
 <COLOR RGB="#d8d7d4" NAME="877" Spot="1" />
 <COLOR RGB="#e0e0dc" NAME="878" Spot="1" />
 <COLOR RGB="#e7e6e0" NAME="879" Spot="1" />
 <COLOR RGB="#504e4c" NAME="881" Spot="1" />
 <COLOR RGB="#656465" NAME="882" Spot="1" />
 <COLOR RGB="#757475" NAME="883" Spot="1" />
 <COLOR RGB="#8a8989" NAME="884" Spot="1" />
 <COLOR RGB="#9e9d9c" NAME="885" Spot="1" />
 <COLOR RGB="#b6b4b3" NAME="886" Spot="1" />
 <COLOR RGB="#c3c2c0" NAME="887" Spot="1" />
 <COLOR RGB="#d5d3ce" NAME="888" Spot="1" />
 <COLOR RGB="#dedcd8" NAME="889" Spot="1" />
 <COLOR RGB="#514f4d" NAME="891" Spot="1" />
 <COLOR RGB="#626162" NAME="892" Spot="1" />
 <COLOR RGB="#767675" NAME="893" Spot="1" />
 <COLOR RGB="#8e8d8c" NAME="894" Spot="1" />
 <COLOR RGB="#9b9a99" NAME="895" Spot="1" />
 <COLOR RGB="#b3b1ae" NAME="896" Spot="1" />
 <COLOR RGB="#ceccc9" NAME="897" Spot="1" />
 <COLOR RGB="#dbd9d4" NAME="898" Spot="1" />
 <COLOR RGB="#e2e0da" NAME="899" Spot="1" />
 <COLOR RGB="#555050" NAME="901" Spot="1" />
 <COLOR RGB="#666466" NAME="902" Spot="1" />
 <COLOR RGB="#7e7b7c" NAME="903" Spot="1" />
 <COLOR RGB="#918e8e" NAME="904" Spot="1" />
 <COLOR RGB="#aaa7a6" NAME="905" Spot="1" />
 <COLOR RGB="#bcb9b7" NAME="906" Spot="1" />
 <COLOR RGB="#cbc8c6" NAME="907" Spot="1" />
 <COLOR RGB="#dad8d4" NAME="908" Spot="1" />
 <COLOR RGB="#dddcd8" NAME="909" Spot="1" />
 <COLOR RGB="#5e5a53" NAME="911" Spot="1" />
 <COLOR RGB="#6f6b64" NAME="912" Spot="1" />
 <COLOR RGB="#847f76" NAME="913" Spot="1" />
 <COLOR RGB="#979389" NAME="914" Spot="1" />
 <COLOR RGB="#aca79e" NAME="915" Spot="1" />
 <COLOR RGB="#bebab1" NAME="916" Spot="1" />
 <COLOR RGB="#cfcbc3" NAME="917" Spot="1" />
 <COLOR RGB="#dbd9d3" NAME="918" Spot="1" />
 <COLOR RGB="#dfddd6" NAME="919" Spot="1" />
 <COLOR RGB="#5b5851" NAME="921" Spot="1" />
 <COLOR RGB="#6a6860" NAME="922" Spot="1" />
 <COLOR RGB="#7d7b72" NAME="923" Spot="1" />
 <COLOR RGB="#98968c" NAME="924" Spot="1" />
 <COLOR RGB="#a5a299" NAME="925" Spot="1" />
 <COLOR RGB="#bbb7ae" NAME="926" Spot="1" />
 <COLOR RGB="#d4d0c5" NAME="927" Spot="1" />
 <COLOR RGB="#e0dcd1" NAME="928" Spot="1" />
 <COLOR RGB="#e5e1d7" NAME="929" Spot="1" />
 <COLOR RGB="#625d50" NAME="931" Spot="1" />
 <COLOR RGB="#746e61" NAME="932" Spot="1" />
 <COLOR RGB="#867f70" NAME="933" Spot="1" />
 <COLOR RGB="#9d9687" NAME="934" Spot="1" />
 <COLOR RGB="#b1ab9e" NAME="935" Spot="1" />
 <COLOR RGB="#c1bcaf" NAME="936" Spot="1" />
 <COLOR RGB="#d1ccbf" NAME="937" Spot="1" />
 <COLOR RGB="#ddd9ce" NAME="938" Spot="1" />
 <COLOR RGB="#e2ded4" NAME="939" Spot="1" />
 <COLOR RGB="#5f675e" NAME="971" Spot="1" />
 <COLOR RGB="#747d76" NAME="972" Spot="1" />
 <COLOR RGB="#869089" NAME="973" Spot="1" />
 <COLOR RGB="#99a19b" NAME="974" Spot="1" />
 <COLOR RGB="#aeb5af" NAME="975" Spot="1" />
 <COLOR RGB="#c2c7c0" NAME="976" Spot="1" />
 <COLOR RGB="#cdd3cd" NAME="977" Spot="1" />
 <COLOR RGB="#dcddd5" NAME="978" Spot="1" />
 <COLOR RGB="#e5e7dd" NAME="979" Spot="1" />
 <COLOR RGB="#678882" NAME="981" Spot="1" />
 <COLOR RGB="#7c9c98" NAME="982" Spot="1" />
 <COLOR RGB="#92afaa" NAME="983" Spot="1" />
 <COLOR RGB="#a8c0bb" NAME="984" Spot="1" />
 <COLOR RGB="#b9cfc9" NAME="985" Spot="1" />
 <COLOR RGB="#cadad5" NAME="986" Spot="1" />
 <COLOR RGB="#d8e3dd" NAME="987" Spot="1" />
 <COLOR RGB="#e4ebe4" NAME="988" Spot="1" />
 <COLOR RGB="#e7ece5" NAME="989" Spot="1" />
 <COLOR RGB="#5cb0b0" NAME="991" Spot="1" />
 <COLOR RGB="#75bebf" NAME="992" Spot="1" />
 <COLOR RGB="#8fcbcb" NAME="993" Spot="1" />
 <COLOR RGB="#a5d6d6" NAME="994" Spot="1" />
 <COLOR RGB="#bce1de" NAME="995" Spot="1" />
 <COLOR RGB="#cce7e4" NAME="996" Spot="1" />
 <COLOR RGB="#dbece6" NAME="997" Spot="1" />
 <COLOR RGB="#e5f0e9" NAME="998" Spot="1" />
 <COLOR RGB="#e8f1ea" NAME="999" Spot="1" />
 <COLOR RGB="#649b83" NAME="1001" Spot="1" />
 <COLOR RGB="#76a995" NAME="1002" Spot="1" />
 <COLOR RGB="#8ebba9" NAME="1003" Spot="1" />
 <COLOR RGB="#a3caba" NAME="1004" Spot="1" />
 <COLOR RGB="#b8d6c8" NAME="1005" Spot="1" />
 <COLOR RGB="#c8dfd3" NAME="1006" Spot="1" />
 <COLOR RGB="#d9e8de" NAME="1007" Spot="1" />
 <COLOR RGB="#e4efe6" NAME="1008" Spot="1" />
 <COLOR RGB="#e6f0e5" NAME="1009" Spot="1" />
 <COLOR RGB="#64926d" NAME="1011" Spot="1" />
 <COLOR RGB="#75a181" NAME="1012" Spot="1" />
 <COLOR RGB="#89b193" NAME="1013" Spot="1" />
 <COLOR RGB="#a1c2a8" NAME="1014" Spot="1" />
 <COLOR RGB="#b5d1bc" NAME="1015" Spot="1" />
 <COLOR RGB="#c8deca" NAME="1016" Spot="1" />
 <COLOR RGB="#d7e6d6" NAME="1017" Spot="1" />
 <COLOR RGB="#e2ebde" NAME="1018" Spot="1" />
 <COLOR RGB="#e6ede1" NAME="1019" Spot="1" />
 <COLOR RGB="#727c5f" NAME="1021" Spot="1" />
 <COLOR RGB="#81896f" NAME="1022" Spot="1" />
 <COLOR RGB="#90997e" NAME="1023" Spot="1" />
 <COLOR RGB="#a4ac93" NAME="1024" Spot="1" />
 <COLOR RGB="#b6bda6" NAME="1025" Spot="1" />
 <COLOR RGB="#c7ccb7" NAME="1026" Spot="1" />
 <COLOR RGB="#d5d9c7" NAME="1027" Spot="1" />
 <COLOR RGB="#e1e2d3" NAME="1028" Spot="1" />
 <COLOR RGB="#e8e9dc" NAME="1029" Spot="1" />
 <COLOR RGB="#6f8861" NAME="1031" Spot="1" />
 <COLOR RGB="#7d9673" NAME="1032" Spot="1" />
 <COLOR RGB="#90a785" NAME="1033" Spot="1" />
 <COLOR RGB="#a4b799" NAME="1034" Spot="1" />
 <COLOR RGB="#b9c8ad" NAME="1035" Spot="1" />
 <COLOR RGB="#cad6bd" NAME="1036" Spot="1" />
 <COLOR RGB="#d8e0cd" NAME="1037" Spot="1" />
 <COLOR RGB="#e1e6d6" NAME="1038" Spot="1" />
 <COLOR RGB="#e7eadd" NAME="1039" Spot="1" />
 <COLOR RGB="#61a871" NAME="1041" Spot="1" />
 <COLOR RGB="#73b586" NAME="1042" Spot="1" />
 <COLOR RGB="#8ec499" NAME="1043" Spot="1" />
 <COLOR RGB="#a6d3ae" NAME="1044" Spot="1" />
 <COLOR RGB="#b7dcbc" NAME="1045" Spot="1" />
 <COLOR RGB="#cae5cb" NAME="1046" Spot="1" />
 <COLOR RGB="#d7ead6" NAME="1047" Spot="1" />
 <COLOR RGB="#e3eede" NAME="1048" Spot="1" />
 <COLOR RGB="#e6eddf" NAME="1049" Spot="1" />
 <COLOR RGB="#72c06e" NAME="1051" Spot="1" />
 <COLOR RGB="#87cc80" NAME="1052" Spot="1" />
 <COLOR RGB="#9ed893" NAME="1053" Spot="1" />
 <COLOR RGB="#b3e2a4" NAME="1054" Spot="1" />
 <COLOR RGB="#c6e8b7" NAME="1055" Spot="1" />
 <COLOR RGB="#d3edc6" NAME="1056" Spot="1" />
 <COLOR RGB="#e1efd3" NAME="1057" Spot="1" />
 <COLOR RGB="#e9f2dd" NAME="1058" Spot="1" />
 <COLOR RGB="#edf2e1" NAME="1059" Spot="1" />
 <COLOR RGB="#80aa59" NAME="1061" Spot="1" />
 <COLOR RGB="#8cb46a" NAME="1062" Spot="1" />
 <COLOR RGB="#a0c27e" NAME="1063" Spot="1" />
 <COLOR RGB="#b3d093" NAME="1064" Spot="1" />
 <COLOR RGB="#c5dba8" NAME="1065" Spot="1" />
 <COLOR RGB="#d4e4b9" NAME="1066" Spot="1" />
 <COLOR RGB="#e0eac9" NAME="1067" Spot="1" />
 <COLOR RGB="#e6eed5" NAME="1068" Spot="1" />
 <COLOR RGB="#ecf0de" NAME="1069" Spot="1" />
 <COLOR RGB="#889e58" NAME="1071" Spot="1" />
 <COLOR RGB="#96aa68" NAME="1072" Spot="1" />
 <COLOR RGB="#a7b977" NAME="1073" Spot="1" />
 <COLOR RGB="#b7c68a" NAME="1074" Spot="1" />
 <COLOR RGB="#c7d39d" NAME="1075" Spot="1" />
 <COLOR RGB="#d8e0b5" NAME="1076" Spot="1" />
 <COLOR RGB="#e3e8c7" NAME="1077" Spot="1" />
 <COLOR RGB="#eaedd3" NAME="1078" Spot="1" />
 <COLOR RGB="#edefda" NAME="1079" Spot="1" />
 <COLOR RGB="#b1c049" NAME="1111" Spot="1" />
 <COLOR RGB="#c1cb5d" NAME="1112" Spot="1" />
 <COLOR RGB="#cbd56e" NAME="1113" Spot="1" />
 <COLOR RGB="#d9df83" NAME="1114" Spot="1" />
 <COLOR RGB="#e1e699" NAME="1115" Spot="1" />
 <COLOR RGB="#e8ecaf" NAME="1116" Spot="1" />
 <COLOR RGB="#edefbe" NAME="1117" Spot="1" />
 <COLOR RGB="#eff2cf" NAME="1118" Spot="1" />
 <COLOR RGB="#f1f2d4" NAME="1119" Spot="1" />
 <COLOR RGB="#c4d948" NAME="1121" Spot="1" />
 <COLOR RGB="#cbdf58" NAME="1122" Spot="1" />
 <COLOR RGB="#d7e66e" NAME="1123" Spot="1" />
 <COLOR RGB="#e1eb86" NAME="1124" Spot="1" />
 <COLOR RGB="#e6ef9b" NAME="1125" Spot="1" />
 <COLOR RGB="#ebf1b2" NAME="1126" Spot="1" />
 <COLOR RGB="#eef1c1" NAME="1127" Spot="1" />
 <COLOR RGB="#eff1cf" NAME="1128" Spot="1" />
 <COLOR RGB="#f2f3da" NAME="1129" Spot="1" />
 <COLOR RGB="#949b53" NAME="1131" Spot="1" />
 <COLOR RGB="#a1a863" NAME="1132" Spot="1" />
 <COLOR RGB="#b3b878" NAME="1133" Spot="1" />
 <COLOR RGB="#c1c78b" NAME="1134" Spot="1" />
 <COLOR RGB="#d0d5a1" NAME="1135" Spot="1" />
 <COLOR RGB="#dadeae" NAME="1136" Spot="1" />
 <COLOR RGB="#e6e8c5" NAME="1137" Spot="1" />
 <COLOR RGB="#eaebd0" NAME="1138" Spot="1" />
 <COLOR RGB="#ededd8" NAME="1139" Spot="1" />
 <COLOR RGB="#a1a94e" NAME="1141" Spot="1" />
 <COLOR RGB="#adb45c" NAME="1142" Spot="1" />
 <COLOR RGB="#bac16c" NAME="1143" Spot="1" />
 <COLOR RGB="#c9d186" NAME="1144" Spot="1" />
 <COLOR RGB="#d6dc99" NAME="1145" Spot="1" />
 <COLOR RGB="#e0e4ab" NAME="1146" Spot="1" />
 <COLOR RGB="#e8ebbc" NAME="1147" Spot="1" />
 <COLOR RGB="#eceecb" NAME="1148" Spot="1" />
 <COLOR RGB="#eff0d4" NAME="1149" Spot="1" />
 <COLOR RGB="#d2c941" NAME="1151" Spot="1" />
 <COLOR RGB="#d9d158" NAME="1152" Spot="1" />
 <COLOR RGB="#e1db6d" NAME="1153" Spot="1" />
 <COLOR RGB="#e8e384" NAME="1154" Spot="1" />
 <COLOR RGB="#eeea9d" NAME="1155" Spot="1" />
 <COLOR RGB="#f0eeaf" NAME="1156" Spot="1" />
 <COLOR RGB="#f1f0c1" NAME="1157" Spot="1" />
 <COLOR RGB="#f2f2d1" NAME="1158" Spot="1" />
 <COLOR RGB="#f1f0d6" NAME="1159" Spot="1" />
 <COLOR RGB="#e1cb47" NAME="1161" Spot="1" />
 <COLOR RGB="#e2d259" NAME="1162" Spot="1" />
 <COLOR RGB="#eadb6e" NAME="1163" Spot="1" />
 <COLOR RGB="#efe486" NAME="1164" Spot="1" />
 <COLOR RGB="#f0e99c" NAME="1165" Spot="1" />
 <COLOR RGB="#f1eeb1" NAME="1166" Spot="1" />
 <COLOR RGB="#f2f1c2" NAME="1167" Spot="1" />
 <COLOR RGB="#f2f2ca" NAME="1168" Spot="1" />
 <COLOR RGB="#f3f2d8" NAME="1169" Spot="1" />
</SCRIBUSCOLORS>