<?xml version="1.0" encoding="UTF-8"?>
<SCRIBUSCOLORS Name="Baumit Edelputz">
 <COLOR RGB="#e9e5d5" NAME="Baumit A121" Spot="1" />
 <COLOR RGB="#ecead3" NAME="Baumit A123" Spot="1" />
 <COLOR RGB="#e9e8ce" NAME="Baumit A124" Spot="1" />
 <COLOR RGB="#ecebc3" NAME="Baumit A125" Spot="1" />
 <COLOR RGB="#eae6b2" NAME="Baumit A127" Spot="1" />
 <COLOR RGB="#efe9d2" NAME="Baumit A151" Spot="1" />
 <COLOR RGB="#efdfbd" NAME="Baumit A152" Spot="1" />
 <COLOR RGB="#eedbb3" NAME="Baumit A153" Spot="1" />
 <COLOR RGB="#edd4a5" NAME="Baumit A154" Spot="1" />
 <COLOR RGB="#eac78e" NAME="Baumit A155" Spot="1" />
 <COLOR RGB="#e3bc7a" NAME="Baumit A157" Spot="1" />
 <COLOR RGB="#eee1cf" NAME="Baumit A171" Spot="1" />
 <COLOR RGB="#ede0ce" NAME="Baumit A172" Spot="1" />
 <COLOR RGB="#edd8bc" NAME="Baumit A173" Spot="1" />
 <COLOR RGB="#e6c094" NAME="Baumit A175" Spot="1" />
 <COLOR RGB="#dbb07e" NAME="Baumit A177" Spot="1" />
 <COLOR RGB="#f1e2d1" NAME="Baumit A181" Spot="1" />
 <COLOR RGB="#e9c9b3" NAME="Baumit A183" Spot="1" />
 <COLOR RGB="#d8a383" NAME="Baumit A185" Spot="1" />
 <COLOR RGB="#ebd8d1" NAME="Baumit A191" Spot="1" />
 <COLOR RGB="#efd9da" NAME="Baumit A192" Spot="1" />
 <COLOR RGB="#d7b9b8" NAME="Baumit A193" Spot="1" />
 <COLOR RGB="#b28689" NAME="Baumit A195" Spot="1" />
 <COLOR RGB="#d6cbc4" NAME="Baumit A211" Spot="1" />
 <COLOR RGB="#cbb6b4" NAME="Baumit A213" Spot="1" />
 <COLOR RGB="#a48e8d" NAME="Baumit A215" Spot="1" />
 <COLOR RGB="#e5e9e3" NAME="Baumit A251" Spot="1" />
 <COLOR RGB="#d6e2df" NAME="Baumit A252" Spot="1" />
 <COLOR RGB="#ccdbdf" NAME="Baumit A253" Spot="1" />
 <COLOR RGB="#adcce2" NAME="Baumit A255" Spot="1" />
 <COLOR RGB="#8cb4db" NAME="Baumit A257" Spot="1" />
 <COLOR RGB="#e3e4d6" NAME="Baumit A261" Spot="1" />
 <COLOR RGB="#dee4d4" NAME="Baumit A262" Spot="1" />
 <COLOR RGB="#ced7c6" NAME="Baumit A263" Spot="1" />
 <COLOR RGB="#a7baa6" NAME="Baumit A265" Spot="1" />
 <COLOR RGB="#95ab95" NAME="Baumit A267" Spot="1" />
 <COLOR RGB="#e5d7c6" NAME="Baumit A282" Spot="1" />
 <COLOR RGB="#c6aa91" NAME="Baumit A284" Spot="1" />
 <COLOR RGB="#a98b73" NAME="Baumit A286" Spot="1" />
 <COLOR RGB="#c0bfb4" NAME="Baumit B151" Spot="1" />
 <COLOR RGB="#c6bca0" NAME="Baumit B153" Spot="1" />
 <COLOR RGB="#c4b18a" NAME="Baumit B155" Spot="1" />
 <COLOR RGB="#c9a973" NAME="Baumit B157" Spot="1" />
 <COLOR RGB="#776665" NAME="Baumit B238" Spot="1" />
 <COLOR RGB="#b6b8b4" NAME="Baumit B253" Spot="1" />
 <COLOR RGB="#9cabb1" NAME="Baumit B255" Spot="1" />
 <COLOR RGB="#8ca3b2" NAME="Baumit B257" Spot="1" />
 <COLOR RGB="#d5d3ca" NAME="Baumit B270" Spot="1" />
 <COLOR RGB="#b9b7af" NAME="Baumit B271" Spot="1" />
 <COLOR RGB="#a8a8a4" NAME="Baumit B273" Spot="1" />
 <COLOR RGB="#727376" NAME="Baumit B278" Spot="1" />
 <COLOR RGB="#876858" NAME="Baumit B2910" Spot="1" />
 <COLOR RGB="#c1b4a8" NAME="Baumit B292" Spot="1" />
 <COLOR RGB="#ae9d90" NAME="Baumit B294" Spot="1" />
 <COLOR RGB="#957b6d" NAME="Baumit B296" Spot="1" />
 <COLOR RGB="#886f62" NAME="Baumit B298" Spot="1" />
 <COLOR RGB="#c2b7a7" NAME="Baumit B302" Spot="1" />
 <COLOR RGB="#c3af97" NAME="Baumit B304" Spot="1" />
 <COLOR RGB="#b39375" NAME="Baumit B306" Spot="1" />
 <COLOR RGB="#a78261" NAME="Baumit B308" Spot="1" />
 <COLOR RGB="#b8b5a5" NAME="Baumit B312" Spot="1" />
 <COLOR RGB="#b6b39d" NAME="Baumit B314" Spot="1" />
 <COLOR RGB="#9a9371" NAME="Baumit B316" Spot="1" />
 <COLOR RGB="#9c8b6a" NAME="Baumit B318" Spot="1" />
 <COLOR RGB="#c0b49e" NAME="Baumit B322" Spot="1" />
 <COLOR RGB="#c0a789" NAME="Baumit B324" Spot="1" />
 <COLOR RGB="#bf9368" NAME="Baumit B326" Spot="1" />
 <COLOR RGB="#c29165" NAME="Baumit B328" Spot="1" />
 <COLOR RGB="#776252" NAME="Baumit B3310" Spot="1" />
 <COLOR RGB="#836050" NAME="Baumit B3510" Spot="1" />
</SCRIBUSCOLORS>