<?xml version="1.0" encoding="UTF-8"?>
<SCRIBUSCOLORS Name="Baumit Granolan">
 <COLOR RGB="#d9dddc" NAME="Baumit 0A9" Spot="1" />
 <COLOR RGB="#ddded2" NAME="Baumit 0K9" Spot="1" />
 <COLOR RGB="#ece5d2" NAME="Baumit 0M9" Spot="1" />
 <COLOR RGB="#e0d2cb" NAME="Baumit 0R9" Spot="1" />
 <COLOR RGB="#e2dcd7" NAME="Baumit 0U9" Spot="1" />
 <COLOR RGB="#e2e1da" NAME="Baumit 0W7" Spot="1" />
 <COLOR RGB="#e6e4dc" NAME="Baumit 0W9" Spot="1" />
 <COLOR RGB="#677da5" NAME="Baumit 1A1" Spot="1" />
 <COLOR RGB="#8396b7" NAME="Baumit 1A3" Spot="1" />
 <COLOR RGB="#a7b5cd" NAME="Baumit 1A5" Spot="1" />
 <COLOR RGB="#c1ccda" NAME="Baumit 1A7" Spot="1" />
 <COLOR RGB="#d2d7da" NAME="Baumit 1A9" Spot="1" />
 <COLOR RGB="#b87b4f" NAME="Baumit 1C1" Spot="1" />
 <COLOR RGB="#ce9769" NAME="Baumit 1C3" Spot="1" />
 <COLOR RGB="#dcac81" NAME="Baumit 1C5" Spot="1" />
 <COLOR RGB="#e1c2a1" NAME="Baumit 1C7" Spot="1" />
 <COLOR RGB="#e8d4bd" NAME="Baumit 1C9" Spot="1" />
 <COLOR RGB="#79565a" NAME="Baumit 1F1" Spot="1" />
 <COLOR RGB="#947378" NAME="Baumit 1F3" Spot="1" />
 <COLOR RGB="#b39699" NAME="Baumit 1F5" Spot="1" />
 <COLOR RGB="#c6b1b3" NAME="Baumit 1F7" Spot="1" />
 <COLOR RGB="#d4c6c6" NAME="Baumit 1F9" Spot="1" />
 <COLOR RGB="#e5c10f" NAME="Baumit 1G1" Spot="1" />
 <COLOR RGB="#ecd34d" NAME="Baumit 1G3" Spot="1" />
 <COLOR RGB="#ebdf7f" NAME="Baumit 1G5" Spot="1" />
 <COLOR RGB="#e9e5a9" NAME="Baumit 1G7" Spot="1" />
 <COLOR RGB="#ebe8c4" NAME="Baumit 1G9" Spot="1" />
 <COLOR RGB="#66a594" NAME="Baumit 1J1" Spot="1" />
 <COLOR RGB="#89bcad" NAME="Baumit 1J3" Spot="1" />
 <COLOR RGB="#b2cfc7" NAME="Baumit 1J5" Spot="1" />
 <COLOR RGB="#c9dbd3" NAME="Baumit 1J7" Spot="1" />
 <COLOR RGB="#d6dfd8" NAME="Baumit 1J9" Spot="1" />
 <COLOR RGB="#6c8768" NAME="Baumit 1K1" Spot="1" />
 <COLOR RGB="#879f82" NAME="Baumit 1K3" Spot="1" />
 <COLOR RGB="#a5b79f" NAME="Baumit 1K5" Spot="1" />
 <COLOR RGB="#c1cdbc" NAME="Baumit 1K7" Spot="1" />
 <COLOR RGB="#d2d7cc" NAME="Baumit 1K9" Spot="1" />
 <COLOR RGB="#d5a339" NAME="Baumit 1M1" Spot="1" />
 <COLOR RGB="#e2b85a" NAME="Baumit 1M3" Spot="1" />
 <COLOR RGB="#eace82" NAME="Baumit 1M5" Spot="1" />
 <COLOR RGB="#e9daa7" NAME="Baumit 1M7" Spot="1" />
 <COLOR RGB="#e9e0bd" NAME="Baumit 1M9" Spot="1" />
 <COLOR RGB="#84bb55" NAME="Baumit 1O1" Spot="1" />
 <COLOR RGB="#a3cb77" NAME="Baumit 1O3" Spot="1" />
 <COLOR RGB="#bed895" NAME="Baumit 1O5" Spot="1" />
 <COLOR RGB="#d0dcb2" NAME="Baumit 1O7" Spot="1" />
 <COLOR RGB="#dce1c7" NAME="Baumit 1O9" Spot="1" />
 <COLOR RGB="#dc7043" NAME="Baumit 1R1" Spot="1" />
 <COLOR RGB="#e79163" NAME="Baumit 1R3" Spot="1" />
 <COLOR RGB="#e8aa82" NAME="Baumit 1R5" Spot="1" />
 <COLOR RGB="#ebc3a3" NAME="Baumit 1R7" Spot="1" />
 <COLOR RGB="#ebd7c1" NAME="Baumit 1R9" Spot="1" />
 <COLOR RGB="#626059" NAME="Baumit 1S1" Spot="1" />
 <COLOR RGB="#7a786f" NAME="Baumit 1S3" Spot="1" />
 <COLOR RGB="#9b988e" NAME="Baumit 1S5" Spot="1" />
 <COLOR RGB="#b7b4ab" NAME="Baumit 1S7" Spot="1" />
 <COLOR RGB="#cfcdc5" NAME="Baumit 1S9" Spot="1" />
 <COLOR RGB="#59b2c5" NAME="Baumit 1T1" Spot="1" />
 <COLOR RGB="#7ebfcd" NAME="Baumit 1T3" Spot="1" />
 <COLOR RGB="#a9d0d6" NAME="Baumit 1T5" Spot="1" />
 <COLOR RGB="#c1d7d9" NAME="Baumit 1T7" Spot="1" />
 <COLOR RGB="#cfdad7" NAME="Baumit 1T9" Spot="1" />
 <COLOR RGB="#8b6050" NAME="Baumit 1U1" Spot="1" />
 <COLOR RGB="#a47967" NAME="Baumit 1U3" Spot="1" />
 <COLOR RGB="#bd9989" NAME="Baumit 1U5" Spot="1" />
 <COLOR RGB="#d3b7a8" NAME="Baumit 1U7" Spot="1" />
 <COLOR RGB="#dfcdc2" NAME="Baumit 1U9" Spot="1" />
 <COLOR RGB="#755fa1" NAME="Baumit 1V1" Spot="1" />
 <COLOR RGB="#957fbc" NAME="Baumit 1V3" Spot="1" />
 <COLOR RGB="#b5a3d2" NAME="Baumit 1V5" Spot="1" />
 <COLOR RGB="#c7b9d7" NAME="Baumit 1V7" Spot="1" />
 <COLOR RGB="#d8d1dc" NAME="Baumit 1V9" Spot="1" />
 <COLOR RGB="#8c5c53" NAME="Baumit 1Z1" Spot="1" />
 <COLOR RGB="#a6766b" NAME="Baumit 1Z3" Spot="1" />
 <COLOR RGB="#bc9388" NAME="Baumit 1Z5" Spot="1" />
 <COLOR RGB="#ccaea4" NAME="Baumit 1Z7" Spot="1" />
 <COLOR RGB="#decac1" NAME="Baumit 1Z9" Spot="1" />
 <COLOR RGB="#627c96" NAME="Baumit 2A1" Spot="1" />
 <COLOR RGB="#7a91a6" NAME="Baumit 2A3" Spot="1" />
 <COLOR RGB="#9cb0c0" NAME="Baumit 2A5" Spot="1" />
 <COLOR RGB="#b9c5ce" NAME="Baumit 2A7" Spot="1" />
 <COLOR RGB="#ccd3d6" NAME="Baumit 2A9" Spot="1" />
 <COLOR RGB="#855c67" NAME="Baumit 2F1" Spot="1" />
 <COLOR RGB="#a67b88" NAME="Baumit 2F3" Spot="1" />
 <COLOR RGB="#c09ba4" NAME="Baumit 2F5" Spot="1" />
 <COLOR RGB="#d7bbc0" NAME="Baumit 2F7" Spot="1" />
 <COLOR RGB="#dbcaca" NAME="Baumit 2F9" Spot="1" />
 <COLOR RGB="#e2b528" NAME="Baumit 2G1" Spot="1" />
 <COLOR RGB="#e5c44f" NAME="Baumit 2G3" Spot="1" />
 <COLOR RGB="#e9d67d" NAME="Baumit 2G5" Spot="1" />
 <COLOR RGB="#e8dfa1" NAME="Baumit 2G7" Spot="1" />
 <COLOR RGB="#e9e6c1" NAME="Baumit 2G9" Spot="1" />
 <COLOR RGB="#6a9980" NAME="Baumit 2J1" Spot="1" />
 <COLOR RGB="#8ab29e" NAME="Baumit 2J3" Spot="1" />
 <COLOR RGB="#adcaba" NAME="Baumit 2J5" Spot="1" />
 <COLOR RGB="#c1d4c9" NAME="Baumit 2J7" Spot="1" />
 <COLOR RGB="#d3ddd5" NAME="Baumit 2J9" Spot="1" />
 <COLOR RGB="#718961" NAME="Baumit 2K1" Spot="1" />
 <COLOR RGB="#8ba27a" NAME="Baumit 2K3" Spot="1" />
 <COLOR RGB="#afc19e" NAME="Baumit 2K5" Spot="1" />
 <COLOR RGB="#c7d1b8" NAME="Baumit 2K7" Spot="1" />
 <COLOR RGB="#d3d9c8" NAME="Baumit 2K9" Spot="1" />
 <COLOR RGB="#c79447" NAME="Baumit 2M1" Spot="1" />
 <COLOR RGB="#d9ac61" NAME="Baumit 2M3" Spot="1" />
 <COLOR RGB="#e2bf80" NAME="Baumit 2M5" Spot="1" />
 <COLOR RGB="#ecd3a4" NAME="Baumit 2M7" Spot="1" />
 <COLOR RGB="#efe1c3" NAME="Baumit 2M9" Spot="1" />
 <COLOR RGB="#adbc35" NAME="Baumit 2O1" Spot="1" />
 <COLOR RGB="#c8cc56" NAME="Baumit 2O3" Spot="1" />
 <COLOR RGB="#d6d883" NAME="Baumit 2O5" Spot="1" />
 <COLOR RGB="#dfdfa9" NAME="Baumit 2O7" Spot="1" />
 <COLOR RGB="#e2e2c2" NAME="Baumit 2O9" Spot="1" />
 <COLOR RGB="#d75c48" NAME="Baumit 2R1" Spot="1" />
 <COLOR RGB="#e37e66" NAME="Baumit 2R3" Spot="1" />
 <COLOR RGB="#eb9d88" NAME="Baumit 2R5" Spot="1" />
 <COLOR RGB="#e9b5a7" NAME="Baumit 2R7" Spot="1" />
 <COLOR RGB="#ebcabe" NAME="Baumit 2R9" Spot="1" />
 <COLOR RGB="#5b5b59" NAME="Baumit 2S1" Spot="1" />
 <COLOR RGB="#777774" NAME="Baumit 2S3" Spot="1" />
 <COLOR RGB="#969591" NAME="Baumit 2S5" Spot="1" />
 <COLOR RGB="#b2b2af" NAME="Baumit 2S7" Spot="1" />
 <COLOR RGB="#cdcdca" NAME="Baumit 2S9" Spot="1" />
 <COLOR RGB="#51bbc0" NAME="Baumit 2T1" Spot="1" />
 <COLOR RGB="#85cacf" NAME="Baumit 2T3" Spot="1" />
 <COLOR RGB="#a7d3d4" NAME="Baumit 2T5" Spot="1" />
 <COLOR RGB="#c1d8d4" NAME="Baumit 2T7" Spot="1" />
 <COLOR RGB="#d9e4de" NAME="Baumit 2T9" Spot="1" />
 <COLOR RGB="#63504c" NAME="Baumit 2U1" Spot="1" />
 <COLOR RGB="#7d6763" NAME="Baumit 2U3" Spot="1" />
 <COLOR RGB="#9b857f" NAME="Baumit 2U5" Spot="1" />
 <COLOR RGB="#b9a69f" NAME="Baumit 2U7" Spot="1" />
 <COLOR RGB="#ccbfbc" NAME="Baumit 2U9" Spot="1" />
 <COLOR RGB="#727390" NAME="Baumit 2V1" Spot="1" />
 <COLOR RGB="#9192ab" NAME="Baumit 2V3" Spot="1" />
 <COLOR RGB="#b0b2c7" NAME="Baumit 2V5" Spot="1" />
 <COLOR RGB="#c5c5d1" NAME="Baumit 2V7" Spot="1" />
 <COLOR RGB="#d4d5d9" NAME="Baumit 2V9" Spot="1" />
 <COLOR RGB="#965748" NAME="Baumit 2Z1" Spot="1" />
 <COLOR RGB="#aa6b5b" NAME="Baumit 2Z3" Spot="1" />
 <COLOR RGB="#c58b7a" NAME="Baumit 2Z5" Spot="1" />
 <COLOR RGB="#d7a99a" NAME="Baumit 2Z7" Spot="1" />
 <COLOR RGB="#e2c3b7" NAME="Baumit 2Z9" Spot="1" />
 <COLOR RGB="#59859e" NAME="Baumit 3A1" Spot="1" />
 <COLOR RGB="#7ba2b9" NAME="Baumit 3A3" Spot="1" />
 <COLOR RGB="#a1bfd0" NAME="Baumit 3A5" Spot="1" />
 <COLOR RGB="#bacdd6" NAME="Baumit 3A7" Spot="1" />
 <COLOR RGB="#d0dadb" NAME="Baumit 3A9" Spot="1" />
 <COLOR RGB="#758f58" NAME="Baumit 3K1" Spot="1" />
 <COLOR RGB="#93aa72" NAME="Baumit 3K3" Spot="1" />
 <COLOR RGB="#b1c291" NAME="Baumit 3K5" Spot="1" />
 <COLOR RGB="#c7d1af" NAME="Baumit 3K7" Spot="1" />
 <COLOR RGB="#d3d7c2" NAME="Baumit 3K9" Spot="1" />
 <COLOR RGB="#c78949" NAME="Baumit 3M1" Spot="1" />
 <COLOR RGB="#dca260" NAME="Baumit 3M3" Spot="1" />
 <COLOR RGB="#e3b881" NAME="Baumit 3M5" Spot="1" />
 <COLOR RGB="#eed1a9" NAME="Baumit 3M7" Spot="1" />
 <COLOR RGB="#ecdcbf" NAME="Baumit 3M9" Spot="1" />
 <COLOR RGB="#d6564b" NAME="Baumit 3R1" Spot="1" />
 <COLOR RGB="#e5726b" NAME="Baumit 3R3" Spot="1" />
 <COLOR RGB="#e68e8b" NAME="Baumit 3R5" Spot="1" />
 <COLOR RGB="#e8abab" NAME="Baumit 3R7" Spot="1" />
 <COLOR RGB="#e9c3c3" NAME="Baumit 3R9" Spot="1" />
 <COLOR RGB="#5f5a5d" NAME="Baumit 3S1" Spot="1" />
 <COLOR RGB="#777275" NAME="Baumit 3S3" Spot="1" />
 <COLOR RGB="#8e8b8c" NAME="Baumit 3S5" Spot="1" />
 <COLOR RGB="#b3b0b0" NAME="Baumit 3S7" Spot="1" />
 <COLOR RGB="#c6c6c6" NAME="Baumit 3S9" Spot="1" />
 <COLOR RGB="#65504e" NAME="Baumit 3U1" Spot="1" />
 <COLOR RGB="#7c6664" NAME="Baumit 3U3" Spot="1" />
 <COLOR RGB="#9c8885" NAME="Baumit 3U5" Spot="1" />
 <COLOR RGB="#baa9a6" NAME="Baumit 3U7" Spot="1" />
 <COLOR RGB="#cdc1be" NAME="Baumit 3U9" Spot="1" />
 <COLOR RGB="#8a4e47" NAME="Baumit 3Z1" Spot="1" />
 <COLOR RGB="#a2655f" NAME="Baumit 3Z3" Spot="1" />
 <COLOR RGB="#ba817a" NAME="Baumit 3Z5" Spot="1" />
 <COLOR RGB="#d2a8a1" NAME="Baumit 3Z7" Spot="1" />
 <COLOR RGB="#dbbcb6" NAME="Baumit 3Z9" Spot="1" />
 <COLOR RGB="#5e91c6" NAME="Baumit 4A1" Spot="1" />
 <COLOR RGB="#78aad8" NAME="Baumit 4A3" Spot="1" />
 <COLOR RGB="#9bbfda" NAME="Baumit 4A5" Spot="1" />
 <COLOR RGB="#bed2df" NAME="Baumit 4A7" Spot="1" />
 <COLOR RGB="#d0dee3" NAME="Baumit 4A9" Spot="1" />
 <COLOR RGB="#c7824d" NAME="Baumit 4M1" Spot="1" />
 <COLOR RGB="#d89b63" NAME="Baumit 4M3" Spot="1" />
 <COLOR RGB="#e7b687" NAME="Baumit 4M5" Spot="1" />
 <COLOR RGB="#edcdab" NAME="Baumit 4M7" Spot="1" />
 <COLOR RGB="#ecdac2" NAME="Baumit 4M9" Spot="1" />
 <COLOR RGB="#a95a58" NAME="Baumit 4R1" Spot="1" />
 <COLOR RGB="#c57273" NAME="Baumit 4R3" Spot="1" />
 <COLOR RGB="#da9091" NAME="Baumit 4R5" Spot="1" />
 <COLOR RGB="#deacae" NAME="Baumit 4R7" Spot="1" />
 <COLOR RGB="#e5c4c5" NAME="Baumit 4R9" Spot="1" />
 <COLOR RGB="#58595c" NAME="Baumit 4S1" Spot="1" />
 <COLOR RGB="#717276" NAME="Baumit 4S3" Spot="1" />
 <COLOR RGB="#919295" NAME="Baumit 4S5" Spot="1" />
 <COLOR RGB="#b3b3b4" NAME="Baumit 4S7" Spot="1" />
 <COLOR RGB="#c8c8c7" NAME="Baumit 4S9" Spot="1" />
 <COLOR RGB="#5b4f4c" NAME="Baumit 4U1" Spot="1" />
 <COLOR RGB="#736461" NAME="Baumit 4U3" Spot="1" />
 <COLOR RGB="#91827e" NAME="Baumit 4U5" Spot="1" />
 <COLOR RGB="#afa29d" NAME="Baumit 4U7" Spot="1" />
 <COLOR RGB="#c4bcb7" NAME="Baumit 4U9" Spot="1" />
 <COLOR RGB="#8e4f46" NAME="Baumit 4Z1" Spot="1" />
 <COLOR RGB="#a25f53" NAME="Baumit 4Z3" Spot="1" />
 <COLOR RGB="#bd8075" NAME="Baumit 4Z5" Spot="1" />
 <COLOR RGB="#d2a299" NAME="Baumit 4Z7" Spot="1" />
 <COLOR RGB="#ddbcb4" NAME="Baumit 4Z9" Spot="1" />
 <COLOR RGB="#53a0c6" NAME="Baumit 5A1" Spot="1" />
 <COLOR RGB="#7cb5d2" NAME="Baumit 5A3" Spot="1" />
 <COLOR RGB="#a3cadb" NAME="Baumit 5A5" Spot="1" />
 <COLOR RGB="#c0d7dd" NAME="Baumit 5A7" Spot="1" />
 <COLOR RGB="#cfd9d9" NAME="Baumit 5A9" Spot="1" />
 <COLOR RGB="#815050" NAME="Baumit 5R1" Spot="1" />
 <COLOR RGB="#9a6869" NAME="Baumit 5R3" Spot="1" />
 <COLOR RGB="#b28887" NAME="Baumit 5R5" Spot="1" />
 <COLOR RGB="#cdacab" NAME="Baumit 5R7" Spot="1" />
 <COLOR RGB="#d9c2be" NAME="Baumit 5R9" Spot="1" />
 <COLOR RGB="#4e4f53" NAME="Baumit 5S1" Spot="1" />
 <COLOR RGB="#66676b" NAME="Baumit 5S3" Spot="1" />
 <COLOR RGB="#858688" NAME="Baumit 5S5" Spot="1" />
 <COLOR RGB="#a7a8a9" NAME="Baumit 5S7" Spot="1" />
 <COLOR RGB="#c1c2c2" NAME="Baumit 5S9" Spot="1" />
 <COLOR RGB="#67594f" NAME="Baumit 5U1" Spot="1" />
 <COLOR RGB="#807064" NAME="Baumit 5U3" Spot="1" />
 <COLOR RGB="#9f8f82" NAME="Baumit 5U5" Spot="1" />
 <COLOR RGB="#bbaea2" NAME="Baumit 5U7" Spot="1" />
 <COLOR RGB="#cec5bb" NAME="Baumit 5U9" Spot="1" />
 <COLOR RGB="#57606a" NAME="Baumit 6S1" Spot="1" />
 <COLOR RGB="#747e87" NAME="Baumit 6S3" Spot="1" />
 <COLOR RGB="#949ca3" NAME="Baumit 6S5" Spot="1" />
 <COLOR RGB="#b5bbc0" NAME="Baumit 6S7" Spot="1" />
 <COLOR RGB="#bcc1c4" NAME="Baumit 6S9" Spot="1" />
</SCRIBUSCOLORS>