<?xml version="1.0" encoding="UTF-8"?>
<SCRIBUSCOLORS Name="Baumann System Prase">
 <COLOR RGB="#f2eee6" NAME="Baumann-Prase 1·W" Spot="1" />
 <COLOR RGB="#dad8d4" NAME="Baumann-Prase 2·1X" Spot="1" />
 <COLOR RGB="#bfc0bf" NAME="Baumann-Prase 3·2X" Spot="1" />
 <COLOR RGB="#afb0b0" NAME="Baumann-Prase 4·3X" Spot="1" />
 <COLOR RGB="#9e9fa1" NAME="Baumann-Prase 5·4X" Spot="1" />
 <COLOR RGB="#878889" NAME="Baumann-Prase 6·5X" Spot="1" />
 <COLOR RGB="#7b7d7f" NAME="Baumann-Prase 7·6X" Spot="1" />
 <COLOR RGB="#717275" NAME="Baumann-Prase 8·7X" Spot="1" />
 <COLOR RGB="#5d5e60" NAME="Baumann-Prase 9·8X" Spot="1" />
 <COLOR RGB="#57585a" NAME="Baumann-Prase 10·9X" Spot="1" />
 <COLOR RGB="#4d4e4f" NAME="Baumann-Prase 11·10X" Spot="1" />
 <COLOR RGB="#424243" NAME="Baumann-Prase 12·11X" Spot="1" />
 <COLOR RGB="#3a3a3a" NAME="Baumann-Prase 13·12X" Spot="1" />
 <COLOR RGB="#302f2e" NAME="Baumann-Prase 14·X" Spot="1" />
 <COLOR RGB="#b5aaa7" NAME="Baumann-Prase 15·2 Pr 3" Spot="1" />
 <COLOR RGB="#968d8d" NAME="Baumann-Prase 16·4 Pr 3" Spot="1" />
 <COLOR RGB="#78706e" NAME="Baumann-Prase 17·6 Pr 3" Spot="1" />
 <COLOR RGB="#665e5e" NAME="Baumann-Prase 18·8 Pr 3" Spot="1" />
 <COLOR RGB="#564f4f" NAME="Baumann-Prase 19·10 Pr 3" Spot="1" />
 <COLOR RGB="#3f3a3a" NAME="Baumann-Prase 20·12 Pr 3" Spot="1" />
 <COLOR RGB="#b9aca8" NAME="Baumann-Prase 21·2 Rp 4" Spot="1" />
 <COLOR RGB="#978885" NAME="Baumann-Prase 22·4 Rp 4" Spot="1" />
 <COLOR RGB="#887876" NAME="Baumann-Prase 23·6 Rp 4" Spot="1" />
 <COLOR RGB="#6f6260" NAME="Baumann-Prase 24·8 Rp 4" Spot="1" />
 <COLOR RGB="#574b4b" NAME="Baumann-Prase 25·10 Rp 4" Spot="1" />
 <COLOR RGB="#3b3332" NAME="Baumann-Prase 26·12 Rp 4" Spot="1" />
 <COLOR RGB="#c6b1aa" NAME="Baumann-Prase 27·2 R 4" Spot="1" />
 <COLOR RGB="#9a837e" NAME="Baumann-Prase 28·4 R 4" Spot="1" />
 <COLOR RGB="#826967" NAME="Baumann-Prase 29·6 R 4" Spot="1" />
 <COLOR RGB="#6d5754" NAME="Baumann-Prase 30·8 R 4" Spot="1" />
 <COLOR RGB="#5c4744" NAME="Baumann-Prase 31·10 R 4" Spot="1" />
 <COLOR RGB="#473735" NAME="Baumann-Prase 32·12 R 4" Spot="1" />
 <COLOR RGB="#c0b2a9" NAME="Baumann-Prase 33·2 Ro 5" Spot="1" />
 <COLOR RGB="#a1928e" NAME="Baumann-Prase 34·4 Ro 5" Spot="1" />
 <COLOR RGB="#87756d" NAME="Baumann-Prase 35·6 Ro 5" Spot="1" />
 <COLOR RGB="#6a5952" NAME="Baumann-Prase 36·8 Ro 5" Spot="1" />
 <COLOR RGB="#554640" NAME="Baumann-Prase 37·10 Ro 5" Spot="1" />
 <COLOR RGB="#443733" NAME="Baumann-Prase 38·12 Ro 5" Spot="1" />
 <COLOR RGB="#beab9d" NAME="Baumann-Prase 39·2 Or 6" Spot="1" />
 <COLOR RGB="#a08f84" NAME="Baumann-Prase 40·4 Or 6" Spot="1" />
 <COLOR RGB="#917c6f" NAME="Baumann-Prase 41·6 Or 6" Spot="1" />
 <COLOR RGB="#746055" NAME="Baumann-Prase 42·8 Or 6" Spot="1" />
 <COLOR RGB="#58463d" NAME="Baumann-Prase 43·10 Or 6" Spot="1" />
 <COLOR RGB="#4a3d37" NAME="Baumann-Prase 44·12 Or 6" Spot="1" />
 <COLOR RGB="#c5b8ac" NAME="Baumann-Prase 45·2 O 7" Spot="1" />
 <COLOR RGB="#a09288" NAME="Baumann-Prase 46·4 O 7" Spot="1" />
 <COLOR RGB="#827468" NAME="Baumann-Prase 47·6 O 7" Spot="1" />
 <COLOR RGB="#6c5d51" NAME="Baumann-Prase 48·8 O 7" Spot="1" />
 <COLOR RGB="#584b41" NAME="Baumann-Prase 49·10 O 7" Spot="1" />
 <COLOR RGB="#463c37" NAME="Baumann-Prase 50·12 O 7" Spot="1" />
 <COLOR RGB="#b9afa0" NAME="Baumann-Prase 51·2 Oc 7" Spot="1" />
 <COLOR RGB="#ac9d8c" NAME="Baumann-Prase 52·4 Oc 7" Spot="1" />
 <COLOR RGB="#85766a" NAME="Baumann-Prase 53·6 Oc 7" Spot="1" />
 <COLOR RGB="#695c50" NAME="Baumann-Prase 54·8 Oc 7" Spot="1" />
 <COLOR RGB="#52473c" NAME="Baumann-Prase 55·10 Oc 7" Spot="1" />
 <COLOR RGB="#473e3a" NAME="Baumann-Prase 56·12 Oc 7" Spot="1" />
 <COLOR RGB="#beb5aa" NAME="Baumann-Prase 57·2 CO 8" Spot="1" />
 <COLOR RGB="#9b938b" NAME="Baumann-Prase 58·4 CO 8" Spot="1" />
 <COLOR RGB="#776e65" NAME="Baumann-Prase 59·6 CO 8" Spot="1" />
 <COLOR RGB="#655c56" NAME="Baumann-Prase 60·8 CO 8" Spot="1" />
 <COLOR RGB="#514b45" NAME="Baumann-Prase 61·10 CO 8" Spot="1" />
 <COLOR RGB="#3e3935" NAME="Baumann-Prase 62·12 CO 8" Spot="1" />
 <COLOR RGB="#c5b59d" NAME="Baumann-Prase 63·2 Co 9" Spot="1" />
 <COLOR RGB="#a49785" NAME="Baumann-Prase 64·4 Co 9" Spot="1" />
 <COLOR RGB="#807767" NAME="Baumann-Prase 65·6 Co 9" Spot="1" />
 <COLOR RGB="#61584e" NAME="Baumann-Prase 66·8 Co 9" Spot="1" />
 <COLOR RGB="#524a41" NAME="Baumann-Prase 67·10 Co 9" Spot="1" />
 <COLOR RGB="#3b3732" NAME="Baumann-Prase 68·12 Co 9" Spot="1" />
 <COLOR RGB="#b4afa8" NAME="Baumann-Prase 69·2 C 10" Spot="1" />
 <COLOR RGB="#95928a" NAME="Baumann-Prase 70·4 C 10" Spot="1" />
 <COLOR RGB="#74706a" NAME="Baumann-Prase 71·6 C 10" Spot="1" />
 <COLOR RGB="#63605b" NAME="Baumann-Prase 72·8 C 10" Spot="1" />
 <COLOR RGB="#4e4a45" NAME="Baumann-Prase 73·10 C 10" Spot="1" />
 <COLOR RGB="#3b3937" NAME="Baumann-Prase 74·12 C 10" Spot="1" />
 <COLOR RGB="#bfb9a6" NAME="Baumann-Prase 75·2 Cg 9" Spot="1" />
 <COLOR RGB="#979283" NAME="Baumann-Prase 76·4 Cg 9" Spot="1" />
 <COLOR RGB="#787366" NAME="Baumann-Prase 77·6 Cg 9" Spot="1" />
 <COLOR RGB="#635e53" NAME="Baumann-Prase 78·8 Cg 9" Spot="1" />
 <COLOR RGB="#4f4a40" NAME="Baumann-Prase 79·10 Cg 9" Spot="1" />
 <COLOR RGB="#433e37" NAME="Baumann-Prase 80·12 Cg 9" Spot="1" />
 <COLOR RGB="#bab3a4" NAME="Baumann-Prase 81·2 Cgg 8" Spot="1" />
 <COLOR RGB="#918d83" NAME="Baumann-Prase 82·4 Cgg 8" Spot="1" />
 <COLOR RGB="#6e6a61" NAME="Baumann-Prase 83·6 Cgg 8" Spot="1" />
 <COLOR RGB="#5c5951" NAME="Baumann-Prase 84·8 Cgg 8" Spot="1" />
 <COLOR RGB="#494640" NAME="Baumann-Prase 85·10 Cgg 8" Spot="1" />
 <COLOR RGB="#333230" NAME="Baumann-Prase 86·12 Cgg 8" Spot="1" />
 <COLOR RGB="#b9baa8" NAME="Baumann-Prase 87·2 Gcc 7" Spot="1" />
 <COLOR RGB="#9b9a8d" NAME="Baumann-Prase 88·4 Gcc 7" Spot="1" />
 <COLOR RGB="#78766a" NAME="Baumann-Prase 89·6 Gcc 7" Spot="1" />
 <COLOR RGB="#69695f" NAME="Baumann-Prase 90·8 Gcc 7" Spot="1" />
 <COLOR RGB="#54544e" NAME="Baumann-Prase 91·10 Gcc 7" Spot="1" />
 <COLOR RGB="#3b3b37" NAME="Baumann-Prase 92·12 Gcc 7" Spot="1" />
 <COLOR RGB="#bbbeb3" NAME="Baumann-Prase 93·2 Gc 6" Spot="1" />
 <COLOR RGB="#999e90" NAME="Baumann-Prase 94·4 Gc 6" Spot="1" />
 <COLOR RGB="#868c7b" NAME="Baumann-Prase 95·6 Gc 6" Spot="1" />
 <COLOR RGB="#64685d" NAME="Baumann-Prase 96·8 Gc 6" Spot="1" />
 <COLOR RGB="#4e5449" NAME="Baumann-Prase 97·10 Gc 6" Spot="1" />
 <COLOR RGB="#3c3d38" NAME="Baumann-Prase 98·12 Gc 6" Spot="1" />
 <COLOR RGB="#aab5b1" NAME="Baumann-Prase 99·2 Gb 6" Spot="1" />
 <COLOR RGB="#909c99" NAME="Baumann-Prase 100·4 Gb 6" Spot="1" />
 <COLOR RGB="#6f7c75" NAME="Baumann-Prase 101·6 Gb 6" Spot="1" />
 <COLOR RGB="#5b6560" NAME="Baumann-Prase 102·8 Gb 6" Spot="1" />
 <COLOR RGB="#474e4a" NAME="Baumann-Prase 103·10 Gb 6" Spot="1" />
 <COLOR RGB="#373b3b" NAME="Baumann-Prase 104·12 Gb 6" Spot="1" />
 <COLOR RGB="#a5b5b2" NAME="Baumann-Prase 105·2 Gbb 5" Spot="1" />
 <COLOR RGB="#85938e" NAME="Baumann-Prase 106·4 Gbb 5" Spot="1" />
 <COLOR RGB="#717d7a" NAME="Baumann-Prase 107·6 Gbb 5" Spot="1" />
 <COLOR RGB="#596362" NAME="Baumann-Prase 108·8 Gbb 5" Spot="1" />
 <COLOR RGB="#414a4c" NAME="Baumann-Prase 109·10 Gbb 5" Spot="1" />
 <COLOR RGB="#31373c" NAME="Baumann-Prase 110·12 Gbb 5" Spot="1" />
 <COLOR RGB="#b8bfc0" NAME="Baumann-Prase 111·2 Bgg 4" Spot="1" />
 <COLOR RGB="#90999d" NAME="Baumann-Prase 112·4 Bgg 4" Spot="1" />
 <COLOR RGB="#71797b" NAME="Baumann-Prase 113·6 Bgg 4" Spot="1" />
 <COLOR RGB="#565d5f" NAME="Baumann-Prase 114·8 Bgg 4" Spot="1" />
 <COLOR RGB="#425054" NAME="Baumann-Prase 115·10 Bgg 4" Spot="1" />
 <COLOR RGB="#2b3039" NAME="Baumann-Prase 116·12 Bgg 4" Spot="1" />
 <COLOR RGB="#aeb9be" NAME="Baumann-Prase 117·2 Bg 4" Spot="1" />
 <COLOR RGB="#86939b" NAME="Baumann-Prase 118·4 Bg 4" Spot="1" />
 <COLOR RGB="#6b7d89" NAME="Baumann-Prase 119·6 Bg 4" Spot="1" />
 <COLOR RGB="#4d5d67" NAME="Baumann-Prase 120·8 Bg 4" Spot="1" />
 <COLOR RGB="#3c4450" NAME="Baumann-Prase 121·10 Bg 4" Spot="1" />
 <COLOR RGB="#31323b" NAME="Baumann-Prase 122·12 Bg 4" Spot="1" />
 <COLOR RGB="#a3afb5" NAME="Baumann-Prase 123·2 B 4" Spot="1" />
 <COLOR RGB="#727f88" NAME="Baumann-Prase 124·4 B 4" Spot="1" />
 <COLOR RGB="#65737e" NAME="Baumann-Prase 125·6 B 4" Spot="1" />
 <COLOR RGB="#4b5661" NAME="Baumann-Prase 126·8 B 4" Spot="1" />
 <COLOR RGB="#3e4755" NAME="Baumann-Prase 127·10 B 4" Spot="1" />
 <COLOR RGB="#2f3139" NAME="Baumann-Prase 128·12 B 4" Spot="1" />
 <COLOR RGB="#afb4bd" NAME="Baumann-Prase 129·2 Bv 3" Spot="1" />
 <COLOR RGB="#8c939d" NAME="Baumann-Prase 130·4 Bv 3" Spot="1" />
 <COLOR RGB="#6b707a" NAME="Baumann-Prase 131·6 Bv 3" Spot="1" />
 <COLOR RGB="#545862" NAME="Baumann-Prase 132·8 Bv 3" Spot="1" />
 <COLOR RGB="#40434d" NAME="Baumann-Prase 133·10 Bv 3" Spot="1" />
 <COLOR RGB="#34343c" NAME="Baumann-Prase 134·12 Bv 3" Spot="1" />
 <COLOR RGB="#a8a6b7" NAME="Baumann-Prase 135·2 Vb 3" Spot="1" />
 <COLOR RGB="#908e9b" NAME="Baumann-Prase 136·4 Vb 3" Spot="1" />
 <COLOR RGB="#726f7d" NAME="Baumann-Prase 137·6 Vb 3" Spot="1" />
 <COLOR RGB="#5d5967" NAME="Baumann-Prase 138·8 Vb 3" Spot="1" />
 <COLOR RGB="#47444f" NAME="Baumann-Prase 139·10 Vb 3" Spot="1" />
 <COLOR RGB="#3a333b" NAME="Baumann-Prase 140·12 Vb 3" Spot="1" />
 <COLOR RGB="#b2adb1" NAME="Baumann-Prase 141·2 V 2" Spot="1" />
 <COLOR RGB="#979297" NAME="Baumann-Prase 142·4 V 2" Spot="1" />
 <COLOR RGB="#706b73" NAME="Baumann-Prase 143·6 V 2" Spot="1" />
 <COLOR RGB="#5e595e" NAME="Baumann-Prase 144·8 V 2" Spot="1" />
 <COLOR RGB="#464248" NAME="Baumann-Prase 145·10 V 2" Spot="1" />
 <COLOR RGB="#39363b" NAME="Baumann-Prase 146·12 V 2" Spot="1" />
 <COLOR RGB="#b7afb1" NAME="Baumann-Prase 147·2 Vp 2" Spot="1" />
 <COLOR RGB="#998f92" NAME="Baumann-Prase 148·4 Vp 2" Spot="1" />
 <COLOR RGB="#7a6e76" NAME="Baumann-Prase 149·6 Vp 2" Spot="1" />
 <COLOR RGB="#5f585f" NAME="Baumann-Prase 150·8 Vp 2" Spot="1" />
 <COLOR RGB="#484147" NAME="Baumann-Prase 151·10 Vp 2" Spot="1" />
 <COLOR RGB="#3a3336" NAME="Baumann-Prase 152·12 Vp 2" Spot="1" />
 <COLOR RGB="#baacad" NAME="Baumann-Prase 153·2 Pv 2" Spot="1" />
 <COLOR RGB="#99888d" NAME="Baumann-Prase 154·4 Pv 2" Spot="1" />
 <COLOR RGB="#7e6d73" NAME="Baumann-Prase 155·6 Pv 2" Spot="1" />
 <COLOR RGB="#67575b" NAME="Baumann-Prase 156·8 Pv 2" Spot="1" />
 <COLOR RGB="#52464a" NAME="Baumann-Prase 157·10 Pv 2" Spot="1" />
 <COLOR RGB="#3d373a" NAME="Baumann-Prase 158·12 Pv 2" Spot="1" />
 <COLOR RGB="#d5c5bd" NAME="Baumann-Prase 32a·1 R 4½" Spot="1" />
 <COLOR RGB="#aa9990" NAME="Baumann-Prase 32b·3 R 4½" Spot="1" />
 <COLOR RGB="#82736f" NAME="Baumann-Prase 32c·5 R 4½" Spot="1" />
 <COLOR RGB="#766763" NAME="Baumann-Prase 32d·7 R 4½" Spot="1" />
 <COLOR RGB="#ae9f95" NAME="Baumann-Prase 44a·3 Or 6½" Spot="1" />
 <COLOR RGB="#8d8279" NAME="Baumann-Prase 44b·5 Or 6½" Spot="1" />
 <COLOR RGB="#746862" NAME="Baumann-Prase 44c·7 Or 6½" Spot="1" />
 <COLOR RGB="#cac2b9" NAME="Baumann-Prase 56a·1 Oc 7½" Spot="1" />
 <COLOR RGB="#a19991" NAME="Baumann-Prase 56b·3 Oc 7½" Spot="1" />
 <COLOR RGB="#857e79" NAME="Baumann-Prase 56c·5 Oc 7½" Spot="1" />
 <COLOR RGB="#6e6a66" NAME="Baumann-Prase 56d·7 Oc 7½" Spot="1" />
 <COLOR RGB="#a5a39c" NAME="Baumann-Prase 68a·3 Co 9½" Spot="1" />
 <COLOR RGB="#807e7a" NAME="Baumann-Prase 68b·5 Co 9½" Spot="1" />
 <COLOR RGB="#6b6763" NAME="Baumann-Prase 68c·7 Co 9½" Spot="1" />
 <COLOR RGB="#c9c4bb" NAME="Baumann-Prase 80a·1 Cg 9½" Spot="1" />
 <COLOR RGB="#a29f96" NAME="Baumann-Prase 80b·3 Cg 9½" Spot="1" />
 <COLOR RGB="#838079" NAME="Baumann-Prase 80c·5 Cg 9½" Spot="1" />
 <COLOR RGB="#cac8be" NAME="Baumann-Prase 98a·1 Gc 6½" Spot="1" />
 <COLOR RGB="#9b9b93" NAME="Baumann-Prase 98b·3 Gc 6½" Spot="1" />
 <COLOR RGB="#86837a" NAME="Baumann-Prase 98c·5 Gc 6½" Spot="1" />
 <COLOR RGB="#a2a4a0" NAME="Baumann-Prase 110a·1 Gbb 5½" Spot="1" />
 <COLOR RGB="#7f8683" NAME="Baumann-Prase 110b·3 Gbb 5½" Spot="1" />
 <COLOR RGB="#6a706f" NAME="Baumann-Prase 110c·5 Gbb 5½" Spot="1" />
 <COLOR RGB="#c6c8c4" NAME="Baumann-Prase 128a·1 B 4½" Spot="1" />
 <COLOR RGB="#9a9fa4" NAME="Baumann-Prase 128b·3 B 4½" Spot="1" />
 <COLOR RGB="#7a8187" NAME="Baumann-Prase 128c·5 B 4½" Spot="1" />
 <COLOR RGB="#666b71" NAME="Baumann-Prase 128d·7 B 4½" Spot="1" />
 <COLOR RGB="#a69ea1" NAME="Baumann-Prase 140a·3 Vb 3½" Spot="1" />
 <COLOR RGB="#7f7b80" NAME="Baumann-Prase 140b·5 Vb 3½" Spot="1" />
 <COLOR RGB="#6b686e" NAME="Baumann-Prase 140c·7 Vb 3½" Spot="1" />
 <COLOR RGB="#cfc1b9" NAME="Baumann-Prase 158a·1 Pv 2½" Spot="1" />
 <COLOR RGB="#a39797" NAME="Baumann-Prase 158b·3 Pv 2½" Spot="1" />
 <COLOR RGB="#827877" NAME="Baumann-Prase 158c·5 Pv 2½" Spot="1" />
 <COLOR RGB="#6a6263" NAME="Baumann-Prase 158d·7 Pv 2½" Spot="1" />
 <COLOR RGB="#f3dee2" NAME="Baumann-Prase 159·W-Pr" Spot="1" />
 <COLOR RGB="#f7e3da" NAME="Baumann-Prase 160·W-R" Spot="1" />
 <COLOR RGB="#f5e9d9" NAME="Baumann-Prase 161·W-Or" Spot="1" />
 <COLOR RGB="#f7ead2" NAME="Baumann-Prase 162·W-Oc" Spot="1" />
 <COLOR RGB="#e9e1c7" NAME="Baumann-Prase 163·W-Co" Spot="1" />
 <COLOR RGB="#f2eed2" NAME="Baumann-Prase 164·W-Cg" Spot="1" />
 <COLOR RGB="#eeeed3" NAME="Baumann-Prase 165·W-Gcc" Spot="1" />
 <COLOR RGB="#efeee4" NAME="Baumann-Prase 166·W-Gb" Spot="1" />
 <COLOR RGB="#e7ede6" NAME="Baumann-Prase 167·W-Bgg" Spot="1" />
 <COLOR RGB="#f2f4f2" NAME="Baumann-Prase 168·W-B" Spot="1" />
 <COLOR RGB="#e3dfdc" NAME="Baumann-Prase 169·W-Vb" Spot="1" />
 <COLOR RGB="#e4d7d3" NAME="Baumann-Prase 170·W-Vp" Spot="1" />
 <COLOR RGB="#866852" NAME="Baumann-Prase m" Spot="1" />
 <COLOR RGB="#a46f3d" NAME="Baumann-Prase l" Spot="1" />
 <COLOR RGB="#9b723b" NAME="Baumann-Prase k" Spot="1" />
 <COLOR RGB="#9a743d" NAME="Baumann-Prase j" Spot="1" />
 <COLOR RGB="#987c46" NAME="Baumann-Prase i" Spot="1" />
 <COLOR RGB="#917b49" NAME="Baumann-Prase h" Spot="1" />
 <COLOR RGB="#a9944d" NAME="Baumann-Prase g" Spot="1" />
 <COLOR RGB="#a99254" NAME="Baumann-Prase f" Spot="1" />
 <COLOR RGB="#a58c56" NAME="Baumann-Prase e" Spot="1" />
 <COLOR RGB="#a78954" NAME="Baumann-Prase d" Spot="1" />
 <COLOR RGB="#bfb69d" NAME="Baumann-Prase c" Spot="1" />
 <COLOR RGB="#bebfc0" NAME="Baumann-Prase b" Spot="1" />
 <COLOR RGB="#757461" NAME="Baumann-Prase a" Spot="1" />
 <COLOR RGB="#e8d8cc" NAME="Baumann-Prase 171·W-Rp 3" Spot="1" />
 <COLOR RGB="#eadcc9" NAME="Baumann-Prase 172·W-Ro 3" Spot="1" />
 <COLOR RGB="#e9dac8" NAME="Baumann-Prase 173·W-O 4" Spot="1" />
 <COLOR RGB="#f1e9dc" NAME="Baumann-Prase 174·W-CO 5" Spot="1" />
 <COLOR RGB="#f1e6cf" NAME="Baumann-Prase 175·W-C 6" Spot="1" />
 <COLOR RGB="#e9ddc3" NAME="Baumann-Prase 176·W-Cgg 5" Spot="1" />
 <COLOR RGB="#e3dac8" NAME="Baumann-Prase 177·W-Gc 4" Spot="1" />
 <COLOR RGB="#e0dccb" NAME="Baumann-Prase 178·W-Gbb 3" Spot="1" />
 <COLOR RGB="#dbd9ca" NAME="Baumann-Prase 179·W-Bg 3" Spot="1" />
 <COLOR RGB="#ded9d4" NAME="Baumann-Prase 180·W-Bv 2" Spot="1" />
 <COLOR RGB="#d5cec6" NAME="Baumann-Prase 181·W-V 2" Spot="1" />
 <COLOR RGB="#e3d5cf" NAME="Baumann-Prase 182·W-Pv 2" Spot="1" />
 <COLOR RGB="#e5bac1" NAME="Baumann-Prase 195·1 Pr" Spot="1" />
 <COLOR RGB="#de9eb3" NAME="Baumann-Prase 196·2 Pr" Spot="1" />
 <COLOR RGB="#cb8498" NAME="Baumann-Prase 197·3 Pr" Spot="1" />
 <COLOR RGB="#c66986" NAME="Baumann-Prase 198·4 Pr" Spot="1" />
 <COLOR RGB="#bf607a" NAME="Baumann-Prase 199·5 Pr" Spot="1" />
 <COLOR RGB="#b2536d" NAME="Baumann-Prase 200·6 Pr" Spot="1" />
 <COLOR RGB="#a1455a" NAME="Baumann-Prase 201·7 Pr" Spot="1" />
 <COLOR RGB="#973549" NAME="Baumann-Prase 202·8 Pr" Spot="1" />
 <COLOR RGB="#82323a" NAME="Baumann-Prase 203·9 Pr" Spot="1" />
 <COLOR RGB="#caa9b6" NAME="Baumann-Prase 204·2 Pr 1" Spot="1" />
 <COLOR RGB="#c392a0" NAME="Baumann-Prase 205·3 Pr 1" Spot="1" />
 <COLOR RGB="#ba7f94" NAME="Baumann-Prase 206·4 Pr 1" Spot="1" />
 <COLOR RGB="#b17286" NAME="Baumann-Prase 207·5 Pr 1" Spot="1" />
 <COLOR RGB="#a05d72" NAME="Baumann-Prase 208·6 Pr 1" Spot="1" />
 <COLOR RGB="#994c60" NAME="Baumann-Prase 209·7 Pr 1" Spot="1" />
 <COLOR RGB="#894253" NAME="Baumann-Prase 210·8 Pr 1" Spot="1" />
 <COLOR RGB="#803648" NAME="Baumann-Prase 211·9 Pr 1" Spot="1" />
 <COLOR RGB="#6a343d" NAME="Baumann-Prase 212·10 Pr 1" Spot="1" />
 <COLOR RGB="#dcc4c6" NAME="Baumann-Prase 213·1 Pr 2" Spot="1" />
 <COLOR RGB="#bc9da5" NAME="Baumann-Prase 214·3 Pr 2" Spot="1" />
 <COLOR RGB="#9a7983" NAME="Baumann-Prase 215·5 Pr 2" Spot="1" />
 <COLOR RGB="#7e5967" NAME="Baumann-Prase 216·7 Pr 2" Spot="1" />
 <COLOR RGB="#674449" NAME="Baumann-Prase 217·9 Pr 2" Spot="1" />
 <COLOR RGB="#4f3538" NAME="Baumann-Prase 218·11 Pr 2" Spot="1" />
 <COLOR RGB="#ebb4d1" NAME="Baumann-Prase 183·2 P" Spot="1" />
 <COLOR RGB="#dd99c1" NAME="Baumann-Prase 184·3 P" Spot="1" />
 <COLOR RGB="#db7cb1" NAME="Baumann-Prase 185·4 P" Spot="1" />
 <COLOR RGB="#cd6696" NAME="Baumann-Prase 186·5 P" Spot="1" />
 <COLOR RGB="#b23972" NAME="Baumann-Prase 187·6 P" Spot="1" />
 <COLOR RGB="#9e3c61" NAME="Baumann-Prase 188·7 P" Spot="1" />
 <COLOR RGB="#8c344b" NAME="Baumann-Prase 189·8 P" Spot="1" />
 <COLOR RGB="#732f43" NAME="Baumann-Prase 190·9 P" Spot="1" />
 <COLOR RGB="#ae768c" NAME="Baumann-Prase 191·4 P 1" Spot="1" />
 <COLOR RGB="#9a5c74" NAME="Baumann-Prase 192·6 P 1" Spot="1" />
 <COLOR RGB="#7e4056" NAME="Baumann-Prase 193·8 P 1" Spot="1" />
 <COLOR RGB="#693440" NAME="Baumann-Prase 194·10 P 1" Spot="1" />
 <COLOR RGB="#ecaabc" NAME="Baumann-Prase 219·2 Rp-Pr" Spot="1" />
 <COLOR RGB="#e488a6" NAME="Baumann-Prase 220·3 Rp-Pr" Spot="1" />
 <COLOR RGB="#df6e8f" NAME="Baumann-Prase 221·4 Rp-Pr" Spot="1" />
 <COLOR RGB="#d9587a" NAME="Baumann-Prase 222·5 Rp-Pr" Spot="1" />
 <COLOR RGB="#d24363" NAME="Baumann-Prase 223·6 Rp-Pr" Spot="1" />
 <COLOR RGB="#b7344f" NAME="Baumann-Prase 224·7 Rp-Pr" Spot="1" />
 <COLOR RGB="#a42e44" NAME="Baumann-Prase 225·8 Rp-Pr" Spot="1" />
 <COLOR RGB="#953540" NAME="Baumann-Prase 226·9 Rp-Pr" Spot="1" />
 <COLOR RGB="#c87386" NAME="Baumann-Prase 227·4 Rp-Pr 1" Spot="1" />
 <COLOR RGB="#a95565" NAME="Baumann-Prase 228·6 Rp-Pr 1" Spot="1" />
 <COLOR RGB="#914051" NAME="Baumann-Prase 229·8 Rp-Pr 1" Spot="1" />
 <COLOR RGB="#80303e" NAME="Baumann-Prase 230·10 Rp-Pr 1" Spot="1" />
 <COLOR RGB="#f2b8b7" NAME="Baumann-Prase 231·1 Rp" Spot="1" />
 <COLOR RGB="#e0939b" NAME="Baumann-Prase 232·2 Rp" Spot="1" />
 <COLOR RGB="#e17f8d" NAME="Baumann-Prase 233·3 Rp" Spot="1" />
 <COLOR RGB="#d5697b" NAME="Baumann-Prase 234·4 Rp" Spot="1" />
 <COLOR RGB="#c75265" NAME="Baumann-Prase 235·5 Rp" Spot="1" />
 <COLOR RGB="#bf4557" NAME="Baumann-Prase 236·6 Rp" Spot="1" />
 <COLOR RGB="#ba3e4f" NAME="Baumann-Prase 237·7 Rp" Spot="1" />
 <COLOR RGB="#9c3840" NAME="Baumann-Prase 238·8 Rp" Spot="1" />
 <COLOR RGB="#dfa6aa" NAME="Baumann-Prase 239·2 Rp 1" Spot="1" />
 <COLOR RGB="#d18b96" NAME="Baumann-Prase 240·3 Rp 1" Spot="1" />
 <COLOR RGB="#cb7f88" NAME="Baumann-Prase 241·4 Rp 1" Spot="1" />
 <COLOR RGB="#b96770" NAME="Baumann-Prase 242·5 Rp 1" Spot="1" />
 <COLOR RGB="#b15960" NAME="Baumann-Prase 243·6 Rp 1" Spot="1" />
 <COLOR RGB="#964852" NAME="Baumann-Prase 244·7 Rp 1" Spot="1" />
 <COLOR RGB="#984047" NAME="Baumann-Prase 245·8 Rp 1" Spot="1" />
 <COLOR RGB="#7f3439" NAME="Baumann-Prase 246·9 Rp 1" Spot="1" />
 <COLOR RGB="#d2a0a3" NAME="Baumann-Prase 247·2 Rp 2" Spot="1" />
 <COLOR RGB="#c98c8c" NAME="Baumann-Prase 248·4 Rp 2" Spot="1" />
 <COLOR RGB="#aa676a" NAME="Baumann-Prase 249·6 Rp 2" Spot="1" />
 <COLOR RGB="#96565a" NAME="Baumann-Prase 250·8 Rp 2" Spot="1" />
 <COLOR RGB="#6b3b3a" NAME="Baumann-Prase 251·10 Rp 2" Spot="1" />
 <COLOR RGB="#dac5be" NAME="Baumann-Prase 252·1 Rp 3" Spot="1" />
 <COLOR RGB="#b6959a" NAME="Baumann-Prase 253·3 Rp 3" Spot="1" />
 <COLOR RGB="#9a7776" NAME="Baumann-Prase 254·5 Rp 3" Spot="1" />
 <COLOR RGB="#815e61" NAME="Baumann-Prase 255·7 Rp 3" Spot="1" />
 <COLOR RGB="#6b4b4f" NAME="Baumann-Prase 256·9 Rp 3" Spot="1" />
 <COLOR RGB="#573a3a" NAME="Baumann-Prase 257·11 Rp 3" Spot="1" />
 <COLOR RGB="#f0b7b3" NAME="Baumann-Prase 272·1 R" Spot="1" />
 <COLOR RGB="#eca29e" NAME="Baumann-Prase 273·2 R" Spot="1" />
 <COLOR RGB="#e48884" NAME="Baumann-Prase 274·3 R" Spot="1" />
 <COLOR RGB="#d86d6d" NAME="Baumann-Prase 275·4 R" Spot="1" />
 <COLOR RGB="#cc6264" NAME="Baumann-Prase 276·5 R" Spot="1" />
 <COLOR RGB="#ca4c4e" NAME="Baumann-Prase 277·6 R" Spot="1" />
 <COLOR RGB="#ba4341" NAME="Baumann-Prase 278·7 R" Spot="1" />
 <COLOR RGB="#b63939" NAME="Baumann-Prase 279·8 R" Spot="1" />
 <COLOR RGB="#e69f9d" NAME="Baumann-Prase 280·2 R 1" Spot="1" />
 <COLOR RGB="#e18f8e" NAME="Baumann-Prase 281·3 R 1" Spot="1" />
 <COLOR RGB="#d38283" NAME="Baumann-Prase 282·4 R 1" Spot="1" />
 <COLOR RGB="#c96d71" NAME="Baumann-Prase 283·5 R 1" Spot="1" />
 <COLOR RGB="#c15e65" NAME="Baumann-Prase 284·6 R 1" Spot="1" />
 <COLOR RGB="#b04a50" NAME="Baumann-Prase 285·7 R 1" Spot="1" />
 <COLOR RGB="#ab4546" NAME="Baumann-Prase 286·8 R 1" Spot="1" />
 <COLOR RGB="#97373a" NAME="Baumann-Prase 287·9 R 1" Spot="1" />
 <COLOR RGB="#d4a2a0" NAME="Baumann-Prase 288·2 R 2" Spot="1" />
 <COLOR RGB="#c58886" NAME="Baumann-Prase 289·4 R 2" Spot="1" />
 <COLOR RGB="#aa6667" NAME="Baumann-Prase 290·6 R 2" Spot="1" />
 <COLOR RGB="#8f5151" NAME="Baumann-Prase 291·8 R 2" Spot="1" />
 <COLOR RGB="#7c4441" NAME="Baumann-Prase 292·10 R 2" Spot="1" />
 <COLOR RGB="#d9b4ae" NAME="Baumann-Prase 293·1 R 3" Spot="1" />
 <COLOR RGB="#bf9795" NAME="Baumann-Prase 294·3 R 3" Spot="1" />
 <COLOR RGB="#a17777" NAME="Baumann-Prase 295·5 R 3" Spot="1" />
 <COLOR RGB="#8d6463" NAME="Baumann-Prase 296·7 R 3" Spot="1" />
 <COLOR RGB="#734b49" NAME="Baumann-Prase 297·9 R 3" Spot="1" />
 <COLOR RGB="#5e3d3b" NAME="Baumann-Prase 298·11 R 3" Spot="1" />
 <COLOR RGB="#e28b8e" NAME="Baumann-Prase 258·2 R-Rp" Spot="1" />
 <COLOR RGB="#d57582" NAME="Baumann-Prase 259·3 R-Rp" Spot="1" />
 <COLOR RGB="#d16674" NAME="Baumann-Prase 260·4 R-Rp" Spot="1" />
 <COLOR RGB="#cd5d67" NAME="Baumann-Prase 261·5 R-Rp" Spot="1" />
 <COLOR RGB="#c74d5a" NAME="Baumann-Prase 262·6 R-Rp" Spot="1" />
 <COLOR RGB="#bd3f47" NAME="Baumann-Prase 263·7 R-Rp" Spot="1" />
 <COLOR RGB="#ac353c" NAME="Baumann-Prase 264·8 R-Rp" Spot="1" />
 <COLOR RGB="#c96673" NAME="Baumann-Prase 265·5 R-Rp 1" Spot="1" />
 <COLOR RGB="#b54953" NAME="Baumann-Prase 266·7 R-Rp 1" Spot="1" />
 <COLOR RGB="#9d3038" NAME="Baumann-Prase 267·9 R-Rp 1" Spot="1" />
 <COLOR RGB="#d28d94" NAME="Baumann-Prase 268·4 R-Rp 2" Spot="1" />
 <COLOR RGB="#ab5f62" NAME="Baumann-Prase 269·6 R-Rp 2" Spot="1" />
 <COLOR RGB="#924a4f" NAME="Baumann-Prase 270·8 R-Rp 2" Spot="1" />
 <COLOR RGB="#7d3838" NAME="Baumann-Prase 271·10 R-Rp 2" Spot="1" />
 <COLOR RGB="#ce8c82" NAME="Baumann-Prase 309·3 R-Ro 2" Spot="1" />
 <COLOR RGB="#b06a63" NAME="Baumann-Prase 310·5 R-Ro 2" Spot="1" />
 <COLOR RGB="#995046" NAME="Baumann-Prase 311·7 R-Ro 2" Spot="1" />
 <COLOR RGB="#7e4038" NAME="Baumann-Prase 312·9 R-Ro 2" Spot="1" />
 <COLOR RGB="#ad7b78" NAME="Baumann-Prase 313·4 R-Ro 3" Spot="1" />
 <COLOR RGB="#9c6a67" NAME="Baumann-Prase 314·6 R-Ro 3" Spot="1" />
 <COLOR RGB="#7c4c48" NAME="Baumann-Prase 315·8 R-Ro 3" Spot="1" />
 <COLOR RGB="#723f39" NAME="Baumann-Prase 316·10 R-Ro 3" Spot="1" />
 <COLOR RGB="#eb9a90" NAME="Baumann-Prase 299·2 R-Ro" Spot="1" />
 <COLOR RGB="#e9857d" NAME="Baumann-Prase 300·3 R-Ro" Spot="1" />
 <COLOR RGB="#e16c63" NAME="Baumann-Prase 301·4 R-Ro" Spot="1" />
 <COLOR RGB="#dc5d54" NAME="Baumann-Prase 302·5 R-Ro" Spot="1" />
 <COLOR RGB="#d0463d" NAME="Baumann-Prase 303·6 R-Ro" Spot="1" />
 <COLOR RGB="#af403c" NAME="Baumann-Prase 304·7 R-Ro" Spot="1" />
 <COLOR RGB="#e89b90" NAME="Baumann-Prase 305·2 R-Ro 1" Spot="1" />
 <COLOR RGB="#d27069" NAME="Baumann-Prase 306·4 R-Ro 1" Spot="1" />
 <COLOR RGB="#b15855" NAME="Baumann-Prase 307·6 R-Ro 1" Spot="1" />
 <COLOR RGB="#943c32" NAME="Baumann-Prase 308·8 R-Ro 1" Spot="1" />
 <COLOR RGB="#f3b3a1" NAME="Baumann-Prase 317·1 Ro" Spot="1" />
 <COLOR RGB="#eb8f7e" NAME="Baumann-Prase 318·2 Ro" Spot="1" />
 <COLOR RGB="#e77a6b" NAME="Baumann-Prase 319·3 Ro" Spot="1" />
 <COLOR RGB="#e56b59" NAME="Baumann-Prase 320·4 Ro" Spot="1" />
 <COLOR RGB="#e05a43" NAME="Baumann-Prase 321·5 Ro" Spot="1" />
 <COLOR RGB="#d54c34" NAME="Baumann-Prase 322·6 Ro" Spot="1" />
 <COLOR RGB="#c44230" NAME="Baumann-Prase 323·7 Ro" Spot="1" />
 <COLOR RGB="#f2ada5" NAME="Baumann-Prase 324·2 Ro 1" Spot="1" />
 <COLOR RGB="#ec9186" NAME="Baumann-Prase 325·3 Ro 1" Spot="1" />
 <COLOR RGB="#dd827a" NAME="Baumann-Prase 326·4 Ro 1" Spot="1" />
 <COLOR RGB="#d96c60" NAME="Baumann-Prase 327·5 Ro 1" Spot="1" />
 <COLOR RGB="#c65548" NAME="Baumann-Prase 328·6 Ro 1" Spot="1" />
 <COLOR RGB="#b84638" NAME="Baumann-Prase 329·7 Ro 1" Spot="1" />
 <COLOR RGB="#9d4338" NAME="Baumann-Prase 330·8 Ro 1" Spot="1" />
 <COLOR RGB="#e7c2ba" NAME="Baumann-Prase 331·1 Ro 2" Spot="1" />
 <COLOR RGB="#d69387" NAME="Baumann-Prase 332·3 Ro 2" Spot="1" />
 <COLOR RGB="#c27366" NAME="Baumann-Prase 333·5 Ro 2" Spot="1" />
 <COLOR RGB="#aa5a50" NAME="Baumann-Prase 334·7 Ro 2" Spot="1" />
 <COLOR RGB="#914136" NAME="Baumann-Prase 335·9 Ro 2" Spot="1" />
 <COLOR RGB="#ddab9f" NAME="Baumann-Prase 336·2 Ro 3" Spot="1" />
 <COLOR RGB="#bd8378" NAME="Baumann-Prase 337·4 Ro 3" Spot="1" />
 <COLOR RGB="#a5695e" NAME="Baumann-Prase 338·6 Ro 3" Spot="1" />
 <COLOR RGB="#8c5149" NAME="Baumann-Prase 339·8 Ro 3" Spot="1" />
 <COLOR RGB="#734138" NAME="Baumann-Prase 340·10 Ro 3" Spot="1" />
 <COLOR RGB="#d9bdb2" NAME="Baumann-Prase 341·1 Ro 4" Spot="1" />
 <COLOR RGB="#b79891" NAME="Baumann-Prase 342·3 Ro 4" Spot="1" />
 <COLOR RGB="#997670" NAME="Baumann-Prase 343·5 Ro 4" Spot="1" />
 <COLOR RGB="#886359" NAME="Baumann-Prase 344·7 Ro 4" Spot="1" />
 <COLOR RGB="#745044" NAME="Baumann-Prase 345·9 Ro 4" Spot="1" />
 <COLOR RGB="#5d3f37" NAME="Baumann-Prase 346·11 Ro 4" Spot="1" />
 <COLOR RGB="#ecb99f" NAME="Baumann-Prase 362·1 Or" Spot="1" />
 <COLOR RGB="#efa380" NAME="Baumann-Prase 363·2 Or" Spot="1" />
 <COLOR RGB="#f19067" NAME="Baumann-Prase 364·3 Or" Spot="1" />
 <COLOR RGB="#e87c4f" NAME="Baumann-Prase 365·4 Or" Spot="1" />
 <COLOR RGB="#e26f3b" NAME="Baumann-Prase 366·5 Or" Spot="1" />
 <COLOR RGB="#e05527" NAME="Baumann-Prase 367·6 Or" Spot="1" />
 <COLOR RGB="#e29d80" NAME="Baumann-Prase 368·2 Or 1" Spot="1" />
 <COLOR RGB="#e18c6b" NAME="Baumann-Prase 369·3 Or 1" Spot="1" />
 <COLOR RGB="#de8058" NAME="Baumann-Prase 370·4 Or 1" Spot="1" />
 <COLOR RGB="#d2764c" NAME="Baumann-Prase 371·5 Or 1" Spot="1" />
 <COLOR RGB="#cd6d43" NAME="Baumann-Prase 372·6 Or 1" Spot="1" />
 <COLOR RGB="#bb5830" NAME="Baumann-Prase 373·7 Or 1" Spot="1" />
 <COLOR RGB="#dfa492" NAME="Baumann-Prase 374·2 Or 2" Spot="1" />
 <COLOR RGB="#da977f" NAME="Baumann-Prase 375·3 Or 2" Spot="1" />
 <COLOR RGB="#cb866b" NAME="Baumann-Prase 376·4 Or 2" Spot="1" />
 <COLOR RGB="#c07559" NAME="Baumann-Prase 377·5 Or 2" Spot="1" />
 <COLOR RGB="#bd6c4e" NAME="Baumann-Prase 378·6 Or 2" Spot="1" />
 <COLOR RGB="#b46348" NAME="Baumann-Prase 379·7 Or 2" Spot="1" />
 <COLOR RGB="#9e523a" NAME="Baumann-Prase 380·8 Or 2" Spot="1" />
 <COLOR RGB="#deb9a7" NAME="Baumann-Prase 381·1 Or 3" Spot="1" />
 <COLOR RGB="#d19b88" NAME="Baumann-Prase 382·3 Or 3" Spot="1" />
 <COLOR RGB="#af755f" NAME="Baumann-Prase 383·Or 3" Spot="1" />
 <COLOR RGB="#9c5f48" NAME="Baumann-Prase 384·7 Or 3" Spot="1" />
 <COLOR RGB="#864d38" NAME="Baumann-Prase 385·9 Or 3" Spot="1" />
 <COLOR RGB="#d6a390" NAME="Baumann-Prase 386·2 Or 4" Spot="1" />
 <COLOR RGB="#b48671" NAME="Baumann-Prase 387·4 Or 4" Spot="1" />
 <COLOR RGB="#a17362" NAME="Baumann-Prase 388·6 Or 4" Spot="1" />
 <COLOR RGB="#865b4c" NAME="Baumann-Prase 389·8 Or 4" Spot="1" />
 <COLOR RGB="#674136" NAME="Baumann-Prase 390·10 Or 4" Spot="1" />
 <COLOR RGB="#be9a87" NAME="Baumann-Prase 391·3 Or 5" Spot="1" />
 <COLOR RGB="#9f7e70" NAME="Baumann-Prase 392·5 Or 5" Spot="1" />
 <COLOR RGB="#886a5e" NAME="Baumann-Prase 393·7 Or 5" Spot="1" />
 <COLOR RGB="#72584d" NAME="Baumann-Prase 394·9 Or 5" Spot="1" />
 <COLOR RGB="#533e36" NAME="Baumann-Prase 395·11 Or 5" Spot="1" />
 <COLOR RGB="#ed9576" NAME="Baumann-Prase 347·2 Ro-Or" Spot="1" />
 <COLOR RGB="#eb8b6b" NAME="Baumann-Prase 348·3 Ro-Or" Spot="1" />
 <COLOR RGB="#e27f5f" NAME="Baumann-Prase 349·4 Ro-Or" Spot="1" />
 <COLOR RGB="#e16744" NAME="Baumann-Prase 350·5 Ro-Or" Spot="1" />
 <COLOR RGB="#d65a3d" NAME="Baumann-Prase 351·6 Ro-Or" Spot="1" />
 <COLOR RGB="#d44d2c" NAME="Baumann-Prase 352·7 Ro-Or" Spot="1" />
 <COLOR RGB="#e0a191" NAME="Baumann-Prase 353·2 Ro-Or 1" Spot="1" />
 <COLOR RGB="#d6856d" NAME="Baumann-Prase 354·4 Ro-Or 1" Spot="1" />
 <COLOR RGB="#ba5f48" NAME="Baumann-Prase 355·6 Ro-Or 1" Spot="1" />
 <COLOR RGB="#9e4b36" NAME="Baumann-Prase 356·8 Ro-Or 1" Spot="1" />
 <COLOR RGB="#dc9682" NAME="Baumann-Prase 357·3 Ro-Or 2" Spot="1" />
 <COLOR RGB="#bc7863" NAME="Baumann-Prase 358·5 Ro-Or 2" Spot="1" />
 <COLOR RGB="#9b5746" NAME="Baumann-Prase 359·7 Ro-Or 2" Spot="1" />
 <COLOR RGB="#88483b" NAME="Baumann-Prase 360·9 Ro-Or 2" Spot="1" />
 <COLOR RGB="#6b4139" NAME="Baumann-Prase 361·10 Ro-Or 3" Spot="1" />
 <COLOR RGB="#cd977a" NAME="Baumann-Prase 407·3 O-Or 3" Spot="1" />
 <COLOR RGB="#b37757" NAME="Baumann-Prase 408·5 O-Or 3" Spot="1" />
 <COLOR RGB="#9b664c" NAME="Baumann-Prase 409·7 O-Or 3" Spot="1" />
 <COLOR RGB="#7d4c39" NAME="Baumann-Prase 410·9 O-Or 3" Spot="1" />
 <COLOR RGB="#6d4b3c" NAME="Baumann-Prase 411·10 O-Or 4" Spot="1" />
 <COLOR RGB="#edaa7c" NAME="Baumann-Prase 396·2 O-Or" Spot="1" />
 <COLOR RGB="#ef9c63" NAME="Baumann-Prase 397·3 O-Or" Spot="1" />
 <COLOR RGB="#ea8f54" NAME="Baumann-Prase 398·4 O-Or" Spot="1" />
 <COLOR RGB="#e57d3a" NAME="Baumann-Prase 399·5 O-Or" Spot="1" />
 <COLOR RGB="#df6325" NAME="Baumann-Prase 400·6 O-Or" Spot="1" />
 <COLOR RGB="#e09b6c" NAME="Baumann-Prase 401·3 O-Or 1" Spot="1" />
 <COLOR RGB="#d4814c" NAME="Baumann-Prase 402·5 O-Or 1" Spot="1" />
 <COLOR RGB="#b46235" NAME="Baumann-Prase 403·7 O-Or 1" Spot="1" />
 <COLOR RGB="#c68861" NAME="Baumann-Prase 404·4 O-Or 2" Spot="1" />
 <COLOR RGB="#af6f4c" NAME="Baumann-Prase 405·6 O-Or 2" Spot="1" />
 <COLOR RGB="#9b5736" NAME="Baumann-Prase 406·8 O-Or 2" Spot="1" />
 <COLOR RGB="#edc89b" NAME="Baumann-Prase 412·1 O" Spot="1" />
 <COLOR RGB="#eeb884" NAME="Baumann-Prase 413·2 O" Spot="1" />
 <COLOR RGB="#ec9f5e" NAME="Baumann-Prase 414·3 O" Spot="1" />
 <COLOR RGB="#e28a45" NAME="Baumann-Prase 415·4 O" Spot="1" />
 <COLOR RGB="#e4772f" NAME="Baumann-Prase 416·5 O" Spot="1" />
 <COLOR RGB="#ecb382" NAME="Baumann-Prase 417·2 O 1" Spot="1" />
 <COLOR RGB="#e5a36a" NAME="Baumann-Prase 418·3 O 1" Spot="1" />
 <COLOR RGB="#db8d4e" NAME="Baumann-Prase 419·4 O 1" Spot="1" />
 <COLOR RGB="#d17b3a" NAME="Baumann-Prase 420·5 O 1" Spot="1" />
 <COLOR RGB="#c16f31" NAME="Baumann-Prase 421·6 O 1" Spot="1" />
 <COLOR RGB="#e7c3a5" NAME="Baumann-Prase 422·1 O 2" Spot="1" />
 <COLOR RGB="#e0b18b" NAME="Baumann-Prase 423·2 O 2" Spot="1" />
 <COLOR RGB="#d79e72" NAME="Baumann-Prase 424·3 O 2" Spot="1" />
 <COLOR RGB="#ce9164" NAME="Baumann-Prase 425·4 O 2" Spot="1" />
 <COLOR RGB="#c8824f" NAME="Baumann-Prase 426·5 O 2" Spot="1" />
 <COLOR RGB="#bb7547" NAME="Baumann-Prase 427·6 O 2" Spot="1" />
 <COLOR RGB="#a0653d" NAME="Baumann-Prase 428·7 O 2" Spot="1" />
 <COLOR RGB="#daab8b" NAME="Baumann-Prase 429·2 O 3" Spot="1" />
 <COLOR RGB="#cd9c7a" NAME="Baumann-Prase 430·3 O 3" Spot="1" />
 <COLOR RGB="#c18f6f" NAME="Baumann-Prase 431·4 O 3" Spot="1" />
 <COLOR RGB="#b8805a" NAME="Baumann-Prase 432·5 O 3" Spot="1" />
 <COLOR RGB="#ae7653" NAME="Baumann-Prase 433·6 O 3" Spot="1" />
 <COLOR RGB="#9a6848" NAME="Baumann-Prase 434·7 O 3" Spot="1" />
 <COLOR RGB="#976141" NAME="Baumann-Prase 435·8 O 3" Spot="1" />
 <COLOR RGB="#c9a28a" NAME="Baumann-Prase 436·3 O 4" Spot="1" />
 <COLOR RGB="#a3785e" NAME="Baumann-Prase 437·5 O 4" Spot="1" />
 <COLOR RGB="#956449" NAME="Baumann-Prase 438·7 O 4" Spot="1" />
 <COLOR RGB="#82563d" NAME="Baumann-Prase 439·9 O 4" Spot="1" />
 <COLOR RGB="#d2b7a1" NAME="Baumann-Prase 440·2 O 5" Spot="1" />
 <COLOR RGB="#b29078" NAME="Baumann-Prase 441·4 O 5" Spot="1" />
 <COLOR RGB="#a37d66" NAME="Baumann-Prase 442·6 O 5" Spot="1" />
 <COLOR RGB="#8b6751" NAME="Baumann-Prase 443·8 O 5" Spot="1" />
 <COLOR RGB="#76503c" NAME="Baumann-Prase 444·10 O 5" Spot="1" />
 <COLOR RGB="#d7c2ae" NAME="Baumann-Prase 445·1 O 6" Spot="1" />
 <COLOR RGB="#b89e8c" NAME="Baumann-Prase 446·3 O 6" Spot="1" />
 <COLOR RGB="#998271" NAME="Baumann-Prase 447·5 O 6" Spot="1" />
 <COLOR RGB="#896f5f" NAME="Baumann-Prase 448·7 O 6" Spot="1" />
 <COLOR RGB="#6d584b" NAME="Baumann-Prase 449·9 O 6" Spot="1" />
 <COLOR RGB="#58443a" NAME="Baumann-Prase 450·11 O 6" Spot="1" />
 <COLOR RGB="#eeb57f" NAME="Baumann-Prase 451·2 O-Oc" Spot="1" />
 <COLOR RGB="#eba161" NAME="Baumann-Prase 452·3 O-Oc" Spot="1" />
 <COLOR RGB="#e59149" NAME="Baumann-Prase 453·4 O-Oc" Spot="1" />
 <COLOR RGB="#e68730" NAME="Baumann-Prase 454·5 O-Oc" Spot="1" />
 <COLOR RGB="#d47525" NAME="Baumann-Prase 455·6 O-Oc" Spot="1" />
 <COLOR RGB="#e0a468" NAME="Baumann-Prase 456·3 O-Oc 1" Spot="1" />
 <COLOR RGB="#c67939" NAME="Baumann-Prase 457·5 O-Oc 1" Spot="1" />
 <COLOR RGB="#a36234" NAME="Baumann-Prase 458·7 O-Oc 1" Spot="1" />
 <COLOR RGB="#c28b5e" NAME="Baumann-Prase 459·4 O-Oc 2" Spot="1" />
 <COLOR RGB="#af7446" NAME="Baumann-Prase 460·6 O-Oc 2" Spot="1" />
 <COLOR RGB="#815337" NAME="Baumann-Prase 461·8 O-Oc 2" Spot="1" />
 <COLOR RGB="#ad8059" NAME="Baumann-Prase 462·5 O-Oc 3" Spot="1" />
 <COLOR RGB="#906546" NAME="Baumann-Prase 463·7 O-Oc 3" Spot="1" />
 <COLOR RGB="#7c5439" NAME="Baumann-Prase 464·9 O-Oc 3" Spot="1" />
 <COLOR RGB="#6d4d3b" NAME="Baumann-Prase 465·10 O-Oc 4" Spot="1" />
 <COLOR RGB="#f2c893" NAME="Baumann-Prase 466·1 Oc" Spot="1" />
 <COLOR RGB="#efb976" NAME="Baumann-Prase 467·2 Oc" Spot="1" />
 <COLOR RGB="#eca751" NAME="Baumann-Prase 468·3 Oc" Spot="1" />
 <COLOR RGB="#e99740" NAME="Baumann-Prase 469·4 Oc" Spot="1" />
 <COLOR RGB="#e58926" NAME="Baumann-Prase 470·5 Oc" Spot="1" />
 <COLOR RGB="#ecb981" NAME="Baumann-Prase 471·2 Oc 1" Spot="1" />
 <COLOR RGB="#e3a664" NAME="Baumann-Prase 472·3 Oc 1" Spot="1" />
 <COLOR RGB="#db9951" NAME="Baumann-Prase 473·4 Oc 1" Spot="1" />
 <COLOR RGB="#d08b43" NAME="Baumann-Prase 474·5 Oc 1" Spot="1" />
 <COLOR RGB="#cf812f" NAME="Baumann-Prase 475·6 Oc 1" Spot="1" />
 <COLOR RGB="#e3c39a" NAME="Baumann-Prase 476·1 Oc 2" Spot="1" />
 <COLOR RGB="#e2b789" NAME="Baumann-Prase 477·2 Oc 2" Spot="1" />
 <COLOR RGB="#deab79" NAME="Baumann-Prase 478·3 Oc 2" Spot="1" />
 <COLOR RGB="#d39c67" NAME="Baumann-Prase 479·4 Oc 2" Spot="1" />
 <COLOR RGB="#c38850" NAME="Baumann-Prase 480·5 Oc 2" Spot="1" />
 <COLOR RGB="#bc7d44" NAME="Baumann-Prase 481·6 Oc 2" Spot="1" />
 <COLOR RGB="#b5753c" NAME="Baumann-Prase 482·7 Oc 2" Spot="1" />
 <COLOR RGB="#dcb594" NAME="Baumann-Prase 483·2 Oc 3" Spot="1" />
 <COLOR RGB="#d0a57f" NAME="Baumann-Prase 484·3 Oc 3" Spot="1" />
 <COLOR RGB="#ca9a71" NAME="Baumann-Prase 485·4 Oc 3" Spot="1" />
 <COLOR RGB="#b98961" NAME="Baumann-Prase 486·5 Oc 3" Spot="1" />
 <COLOR RGB="#b08059" NAME="Baumann-Prase 487·6 Oc 3" Spot="1" />
 <COLOR RGB="#a57045" NAME="Baumann-Prase 488·7 Oc 3" Spot="1" />
 <COLOR RGB="#915f39" NAME="Baumann-Prase 489·8 Oc 3" Spot="1" />
 <COLOR RGB="#dfc1a2" NAME="Baumann-Prase 490·1 Oc 4" Spot="1" />
 <COLOR RGB="#c7a282" NAME="Baumann-Prase 491·3 Oc 4" Spot="1" />
 <COLOR RGB="#af886a" NAME="Baumann-Prase 492·5 Oc 4" Spot="1" />
 <COLOR RGB="#966d4e" NAME="Baumann-Prase 493·7 Oc 4" Spot="1" />
 <COLOR RGB="#835938" NAME="Baumann-Prase 494·9 Oc 4" Spot="1" />
 <COLOR RGB="#d5bca2" NAME="Baumann-Prase 495·2 Oc 5" Spot="1" />
 <COLOR RGB="#ba9d83" NAME="Baumann-Prase 496·4 Oc 5" Spot="1" />
 <COLOR RGB="#a28166" NAME="Baumann-Prase 497·6 Oc 5" Spot="1" />
 <COLOR RGB="#8b6c53" NAME="Baumann-Prase 498·8 Oc 5" Spot="1" />
 <COLOR RGB="#72533d" NAME="Baumann-Prase 499·10 Oc 5" Spot="1" />
 <COLOR RGB="#bfa58b" NAME="Baumann-Prase 500·3 Oc 6" Spot="1" />
 <COLOR RGB="#ac957f" NAME="Baumann-Prase 501·5 Oc 6" Spot="1" />
 <COLOR RGB="#907863" NAME="Baumann-Prase 502·7 Oc 6" Spot="1" />
 <COLOR RGB="#6d5646" NAME="Baumann-Prase 503·9 Oc 6" Spot="1" />
 <COLOR RGB="#5b4837" NAME="Baumann-Prase 504·11 Oc 6" Spot="1" />
 <COLOR RGB="#f2bb71" NAME="Baumann-Prase 505·2 CO-Oc" Spot="1" />
 <COLOR RGB="#f0a543" NAME="Baumann-Prase 506·3 CO-Oc" Spot="1" />
 <COLOR RGB="#e4932b" NAME="Baumann-Prase 507·4 CO-Oc" Spot="1" />
 <COLOR RGB="#d78322" NAME="Baumann-Prase 508·5 CO-Oc" Spot="1" />
 <COLOR RGB="#eac07b" NAME="Baumann-Prase 509·2 CO-Oc 1" Spot="1" />
 <COLOR RGB="#d59545" NAME="Baumann-Prase 510·4 CO-Oc 1" Spot="1" />
 <COLOR RGB="#bb7734" NAME="Baumann-Prase 511·6 CO-Oc 1" Spot="1" />
 <COLOR RGB="#d19d51" NAME="Baumann-Prase 512·3 CO-Oc 2" Spot="1" />
 <COLOR RGB="#bf843a" NAME="Baumann-Prase 513·5 CO-Oc 2" Spot="1" />
 <COLOR RGB="#9d6635" NAME="Baumann-Prase 514·7 CO-Oc 2" Spot="1" />
 <COLOR RGB="#c79058" NAME="Baumann-Prase 515·4 CO-Oc 3" Spot="1" />
 <COLOR RGB="#a06b3a" NAME="Baumann-Prase 516·6 CO-Oc 3" Spot="1" />
 <COLOR RGB="#895c35" NAME="Baumann-Prase 517·8 CO-Oc 3" Spot="1" />
 <COLOR RGB="#b07f54" NAME="Baumann-Prase 518·5 CO-Oc 4" Spot="1" />
 <COLOR RGB="#8b6342" NAME="Baumann-Prase 519·7 CO-Oc 4" Spot="1" />
 <COLOR RGB="#725039" NAME="Baumann-Prase 520·9 CO-Oc 4" Spot="1" />
 <COLOR RGB="#604a38" NAME="Baumann-Prase 521·10 CO-Oc 5" Spot="1" />
 <COLOR RGB="#f4d18c" NAME="Baumann-Prase 522·1 CO" Spot="1" />
 <COLOR RGB="#ebb658" NAME="Baumann-Prase 523·2 CO" Spot="1" />
 <COLOR RGB="#eea936" NAME="Baumann-Prase 524·3 CO" Spot="1" />
 <COLOR RGB="#f09f18" NAME="Baumann-Prase 525·4 CO" Spot="1" />
 <COLOR RGB="#f0ce96" NAME="Baumann-Prase 526·1 CO 1" Spot="1" />
 <COLOR RGB="#f0c172" NAME="Baumann-Prase 527·2 CO 1" Spot="1" />
 <COLOR RGB="#e4ad56" NAME="Baumann-Prase 528·3 CO 1" Spot="1" />
 <COLOR RGB="#e3a23f" NAME="Baumann-Prase 529·4 CO 1" Spot="1" />
 <COLOR RGB="#d8932a" NAME="Baumann-Prase 530·5 CO 1" Spot="1" />
 <COLOR RGB="#e1bb84" NAME="Baumann-Prase 531·2 CO 2" Spot="1" />
 <COLOR RGB="#e0b067" NAME="Baumann-Prase 532·3 CO 2" Spot="1" />
 <COLOR RGB="#d0974a" NAME="Baumann-Prase 533·4 CO 2" Spot="1" />
 <COLOR RGB="#c99045" NAME="Baumann-Prase 534·5 CO 2" Spot="1" />
 <COLOR RGB="#b97d36" NAME="Baumann-Prase 535·6 CO 2" Spot="1" />
 <COLOR RGB="#e7cfa8" NAME="Baumann-Prase 536·1 CO 3" Spot="1" />
 <COLOR RGB="#daba90" NAME="Baumann-Prase 537·2 CO 3" Spot="1" />
 <COLOR RGB="#d2a871" NAME="Baumann-Prase 538·3 CO 3" Spot="1" />
 <COLOR RGB="#c9995e" NAME="Baumann-Prase 539·4 CO 3" Spot="1" />
 <COLOR RGB="#b98950" NAME="Baumann-Prase 540·5 CO 3" Spot="1" />
 <COLOR RGB="#af7d43" NAME="Baumann-Prase 541·6 CO 3" Spot="1" />
 <COLOR RGB="#a2723a" NAME="Baumann-Prase 542·7 CO 3" Spot="1" />
 <COLOR RGB="#dab98e" NAME="Baumann-Prase 543·2 CO 4" Spot="1" />
 <COLOR RGB="#c8a77b" NAME="Baumann-Prase 544·3 CO 4" Spot="1" />
 <COLOR RGB="#ba9566" NAME="Baumann-Prase 545·4 CO 4" Spot="1" />
 <COLOR RGB="#b68e60" NAME="Baumann-Prase 546·5 CO 4" Spot="1" />
 <COLOR RGB="#a0784e" NAME="Baumann-Prase 547·6 CO 4" Spot="1" />
 <COLOR RGB="#987147" NAME="Baumann-Prase 548·7 CO 4" Spot="1" />
 <COLOR RGB="#89623b" NAME="Baumann-Prase 549·8 CO 4" Spot="1" />
 <COLOR RGB="#c2a37f" NAME="Baumann-Prase 550·3 CO 5" Spot="1" />
 <COLOR RGB="#a78562" NAME="Baumann-Prase 551·5 CO 5" Spot="1" />
 <COLOR RGB="#95704c" NAME="Baumann-Prase 552·7 CO 5" Spot="1" />
 <COLOR RGB="#7d5c3e" NAME="Baumann-Prase 553·9 CO 5" Spot="1" />
 <COLOR RGB="#d1bca1" NAME="Baumann-Prase 554·2 CO 6" Spot="1" />
 <COLOR RGB="#b49776" NAME="Baumann-Prase 555·4 CO 6" Spot="1" />
 <COLOR RGB="#997859" NAME="Baumann-Prase 556·6 CO 6" Spot="1" />
 <COLOR RGB="#806245" NAME="Baumann-Prase 557·8 CO 6" Spot="1" />
 <COLOR RGB="#6c5039" NAME="Baumann-Prase 558·10 CO 6" Spot="1" />
 <COLOR RGB="#d8c8aa" NAME="Baumann-Prase 559·1 CO 7" Spot="1" />
 <COLOR RGB="#bdaa8e" NAME="Baumann-Prase 560·3 CO 7" Spot="1" />
 <COLOR RGB="#a0896d" NAME="Baumann-Prase 561·5 CO 7" Spot="1" />
 <COLOR RGB="#8e7a62" NAME="Baumann-Prase 562·7 CO 7" Spot="1" />
 <COLOR RGB="#705f4b" NAME="Baumann-Prase 563·9 CO 7" Spot="1" />
 <COLOR RGB="#57483c" NAME="Baumann-Prase 564·11 CO 7" Spot="1" />
 <COLOR RGB="#f2bf57" NAME="Baumann-Prase 565·2 Co-CO" Spot="1" />
 <COLOR RGB="#f1ae25" NAME="Baumann-Prase 566·3 Co-CO" Spot="1" />
 <COLOR RGB="#f0ab21" NAME="Baumann-Prase 567·4 Co-CO" Spot="1" />
 <COLOR RGB="#e9ba60" NAME="Baumann-Prase 568·2 Co-CO 1" Spot="1" />
 <COLOR RGB="#e3af4b" NAME="Baumann-Prase 569·3 Co-CO 1" Spot="1" />
 <COLOR RGB="#d59f3f" NAME="Baumann-Prase 570·4 Co-CO 1" Spot="1" />
 <COLOR RGB="#cb8f29" NAME="Baumann-Prase 571·5 Co-CO 1" Spot="1" />
 <COLOR RGB="#dfb76f" NAME="Baumann-Prase 572·2 Co-CO 2" Spot="1" />
 <COLOR RGB="#cf9d4b" NAME="Baumann-Prase 573·4 Co-CO 2" Spot="1" />
 <COLOR RGB="#ad7b35" NAME="Baumann-Prase 574·6 Co-CO 2" Spot="1" />
 <COLOR RGB="#cea763" NAME="Baumann-Prase 575·3 Co-CO 3" Spot="1" />
 <COLOR RGB="#b6894a" NAME="Baumann-Prase 576·5 Co-CO 3" Spot="1" />
 <COLOR RGB="#946d38" NAME="Baumann-Prase 577·7 Co-CO 3" Spot="1" />
 <COLOR RGB="#b89562" NAME="Baumann-Prase 578·4 Co-CO 4" Spot="1" />
 <COLOR RGB="#9d7a49" NAME="Baumann-Prase 579·6 Co-CO 4" Spot="1" />
 <COLOR RGB="#87653d" NAME="Baumann-Prase 580·8 Co-CO 4" Spot="1" />
 <COLOR RGB="#ab8d64" NAME="Baumann-Prase 581·5 Co-CO 5" Spot="1" />
 <COLOR RGB="#907049" NAME="Baumann-Prase 582·7 Co-CO 5" Spot="1" />
 <COLOR RGB="#765b3e" NAME="Baumann-Prase 583·9 Co-CO 5" Spot="1" />
 <COLOR RGB="#67513a" NAME="Baumann-Prase 584·10 Co-CO 6" Spot="1" />
 <COLOR RGB="#efde9d" NAME="Baumann-Prase 585·½ Co" Spot="1" />
 <COLOR RGB="#edd176" NAME="Baumann-Prase 586·1 Co" Spot="1" />
 <COLOR RGB="#f5cc52" NAME="Baumann-Prase 587·1½ Co" Spot="1" />
 <COLOR RGB="#f7c94b" NAME="Baumann-Prase 588·2 Co" Spot="1" />
 <COLOR RGB="#f4c02c" NAME="Baumann-Prase 589·2½ Co" Spot="1" />
 <COLOR RGB="#eeb526" NAME="Baumann-Prase 590·3 Co" Spot="1" />
 <COLOR RGB="#ebd282" NAME="Baumann-Prase 591·1 Co 1" Spot="1" />
 <COLOR RGB="#ebc157" NAME="Baumann-Prase 592·2 Co 1" Spot="1" />
 <COLOR RGB="#e9b53c" NAME="Baumann-Prase 593·3 Co 1" Spot="1" />
 <COLOR RGB="#e4aa2e" NAME="Baumann-Prase 594·4 Co 1" Spot="1" />
 <COLOR RGB="#e4c372" NAME="Baumann-Prase 595·2 Co 2" Spot="1" />
 <COLOR RGB="#dbae4c" NAME="Baumann-Prase 596·3 Co 2" Spot="1" />
 <COLOR RGB="#d3a13b" NAME="Baumann-Prase 597·4 Co 2" Spot="1" />
 <COLOR RGB="#c89735" NAME="Baumann-Prase 598·5 Co 2" Spot="1" />
 <COLOR RGB="#e3cb91" NAME="Baumann-Prase 599·1 Co 3" Spot="1" />
 <COLOR RGB="#daba71" NAME="Baumann-Prase 600·2 Co 3" Spot="1" />
 <COLOR RGB="#d2aa57" NAME="Baumann-Prase 601·3 Co 3" Spot="1" />
 <COLOR RGB="#caa049" NAME="Baumann-Prase 602·4 Co 3" Spot="1" />
 <COLOR RGB="#bc923d" NAME="Baumann-Prase 603·5 Co 3" Spot="1" />
 <COLOR RGB="#ac843b" NAME="Baumann-Prase 604·6 Co 3" Spot="1" />
 <COLOR RGB="#d5b677" NAME="Baumann-Prase 605·2 Co 4" Spot="1" />
 <COLOR RGB="#c2a15d" NAME="Baumann-Prase 606·3 Co 4" Spot="1" />
 <COLOR RGB="#be9850" NAME="Baumann-Prase 607·4 Co 4" Spot="1" />
 <COLOR RGB="#ae8b49" NAME="Baumann-Prase 608·5 Co 4" Spot="1" />
 <COLOR RGB="#a07c40" NAME="Baumann-Prase 609·6 Co 4" Spot="1" />
 <COLOR RGB="#91713f" NAME="Baumann-Prase 610·7 Co 4" Spot="1" />
 <COLOR RGB="#ceb382" NAME="Baumann-Prase 611·2 Co 5" Spot="1" />
 <COLOR RGB="#b5955b" NAME="Baumann-Prase 612·4 Co 5" Spot="1" />
 <COLOR RGB="#a38049" NAME="Baumann-Prase 613·6 Co 5" Spot="1" />
 <COLOR RGB="#886a3f" NAME="Baumann-Prase 614·8 Co 5" Spot="1" />
 <COLOR RGB="#dcc699" NAME="Baumann-Prase 615·1 Co 6" Spot="1" />
 <COLOR RGB="#bea273" NAME="Baumann-Prase 616·3 Co 6" Spot="1" />
 <COLOR RGB="#a68a5c" NAME="Baumann-Prase 617·5 Co 6" Spot="1" />
 <COLOR RGB="#90744b" NAME="Baumann-Prase 618·7 Co 6" Spot="1" />
 <COLOR RGB="#745a3d" NAME="Baumann-Prase 619·9 Co 6" Spot="1" />
 <COLOR RGB="#cbb58e" NAME="Baumann-Prase 620·2 Co 7" Spot="1" />
 <COLOR RGB="#ad956e" NAME="Baumann-Prase 621·4 Co 7" Spot="1" />
 <COLOR RGB="#98825f" NAME="Baumann-Prase 622·6 Co 7" Spot="1" />
 <COLOR RGB="#836a4b" NAME="Baumann-Prase 623·8 Co 7" Spot="1" />
 <COLOR RGB="#65533f" NAME="Baumann-Prase 624·10 Co 7" Spot="1" />
 <COLOR RGB="#b7a585" NAME="Baumann-Prase 625·3 Co 8" Spot="1" />
 <COLOR RGB="#9d8969" NAME="Baumann-Prase 626·5 Co 8" Spot="1" />
 <COLOR RGB="#84735a" NAME="Baumann-Prase 627·7 Co 8" Spot="1" />
 <COLOR RGB="#6a5d4a" NAME="Baumann-Prase 628·9 Co 8" Spot="1" />
 <COLOR RGB="#514638" NAME="Baumann-Prase 629·11 Co 8" Spot="1" />
 <COLOR RGB="#edd37b" NAME="Baumann-Prase 630·1 C-Co" Spot="1" />
 <COLOR RGB="#f0cb4e" NAME="Baumann-Prase 631·1½ C-Co" Spot="1" />
 <COLOR RGB="#f0c219" NAME="Baumann-Prase 632·2 C-Co" Spot="1" />
 <COLOR RGB="#e5d17a" NAME="Baumann-Prase 633·1 C-Co 1" Spot="1" />
 <COLOR RGB="#e7c144" NAME="Baumann-Prase 634·2 C-Co 1" Spot="1" />
 <COLOR RGB="#ddb026" NAME="Baumann-Prase 635·3 C-Co 1" Spot="1" />
 <COLOR RGB="#e4c664" NAME="Baumann-Prase 636·2 C-Co 2" Spot="1" />
 <COLOR RGB="#dab343" NAME="Baumann-Prase 637·3 C-Co 2" Spot="1" />
 <COLOR RGB="#d0a52d" NAME="Baumann-Prase 638·4 C-Co 2" Spot="1" />
 <COLOR RGB="#d4b04d" NAME="Baumann-Prase 639·3 C-Co 3" Spot="1" />
 <COLOR RGB="#c89e3b" NAME="Baumann-Prase 640·4 C-Co 3" Spot="1" />
 <COLOR RGB="#bd9230" NAME="Baumann-Prase 641·5 C-Co 3" Spot="1" />
 <COLOR RGB="#d6ba73" NAME="Baumann-Prase 642·2 C-Co 4" Spot="1" />
 <COLOR RGB="#c19d4d" NAME="Baumann-Prase 643·4 C-Co 4" Spot="1" />
 <COLOR RGB="#ad873b" NAME="Baumann-Prase 644·6 C-Co 4" Spot="1" />
 <COLOR RGB="#ceb06b" NAME="Baumann-Prase 645·3 C-Co 5" Spot="1" />
 <COLOR RGB="#ad8c4a" NAME="Baumann-Prase 646·5 C-Co 5" Spot="1" />
 <COLOR RGB="#9a7c3f" NAME="Baumann-Prase 647·7 C-Co 5" Spot="1" />
 <COLOR RGB="#b39966" NAME="Baumann-Prase 648·4 C-Co 6" Spot="1" />
 <COLOR RGB="#a58b58" NAME="Baumann-Prase 649·6 C-Co 6" Spot="1" />
 <COLOR RGB="#886d41" NAME="Baumann-Prase 650·8 C-Co 6" Spot="1" />
 <COLOR RGB="#745c3e" NAME="Baumann-Prase 651·9 C-Co 7" Spot="1" />
 <COLOR RGB="#eee3a9" NAME="Baumann-Prase 652·½ C" Spot="1" />
 <COLOR RGB="#ead672" NAME="Baumann-Prase 653·1 C" Spot="1" />
 <COLOR RGB="#ebd353" NAME="Baumann-Prase 654·1½ C" Spot="1" />
 <COLOR RGB="#e9ce3c" NAME="Baumann-Prase 655·2 C" Spot="1" />
 <COLOR RGB="#e9d780" NAME="Baumann-Prase 656·1 C 1" Spot="1" />
 <COLOR RGB="#ead262" NAME="Baumann-Prase 657·1½ C 1" Spot="1" />
 <COLOR RGB="#eace4b" NAME="Baumann-Prase 658·2 C 1" Spot="1" />
 <COLOR RGB="#e3c331" NAME="Baumann-Prase 659·2½ C 1" Spot="1" />
 <COLOR RGB="#ddbe29" NAME="Baumann-Prase 660·3 C 1" Spot="1" />
 <COLOR RGB="#e2c858" NAME="Baumann-Prase 661·2 C 2" Spot="1" />
 <COLOR RGB="#d9bc42" NAME="Baumann-Prase 662·3 C 2" Spot="1" />
 <COLOR RGB="#cbad2c" NAME="Baumann-Prase 663·4 C 2" Spot="1" />
 <COLOR RGB="#e5d696" NAME="Baumann-Prase 664·1 C 3" Spot="1" />
 <COLOR RGB="#dfc774" NAME="Baumann-Prase 665·2 C 3" Spot="1" />
 <COLOR RGB="#ccae58" NAME="Baumann-Prase 666·3 C 3" Spot="1" />
 <COLOR RGB="#c4a646" NAME="Baumann-Prase 667·4 C 3" Spot="1" />
 <COLOR RGB="#b39439" NAME="Baumann-Prase 668·5 C 3" Spot="1" />
 <COLOR RGB="#cfb86d" NAME="Baumann-Prase 669·2 C 4" Spot="1" />
 <COLOR RGB="#c8ae67" NAME="Baumann-Prase 670·3 C 4" Spot="1" />
 <COLOR RGB="#c5a85e" NAME="Baumann-Prase 671·4 C 4" Spot="1" />
 <COLOR RGB="#b3964a" NAME="Baumann-Prase 672·5 C 4" Spot="1" />
 <COLOR RGB="#9f8742" NAME="Baumann-Prase 673·6 C 4" Spot="1" />
 <COLOR RGB="#e7d7a6" NAME="Baumann-Prase 674·1 C 5" Spot="1" />
 <COLOR RGB="#cbb378" NAME="Baumann-Prase 675·3 C 5" Spot="1" />
 <COLOR RGB="#b39553" NAME="Baumann-Prase 676·5 C 5" Spot="1" />
 <COLOR RGB="#977c3f" NAME="Baumann-Prase 677·7 C 5" Spot="1" />
 <COLOR RGB="#c9b689" NAME="Baumann-Prase 678·2 C 6" Spot="1" />
 <COLOR RGB="#af935a" NAME="Baumann-Prase 679·4 C 6" Spot="1" />
 <COLOR RGB="#917949" NAME="Baumann-Prase 680·6 C 6" Spot="1" />
 <COLOR RGB="#897041" NAME="Baumann-Prase 681·8 C 6" Spot="1" />
 <COLOR RGB="#bda678" NAME="Baumann-Prase 682·3 C 7" Spot="1" />
 <COLOR RGB="#a38d62" NAME="Baumann-Prase 683·5 C 7" Spot="1" />
 <COLOR RGB="#8d754c" NAME="Baumann-Prase 684·7 C 7" Spot="1" />
 <COLOR RGB="#7b6645" NAME="Baumann-Prase 685·9 C 7" Spot="1" />
 <COLOR RGB="#c9b592" NAME="Baumann-Prase 686·2 C 8" Spot="1" />
 <COLOR RGB="#ac9671" NAME="Baumann-Prase 687·4 C 8" Spot="1" />
 <COLOR RGB="#967f5c" NAME="Baumann-Prase 688·6 C 8" Spot="1" />
 <COLOR RGB="#7f6946" NAME="Baumann-Prase 689·8 C 8" Spot="1" />
 <COLOR RGB="#6b593e" NAME="Baumann-Prase 690·10 C 8" Spot="1" />
 <COLOR RGB="#d5cab1" NAME="Baumann-Prase 691·1 C 9" Spot="1" />
 <COLOR RGB="#afa287" NAME="Baumann-Prase 692·3 C 9" Spot="1" />
 <COLOR RGB="#948871" NAME="Baumann-Prase 693·5 C 9" Spot="1" />
 <COLOR RGB="#7c715d" NAME="Baumann-Prase 694·7 C 9" Spot="1" />
 <COLOR RGB="#685b4a" NAME="Baumann-Prase 695·9 C 9" Spot="1" />
 <COLOR RGB="#564d3f" NAME="Baumann-Prase 696·11 C 9" Spot="1" />
 <COLOR RGB="#e5d989" NAME="Baumann-Prase 697·1 C-Cg" Spot="1" />
 <COLOR RGB="#ddcd5a" NAME="Baumann-Prase 698·1½ C-Cg" Spot="1" />
 <COLOR RGB="#d8c630" NAME="Baumann-Prase 699·2 C-Cg" Spot="1" />
 <COLOR RGB="#dfce60" NAME="Baumann-Prase 700·2 C-Cg 1" Spot="1" />
 <COLOR RGB="#cfc340" NAME="Baumann-Prase 701·2½ C-Cg 1" Spot="1" />
 <COLOR RGB="#c9bb2c" NAME="Baumann-Prase 702·3 C-Cg 1" Spot="1" />
 <COLOR RGB="#dbc95b" NAME="Baumann-Prase 703·2 C-Cg 2" Spot="1" />
 <COLOR RGB="#ccb941" NAME="Baumann-Prase 704·3 C-Cg 2" Spot="1" />
 <COLOR RGB="#bfaa2e" NAME="Baumann-Prase 705·4 C-Cg 2" Spot="1" />
 <COLOR RGB="#cbb74f" NAME="Baumann-Prase 706·3 C-Cg 3" Spot="1" />
 <COLOR RGB="#bca944" NAME="Baumann-Prase 707·4 C-Cg 3" Spot="1" />
 <COLOR RGB="#ab9a3a" NAME="Baumann-Prase 708·5 C-Cg 3" Spot="1" />
 <COLOR RGB="#d2c070" NAME="Baumann-Prase 709·2 C-Cg 4" Spot="1" />
 <COLOR RGB="#bca954" NAME="Baumann-Prase 710·4 C-Cg 4" Spot="1" />
 <COLOR RGB="#a18a39" NAME="Baumann-Prase 711·6 C-Cg 4" Spot="1" />
 <COLOR RGB="#cab26b" NAME="Baumann-Prase 712·3 C-Cg 5" Spot="1" />
 <COLOR RGB="#b09a52" NAME="Baumann-Prase 713·5 C-Cg 5" Spot="1" />
 <COLOR RGB="#93823c" NAME="Baumann-Prase 714·7 C-Cg 5" Spot="1" />
 <COLOR RGB="#b5a369" NAME="Baumann-Prase 715·4 C-Cg 6" Spot="1" />
 <COLOR RGB="#90834e" NAME="Baumann-Prase 716·6 C-Cg 6" Spot="1" />
 <COLOR RGB="#7d7142" NAME="Baumann-Prase 717·8 C-Cg 6" Spot="1" />
 <COLOR RGB="#716741" NAME="Baumann-Prase 718·9 C-Cg 7" Spot="1" />
 <COLOR RGB="#ebe5ab" NAME="Baumann-Prase 719·½ Cg" Spot="1" />
 <COLOR RGB="#e8e08e" NAME="Baumann-Prase 720·1 Cg" Spot="1" />
 <COLOR RGB="#dfdd7c" NAME="Baumann-Prase 721·1½ Cg" Spot="1" />
 <COLOR RGB="#dad762" NAME="Baumann-Prase 722·2 Cg" Spot="1" />
 <COLOR RGB="#cec94e" NAME="Baumann-Prase 723·2½ Cg" Spot="1" />
 <COLOR RGB="#c5be3c" NAME="Baumann-Prase 724·3 Cg" Spot="1" />
 <COLOR RGB="#d9cf6a" NAME="Baumann-Prase 725·2 Cg 1" Spot="1" />
 <COLOR RGB="#c8be49" NAME="Baumann-Prase 726·3 Cg 1" Spot="1" />
 <COLOR RGB="#b8ad37" NAME="Baumann-Prase 727·4 Cg 1" Spot="1" />
 <COLOR RGB="#d0c672" NAME="Baumann-Prase 728·2 Cg 2" Spot="1" />
 <COLOR RGB="#c2b654" NAME="Baumann-Prase 729·3 Cg 2" Spot="1" />
 <COLOR RGB="#afa344" NAME="Baumann-Prase 730·4 Cg 2" Spot="1" />
 <COLOR RGB="#a89f36" NAME="Baumann-Prase 731·5 Cg 2" Spot="1" />
 <COLOR RGB="#dad3a0" NAME="Baumann-Prase 732·1 Cg 3" Spot="1" />
 <COLOR RGB="#cbc17f" NAME="Baumann-Prase 733·2 Cg 3" Spot="1" />
 <COLOR RGB="#baac5b" NAME="Baumann-Prase 734·3 Cg 3" Spot="1" />
 <COLOR RGB="#b5a44d" NAME="Baumann-Prase 735·4 Cg 3" Spot="1" />
 <COLOR RGB="#ab9c44" NAME="Baumann-Prase 736·5 Cg 3" Spot="1" />
 <COLOR RGB="#a2953d" NAME="Baumann-Prase 737·6 Cg 3" Spot="1" />
 <COLOR RGB="#d2c590" NAME="Baumann-Prase 738·2 Cg 4" Spot="1" />
 <COLOR RGB="#c0b377" NAME="Baumann-Prase 739·3 Cg 4" Spot="1" />
 <COLOR RGB="#b2a462" NAME="Baumann-Prase 740·4 Cg 4" Spot="1" />
 <COLOR RGB="#a39656" NAME="Baumann-Prase 741·5 Cg 4" Spot="1" />
 <COLOR RGB="#9a8b4a" NAME="Baumann-Prase 742·6 Cg 4" Spot="1" />
 <COLOR RGB="#928345" NAME="Baumann-Prase 743·7 Cg 4" Spot="1" />
 <COLOR RGB="#c8bd8f" NAME="Baumann-Prase 744·2 Cg 5" Spot="1" />
 <COLOR RGB="#ad9d69" NAME="Baumann-Prase 745·4 Cg 5" Spot="1" />
 <COLOR RGB="#948755" NAME="Baumann-Prase 746·6 Cg 5" Spot="1" />
 <COLOR RGB="#7f7342" NAME="Baumann-Prase 747·8 Cg 5" Spot="1" />
 <COLOR RGB="#d8cda9" NAME="Baumann-Prase 748·1 Cg 6" Spot="1" />
 <COLOR RGB="#bdb088" NAME="Baumann-Prase 749·3 Cg 6" Spot="1" />
 <COLOR RGB="#a5986c" NAME="Baumann-Prase 750·5 Cg 6" Spot="1" />
 <COLOR RGB="#8b7d52" NAME="Baumann-Prase 751·7 Cg 6" Spot="1" />
 <COLOR RGB="#736843" NAME="Baumann-Prase 752·9 Cg 6" Spot="1" />
 <COLOR RGB="#c6bba0" NAME="Baumann-Prase 753·2 Cg 7" Spot="1" />
 <COLOR RGB="#aba288" NAME="Baumann-Prase 754·4 Cg 7" Spot="1" />
 <COLOR RGB="#928565" NAME="Baumann-Prase 755·6 Cg 7" Spot="1" />
 <COLOR RGB="#746849" NAME="Baumann-Prase 756·8 Cg 7" Spot="1" />
 <COLOR RGB="#605740" NAME="Baumann-Prase 757·10 Cg 7" Spot="1" />
 <COLOR RGB="#afa283" NAME="Baumann-Prase 758·3 Cg 8" Spot="1" />
 <COLOR RGB="#8f856c" NAME="Baumann-Prase 759·5 Cg 8" Spot="1" />
 <COLOR RGB="#6c6852" NAME="Baumann-Prase 760·7 Cg 8" Spot="1" />
 <COLOR RGB="#625d49" NAME="Baumann-Prase 761·9 Cg 8" Spot="1" />
 <COLOR RGB="#4b4536" NAME="Baumann-Prase 762·11 Cg 8" Spot="1" />
 <COLOR RGB="#dbd995" NAME="Baumann-Prase 763·1 Cg-Cgg" Spot="1" />
 <COLOR RGB="#c4cb6e" NAME="Baumann-Prase 764·2 Cg-Cgg" Spot="1" />
 <COLOR RGB="#bbc551" NAME="Baumann-Prase 765·3 Cg-Cgg" Spot="1" />
 <COLOR RGB="#a3af40" NAME="Baumann-Prase 766·4 Cg-Cgg" Spot="1" />
 <COLOR RGB="#ceca6b" NAME="Baumann-Prase 767·2 Cg-Cgg 1" Spot="1" />
 <COLOR RGB="#bfbf5b" NAME="Baumann-Prase 768·3 Cg-Cgg 1" Spot="1" />
 <COLOR RGB="#b4b349" NAME="Baumann-Prase 769·4 Cg-Cgg 1" Spot="1" />
 <COLOR RGB="#aaab3c" NAME="Baumann-Prase 770·5 Cg-Cgg 1" Spot="1" />
 <COLOR RGB="#cfc780" NAME="Baumann-Prase 771·2 Cg-Cgg 2" Spot="1" />
 <COLOR RGB="#c1bb6b" NAME="Baumann-Prase 772·3 Cg-Cgg 2" Spot="1" />
 <COLOR RGB="#b4ad59" NAME="Baumann-Prase 773·4 Cg-Cgg 2" Spot="1" />
 <COLOR RGB="#a69e46" NAME="Baumann-Prase 774·5 Cg-Cgg 2" Spot="1" />
 <COLOR RGB="#9b9440" NAME="Baumann-Prase 775·6 Cg-Cgg 2" Spot="1" />
 <COLOR RGB="#c2b574" NAME="Baumann-Prase 776·3 Cg-Cgg 3" Spot="1" />
 <COLOR RGB="#ab9b56" NAME="Baumann-Prase 777·5 Cg-Cgg 3" Spot="1" />
 <COLOR RGB="#978c48" NAME="Baumann-Prase 778·7 Cg-Cgg 3" Spot="1" />
 <COLOR RGB="#bdad70" NAME="Baumann-Prase 779·4 Cg-Cgg 4" Spot="1" />
 <COLOR RGB="#a19154" NAME="Baumann-Prase 780·6 Cg-Cgg 4" Spot="1" />
 <COLOR RGB="#887943" NAME="Baumann-Prase 781·8 Cg-Cgg 4" Spot="1" />
 <COLOR RGB="#c3b789" NAME="Baumann-Prase 782·3 Cg-Cgg 5" Spot="1" />
 <COLOR RGB="#a39766" NAME="Baumann-Prase 783·5 Cg-Cgg 5" Spot="1" />
 <COLOR RGB="#8b7f54" NAME="Baumann-Prase 784·7 Cg-Cgg 5" Spot="1" />
 <COLOR RGB="#776946" NAME="Baumann-Prase 785·9 Cg-Cgg 5" Spot="1" />
 <COLOR RGB="#665d42" NAME="Baumann-Prase 786·10 Cg-Cgg 6" Spot="1" />
 <COLOR RGB="#d8dea5" NAME="Baumann-Prase 787·1 Cgg" Spot="1" />
 <COLOR RGB="#c4d17f" NAME="Baumann-Prase 788·2 Cgg" Spot="1" />
 <COLOR RGB="#adc157" NAME="Baumann-Prase 789·3 Cgg" Spot="1" />
 <COLOR RGB="#a9b340" NAME="Baumann-Prase 790·4 Cgg" Spot="1" />
 <COLOR RGB="#cbcf90" NAME="Baumann-Prase 791·2 Cgg 1" Spot="1" />
 <COLOR RGB="#b3c46d" NAME="Baumann-Prase 792·3 Cgg 1" Spot="1" />
 <COLOR RGB="#adb951" NAME="Baumann-Prase 793·4 Cgg 1" Spot="1" />
 <COLOR RGB="#a0ad43" NAME="Baumann-Prase 794·5 Cgg 1" Spot="1" />
 <COLOR RGB="#cbce8f" NAME="Baumann-Prase 795·2 Cgg 2" Spot="1" />
 <COLOR RGB="#b5b974" NAME="Baumann-Prase 796·3 Cgg 2" Spot="1" />
 <COLOR RGB="#abb25c" NAME="Baumann-Prase 797·4 Cgg 2" Spot="1" />
 <COLOR RGB="#a0a452" NAME="Baumann-Prase 798·5 Cgg 2" Spot="1" />
 <COLOR RGB="#939844" NAME="Baumann-Prase 799·6 Cgg 2" Spot="1" />
 <COLOR RGB="#d7d2ac" NAME="Baumann-Prase 800·1 Cgg 3" Spot="1" />
 <COLOR RGB="#ccc999" NAME="Baumann-Prase 801·2 Cgg 3" Spot="1" />
 <COLOR RGB="#bebe88" NAME="Baumann-Prase 802·3 Cgg 3" Spot="1" />
 <COLOR RGB="#aba96a" NAME="Baumann-Prase 803·4 Cgg 3" Spot="1" />
 <COLOR RGB="#9d9e5e" NAME="Baumann-Prase 804·5 Cgg 3" Spot="1" />
 <COLOR RGB="#918d4e" NAME="Baumann-Prase 805·6 Cgg 3" Spot="1" />
 <COLOR RGB="#837b42" NAME="Baumann-Prase 806·7 Cgg 3" Spot="1" />
 <COLOR RGB="#ccc39b" NAME="Baumann-Prase 807·2 Cgg 4" Spot="1" />
 <COLOR RGB="#b0a876" NAME="Baumann-Prase 808·4 Cgg 4" Spot="1" />
 <COLOR RGB="#998f5a" NAME="Baumann-Prase 809·6 Cgg 4" Spot="1" />
 <COLOR RGB="#7f773f" NAME="Baumann-Prase 810·8 Cgg 4" Spot="1" />
 <COLOR RGB="#c9c298" NAME="Baumann-Prase 811·3 Cgg 5" Spot="1" />
 <COLOR RGB="#a7a273" NAME="Baumann-Prase 812·5 Cgg 5" Spot="1" />
 <COLOR RGB="#8d8757" NAME="Baumann-Prase 813·7 Cgg 5" Spot="1" />
 <COLOR RGB="#777347" NAME="Baumann-Prase 814·9 Cgg 5" Spot="1" />
 <COLOR RGB="#ccc4a0" NAME="Baumann-Prase 815·2 Cgg 6" Spot="1" />
 <COLOR RGB="#aaa47c" NAME="Baumann-Prase 816·4 Cgg 6" Spot="1" />
 <COLOR RGB="#948e6a" NAME="Baumann-Prase 817·6 Cgg 6" Spot="1" />
 <COLOR RGB="#807b55" NAME="Baumann-Prase 818·8 Cgg 6" Spot="1" />
 <COLOR RGB="#626042" NAME="Baumann-Prase 819·10 Cgg 6" Spot="1" />
 <COLOR RGB="#cac5a5" NAME="Baumann-Prase 820·1 Cgg 7" Spot="1" />
 <COLOR RGB="#bfb99b" NAME="Baumann-Prase 821·3 Cgg 7" Spot="1" />
 <COLOR RGB="#948e71" NAME="Baumann-Prase 822·5 Cgg 7" Spot="1" />
 <COLOR RGB="#867f62" NAME="Baumann-Prase 823·7 Cgg 7" Spot="1" />
 <COLOR RGB="#6a6550" NAME="Baumann-Prase 824·9 Cgg 7" Spot="1" />
 <COLOR RGB="#535141" NAME="Baumann-Prase 825·11 Cgg 7" Spot="1" />
 <COLOR RGB="#b8cd7a" NAME="Baumann-Prase 826·2 Cgg-Gcc" Spot="1" />
 <COLOR RGB="#a5c059" NAME="Baumann-Prase 827·3 Cgg-Gcc" Spot="1" />
 <COLOR RGB="#8cad48" NAME="Baumann-Prase 828·4 Cgg-Gcc" Spot="1" />
 <COLOR RGB="#8ba245" NAME="Baumann-Prase 829·5 Cgg-Gcc" Spot="1" />
 <COLOR RGB="#bfd191" NAME="Baumann-Prase 830·2 Cgg-Gcc 1" Spot="1" />
 <COLOR RGB="#b8c67b" NAME="Baumann-Prase 831·3 Cgg-Gcc 1" Spot="1" />
 <COLOR RGB="#b4bf6d" NAME="Baumann-Prase 832·4 Cgg-Gcc 1" Spot="1" />
 <COLOR RGB="#a3b352" NAME="Baumann-Prase 833·5 Cgg-Gcc 1" Spot="1" />
 <COLOR RGB="#8b9c4b" NAME="Baumann-Prase 834·6 Cgg-Gcc 1" Spot="1" />
 <COLOR RGB="#c2c789" NAME="Baumann-Prase 835·3 Cgg-Gcc 2" Spot="1" />
 <COLOR RGB="#a0ad5c" NAME="Baumann-Prase 836·5 Cgg-Gcc 2" Spot="1" />
 <COLOR RGB="#8a9144" NAME="Baumann-Prase 837·7 Cgg-Gcc 2" Spot="1" />
 <COLOR RGB="#c7cea5" NAME="Baumann-Prase 838·2 Cgg-Gcc 3" Spot="1" />
 <COLOR RGB="#a3ac72" NAME="Baumann-Prase 839·4 Cgg-Gcc 3" Spot="1" />
 <COLOR RGB="#929c5e" NAME="Baumann-Prase 840·6 Cgg-Gcc 3" Spot="1" />
 <COLOR RGB="#7f8446" NAME="Baumann-Prase 841·8 Cgg-Gcc 3" Spot="1" />
 <COLOR RGB="#b8b57f" NAME="Baumann-Prase 842·3 Cgg-Gcc 4" Spot="1" />
 <COLOR RGB="#a1a270" NAME="Baumann-Prase 843·5 Cgg-Gcc 4" Spot="1" />
 <COLOR RGB="#828552" NAME="Baumann-Prase 844·7 Cgg-Gcc 4" Spot="1" />
 <COLOR RGB="#6d7044" NAME="Baumann-Prase 845·9 Cgg-Gcc 4" Spot="1" />
 <COLOR RGB="#b3b88d" NAME="Baumann-Prase 846·4 Cgg-Gcc 5" Spot="1" />
 <COLOR RGB="#8f9265" NAME="Baumann-Prase 847·6 Cgg-Gcc 5" Spot="1" />
 <COLOR RGB="#71784e" NAME="Baumann-Prase 848·8 Cgg-Gcc 5" Spot="1" />
 <COLOR RGB="#646b43" NAME="Baumann-Prase 849·10 Cgg-Gcc 5" Spot="1" />
 <COLOR RGB="#ccd8a1" NAME="Baumann-Prase 850·1 Gcc" Spot="1" />
 <COLOR RGB="#b6ca86" NAME="Baumann-Prase 851·2 Gcc" Spot="1" />
 <COLOR RGB="#a1bb64" NAME="Baumann-Prase 852·3 Gcc" Spot="1" />
 <COLOR RGB="#98b650" NAME="Baumann-Prase 853·4 Gcc" Spot="1" />
 <COLOR RGB="#88a948" NAME="Baumann-Prase 854·5 Gcc" Spot="1" />
 <COLOR RGB="#c0d39a" NAME="Baumann-Prase 855·2 Gcc 1" Spot="1" />
 <COLOR RGB="#aeca86" NAME="Baumann-Prase 856·3 Gcc 1" Spot="1" />
 <COLOR RGB="#97b969" NAME="Baumann-Prase 857·4 Gcc 1" Spot="1" />
 <COLOR RGB="#8bb05c" NAME="Baumann-Prase 858·5 Gcc 1" Spot="1" />
 <COLOR RGB="#77a651" NAME="Baumann-Prase 859·6 Gcc 1" Spot="1" />
 <COLOR RGB="#c2d0a0" NAME="Baumann-Prase 860·2 Gcc 2" Spot="1" />
 <COLOR RGB="#bbc997" NAME="Baumann-Prase 861·3 Gcc 2" Spot="1" />
 <COLOR RGB="#a3b77d" NAME="Baumann-Prase 862·4 Gcc 2" Spot="1" />
 <COLOR RGB="#92ab68" NAME="Baumann-Prase 863·5 Gcc 2" Spot="1" />
 <COLOR RGB="#84a15f" NAME="Baumann-Prase 864·6 Gcc 2" Spot="1" />
 <COLOR RGB="#72914f" NAME="Baumann-Prase 865·7 Gcc 2" Spot="1" />
 <COLOR RGB="#d6dcbd" NAME="Baumann-Prase 866·1 Gcc 3" Spot="1" />
 <COLOR RGB="#c4d0ab" NAME="Baumann-Prase 867·2 Gcc 3" Spot="1" />
 <COLOR RGB="#b8c598" NAME="Baumann-Prase 868·3 Gcc 3" Spot="1" />
 <COLOR RGB="#a6b989" NAME="Baumann-Prase 869·4 Gcc 3" Spot="1" />
 <COLOR RGB="#9aae79" NAME="Baumann-Prase 870·5 Gcc 3" Spot="1" />
 <COLOR RGB="#849c68" NAME="Baumann-Prase 871·6 Gcc 3" Spot="1" />
 <COLOR RGB="#748e58" NAME="Baumann-Prase 872·7 Gcc 3" Spot="1" />
 <COLOR RGB="#6c834e" NAME="Baumann-Prase 873·8 Gcc 3" Spot="1" />
 <COLOR RGB="#b3be97" NAME="Baumann-Prase 874·3 Gcc 4" Spot="1" />
 <COLOR RGB="#92a473" NAME="Baumann-Prase 875·5 Gcc 4" Spot="1" />
 <COLOR RGB="#6e8654" NAME="Baumann-Prase 876·7 Gcc 4" Spot="1" />
 <COLOR RGB="#5a6f49" NAME="Baumann-Prase 877·9 Gcc 4" Spot="1" />
 <COLOR RGB="#c6c8a9" NAME="Baumann-Prase 878·2 Gcc 5" Spot="1" />
 <COLOR RGB="#a0a984" NAME="Baumann-Prase 879·4 Gcc 5" Spot="1" />
 <COLOR RGB="#868f6c" NAME="Baumann-Prase 880·6 Gcc 5" Spot="1" />
 <COLOR RGB="#6d7958" NAME="Baumann-Prase 881·8 Gcc 5" Spot="1" />
 <COLOR RGB="#596445" NAME="Baumann-Prase 882·10 Gcc 5" Spot="1" />
 <COLOR RGB="#c5c6ac" NAME="Baumann-Prase 883·1 Gcc 6" Spot="1" />
 <COLOR RGB="#b0b399" NAME="Baumann-Prase 884·3 Gcc 6" Spot="1" />
 <COLOR RGB="#919a81" NAME="Baumann-Prase 885·5 Gcc 6" Spot="1" />
 <COLOR RGB="#727e64" NAME="Baumann-Prase 886·7 Gcc 6" Spot="1" />
 <COLOR RGB="#636853" NAME="Baumann-Prase 887·9 Gcc 6" Spot="1" />
 <COLOR RGB="#49553f" NAME="Baumann-Prase 888·11 Gcc 6" Spot="1" />
 <COLOR RGB="#b3d08e" NAME="Baumann-Prase 889·2 Gc-Gcc" Spot="1" />
 <COLOR RGB="#9dbf77" NAME="Baumann-Prase 890·3 Gc-Gcc" Spot="1" />
 <COLOR RGB="#93ba6a" NAME="Baumann-Prase 891·4 Gc-Gcc" Spot="1" />
 <COLOR RGB="#72b15a" NAME="Baumann-Prase 892·5 Gc-Gcc" Spot="1" />
 <COLOR RGB="#9ecb7e" NAME="Baumann-Prase 893·3 Gc-Gcc 1" Spot="1" />
 <COLOR RGB="#88bb65" NAME="Baumann-Prase 894·4 Gc-Gcc 1" Spot="1" />
 <COLOR RGB="#78ac52" NAME="Baumann-Prase 895·5 Gc-Gcc 1" Spot="1" />
 <COLOR RGB="#639f51" NAME="Baumann-Prase 896·6 Gc-Gcc 1" Spot="1" />
 <COLOR RGB="#a3c484" NAME="Baumann-Prase 897·3 Gc-Gcc 2" Spot="1" />
 <COLOR RGB="#7dab65" NAME="Baumann-Prase 898·5 Gc-Gcc 2" Spot="1" />
 <COLOR RGB="#699b55" NAME="Baumann-Prase 899·7 Gc-Gcc 2" Spot="1" />
 <COLOR RGB="#97ae81" NAME="Baumann-Prase 900·4 Gc-Gcc 3" Spot="1" />
 <COLOR RGB="#7a9864" NAME="Baumann-Prase 901·6 Gc-Gcc 3" Spot="1" />
 <COLOR RGB="#698d54" NAME="Baumann-Prase 902·8 Gc-Gcc 3" Spot="1" />
 <COLOR RGB="#8ea67d" NAME="Baumann-Prase 903·5 Gc-Gcc 4" Spot="1" />
 <COLOR RGB="#738c5e" NAME="Baumann-Prase 904·7 Gc-Gcc 4" Spot="1" />
 <COLOR RGB="#597045" NAME="Baumann-Prase 905·9 Gc-Gcc 4" Spot="1" />
 <COLOR RGB="#4b5d46" NAME="Baumann-Prase 906·10 Gc-Gcc 5" Spot="1" />
 <COLOR RGB="#cadab6" NAME="Baumann-Prase 907·1 Gc" Spot="1" />
 <COLOR RGB="#accb9b" NAME="Baumann-Prase 908·2 Gc" Spot="1" />
 <COLOR RGB="#95be85" NAME="Baumann-Prase 909·3 Gc" Spot="1" />
 <COLOR RGB="#7ead6c" NAME="Baumann-Prase 910·4 Gc" Spot="1" />
 <COLOR RGB="#73ad64" NAME="Baumann-Prase 911·5 Gc" Spot="1" />
 <COLOR RGB="#589851" NAME="Baumann-Prase 912·6 Gc" Spot="1" />
 <COLOR RGB="#b7d1a7" NAME="Baumann-Prase 913·2 Gc 1" Spot="1" />
 <COLOR RGB="#96be8b" NAME="Baumann-Prase 914·3 Gc 1" Spot="1" />
 <COLOR RGB="#84af75" NAME="Baumann-Prase 915·4 Gc 1" Spot="1" />
 <COLOR RGB="#78a970" NAME="Baumann-Prase 916·5 Gc 1" Spot="1" />
 <COLOR RGB="#64a162" NAME="Baumann-Prase 917·6 Gc 1" Spot="1" />
 <COLOR RGB="#569152" NAME="Baumann-Prase 918·7 Gc 1" Spot="1" />
 <COLOR RGB="#d4dfc2" NAME="Baumann-Prase 919·1 Gc 2" Spot="1" />
 <COLOR RGB="#b1c6a0" NAME="Baumann-Prase 920·2 Gc 2" Spot="1" />
 <COLOR RGB="#a9c197" NAME="Baumann-Prase 921·3 Gc 2" Spot="1" />
 <COLOR RGB="#96b183" NAME="Baumann-Prase 922·4 Gc 2" Spot="1" />
 <COLOR RGB="#7fa271" NAME="Baumann-Prase 923·5 Gc 2" Spot="1" />
 <COLOR RGB="#6e945b" NAME="Baumann-Prase 924·6 Gc 2" Spot="1" />
 <COLOR RGB="#5b8f5b" NAME="Baumann-Prase 925·7 Gc 2" Spot="1" />
 <COLOR RGB="#4d8a4a" NAME="Baumann-Prase 926·8 Gc 2" Spot="1" />
 <COLOR RGB="#a7bc9d" NAME="Baumann-Prase 927·3 Gc 3" Spot="1" />
 <COLOR RGB="#789870" NAME="Baumann-Prase 928·5 Gc 3" Spot="1" />
 <COLOR RGB="#5c7e58" NAME="Baumann-Prase 929·7 Gc 3" Spot="1" />
 <COLOR RGB="#417e46" NAME="Baumann-Prase 930·9 Gc 3" Spot="1" />
 <COLOR RGB="#b8c4a7" NAME="Baumann-Prase 931·2 Gc 4" Spot="1" />
 <COLOR RGB="#90a889" NAME="Baumann-Prase 932·4 Gc 4" Spot="1" />
 <COLOR RGB="#748c6a" NAME="Baumann-Prase 933·6 Gc 4" Spot="1" />
 <COLOR RGB="#63785c" NAME="Baumann-Prase 934·8 Gc 4" Spot="1" />
 <COLOR RGB="#476445" NAME="Baumann-Prase 935·10 Gc 4" Spot="1" />
 <COLOR RGB="#c7cfb9" NAME="Baumann-Prase 936·1 Gc 5" Spot="1" />
 <COLOR RGB="#9dae97" NAME="Baumann-Prase 937·3 Gc 5" Spot="1" />
 <COLOR RGB="#8c9d86" NAME="Baumann-Prase 938·5 Gc 5" Spot="1" />
 <COLOR RGB="#6c7d69" NAME="Baumann-Prase 939·7 Gc 5" Spot="1" />
 <COLOR RGB="#53634f" NAME="Baumann-Prase 940·9 Gc 5" Spot="1" />
 <COLOR RGB="#454d3d" NAME="Baumann-Prase 941·11 Gc 5" Spot="1" />
 <COLOR RGB="#b1d2a9" NAME="Baumann-Prase 942·2 G" Spot="1" />
 <COLOR RGB="#93c292" NAME="Baumann-Prase 943·3 G" Spot="1" />
 <COLOR RGB="#79b177" NAME="Baumann-Prase 944·4 G" Spot="1" />
 <COLOR RGB="#5baa6a" NAME="Baumann-Prase 945·5 G" Spot="1" />
 <COLOR RGB="#3fa260" NAME="Baumann-Prase 946·6 G" Spot="1" />
 <COLOR RGB="#99c493" NAME="Baumann-Prase 947·3 G 1" Spot="1" />
 <COLOR RGB="#61ac79" NAME="Baumann-Prase 948·5 G 1" Spot="1" />
 <COLOR RGB="#509f67" NAME="Baumann-Prase 949·7 G 1" Spot="1" />
 <COLOR RGB="#89b689" NAME="Baumann-Prase 950·4 G 2" Spot="1" />
 <COLOR RGB="#6d9f75" NAME="Baumann-Prase 951·6 G 2" Spot="1" />
 <COLOR RGB="#358555" NAME="Baumann-Prase 952·8 G 2" Spot="1" />
 <COLOR RGB="#7ea989" NAME="Baumann-Prase 953·5 G 3" Spot="1" />
 <COLOR RGB="#619170" NAME="Baumann-Prase 954·7 G 3" Spot="1" />
 <COLOR RGB="#37684e" NAME="Baumann-Prase 955·9 G 3" Spot="1" />
 <COLOR RGB="#3c5b4b" NAME="Baumann-Prase 956·10 G 4" Spot="1" />
 <COLOR RGB="#79a193" NAME="Baumann-Prase 1002·5 Gb-Gbb 3" Spot="1" />
 <COLOR RGB="#507f6f" NAME="Baumann-Prase 1003·7 Gb-Gbb 3" Spot="1" />
 <COLOR RGB="#2b695f" NAME="Baumann-Prase 1004·9 Gb-Gbb 3" Spot="1" />
 <COLOR RGB="#285853" NAME="Baumann-Prase 1005·10 Gb-Gbb 4" Spot="1" />
 <COLOR RGB="#a5d5bf" NAME="Baumann-Prase 991·2 Gb-Gbb" Spot="1" />
 <COLOR RGB="#79c1a6" NAME="Baumann-Prase 992·3 Gb-Gbb" Spot="1" />
 <COLOR RGB="#5cb598" NAME="Baumann-Prase 993·4 Gb-Gbb" Spot="1" />
 <COLOR RGB="#44b08c" NAME="Baumann-Prase 994·5 Gb-Gbb" Spot="1" />
 <COLOR RGB="#44957c" NAME="Baumann-Prase 995·6 Gb-Gbb" Spot="1" />
 <COLOR RGB="#8dbdad" NAME="Baumann-Prase 996·3 Gb-Gbb 1" Spot="1" />
 <COLOR RGB="#68a68e" NAME="Baumann-Prase 997·5 Gb-Gbb 1" Spot="1" />
 <COLOR RGB="#338871" NAME="Baumann-Prase 998·7 Gb-Gbb 1" Spot="1" />
 <COLOR RGB="#85b6a4" NAME="Baumann-Prase 999·4 Gb-Gbb 2" Spot="1" />
 <COLOR RGB="#599684" NAME="Baumann-Prase 1000·6 Gb-Gbb 2" Spot="1" />
 <COLOR RGB="#347a69" NAME="Baumann-Prase 1001·8 Gb-Gbb 2" Spot="1" />
 <COLOR RGB="#c3dfc8" NAME="Baumann-Prase 957·1 Gb" Spot="1" />
 <COLOR RGB="#a3d4b5" NAME="Baumann-Prase 958·2 Gb" Spot="1" />
 <COLOR RGB="#88c5a3" NAME="Baumann-Prase 959·3 Gb" Spot="1" />
 <COLOR RGB="#6cab85" NAME="Baumann-Prase 960·4 Gb" Spot="1" />
 <COLOR RGB="#51ac7b" NAME="Baumann-Prase 961·5 Gb" Spot="1" />
 <COLOR RGB="#3c9b6c" NAME="Baumann-Prase 962·6 Gb" Spot="1" />
 <COLOR RGB="#b2d6be" NAME="Baumann-Prase 963·2 Gb 1" Spot="1" />
 <COLOR RGB="#95c7ab" NAME="Baumann-Prase 964·3 Gb 1" Spot="1" />
 <COLOR RGB="#81b695" NAME="Baumann-Prase 965·4 Gb 1" Spot="1" />
 <COLOR RGB="#6da98a" NAME="Baumann-Prase 966·5 Gb 1" Spot="1" />
 <COLOR RGB="#579b7a" NAME="Baumann-Prase 967·6 Gb 1" Spot="1" />
 <COLOR RGB="#308862" NAME="Baumann-Prase 968·7 Gb 1" Spot="1" />
 <COLOR RGB="#d4dcc9" NAME="Baumann-Prase 969·1 Gb 2" Spot="1" />
 <COLOR RGB="#b4ccb7" NAME="Baumann-Prase 970·2 Gb 2" Spot="1" />
 <COLOR RGB="#a0c0a6" NAME="Baumann-Prase 971·3 Gb 2" Spot="1" />
 <COLOR RGB="#8cb197" NAME="Baumann-Prase 972·4 Gb 2" Spot="1" />
 <COLOR RGB="#78a78b" NAME="Baumann-Prase 973·5 Gb 2" Spot="1" />
 <COLOR RGB="#67967d" NAME="Baumann-Prase 974·6 Gb 2" Spot="1" />
 <COLOR RGB="#4e896b" NAME="Baumann-Prase 975·7 Gb 2" Spot="1" />
 <COLOR RGB="#2c7355" NAME="Baumann-Prase 976·8 Gb 2" Spot="1" />
 <COLOR RGB="#9ab6a3" NAME="Baumann-Prase 977·3 Gb 3" Spot="1" />
 <COLOR RGB="#749885" NAME="Baumann-Prase 978·5 Gb 3" Spot="1" />
 <COLOR RGB="#4f7d6a" NAME="Baumann-Prase 979·7 Gb 3" Spot="1" />
 <COLOR RGB="#286e4e" NAME="Baumann-Prase 980·9 Gb 3" Spot="1" />
 <COLOR RGB="#b2c9b8" NAME="Baumann-Prase 981·2 Gb 4" Spot="1" />
 <COLOR RGB="#7c9e8d" NAME="Baumann-Prase 982·4 Gb 4" Spot="1" />
 <COLOR RGB="#638577" NAME="Baumann-Prase 983·6 Gb 4" Spot="1" />
 <COLOR RGB="#426f5c" NAME="Baumann-Prase 984·8 Gb 4" Spot="1" />
 <COLOR RGB="#335944" NAME="Baumann-Prase 985·10 Gb 4" Spot="1" />
 <COLOR RGB="#9eb4a9" NAME="Baumann-Prase 986·3 Gb 5" Spot="1" />
 <COLOR RGB="#778b7e" NAME="Baumann-Prase 987·5 Gb 5" Spot="1" />
 <COLOR RGB="#587468" NAME="Baumann-Prase 988·7 Gb 5" Spot="1" />
 <COLOR RGB="#416155" NAME="Baumann-Prase 989·9 Gb 5" Spot="1" />
 <COLOR RGB="#2e4941" NAME="Baumann-Prase 990·11 Gb 5" Spot="1" />
 <COLOR RGB="#bbdacd" NAME="Baumann-Prase 1006·1 Gbb" Spot="1" />
 <COLOR RGB="#96cbbd" NAME="Baumann-Prase 1007·2 Gbb" Spot="1" />
 <COLOR RGB="#80c8b5" NAME="Baumann-Prase 1008·3 Gbb" Spot="1" />
 <COLOR RGB="#58b19f" NAME="Baumann-Prase 1009·4 Gbb" Spot="1" />
 <COLOR RGB="#48aa98" NAME="Baumann-Prase 1010·5 Gbb" Spot="1" />
 <COLOR RGB="#359487" NAME="Baumann-Prase 1011·6 Gbb" Spot="1" />
 <COLOR RGB="#3f8677" NAME="Baumann-Prase 1012·7 Gbb" Spot="1" />
 <COLOR RGB="#a9d0c8" NAME="Baumann-Prase 1013·2 Gbb 1" Spot="1" />
 <COLOR RGB="#8ec3bd" NAME="Baumann-Prase 1014·3 Gbb 1" Spot="1" />
 <COLOR RGB="#77b4ac" NAME="Baumann-Prase 1015·4 Gbb 1" Spot="1" />
 <COLOR RGB="#5cac9d" NAME="Baumann-Prase 1016·5 Gbb 1" Spot="1" />
 <COLOR RGB="#5c998f" NAME="Baumann-Prase 1017·6 Gbb 1" Spot="1" />
 <COLOR RGB="#4f8c81" NAME="Baumann-Prase 1018·7 Gbb 1" Spot="1" />
 <COLOR RGB="#3b7977" NAME="Baumann-Prase 1019·8 Gbb 1" Spot="1" />
 <COLOR RGB="#98bfb6" NAME="Baumann-Prase 1020·3 Gbb 2" Spot="1" />
 <COLOR RGB="#66a498" NAME="Baumann-Prase 1021·5 Gbb 2" Spot="1" />
 <COLOR RGB="#4a887d" NAME="Baumann-Prase 1022·7 Gbb 2" Spot="1" />
 <COLOR RGB="#277066" NAME="Baumann-Prase 1023·9 Gbb 2" Spot="1" />
 <COLOR RGB="#a7c4bd" NAME="Baumann-Prase 1024·2 Gbb 3" Spot="1" />
 <COLOR RGB="#80a7a5" NAME="Baumann-Prase 1025·4 Gbb 3" Spot="1" />
 <COLOR RGB="#658d8a" NAME="Baumann-Prase 1026·6 Gbb 3" Spot="1" />
 <COLOR RGB="#476e6f" NAME="Baumann-Prase 1027·8 Gbb 3" Spot="1" />
 <COLOR RGB="#345659" NAME="Baumann-Prase 1028·10 Gbb 3" Spot="1" />
 <COLOR RGB="#c5d0cc" NAME="Baumann-Prase 1029·1 Gbb 4" Spot="1" />
 <COLOR RGB="#98a7a4" NAME="Baumann-Prase 1030·3 Gbb 4" Spot="1" />
 <COLOR RGB="#7c918b" NAME="Baumann-Prase 1031·5 Gbb 4" Spot="1" />
 <COLOR RGB="#697f7d" NAME="Baumann-Prase 1032·7 Gbb 4" Spot="1" />
 <COLOR RGB="#425c5b" NAME="Baumann-Prase 1033·9 Gbb 4" Spot="1" />
 <COLOR RGB="#364a4b" NAME="Baumann-Prase 1034·11 Gbb 4" Spot="1" />
 <COLOR RGB="#96cec8" NAME="Baumann-Prase 1035·2 Gbb-Bgg" Spot="1" />
 <COLOR RGB="#6fbebc" NAME="Baumann-Prase 1036·3 Gbb-Bgg" Spot="1" />
 <COLOR RGB="#52aeaf" NAME="Baumann-Prase 1037·4 Gbb-Bgg" Spot="1" />
 <COLOR RGB="#31a2a8" NAME="Baumann-Prase 1038·5 Gbb-Bgg" Spot="1" />
 <COLOR RGB="#348d90" NAME="Baumann-Prase 1039·6 Gbb-Bgg" Spot="1" />
 <COLOR RGB="#307b84" NAME="Baumann-Prase 1040·7 Gbb-Bgg" Spot="1" />
 <COLOR RGB="#7dabb5" NAME="Baumann-Prase 1041·4 Gbb-Bgg 1" Spot="1" />
 <COLOR RGB="#4f8c9f" NAME="Baumann-Prase 1042·6 Gbb-Bgg 1" Spot="1" />
 <COLOR RGB="#357186" NAME="Baumann-Prase 1043·8 Gbb-Bgg 1" Spot="1" />
 <COLOR RGB="#9fc0c1" NAME="Baumann-Prase 1044·3 Gbb-Bgg 2" Spot="1" />
 <COLOR RGB="#779fa8" NAME="Baumann-Prase 1045·5 Gbb-Bgg 2" Spot="1" />
 <COLOR RGB="#4e7b8a" NAME="Baumann-Prase 1046·7 Gbb-Bgg 2" Spot="1" />
 <COLOR RGB="#3b6975" NAME="Baumann-Prase 1047·9 Gbb-Bgg 2" Spot="1" />
 <COLOR RGB="#82a0a6" NAME="Baumann-Prase 1048·4 Gbb-Bgg 3" Spot="1" />
 <COLOR RGB="#5c7f89" NAME="Baumann-Prase 1049·6 Gbb-Bgg 3" Spot="1" />
 <COLOR RGB="#446b7f" NAME="Baumann-Prase 1050·8 Gbb-Bgg 3" Spot="1" />
 <COLOR RGB="#33596b" NAME="Baumann-Prase 1051·10 Gbb-Bgg 3" Spot="1" />
 <COLOR RGB="#84a3b4" NAME="Baumann-Prase 1090·4 Bg-Bgg 2" Spot="1" />
 <COLOR RGB="#678495" NAME="Baumann-Prase 1091·6 Bg-Bgg 2" Spot="1" />
 <COLOR RGB="#436379" NAME="Baumann-Prase 1092·8 Bg-Bgg 2" Spot="1" />
 <COLOR RGB="#2d4d70" NAME="Baumann-Prase 1093·10 Bg-Bgg 2" Spot="1" />
 <COLOR RGB="#8dd2d5" NAME="Baumann-Prase 1079·2 Bg-Bgg" Spot="1" />
 <COLOR RGB="#60c6d3" NAME="Baumann-Prase 1080·3 Bg-Bgg" Spot="1" />
 <COLOR RGB="#33b1c3" NAME="Baumann-Prase 1081·4 Bg-Bgg" Spot="1" />
 <COLOR RGB="#0f9bb2" NAME="Baumann-Prase 1082·5 Bg-Bgg" Spot="1" />
 <COLOR RGB="#1f8cb2" NAME="Baumann-Prase 1083·6 Bg-Bgg" Spot="1" />
 <COLOR RGB="#1879b4" NAME="Baumann-Prase 1084·7 Bg-Bgg" Spot="1" />
 <COLOR RGB="#296db5" NAME="Baumann-Prase 1085·8 Bg-Bgg" Spot="1" />
 <COLOR RGB="#84b1c8" NAME="Baumann-Prase 1086·3 Bg-Bgg 1" Spot="1" />
 <COLOR RGB="#6c99b1" NAME="Baumann-Prase 1087·5 Bg-Bgg 1" Spot="1" />
 <COLOR RGB="#49799c" NAME="Baumann-Prase 1088·7 Bg-Bgg 1" Spot="1" />
 <COLOR RGB="#2d597f" NAME="Baumann-Prase 1089·9 Bg-Bgg 1" Spot="1" />
 <COLOR RGB="#a5dbd9" NAME="Baumann-Prase 1052·1 Bgg" Spot="1" />
 <COLOR RGB="#81ccd1" NAME="Baumann-Prase 1053·2 Bgg" Spot="1" />
 <COLOR RGB="#5cbdca" NAME="Baumann-Prase 1054·3 Bgg" Spot="1" />
 <COLOR RGB="#4daebc" NAME="Baumann-Prase 1055·4 Bgg" Spot="1" />
 <COLOR RGB="#24a2b6" NAME="Baumann-Prase 1056·5 Bgg" Spot="1" />
 <COLOR RGB="#208ab1" NAME="Baumann-Prase 1057·6 Bgg" Spot="1" />
 <COLOR RGB="#2a82aa" NAME="Baumann-Prase 1058·7 Bgg" Spot="1" />
 <COLOR RGB="#387cae" NAME="Baumann-Prase 1059·8 Bgg" Spot="1" />
 <COLOR RGB="#a4c8d3" NAME="Baumann-Prase 1060·2 Bgg 1" Spot="1" />
 <COLOR RGB="#8cb6c4" NAME="Baumann-Prase 1061·3 Bgg 1" Spot="1" />
 <COLOR RGB="#73a7bc" NAME="Baumann-Prase 1062·4 Bgg 1" Spot="1" />
 <COLOR RGB="#6a9cb6" NAME="Baumann-Prase 1063·5 Bgg 1" Spot="1" />
 <COLOR RGB="#6692a9" NAME="Baumann-Prase 1064·6 Bgg 1" Spot="1" />
 <COLOR RGB="#50809a" NAME="Baumann-Prase 1065·7 Bgg 1" Spot="1" />
 <COLOR RGB="#427095" NAME="Baumann-Prase 1066·8 Bgg 1" Spot="1" />
 <COLOR RGB="#2f618b" NAME="Baumann-Prase 1067·9 Bgg 1" Spot="1" />
 <COLOR RGB="#b3c5cb" NAME="Baumann-Prase 1068·2 Bgg 2" Spot="1" />
 <COLOR RGB="#8ea5b2" NAME="Baumann-Prase 1069·4 Bgg 2" Spot="1" />
 <COLOR RGB="#637f8e" NAME="Baumann-Prase 1070·6 Bgg 2" Spot="1" />
 <COLOR RGB="#496e85" NAME="Baumann-Prase 1071·8 Bgg 2" Spot="1" />
 <COLOR RGB="#315977" NAME="Baumann-Prase 1072·10 Bgg 2" Spot="1" />
 <COLOR RGB="#cfd3d2" NAME="Baumann-Prase 1073·1 Bgg 3" Spot="1" />
 <COLOR RGB="#a1b1bb" NAME="Baumann-Prase 1074·3 Bgg 3" Spot="1" />
 <COLOR RGB="#7e919e" NAME="Baumann-Prase 1075·5 Bgg 3" Spot="1" />
 <COLOR RGB="#637b8b" NAME="Baumann-Prase 1076·7 Bgg 3" Spot="1" />
 <COLOR RGB="#496374" NAME="Baumann-Prase 1077·9 Bgg 3" Spot="1" />
 <COLOR RGB="#374b52" NAME="Baumann-Prase 1078·11 Bgg 3" Spot="1" />
 <COLOR RGB="#c5dce7" NAME="Baumann-Prase 1094·1 Bg" Spot="1" />
 <COLOR RGB="#a7c7e4" NAME="Baumann-Prase 1095·2 Bg" Spot="1" />
 <COLOR RGB="#8fb7de" NAME="Baumann-Prase 1096·3 Bg" Spot="1" />
 <COLOR RGB="#7ca9db" NAME="Baumann-Prase 1097·4 Bg" Spot="1" />
 <COLOR RGB="#6797d4" NAME="Baumann-Prase 1098·5 Bg" Spot="1" />
 <COLOR RGB="#5085cd" NAME="Baumann-Prase 1099·6 Bg" Spot="1" />
 <COLOR RGB="#3c71c2" NAME="Baumann-Prase 1100·7 Bg" Spot="1" />
 <COLOR RGB="#3162b9" NAME="Baumann-Prase 1101·8 Bg" Spot="1" />
 <COLOR RGB="#9fb7cf" NAME="Baumann-Prase 1102·2 Bg 1" Spot="1" />
 <COLOR RGB="#8eaac6" NAME="Baumann-Prase 1103·3 Bg 1" Spot="1" />
 <COLOR RGB="#7b9abe" NAME="Baumann-Prase 1104·4 Bg 1" Spot="1" />
 <COLOR RGB="#5d81b1" NAME="Baumann-Prase 1105·5 Bg 1" Spot="1" />
 <COLOR RGB="#4c77a1" NAME="Baumann-Prase 1106·6 Bg 1" Spot="1" />
 <COLOR RGB="#4070a7" NAME="Baumann-Prase 1107·7 Bg 1" Spot="1" />
 <COLOR RGB="#386396" NAME="Baumann-Prase 1108·8 Bg 1" Spot="1" />
 <COLOR RGB="#366094" NAME="Baumann-Prase 1109·9 Bg 1" Spot="1" />
 <COLOR RGB="#aabecd" NAME="Baumann-Prase 1110·2 Bg 2" Spot="1" />
 <COLOR RGB="#7492af" NAME="Baumann-Prase 1111·4 Bg 2" Spot="1" />
 <COLOR RGB="#567394" NAME="Baumann-Prase 1112·6 Bg 2" Spot="1" />
 <COLOR RGB="#405c83" NAME="Baumann-Prase 1113·8 Bg 2" Spot="1" />
 <COLOR RGB="#304766" NAME="Baumann-Prase 1114·10 Bg 2" Spot="1" />
 <COLOR RGB="#bac9cd" NAME="Baumann-Prase 1115·1 Bg 3" Spot="1" />
 <COLOR RGB="#9aabb9" NAME="Baumann-Prase 1116·3 Bg 3" Spot="1" />
 <COLOR RGB="#7a8c9f" NAME="Baumann-Prase 1117·5 Bg 3" Spot="1" />
 <COLOR RGB="#51667b" NAME="Baumann-Prase 1118·7 Bg 3" Spot="1" />
 <COLOR RGB="#3d5164" NAME="Baumann-Prase 1119·9 Bg 3" Spot="1" />
 <COLOR RGB="#3a4655" NAME="Baumann-Prase 1120·11 Bg 3" Spot="1" />
 <COLOR RGB="#accbdc" NAME="Baumann-Prase 1121·2 B-Bg" Spot="1" />
 <COLOR RGB="#8db7e2" NAME="Baumann-Prase 1122·3 B-Bg" Spot="1" />
 <COLOR RGB="#76a7d8" NAME="Baumann-Prase 1123·4 B-Bg" Spot="1" />
 <COLOR RGB="#618fd2" NAME="Baumann-Prase 1124·5 B-Bg" Spot="1" />
 <COLOR RGB="#4980d1" NAME="Baumann-Prase 1125·6 B-Bg" Spot="1" />
 <COLOR RGB="#3d73cb" NAME="Baumann-Prase 1126·7 B-Bg" Spot="1" />
 <COLOR RGB="#2f64c5" NAME="Baumann-Prase 1127·8 B-Bg" Spot="1" />
 <COLOR RGB="#8aaecf" NAME="Baumann-Prase 1128·3 B-Bg 1" Spot="1" />
 <COLOR RGB="#618cbf" NAME="Baumann-Prase 1129·5 B-Bg 1" Spot="1" />
 <COLOR RGB="#466b98" NAME="Baumann-Prase 1130·7 B-Bg 1" Spot="1" />
 <COLOR RGB="#2e5488" NAME="Baumann-Prase 1131·9 B-Bg 1" Spot="1" />
 <COLOR RGB="#90a3b7" NAME="Baumann-Prase 1132·4 B-Bg 2" Spot="1" />
 <COLOR RGB="#5c7a9a" NAME="Baumann-Prase 1133·6 B-Bg 2" Spot="1" />
 <COLOR RGB="#4b6076" NAME="Baumann-Prase 1134·8 B-Bg 2" Spot="1" />
 <COLOR RGB="#354455" NAME="Baumann-Prase 1135·10 B-Bg 2" Spot="1" />
 <COLOR RGB="#c9dbe3" NAME="Baumann-Prase 1136·1 B" Spot="1" />
 <COLOR RGB="#a8c5de" NAME="Baumann-Prase 1137·2 B" Spot="1" />
 <COLOR RGB="#8dafd5" NAME="Baumann-Prase 1138·3 B" Spot="1" />
 <COLOR RGB="#6c9cd8" NAME="Baumann-Prase 1139·4 B" Spot="1" />
 <COLOR RGB="#598cd0" NAME="Baumann-Prase 1140·5 B" Spot="1" />
 <COLOR RGB="#4a7cca" NAME="Baumann-Prase 1141·6 B" Spot="1" />
 <COLOR RGB="#376cc6" NAME="Baumann-Prase 1142·7 B" Spot="1" />
 <COLOR RGB="#3b63bd" NAME="Baumann-Prase 1143·8 B" Spot="1" />
 <COLOR RGB="#b6ccdc" NAME="Baumann-Prase 1144·1 B 1" Spot="1" />
 <COLOR RGB="#99b7d0" NAME="Baumann-Prase 1145·2 B 1" Spot="1" />
 <COLOR RGB="#84a5cc" NAME="Baumann-Prase 1146·3 B 1" Spot="1" />
 <COLOR RGB="#7598bf" NAME="Baumann-Prase 1147·4 B 1" Spot="1" />
 <COLOR RGB="#6b90bd" NAME="Baumann-Prase 1148·5 B 1" Spot="1" />
 <COLOR RGB="#5c81af" NAME="Baumann-Prase 1149·6 B 1" Spot="1" />
 <COLOR RGB="#456ea8" NAME="Baumann-Prase 1150·7 B 1" Spot="1" />
 <COLOR RGB="#3b5b91" NAME="Baumann-Prase 1151·8 B 1" Spot="1" />
 <COLOR RGB="#32518a" NAME="Baumann-Prase 1152·9 B 1" Spot="1" />
 <COLOR RGB="#97b1c8" NAME="Baumann-Prase 1153·2 B 2" Spot="1" />
 <COLOR RGB="#819cb6" NAME="Baumann-Prase 1154·4 B 2" Spot="1" />
 <COLOR RGB="#5f7a98" NAME="Baumann-Prase 1155·6 B 2" Spot="1" />
 <COLOR RGB="#4a6180" NAME="Baumann-Prase 1156·8 B 2" Spot="1" />
 <COLOR RGB="#35445f" NAME="Baumann-Prase 1157·10 B 2" Spot="1" />
 <COLOR RGB="#b1c2cc" NAME="Baumann-Prase 1158·1 B 3" Spot="1" />
 <COLOR RGB="#90a4b3" NAME="Baumann-Prase 1159·3 B 3" Spot="1" />
 <COLOR RGB="#728699" NAME="Baumann-Prase 1160·5 B 3" Spot="1" />
 <COLOR RGB="#5d6f80" NAME="Baumann-Prase 1161·7 B 3" Spot="1" />
 <COLOR RGB="#455364" NAME="Baumann-Prase 1162·9 B 3" Spot="1" />
 <COLOR RGB="#2f364c" NAME="Baumann-Prase 1163·11 B 3" Spot="1" />
 <COLOR RGB="#b1c4de" NAME="Baumann-Prase 1164·2 B-Bv" Spot="1" />
 <COLOR RGB="#8da8d7" NAME="Baumann-Prase 1165·3 B-Bv" Spot="1" />
 <COLOR RGB="#7896d0" NAME="Baumann-Prase 1166·4 B-Bv" Spot="1" />
 <COLOR RGB="#6283ca" NAME="Baumann-Prase 1167·5 B-Bv" Spot="1" />
 <COLOR RGB="#5674c2" NAME="Baumann-Prase 1168·6 B-Bv" Spot="1" />
 <COLOR RGB="#4462b9" NAME="Baumann-Prase 1169·7 B-Bv" Spot="1" />
 <COLOR RGB="#3646a4" NAME="Baumann-Prase 1170·8 B-Bv" Spot="1" />
 <COLOR RGB="#879dc2" NAME="Baumann-Prase 1171·3 B-Bv 1" Spot="1" />
 <COLOR RGB="#5d79ac" NAME="Baumann-Prase 1172·5 B-Bv 1" Spot="1" />
 <COLOR RGB="#425995" NAME="Baumann-Prase 1173·7 B-Bv 1" Spot="1" />
 <COLOR RGB="#2d4184" NAME="Baumann-Prase 1174·9 B-Bv 1" Spot="1" />
 <COLOR RGB="#7688a3" NAME="Baumann-Prase 1175·4 B-Bv 2" Spot="1" />
 <COLOR RGB="#596d8c" NAME="Baumann-Prase 1176·6 B-Bv 2" Spot="1" />
 <COLOR RGB="#3c4d70" NAME="Baumann-Prase 1177·8 B-Bv 2" Spot="1" />
 <COLOR RGB="#303a5f" NAME="Baumann-Prase 1178·10 B-Bv 2" Spot="1" />
 <COLOR RGB="#b3bbe1" NAME="Baumann-Prase 1202·2 Bv-Vb" Spot="1" />
 <COLOR RGB="#9da4d9" NAME="Baumann-Prase 1203·3 Bv-Vb" Spot="1" />
 <COLOR RGB="#9097d3" NAME="Baumann-Prase 1204·4 Bv-Vb" Spot="1" />
 <COLOR RGB="#747ec2" NAME="Baumann-Prase 1205·5 Bv-Vb" Spot="1" />
 <COLOR RGB="#6a6bb9" NAME="Baumann-Prase 1206·6 Bv-Vb" Spot="1" />
 <COLOR RGB="#5d59b2" NAME="Baumann-Prase 1207·7 Bv-Vb" Spot="1" />
 <COLOR RGB="#4f44a3" NAME="Baumann-Prase 1208·8 Bv-Vb" Spot="1" />
 <COLOR RGB="#3b2f86" NAME="Baumann-Prase 1209·9 Bv-Vb" Spot="1" />
 <COLOR RGB="#8991b7" NAME="Baumann-Prase 1210·4 Bv-Vb 1" Spot="1" />
 <COLOR RGB="#6b72a7" NAME="Baumann-Prase 1211·6 Bv-Vb 1" Spot="1" />
 <COLOR RGB="#525784" NAME="Baumann-Prase 1212·8 Bv-Vb 1" Spot="1" />
 <COLOR RGB="#464e7f" NAME="Baumann-Prase 1213·10 Bv-Vb 1" Spot="1" />
 <COLOR RGB="#c7d2e4" NAME="Baumann-Prase 1179·1 Bv" Spot="1" />
 <COLOR RGB="#b2c1e1" NAME="Baumann-Prase 1180·2 Bv" Spot="1" />
 <COLOR RGB="#9cabdb" NAME="Baumann-Prase 1181·3 Bv" Spot="1" />
 <COLOR RGB="#8395d2" NAME="Baumann-Prase 1182·4 Bv" Spot="1" />
 <COLOR RGB="#6e82ca" NAME="Baumann-Prase 1183·5 Bv" Spot="1" />
 <COLOR RGB="#5c6cbf" NAME="Baumann-Prase 1184·6 Bv" Spot="1" />
 <COLOR RGB="#4c5ab3" NAME="Baumann-Prase 1185·7 Bv" Spot="1" />
 <COLOR RGB="#3f44aa" NAME="Baumann-Prase 1186·8 Bv" Spot="1" />
 <COLOR RGB="#3539a4" NAME="Baumann-Prase 1187·9 Bv" Spot="1" />
 <COLOR RGB="#b4bed1" NAME="Baumann-Prase 1188·2 Bv 1" Spot="1" />
 <COLOR RGB="#9daac4" NAME="Baumann-Prase 1189·3 Bv 1" Spot="1" />
 <COLOR RGB="#8997bc" NAME="Baumann-Prase 1190·4 Bv 1" Spot="1" />
 <COLOR RGB="#7486af" NAME="Baumann-Prase 1191·5 Bv 1" Spot="1" />
 <COLOR RGB="#6175a5" NAME="Baumann-Prase 1192·6 Bv 1" Spot="1" />
 <COLOR RGB="#51639c" NAME="Baumann-Prase 1193·7 Bv 1" Spot="1" />
 <COLOR RGB="#3c4a81" NAME="Baumann-Prase 1194·8 Bv 1" Spot="1" />
 <COLOR RGB="#364174" NAME="Baumann-Prase 1195·9 Bv 1" Spot="1" />
 <COLOR RGB="#373e79" NAME="Baumann-Prase 1196·10 Bv 1" Spot="1" />
 <COLOR RGB="#97a1b5" NAME="Baumann-Prase 1197·3 Bv 2" Spot="1" />
 <COLOR RGB="#7581a2" NAME="Baumann-Prase 1198·5 Bv 2" Spot="1" />
 <COLOR RGB="#606b8c" NAME="Baumann-Prase 1199·7 Bv 2" Spot="1" />
 <COLOR RGB="#3e4a6e" NAME="Baumann-Prase 1200·9 Bv 2" Spot="1" />
 <COLOR RGB="#333a58" NAME="Baumann-Prase 1201·11 Bv 2" Spot="1" />
 <COLOR RGB="#cac9de" NAME="Baumann-Prase 1214·1 Vb" Spot="1" />
 <COLOR RGB="#abacd8" NAME="Baumann-Prase 1215·2 Vb" Spot="1" />
 <COLOR RGB="#9493ce" NAME="Baumann-Prase 1216·3 Vb" Spot="1" />
 <COLOR RGB="#867fc0" NAME="Baumann-Prase 1217·4 Vb" Spot="1" />
 <COLOR RGB="#746bb5" NAME="Baumann-Prase 1218·5 Vb" Spot="1" />
 <COLOR RGB="#6961aa" NAME="Baumann-Prase 1219·6 Vb" Spot="1" />
 <COLOR RGB="#564d9c" NAME="Baumann-Prase 1220·7 Vb" Spot="1" />
 <COLOR RGB="#4d3d8a" NAME="Baumann-Prase 1221·8 Vb" Spot="1" />
 <COLOR RGB="#3b2b72" NAME="Baumann-Prase 1222·9 Vb" Spot="1" />
 <COLOR RGB="#adafcb" NAME="Baumann-Prase 1223·2 Vb 1" Spot="1" />
 <COLOR RGB="#9b9cba" NAME="Baumann-Prase 1224·3 Vb 1" Spot="1" />
 <COLOR RGB="#878ab6" NAME="Baumann-Prase 1225·4 Vb 1" Spot="1" />
 <COLOR RGB="#6e709f" NAME="Baumann-Prase 1226·5 Vb 1" Spot="1" />
 <COLOR RGB="#646393" NAME="Baumann-Prase 1227·6 Vb 1" Spot="1" />
 <COLOR RGB="#575384" NAME="Baumann-Prase 1228·7 Vb 1" Spot="1" />
 <COLOR RGB="#4b4470" NAME="Baumann-Prase 1229·8 Vb 1" Spot="1" />
 <COLOR RGB="#47406e" NAME="Baumann-Prase 1230·9 Vb 1" Spot="1" />
 <COLOR RGB="#413a57" NAME="Baumann-Prase 1231·10 Vb 1" Spot="1" />
 <COLOR RGB="#b8b5c0" NAME="Baumann-Prase 1232·1 Vb 2" Spot="1" />
 <COLOR RGB="#9e9bb7" NAME="Baumann-Prase 1233·3 Vb 2" Spot="1" />
 <COLOR RGB="#807c9a" NAME="Baumann-Prase 1234·5 Vb 2" Spot="1" />
 <COLOR RGB="#656183" NAME="Baumann-Prase 1235·7 Vb 2" Spot="1" />
 <COLOR RGB="#474260" NAME="Baumann-Prase 1236·9 Vb 2" Spot="1" />
 <COLOR RGB="#37334b" NAME="Baumann-Prase 1237·11 Vb 2" Spot="1" />
 <COLOR RGB="#d1c3d5" NAME="Baumann-Prase 1252·1 V" Spot="1" />
 <COLOR RGB="#bdafca" NAME="Baumann-Prase 1253·2 V" Spot="1" />
 <COLOR RGB="#a294bb" NAME="Baumann-Prase 1254·3 V" Spot="1" />
 <COLOR RGB="#9080ae" NAME="Baumann-Prase 1255·4 V" Spot="1" />
 <COLOR RGB="#7d6d9c" NAME="Baumann-Prase 1256·5 V" Spot="1" />
 <COLOR RGB="#766197" NAME="Baumann-Prase 1257·6 V" Spot="1" />
 <COLOR RGB="#6e5c8c" NAME="Baumann-Prase 1258·7 V" Spot="1" />
 <COLOR RGB="#5f4977" NAME="Baumann-Prase 1259·8 V" Spot="1" />
 <COLOR RGB="#503d5f" NAME="Baumann-Prase 1260·9 V" Spot="1" />
 <COLOR RGB="#4a3650" NAME="Baumann-Prase 1261·10 V" Spot="1" />
 <COLOR RGB="#d0c5c3" NAME="Baumann-Prase 1262·1 V 1" Spot="1" />
 <COLOR RGB="#a99cae" NAME="Baumann-Prase 1263·3 V 1" Spot="1" />
 <COLOR RGB="#887b97" NAME="Baumann-Prase 1264·5 V 1" Spot="1" />
 <COLOR RGB="#6d5c78" NAME="Baumann-Prase 1265·7 V 1" Spot="1" />
 <COLOR RGB="#54445f" NAME="Baumann-Prase 1266·9 V 1" Spot="1" />
 <COLOR RGB="#403944" NAME="Baumann-Prase 1267·11 V 1" Spot="1" />
 <COLOR RGB="#9d93b0" NAME="Baumann-Prase 1247·3 V-Vb 1" Spot="1" />
 <COLOR RGB="#7d749a" NAME="Baumann-Prase 1248·5 V-Vb 1" Spot="1" />
 <COLOR RGB="#594b76" NAME="Baumann-Prase 1249·7 V-Vb 1" Spot="1" />
 <COLOR RGB="#4f4362" NAME="Baumann-Prase 1250·9 V-Vb 1" Spot="1" />
 <COLOR RGB="#3f374c" NAME="Baumann-Prase 1251·11 V-Vb 1" Spot="1" />
 <COLOR RGB="#a8a1c3" NAME="Baumann-Prase 1238·2 V-Vb" Spot="1" />
 <COLOR RGB="#9991bd" NAME="Baumann-Prase 1239·3 V-Vb" Spot="1" />
 <COLOR RGB="#867caa" NAME="Baumann-Prase 1240·4 V-Vb" Spot="1" />
 <COLOR RGB="#73689a" NAME="Baumann-Prase 1241·5 V-Vb" Spot="1" />
 <COLOR RGB="#695e94" NAME="Baumann-Prase 1242·6 V-Vb" Spot="1" />
 <COLOR RGB="#5b4f85" NAME="Baumann-Prase 1243·7 V-Vb" Spot="1" />
 <COLOR RGB="#514275" NAME="Baumann-Prase 1244·8 V-Vb" Spot="1" />
 <COLOR RGB="#473767" NAME="Baumann-Prase 1245·9 V-Vb" Spot="1" />
 <COLOR RGB="#413453" NAME="Baumann-Prase 1246·10 V-Vb" Spot="1" />
 <COLOR RGB="#d7c0d6" NAME="Baumann-Prase 1280·1 Vp" Spot="1" />
 <COLOR RGB="#c4a4c4" NAME="Baumann-Prase 1281·2 Vp" Spot="1" />
 <COLOR RGB="#ad89af" NAME="Baumann-Prase 1282·3 Vp" Spot="1" />
 <COLOR RGB="#a179a0" NAME="Baumann-Prase 1283·4 Vp" Spot="1" />
 <COLOR RGB="#91678e" NAME="Baumann-Prase 1284·5 Vp" Spot="1" />
 <COLOR RGB="#906893" NAME="Baumann-Prase 1285·6 Vp" Spot="1" />
 <COLOR RGB="#775173" NAME="Baumann-Prase 1286·7 Vp" Spot="1" />
 <COLOR RGB="#704a6f" NAME="Baumann-Prase 1287·8 Vp" Spot="1" />
 <COLOR RGB="#633b5f" NAME="Baumann-Prase 1288·9 Vp" Spot="1" />
 <COLOR RGB="#4b354b" NAME="Baumann-Prase 1289·10 Vp" Spot="1" />
 <COLOR RGB="#decccd" NAME="Baumann-Prase 1290·1 Vp 1" Spot="1" />
 <COLOR RGB="#baa3af" NAME="Baumann-Prase 1291·3 Vp 1" Spot="1" />
 <COLOR RGB="#957a95" NAME="Baumann-Prase 1292·5 Vp 1" Spot="1" />
 <COLOR RGB="#7a617c" NAME="Baumann-Prase 1293·7 Vp 1" Spot="1" />
 <COLOR RGB="#5e475c" NAME="Baumann-Prase 1294·9 Vp 1" Spot="1" />
 <COLOR RGB="#463142" NAME="Baumann-Prase 1295·11 Vp 1" Spot="1" />
 <COLOR RGB="#8d7297" NAME="Baumann-Prase 1276·5 V-Vp 1" Spot="1" />
 <COLOR RGB="#725a77" NAME="Baumann-Prase 1277·7 V-Vp 1" Spot="1" />
 <COLOR RGB="#544258" NAME="Baumann-Prase 1278·9 V-Vp 1" Spot="1" />
 <COLOR RGB="#443542" NAME="Baumann-Prase 1279·11 V-Vp 1" Spot="1" />
 <COLOR RGB="#b78cc7" NAME="Baumann-Prase 1268·3 V-Vp" Spot="1" />
 <COLOR RGB="#a57bb8" NAME="Baumann-Prase 1269·4 V-Vp" Spot="1" />
 <COLOR RGB="#9065aa" NAME="Baumann-Prase 1270·5 V-Vp" Spot="1" />
 <COLOR RGB="#865a9c" NAME="Baumann-Prase 1271·6 V-Vp" Spot="1" />
 <COLOR RGB="#78508d" NAME="Baumann-Prase 1272·7 V-Vp" Spot="1" />
 <COLOR RGB="#664677" NAME="Baumann-Prase 1273·8 V-Vp" Spot="1" />
 <COLOR RGB="#593f5f" NAME="Baumann-Prase 1274·9 V-Vp" Spot="1" />
 <COLOR RGB="#493450" NAME="Baumann-Prase 1275·10 V-Vp" Spot="1" />
 <COLOR RGB="#e5c0d0" NAME="Baumann-Prase 1310·1 Pv" Spot="1" />
 <COLOR RGB="#d7a3b7" NAME="Baumann-Prase 1311·2 Pv" Spot="1" />
 <COLOR RGB="#c793a8" NAME="Baumann-Prase 1312·3 Pv" Spot="1" />
 <COLOR RGB="#b77f97" NAME="Baumann-Prase 1313·4 Pv" Spot="1" />
 <COLOR RGB="#a86584" NAME="Baumann-Prase 1314·5 Pv" Spot="1" />
 <COLOR RGB="#9a5471" NAME="Baumann-Prase 1315·6 Pv" Spot="1" />
 <COLOR RGB="#8c4864" NAME="Baumann-Prase 1316·7 Pv" Spot="1" />
 <COLOR RGB="#85405a" NAME="Baumann-Prase 1317·8 Pv" Spot="1" />
 <COLOR RGB="#7c3850" NAME="Baumann-Prase 1318·9 Pv" Spot="1" />
 <COLOR RGB="#6d3847" NAME="Baumann-Prase 1319·10 Pv" Spot="1" />
 <COLOR RGB="#e0c5c7" NAME="Baumann-Prase 1320·1 Pv 1" Spot="1" />
 <COLOR RGB="#ba95a1" NAME="Baumann-Prase 1321·3 Pv 1" Spot="1" />
 <COLOR RGB="#a37788" NAME="Baumann-Prase 1322·5 Pv 1" Spot="1" />
 <COLOR RGB="#886272" NAME="Baumann-Prase 1323·7 Pv 1" Spot="1" />
 <COLOR RGB="#876272" NAME="Baumann-Prase 1324·9 Pv 1" Spot="1" />
 <COLOR RGB="#6c4856" NAME="Baumann-Prase 1325·11 Pv 1" Spot="1" />
 <COLOR RGB="#553843" NAME="Baumann-Prase 1305·3 Vp-Pv 1" Spot="1" />
 <COLOR RGB="#b08ca7" NAME="Baumann-Prase 1306·5 Vp-Pv 1" Spot="1" />
 <COLOR RGB="#9a708f" NAME="Baumann-Prase 1307·7 Vp-Pv 1" Spot="1" />
 <COLOR RGB="#795470" NAME="Baumann-Prase 1308·9 Vp-Pv 1" Spot="1" />
 <COLOR RGB="#523445" NAME="Baumann-Prase 1309·11 Vp-Pv 1" Spot="1" />
 <COLOR RGB="#d196cc" NAME="Baumann-Prase 1296·2 Vp-Pv" Spot="1" />
 <COLOR RGB="#c583c2" NAME="Baumann-Prase 1297·3 Vp-Pv" Spot="1" />
 <COLOR RGB="#b972b8" NAME="Baumann-Prase 1298·4 Vp-Pv" Spot="1" />
 <COLOR RGB="#b366b1" NAME="Baumann-Prase 1299·5 Vp-Pv" Spot="1" />
 <COLOR RGB="#a75aa1" NAME="Baumann-Prase 1300·6 Vp-Pv" Spot="1" />
 <COLOR RGB="#a14595" NAME="Baumann-Prase 1301·7 Vp-Pv" Spot="1" />
 <COLOR RGB="#854481" NAME="Baumann-Prase 1302·8 Vp-Pv" Spot="1" />
 <COLOR RGB="#643e5d" NAME="Baumann-Prase 1303·9 Vp-Pv" Spot="1" />
 <COLOR RGB="#593245" NAME="Baumann-Prase 1304·10 Vp-Pv" Spot="1" />
</SCRIBUSCOLORS>