<?xml version="1.0" encoding="UTF-8"?>
<SCRIBUSCOLORS Name="Bayosan Decorputze">
 <COLOR RGB="#e3b790" NAME="Bayosan 101" Spot="1" />
 <COLOR RGB="#e4c7af" NAME="Bayosan 103" Spot="1" />
 <COLOR RGB="#e6cbb2" NAME="Bayosan 105" Spot="1" />
 <COLOR RGB="#e3d1c0" NAME="Bayosan 107" Spot="1" />
 <COLOR RGB="#f1e4da" NAME="Bayosan 109" Spot="1" />
 <COLOR RGB="#e6b473" NAME="Bayosan 121" Spot="1" />
 <COLOR RGB="#e3bd80" NAME="Bayosan 123" Spot="1" />
 <COLOR RGB="#f5d7a6" NAME="Bayosan 125" Spot="1" />
 <COLOR RGB="#f7e2be" NAME="Bayosan 127" Spot="1" />
 <COLOR RGB="#f7ecdd" NAME="Bayosan 129" Spot="1" />
 <COLOR RGB="#cd9565" NAME="Bayosan 141" Spot="1" />
 <COLOR RGB="#e3a970" NAME="Bayosan 143" Spot="1" />
 <COLOR RGB="#e8c192" NAME="Bayosan 145" Spot="1" />
 <COLOR RGB="#edd2b4" NAME="Bayosan 147" Spot="1" />
 <COLOR RGB="#f6e3cc" NAME="Bayosan 149" Spot="1" />
 <COLOR RGB="#cf9950" NAME="Bayosan 151" Spot="1" />
 <COLOR RGB="#daaa62" NAME="Bayosan 153" Spot="1" />
 <COLOR RGB="#d7b789" NAME="Bayosan 155" Spot="1" />
 <COLOR RGB="#e2cda9" NAME="Bayosan 157" Spot="1" />
 <COLOR RGB="#ebddc3" NAME="Bayosan 159" Spot="1" />
 <COLOR RGB="#9b7f62" NAME="Bayosan 171" Spot="1" />
 <COLOR RGB="#bba58d" NAME="Bayosan 173" Spot="1" />
 <COLOR RGB="#cfb79a" NAME="Bayosan 175" Spot="1" />
 <COLOR RGB="#d4c2ad" NAME="Bayosan 177" Spot="1" />
 <COLOR RGB="#e6daca" NAME="Bayosan 179" Spot="1" />
 <COLOR RGB="#9b8976" NAME="Bayosan 191" Spot="1" />
 <COLOR RGB="#b09f89" NAME="Bayosan 193" Spot="1" />
 <COLOR RGB="#bdaf9f" NAME="Bayosan 195" Spot="1" />
 <COLOR RGB="#dacdbd" NAME="Bayosan 197" Spot="1" />
 <COLOR RGB="#e3dbd0" NAME="Bayosan 199" Spot="1" />
 <COLOR RGB="#ddaf64" NAME="Bayosan 201" Spot="1" />
 <COLOR RGB="#e9c88b" NAME="Bayosan 203" Spot="1" />
 <COLOR RGB="#e7d1a9" NAME="Bayosan 205" Spot="1" />
 <COLOR RGB="#eedfc3" NAME="Bayosan 207" Spot="1" />
 <COLOR RGB="#f0e2ca" NAME="Bayosan 209" Spot="1" />
 <COLOR RGB="#caa16e" NAME="Bayosan 221" Spot="1" />
 <COLOR RGB="#d3b480" NAME="Bayosan 223" Spot="1" />
 <COLOR RGB="#e1c18c" NAME="Bayosan 225" Spot="1" />
 <COLOR RGB="#eccf99" NAME="Bayosan 227" Spot="1" />
 <COLOR RGB="#ebd8af" NAME="Bayosan 229" Spot="1" />
 <COLOR RGB="#9f8669" NAME="Bayosan 241" Spot="1" />
 <COLOR RGB="#ad9476" NAME="Bayosan 243" Spot="1" />
 <COLOR RGB="#c0ad95" NAME="Bayosan 245" Spot="1" />
 <COLOR RGB="#cbb79c" NAME="Bayosan 247" Spot="1" />
 <COLOR RGB="#d9c6b1" NAME="Bayosan 249" Spot="1" />
 <COLOR RGB="#eecb83" NAME="Bayosan 251" Spot="1" />
 <COLOR RGB="#ead0a1" NAME="Bayosan 253" Spot="1" />
 <COLOR RGB="#edd7ae" NAME="Bayosan 255" Spot="1" />
 <COLOR RGB="#eedeb6" NAME="Bayosan 257" Spot="1" />
 <COLOR RGB="#e4d8c5" NAME="Bayosan 259" Spot="1" />
 <COLOR RGB="#a7a393" NAME="Bayosan 271" Spot="1" />
 <COLOR RGB="#cbbda8" NAME="Bayosan 273" Spot="1" />
 <COLOR RGB="#d4c8b6" NAME="Bayosan 275" Spot="1" />
 <COLOR RGB="#dcd2bd" NAME="Bayosan 277" Spot="1" />
 <COLOR RGB="#ebe0d0" NAME="Bayosan 279" Spot="1" />
 <COLOR RGB="#91846c" NAME="Bayosan 291" Spot="1" />
 <COLOR RGB="#b0aa99" NAME="Bayosan 293" Spot="1" />
 <COLOR RGB="#c7bfb0" NAME="Bayosan 295" Spot="1" />
 <COLOR RGB="#dad1c2" NAME="Bayosan 297" Spot="1" />
 <COLOR RGB="#e8e3d9" NAME="Bayosan 299" Spot="1" />
 <COLOR RGB="#d2b678" NAME="Bayosan 301" Spot="1" />
 <COLOR RGB="#dfcda3" NAME="Bayosan 303" Spot="1" />
 <COLOR RGB="#decfa9" NAME="Bayosan 305" Spot="1" />
 <COLOR RGB="#dad0b3" NAME="Bayosan 307" Spot="1" />
 <COLOR RGB="#ddd6c5" NAME="Bayosan 309" Spot="1" />
 <COLOR RGB="#9b9271" NAME="Bayosan 321" Spot="1" />
 <COLOR RGB="#b2a684" NAME="Bayosan 323" Spot="1" />
 <COLOR RGB="#c9ba9d" NAME="Bayosan 325" Spot="1" />
 <COLOR RGB="#d6c6a9" NAME="Bayosan 327" Spot="1" />
 <COLOR RGB="#eee7d6" NAME="Bayosan 329" Spot="1" />
 <COLOR RGB="#6f6347" NAME="Bayosan 341" Spot="1" />
 <COLOR RGB="#b09863" NAME="Bayosan 343" Spot="1" />
 <COLOR RGB="#caab71" NAME="Bayosan 345" Spot="1" />
 <COLOR RGB="#d1bd95" NAME="Bayosan 347" Spot="1" />
 <COLOR RGB="#e8d8bc" NAME="Bayosan 349" Spot="1" />
 <COLOR RGB="#b1a36d" NAME="Bayosan 351" Spot="1" />
 <COLOR RGB="#b8ab7c" NAME="Bayosan 353" Spot="1" />
 <COLOR RGB="#c8b98c" NAME="Bayosan 355" Spot="1" />
 <COLOR RGB="#d8cba3" NAME="Bayosan 357" Spot="1" />
 <COLOR RGB="#e8ddc9" NAME="Bayosan 359" Spot="1" />
 <COLOR RGB="#9ea080" NAME="Bayosan 371" Spot="1" />
 <COLOR RGB="#b0bba1" NAME="Bayosan 373" Spot="1" />
 <COLOR RGB="#bac0b0" NAME="Bayosan 375" Spot="1" />
 <COLOR RGB="#ced1c9" NAME="Bayosan 377" Spot="1" />
 <COLOR RGB="#d2d6d3" NAME="Bayosan 379" Spot="1" />
 <COLOR RGB="#747c69" NAME="Bayosan 391" Spot="1" />
 <COLOR RGB="#a9af9c" NAME="Bayosan 393" Spot="1" />
 <COLOR RGB="#b9c0a8" NAME="Bayosan 395" Spot="1" />
 <COLOR RGB="#c6cdb8" NAME="Bayosan 397" Spot="1" />
 <COLOR RGB="#e2e3d6" NAME="Bayosan 399" Spot="1" />
 <COLOR RGB="#a7af85" NAME="Bayosan 401" Spot="1" />
 <COLOR RGB="#b0b28c" NAME="Bayosan 403" Spot="1" />
 <COLOR RGB="#d1d5ba" NAME="Bayosan 405" Spot="1" />
 <COLOR RGB="#d6d8c5" NAME="Bayosan 407" Spot="1" />
 <COLOR RGB="#e2decc" NAME="Bayosan 409" Spot="1" />
 <COLOR RGB="#5d6f58" NAME="Bayosan 421" Spot="1" />
 <COLOR RGB="#83967b" NAME="Bayosan 423" Spot="1" />
 <COLOR RGB="#a1aa91" NAME="Bayosan 425" Spot="1" />
 <COLOR RGB="#cfd0af" NAME="Bayosan 427" Spot="1" />
 <COLOR RGB="#dcd3b9" NAME="Bayosan 429" Spot="1" />
 <COLOR RGB="#807e73" NAME="Bayosan 441" Spot="1" />
 <COLOR RGB="#afa99c" NAME="Bayosan 443" Spot="1" />
 <COLOR RGB="#beb8ac" NAME="Bayosan 445" Spot="1" />
 <COLOR RGB="#cac9c1" NAME="Bayosan 447" Spot="1" />
 <COLOR RGB="#d5d1cc" NAME="Bayosan 449" Spot="1" />
 <COLOR RGB="#a1b2a0" NAME="Bayosan 451" Spot="1" />
 <COLOR RGB="#b7c1a8" NAME="Bayosan 453" Spot="1" />
 <COLOR RGB="#b4beae" NAME="Bayosan 455" Spot="1" />
 <COLOR RGB="#cacec0" NAME="Bayosan 457" Spot="1" />
 <COLOR RGB="#e6e1d4" NAME="Bayosan 459" Spot="1" />
 <COLOR RGB="#82abae" NAME="Bayosan 471" Spot="1" />
 <COLOR RGB="#acc4c7" NAME="Bayosan 473" Spot="1" />
 <COLOR RGB="#b9c9c6" NAME="Bayosan 475" Spot="1" />
 <COLOR RGB="#d1d4d1" NAME="Bayosan 477" Spot="1" />
 <COLOR RGB="#d9d7cf" NAME="Bayosan 479" Spot="1" />
 <COLOR RGB="#7d969a" NAME="Bayosan 491" Spot="1" />
 <COLOR RGB="#94a5b1" NAME="Bayosan 493" Spot="1" />
 <COLOR RGB="#aeb2ae" NAME="Bayosan 495" Spot="1" />
 <COLOR RGB="#cdd3ce" NAME="Bayosan 497" Spot="1" />
 <COLOR RGB="#d6d4cd" NAME="Bayosan 499" Spot="1" />
 <COLOR RGB="#9bb5d6" NAME="Bayosan 501" Spot="1" />
 <COLOR RGB="#a8b6c5" NAME="Bayosan 503" Spot="1" />
 <COLOR RGB="#bdcdda" NAME="Bayosan 505" Spot="1" />
 <COLOR RGB="#c5ccd4" NAME="Bayosan 507" Spot="1" />
 <COLOR RGB="#cfdbe2" NAME="Bayosan 509" Spot="1" />
 <COLOR RGB="#7a8e95" NAME="Bayosan 521" Spot="1" />
 <COLOR RGB="#9baaac" NAME="Bayosan 523" Spot="1" />
 <COLOR RGB="#b0bdc1" NAME="Bayosan 525" Spot="1" />
 <COLOR RGB="#cad2d3" NAME="Bayosan 527" Spot="1" />
 <COLOR RGB="#e1dfdb" NAME="Bayosan 529" Spot="1" />
 <COLOR RGB="#8f9fb1" NAME="Bayosan 541" Spot="1" />
 <COLOR RGB="#939cae" NAME="Bayosan 543" Spot="1" />
 <COLOR RGB="#a5a8b1" NAME="Bayosan 545" Spot="1" />
 <COLOR RGB="#b8b3b8" NAME="Bayosan 547" Spot="1" />
 <COLOR RGB="#e6dedc" NAME="Bayosan 549" Spot="1" />
 <COLOR RGB="#a2a1a2" NAME="Bayosan 551" Spot="1" />
 <COLOR RGB="#b9b7b7" NAME="Bayosan 553" Spot="1" />
 <COLOR RGB="#bebbb9" NAME="Bayosan 555" Spot="1" />
 <COLOR RGB="#d9d7d2" NAME="Bayosan 557" Spot="1" />
 <COLOR RGB="#e7e0d7" NAME="Bayosan 559" Spot="1" />
 <COLOR RGB="#7a7c78" NAME="Bayosan 571" Spot="1" />
 <COLOR RGB="#8a837a" NAME="Bayosan 573" Spot="1" />
 <COLOR RGB="#b3aba1" NAME="Bayosan 575" Spot="1" />
 <COLOR RGB="#c8c6c1" NAME="Bayosan 577" Spot="1" />
 <COLOR RGB="#dbd9d4" NAME="Bayosan 579" Spot="1" />
 <COLOR RGB="#8a7c77" NAME="Bayosan 591" Spot="1" />
 <COLOR RGB="#b9ada3" NAME="Bayosan 593" Spot="1" />
 <COLOR RGB="#c4b8b0" NAME="Bayosan 595" Spot="1" />
 <COLOR RGB="#d6cbc1" NAME="Bayosan 597" Spot="1" />
 <COLOR RGB="#e4ddd2" NAME="Bayosan 599" Spot="1" />
 <COLOR RGB="#b98d88" NAME="Bayosan 601" Spot="1" />
 <COLOR RGB="#c9aca6" NAME="Bayosan 603" Spot="1" />
 <COLOR RGB="#d6b5b1" NAME="Bayosan 605" Spot="1" />
 <COLOR RGB="#dfd6d3" NAME="Bayosan 607" Spot="1" />
 <COLOR RGB="#ebddd4" NAME="Bayosan 609" Spot="1" />
 <COLOR RGB="#a2858b" NAME="Bayosan 621" Spot="1" />
 <COLOR RGB="#b19ea7" NAME="Bayosan 623" Spot="1" />
 <COLOR RGB="#c2b2b2" NAME="Bayosan 625" Spot="1" />
 <COLOR RGB="#c7bec5" NAME="Bayosan 627" Spot="1" />
 <COLOR RGB="#ded7d7" NAME="Bayosan 629" Spot="1" />
 <COLOR RGB="#9a8984" NAME="Bayosan 641" Spot="1" />
 <COLOR RGB="#beaba9" NAME="Bayosan 643" Spot="1" />
 <COLOR RGB="#c4aca6" NAME="Bayosan 645" Spot="1" />
 <COLOR RGB="#d4c7cb" NAME="Bayosan 647" Spot="1" />
 <COLOR RGB="#e3dadb" NAME="Bayosan 649" Spot="1" />
 <COLOR RGB="#b16a5c" NAME="Bayosan 651" Spot="1" />
 <COLOR RGB="#b57863" NAME="Bayosan 653" Spot="1" />
 <COLOR RGB="#c3907c" NAME="Bayosan 655" Spot="1" />
 <COLOR RGB="#cca496" NAME="Bayosan 657" Spot="1" />
 <COLOR RGB="#e6d3c6" NAME="Bayosan 659" Spot="1" />
 <COLOR RGB="#cfa395" NAME="Bayosan 671" Spot="1" />
 <COLOR RGB="#d9b3a9" NAME="Bayosan 673" Spot="1" />
 <COLOR RGB="#e6cfc9" NAME="Bayosan 675" Spot="1" />
 <COLOR RGB="#ddccc9" NAME="Bayosan 677" Spot="1" />
 <COLOR RGB="#e7d8ce" NAME="Bayosan 679" Spot="1" />
 <COLOR RGB="#7d534c" NAME="Bayosan 691" Spot="1" />
 <COLOR RGB="#a0867e" NAME="Bayosan 693" Spot="1" />
 <COLOR RGB="#ccb5ab" NAME="Bayosan 695" Spot="1" />
 <COLOR RGB="#d7c8bd" NAME="Bayosan 697" Spot="1" />
 <COLOR RGB="#f1e8db" NAME="Bayosan 699" Spot="1" />
 <COLOR RGB="#98493a" NAME="Bayosan 701" Spot="1" />
 <COLOR RGB="#c2755a" NAME="Bayosan 703" Spot="1" />
 <COLOR RGB="#e0a47a" NAME="Bayosan 705" Spot="1" />
 <COLOR RGB="#eabf98" NAME="Bayosan 707" Spot="1" />
 <COLOR RGB="#eac69c" NAME="Bayosan 709" Spot="1" />
 <COLOR RGB="#9f6b63" NAME="Bayosan 721" Spot="1" />
 <COLOR RGB="#ab7d77" NAME="Bayosan 723" Spot="1" />
 <COLOR RGB="#cea499" NAME="Bayosan 725" Spot="1" />
 <COLOR RGB="#deb5a7" NAME="Bayosan 727" Spot="1" />
 <COLOR RGB="#f0d6c5" NAME="Bayosan 729" Spot="1" />
 <COLOR RGB="#af8f86" NAME="Bayosan 741" Spot="1" />
 <COLOR RGB="#c3aba2" NAME="Bayosan 743" Spot="1" />
 <COLOR RGB="#cbae9f" NAME="Bayosan 745" Spot="1" />
 <COLOR RGB="#d4c3b6" NAME="Bayosan 747" Spot="1" />
 <COLOR RGB="#e9e4de" NAME="Bayosan 749" Spot="1" />
 <COLOR RGB="#b4775e" NAME="Bayosan 751" Spot="1" />
 <COLOR RGB="#c68769" NAME="Bayosan 753" Spot="1" />
 <COLOR RGB="#f0c4a5" NAME="Bayosan 755" Spot="1" />
 <COLOR RGB="#eed5c6" NAME="Bayosan 757" Spot="1" />
 <COLOR RGB="#efe5da" NAME="Bayosan 759" Spot="1" />
 <COLOR RGB="#9b664e" NAME="Bayosan 771" Spot="1" />
 <COLOR RGB="#a17054" NAME="Bayosan 773" Spot="1" />
 <COLOR RGB="#b9896e" NAME="Bayosan 775" Spot="1" />
 <COLOR RGB="#d5af97" NAME="Bayosan 777" Spot="1" />
 <COLOR RGB="#e6d1c1" NAME="Bayosan 779" Spot="1" />
 <COLOR RGB="#af9882" NAME="Bayosan 791" Spot="1" />
 <COLOR RGB="#c4ad99" NAME="Bayosan 793" Spot="1" />
 <COLOR RGB="#dabaa0" NAME="Bayosan 795" Spot="1" />
 <COLOR RGB="#dac3b1" NAME="Bayosan 797" Spot="1" />
 <COLOR RGB="#ddcec3" NAME="Bayosan 799" Spot="1" />
 <COLOR RGB="#ac8367" NAME="Bayosan 801" Spot="1" />
 <COLOR RGB="#c78659" NAME="Bayosan 803" Spot="1" />
 <COLOR RGB="#d39c69" NAME="Bayosan 805" Spot="1" />
 <COLOR RGB="#daaf7d" NAME="Bayosan 807" Spot="1" />
 <COLOR RGB="#e8c59c" NAME="Bayosan 809" Spot="1" />
 <COLOR RGB="#cbaa8e" NAME="Bayosan 821" Spot="1" />
 <COLOR RGB="#dabaa4" NAME="Bayosan 823" Spot="1" />
 <COLOR RGB="#e0c5b1" NAME="Bayosan 825" Spot="1" />
 <COLOR RGB="#e4ccb8" NAME="Bayosan 827" Spot="1" />
 <COLOR RGB="#e7ded4" NAME="Bayosan 829" Spot="1" />
 <COLOR RGB="#8f6b5a" NAME="Bayosan 841" Spot="1" />
 <COLOR RGB="#9e775c" NAME="Bayosan 843" Spot="1" />
 <COLOR RGB="#ceab92" NAME="Bayosan 845" Spot="1" />
 <COLOR RGB="#b9ab9b" NAME="Bayosan 847" Spot="1" />
 <COLOR RGB="#ccbcb0" NAME="Bayosan 849" Spot="1" />
 <COLOR RGB="#b6886c" NAME="Bayosan 851" Spot="1" />
 <COLOR RGB="#c79a7d" NAME="Bayosan 853" Spot="1" />
 <COLOR RGB="#dfb79a" NAME="Bayosan 855" Spot="1" />
 <COLOR RGB="#d6b399" NAME="Bayosan 857" Spot="1" />
 <COLOR RGB="#f1d4b9" NAME="Bayosan 859" Spot="1" />
 <COLOR RGB="#a56c4d" NAME="Bayosan 871" Spot="1" />
 <COLOR RGB="#b59d87" NAME="Bayosan 873" Spot="1" />
 <COLOR RGB="#d1b9a6" NAME="Bayosan 875" Spot="1" />
 <COLOR RGB="#caad90" NAME="Bayosan 877" Spot="1" />
 <COLOR RGB="#e5cbaf" NAME="Bayosan 879" Spot="1" />
 <COLOR RGB="#6d605e" NAME="Bayosan 891" Spot="1" />
 <COLOR RGB="#6b5e55" NAME="Bayosan 893" Spot="1" />
 <COLOR RGB="#a98672" NAME="Bayosan 895" Spot="1" />
 <COLOR RGB="#806356" NAME="Bayosan 897" Spot="1" />
 <COLOR RGB="#9b7e6b" NAME="Bayosan 899" Spot="1" />
</SCRIBUSCOLORS>