<?xml version="1.0" encoding="UTF-8"?>
<SCRIBUSCOLORS Name="Beeck Colorsil Mineralfarbkarte">
 <COLOR RGB="#e8e4db" NAME="C-101" Spot="1" />
 <COLOR RGB="#f8f8f3" NAME="C-102" Spot="1" />
 <COLOR RGB="#363330" NAME="C-655" Spot="1" />
 <COLOR RGB="#685b47" NAME="C-652" Spot="1" />
 <COLOR RGB="#ca862b" NAME="C-651" Spot="1" />
 <COLOR RGB="#eca63e" NAME="C-661" Spot="1" />
 <COLOR RGB="#f5ed79" NAME="C-658" Spot="1" />
 <COLOR RGB="#5c774d" NAME="C-656" Spot="1" />
 <COLOR RGB="#188ba1" NAME="C-659" Spot="1" />
 <COLOR RGB="#546cce" NAME="C-657" Spot="1" />
 <COLOR RGB="#7a3c36" NAME="C-660" Spot="1" />
 <COLOR RGB="#90402f" NAME="C-654" Spot="1" />
 <COLOR RGB="#8c5a41" NAME="C-653" Spot="1" />
 <COLOR RGB="#f0eee0" NAME="C-103" Spot="1" />
 <COLOR RGB="#f5e9d4" NAME="C-104" Spot="1" />
 <COLOR RGB="#f2eadc" NAME="C-105" Spot="1" />
 <COLOR RGB="#efe5de" NAME="C-106" Spot="1" />
 <COLOR RGB="#efdfc0" NAME="C-109" Spot="1" />
 <COLOR RGB="#f0eac8" NAME="C-110" Spot="1" />
 <COLOR RGB="#eee1bd" NAME="C-111" Spot="1" />
 <COLOR RGB="#e9d7a7" NAME="C-112" Spot="1" />
 <COLOR RGB="#ecdc9d" NAME="C-113" Spot="1" />
 <COLOR RGB="#ecd37a" NAME="C-114" Spot="1" />
 <COLOR RGB="#dfc788" NAME="C-115" Spot="1" />
 <COLOR RGB="#dfaf5b" NAME="C-116" Spot="1" />
 <COLOR RGB="#d4ad64" NAME="C-117" Spot="1" />
 <COLOR RGB="#ddae6e" NAME="C-118" Spot="1" />
 <COLOR RGB="#c59655" NAME="C-119" Spot="1" />
 <COLOR RGB="#c38a40" NAME="C-120" Spot="1" />
 <COLOR RGB="#ce996a" NAME="C-121" Spot="1" />
 <COLOR RGB="#d0a774" NAME="C-122" Spot="1" />
 <COLOR RGB="#e1bb84" NAME="C-123" Spot="1" />
 <COLOR RGB="#e0bba3" NAME="C-127" Spot="1" />
 <COLOR RGB="#cc9a7b" NAME="C-128" Spot="1" />
 <COLOR RGB="#b87540" NAME="C-129" Spot="1" />
 <COLOR RGB="#9a5237" NAME="C-130" Spot="1" />
 <COLOR RGB="#975948" NAME="C-131" Spot="1" />
 <COLOR RGB="#b97b6b" NAME="C-132" Spot="1" />
 <COLOR RGB="#c59d91" NAME="C-133" Spot="1" />
 <COLOR RGB="#d7b4ad" NAME="C-134" Spot="1" />
 <COLOR RGB="#e4cbc4" NAME="C-135" Spot="1" />
 <COLOR RGB="#d0b8b7" NAME="C-136" Spot="1" />
 <COLOR RGB="#c5a4a0" NAME="C-137" Spot="1" />
 <COLOR RGB="#a57d7c" NAME="C-138" Spot="1" />
 <COLOR RGB="#a56b62" NAME="C-139" Spot="1" />
 <COLOR RGB="#864f48" NAME="C-140" Spot="1" />
 <COLOR RGB="#7d4e46" NAME="C-141" Spot="1" />
 <COLOR RGB="#785353" NAME="C-142" Spot="1" />
 <COLOR RGB="#997e80" NAME="C-143" Spot="1" />
 <COLOR RGB="#c9bcbf" NAME="C-144" Spot="1" />
 <COLOR RGB="#e4d7d7" NAME="C-145" Spot="1" />
 <COLOR RGB="#ddcec8" NAME="C-146" Spot="1" />
 <COLOR RGB="#e8e3e1" NAME="C-147" Spot="1" />
 <COLOR RGB="#e4e1e1" NAME="C-148" Spot="1" />
 <COLOR RGB="#cac1c7" NAME="C-149" Spot="1" />
 <COLOR RGB="#b3a5ae" NAME="C-150" Spot="1" />
 <COLOR RGB="#6f5b6b" NAME="C-151" Spot="1" />
 <COLOR RGB="#644c4b" NAME="C-152" Spot="1" />
 <COLOR RGB="#505566" NAME="C-153" Spot="1" />
 <COLOR RGB="#5c749b" NAME="C-154" Spot="1" />
 <COLOR RGB="#7d8392" NAME="C-155" Spot="1" />
 <COLOR RGB="#9cadc8" NAME="C-156" Spot="1" />
 <COLOR RGB="#a4b1c5" NAME="C-157" Spot="1" />
 <COLOR RGB="#949ba8" NAME="C-158" Spot="1" />
 <COLOR RGB="#a7acb6" NAME="C-159" Spot="1" />
 <COLOR RGB="#c1cddc" NAME="C-160" Spot="1" />
 <COLOR RGB="#c7cfd8" NAME="C-161" Spot="1" />
 <COLOR RGB="#d0d9d1" NAME="C-165" Spot="1" />
 <COLOR RGB="#b7c8c2" NAME="C-166" Spot="1" />
 <COLOR RGB="#aac4c1" NAME="C-167" Spot="1" />
 <COLOR RGB="#aec7cd" NAME="C-168" Spot="1" />
 <COLOR RGB="#8bb0bb" NAME="C-169" Spot="1" />
 <COLOR RGB="#538e9f" NAME="C-170" Spot="1" />
 <COLOR RGB="#639799" NAME="C-171" Spot="1" />
 <COLOR RGB="#7a9790" NAME="C-172" Spot="1" />
 <COLOR RGB="#839b8d" NAME="C-173" Spot="1" />
 <COLOR RGB="#a1c4b5" NAME="C-174" Spot="1" />
 <COLOR RGB="#cbd4b5" NAME="C-175" Spot="1" />
 <COLOR RGB="#afbc91" NAME="C-176" Spot="1" />
 <COLOR RGB="#6b7258" NAME="C-177" Spot="1" />
 <COLOR RGB="#929787" NAME="C-178" Spot="1" />
 <COLOR RGB="#727b74" NAME="C-179" Spot="1" />
 <COLOR RGB="#969f9d" NAME="C-180" Spot="1" />
 <COLOR RGB="#bac1c0" NAME="C-181" Spot="1" />
 <COLOR RGB="#e3e4dd" NAME="C-182" Spot="1" />
 <COLOR RGB="#e4e8d7" NAME="C-183" Spot="1" />
 <COLOR RGB="#cdcfbb" NAME="C-184" Spot="1" />
 <COLOR RGB="#fcf0d8" NAME="C-201" Spot="1" />
 <COLOR RGB="#fbeacb" NAME="C-202" Spot="1" />
 <COLOR RGB="#f7dc9f" NAME="C-204" Spot="1" />
 <COLOR RGB="#f7d992" NAME="C-205" Spot="1" />
 <COLOR RGB="#f7d27d" NAME="C-206" Spot="1" />
 <COLOR RGB="#f3cd6e" NAME="C-207" Spot="1" />
 <COLOR RGB="#ecb565" NAME="C-208" Spot="1" />
 <COLOR RGB="#f1c178" NAME="C-209" Spot="1" />
 <COLOR RGB="#f5cd89" NAME="C-210" Spot="1" />
 <COLOR RGB="#efca9f" NAME="C-211" Spot="1" />
 <COLOR RGB="#ecbf96" NAME="C-213" Spot="1" />
 <COLOR RGB="#dea263" NAME="C-214" Spot="1" />
 <COLOR RGB="#c9854d" NAME="C-215" Spot="1" />
 <COLOR RGB="#ddaa86" NAME="C-216" Spot="1" />
 <COLOR RGB="#eac3a7" NAME="C-217" Spot="1" />
 <COLOR RGB="#f1d0b6" NAME="C-218" Spot="1" />
 <COLOR RGB="#f3d9c8" NAME="C-219" Spot="1" />
 <COLOR RGB="#deaf92" NAME="C-220" Spot="1" />
 <COLOR RGB="#d6a48b" NAME="C-221" Spot="1" />
 <COLOR RGB="#c08370" NAME="C-222" Spot="1" />
 <COLOR RGB="#ac6652" NAME="C-223" Spot="1" />
 <COLOR RGB="#9a4e3d" NAME="C-224" Spot="1" />
 <COLOR RGB="#844a48" NAME="C-225" Spot="1" />
 <COLOR RGB="#744648" NAME="C-226" Spot="1" />
 <COLOR RGB="#8c6569" NAME="C-227" Spot="1" />
 <COLOR RGB="#ab7c7d" NAME="C-228" Spot="1" />
 <COLOR RGB="#c9a4a5" NAME="C-229" Spot="1" />
 <COLOR RGB="#e3d3d5" NAME="C-230" Spot="1" />
 <COLOR RGB="#d8c1c2" NAME="C-231" Spot="1" />
 <COLOR RGB="#c0a8ad" NAME="C-232" Spot="1" />
 <COLOR RGB="#a6858b" NAME="C-233" Spot="1" />
 <COLOR RGB="#7d7e90" NAME="C-234" Spot="1" />
 <COLOR RGB="#5f6289" NAME="C-235" Spot="1" />
 <COLOR RGB="#8d96b8" NAME="C-236" Spot="1" />
 <COLOR RGB="#a1b2d0" NAME="C-237" Spot="1" />
 <COLOR RGB="#9cb7d3" NAME="C-238" Spot="1" />
 <COLOR RGB="#799bbb" NAME="C-239" Spot="1" />
 <COLOR RGB="#4f85ba" NAME="C-240" Spot="1" />
 <COLOR RGB="#74a4cd" NAME="C-241" Spot="1" />
 <COLOR RGB="#9dc5de" NAME="C-242" Spot="1" />
 <COLOR RGB="#cbe1ee" NAME="C-243" Spot="1" />
 <COLOR RGB="#cbdacf" NAME="C-244" Spot="1" />
 <COLOR RGB="#b0c7bb" NAME="C-245" Spot="1" />
 <COLOR RGB="#81a393" NAME="C-246" Spot="1" />
 <COLOR RGB="#598680" NAME="C-247" Spot="1" />
 <COLOR RGB="#658f84" NAME="C-248" Spot="1" />
 <COLOR RGB="#b5c7b6" NAME="C-249" Spot="1" />
 <COLOR RGB="#d7e9ce" NAME="C-250" Spot="1" />
 <COLOR RGB="#eff2cc" NAME="C-251" Spot="1" />
 <COLOR RGB="#d8e096" NAME="C-252" Spot="1" />
 <COLOR RGB="#ccd578" NAME="C-253" Spot="1" />
 <COLOR RGB="#9db775" NAME="C-254" Spot="1" />
 <COLOR RGB="#547a63" NAME="C-255" Spot="1" />
 <COLOR RGB="#babdb2" NAME="C-301" Spot="1" />
 <COLOR RGB="#a5a293" NAME="C-302" Spot="1" />
 <COLOR RGB="#8b8778" NAME="C-303" Spot="1" />
 <COLOR RGB="#817d74" NAME="C-304" Spot="1" />
 <COLOR RGB="#766d61" NAME="C-305" Spot="1" />
 <COLOR RGB="#514b42" NAME="C-306" Spot="1" />
 <COLOR RGB="#9a8c75" NAME="C-307" Spot="1" />
 <COLOR RGB="#aba08a" NAME="C-308" Spot="1" />
 <COLOR RGB="#cdc5b1" NAME="C-309" Spot="1" />
 <COLOR RGB="#d6c9b6" NAME="C-310" Spot="1" />
 <COLOR RGB="#e4dccf" NAME="C-311" Spot="1" />
 <COLOR RGB="#ede3d4" NAME="C-312" Spot="1" />
 <COLOR RGB="#e3cdb5" NAME="C-313" Spot="1" />
 <COLOR RGB="#ecd8bc" NAME="C-314" Spot="1" />
 <COLOR RGB="#d0ba9d" NAME="C-315" Spot="1" />
 <COLOR RGB="#bda98e" NAME="C-316" Spot="1" />
 <COLOR RGB="#b3956c" NAME="C-317" Spot="1" />
 <COLOR RGB="#a0876f" NAME="C-318" Spot="1" />
 <COLOR RGB="#b8a087" NAME="C-319" Spot="1" />
 <COLOR RGB="#c3a58b" NAME="C-320" Spot="1" />
 <COLOR RGB="#cbaa86" NAME="C-321" Spot="1" />
 <COLOR RGB="#ddb787" NAME="C-324" Spot="1" />
 <COLOR RGB="#cb9c65" NAME="C-325" Spot="1" />
 <COLOR RGB="#a67842" NAME="C-326" Spot="1" />
 <COLOR RGB="#755e4a" NAME="C-327" Spot="1" />
 <COLOR RGB="#745642" NAME="C-328" Spot="1" />
 <COLOR RGB="#8b5e44" NAME="C-329" Spot="1" />
 <COLOR RGB="#9c6a58" NAME="C-330" Spot="1" />
 <COLOR RGB="#9e786d" NAME="C-331" Spot="1" />
 <COLOR RGB="#9c7b6e" NAME="C-332" Spot="1" />
 <COLOR RGB="#b89e96" NAME="C-333" Spot="1" />
 <COLOR RGB="#c8b4a8" NAME="C-334" Spot="1" />
 <COLOR RGB="#b8a796" NAME="C-335" Spot="1" />
 <COLOR RGB="#aca193" NAME="C-336" Spot="1" />
 <COLOR RGB="#ac9d8c" NAME="C-337" Spot="1" />
 <COLOR RGB="#b8ac9a" NAME="C-338" Spot="1" />
 <COLOR RGB="#d1c9bc" NAME="C-339" Spot="1" />
 <COLOR RGB="#d6d1c7" NAME="C-340" Spot="1" />
 <COLOR RGB="#dddcd6" NAME="C-341" Spot="1" />
 <COLOR RGB="#c9c5c2" NAME="C-342" Spot="1" />
 <COLOR RGB="#c8c6c1" NAME="C-343" Spot="1" />
 <COLOR RGB="#afa9a3" NAME="C-344" Spot="1" />
 <COLOR RGB="#a5a2a1" NAME="C-345" Spot="1" />
 <COLOR RGB="#a7a49e" NAME="C-346" Spot="1" />
 <COLOR RGB="#949089" NAME="C-347" Spot="1" />
 <COLOR RGB="#7d7e80" NAME="C-348" Spot="1" />
 <COLOR RGB="#757373" NAME="C-349" Spot="1" />
 <COLOR RGB="#585451" NAME="C-350" Spot="1" />
 <COLOR RGB="#edcd99" NAME="C-124" Spot="1" />
 <COLOR RGB="#e0c7a7" NAME="C-322" Spot="1" />
 <COLOR RGB="#eeded2" NAME="C-107" Spot="1" />
 <COLOR RGB="#f9e4ba" NAME="C-203" Spot="1" />
 <COLOR RGB="#f5dbbd" NAME="C-212" Spot="1" />
 <COLOR RGB="#eedfca" NAME="C-108" Spot="1" />
 <COLOR RGB="#e7cd9f" NAME="C-125" Spot="1" />
 <COLOR RGB="#eddaba" NAME="C-126" Spot="1" />
 <COLOR RGB="#e7c9a0" NAME="C-323" Spot="1" />
 <COLOR RGB="#dee2dc" NAME="C-164" Spot="1" />
 <COLOR RGB="#ccd0d4" NAME="C-162" Spot="1" />
 <COLOR RGB="#e7eae7" NAME="C-163" Spot="1" />
</SCRIBUSCOLORS>