<?xml version="1.0" encoding="UTF-8"?>
<SCRIBUSCOLORS Name="Beeck Aglaia-Naturharzfarbe">
 <COLOR RGB="#efbeb0" NAME="1,1" Spot="1" />
 <COLOR RGB="#f8d2c5" NAME="1,2" Spot="1" />
 <COLOR RGB="#fee1d4" NAME="1,3" Spot="1" />
 <COLOR RGB="#f2c2ab" NAME="2,1" Spot="1" />
 <COLOR RGB="#f9d3bf" NAME="2,2" Spot="1" />
 <COLOR RGB="#fedfcd" NAME="2,3" Spot="1" />
 <COLOR RGB="#f8d2b7" NAME="3,1" Spot="1" />
 <COLOR RGB="#fbddc7" NAME="3,2" Spot="1" />
 <COLOR RGB="#ffead6" NAME="3,3" Spot="1" />
 <COLOR RGB="#fee5c7" NAME="4,1" Spot="1" />
 <COLOR RGB="#fff0d4" NAME="4,2" Spot="1" />
 <COLOR RGB="#fff5de" NAME="4,3" Spot="1" />
 <COLOR RGB="#eadfc2" NAME="5,1" Spot="1" />
 <COLOR RGB="#f5ecd3" NAME="5,2" Spot="1" />
 <COLOR RGB="#f8f0d9" NAME="5,3" Spot="1" />
 <COLOR RGB="#d5dfc7" NAME="6,1" Spot="1" />
 <COLOR RGB="#e1e8d4" NAME="6,2" Spot="1" />
 <COLOR RGB="#eef2e0" NAME="6,3" Spot="1" />
 <COLOR RGB="#d8e3da" NAME="7,1" Spot="1" />
 <COLOR RGB="#e6ede4" NAME="7,2" Spot="1" />
 <COLOR RGB="#edf1e6" NAME="7,3" Spot="1" />
 <COLOR RGB="#e2e9e9" NAME="8,2" Spot="1" />
 <COLOR RGB="#eef3ee" NAME="8,3" Spot="1" />
 <COLOR RGB="#e6d0c9" NAME="10,1" Spot="1" />
 <COLOR RGB="#eedbd3" NAME="10,2" Spot="1" />
 <COLOR RGB="#f5e8df" NAME="10,3" Spot="1" />
 <COLOR RGB="#eacebe" NAME="12,1" Spot="1" />
 <COLOR RGB="#f3decf" NAME="12,2" Spot="1" />
 <COLOR RGB="#fbebdc" NAME="12,3" Spot="1" />
 <COLOR RGB="#e4decf" NAME="13,1" Spot="1" />
 <COLOR RGB="#eee9db" NAME="13,2" Spot="1" />
 <COLOR RGB="#f3efe1" NAME="13,3" Spot="1" />
 <COLOR RGB="#fffef2" NAME="14" Spot="1" />
 <COLOR RGB="#3e3c3b" NAME="15" Spot="1" />
 <COLOR RGB="#81513f" NAME="16" Spot="1" />
 <COLOR RGB="#8d473b" NAME="17" Spot="1" />
 <COLOR RGB="#534c41" NAME="18" Spot="1" />
 <COLOR RGB="#d18c36" NAME="19" Spot="1" />
 <COLOR RGB="#5d7851" NAME="20" Spot="1" />
 <COLOR RGB="#415bba" NAME="21" Spot="1" />
 <COLOR RGB="#535258" NAME="22" Spot="1" />
 <COLOR RGB="#f4e575" NAME="23" Spot="1" />
 <COLOR RGB="#fdf9b9" NAME="23,1" Spot="1" />
 <COLOR RGB="#57484d" NAME="24" Spot="1" />
 <COLOR RGB="#958389" NAME="24,1" Spot="1" />
</SCRIBUSCOLORS>