<?xml version="1.0" encoding="UTF-8"?>
<SCRIBUSCOLORS Name="Brander Siloxan">
 <COLOR RGB="#dba855" NAME="Brander Gelb 101" Spot="1" />
 <COLOR RGB="#f6d090" NAME="Brander Gelb 101-1" Spot="1" />
 <COLOR RGB="#f9e4bd" NAME="Brander Gelb 101-2" Spot="1" />
 <COLOR RGB="#faefd5" NAME="Brander Gelb 101-3" Spot="1" />
 <COLOR RGB="#f8f1dd" NAME="Brander Gelb 101-4" Spot="1" />
 <COLOR RGB="#bf863b" NAME="Brander Ocker 102" Spot="1" />
 <COLOR RGB="#e4b26a" NAME="Brander Ocker 102-1" Spot="1" />
 <COLOR RGB="#f5d09a" NAME="Brander Ocker 102-2" Spot="1" />
 <COLOR RGB="#fbe4c0" NAME="Brander Ocker 102-3" Spot="1" />
 <COLOR RGB="#f6e7cb" NAME="Brander Ocker 102-4" Spot="1" />
 <COLOR RGB="#b6793d" NAME="Brander Goldocker 103" Spot="1" />
 <COLOR RGB="#dca569" NAME="Brander Goldocker 103-1" Spot="1" />
 <COLOR RGB="#f1c89a" NAME="Brander Goldocker 103-2" Spot="1" />
 <COLOR RGB="#f9e1c1" NAME="Brander Goldocker 103-3" Spot="1" />
 <COLOR RGB="#ebdac1" NAME="Brander Goldocker 103-4" Spot="1" />
 <COLOR RGB="#a27b40" NAME="Brander Erdgruen 104" Spot="1" />
 <COLOR RGB="#cda668" NAME="Brander Erdgruen 104-1" Spot="1" />
 <COLOR RGB="#dbb87e" NAME="Brander Erdgruen 104-2" Spot="1" />
 <COLOR RGB="#e7ca99" NAME="Brander Erdgruen 104-3" Spot="1" />
 <COLOR RGB="#dcd0b9" NAME="Brander Erdgruen 104-4" Spot="1" />
 <COLOR RGB="#885840" NAME="Brander Terra 105" Spot="1" />
 <COLOR RGB="#b78060" NAME="Brander Terra 105-1" Spot="1" />
 <COLOR RGB="#d6a88b" NAME="Brander Terra 105-2" Spot="1" />
 <COLOR RGB="#eecfb8" NAME="Brander Terra 105-3" Spot="1" />
 <COLOR RGB="#f4dcc9" NAME="Brander Terra 105-4" Spot="1" />
 <COLOR RGB="#6f413c" NAME="Brander Englischrot 106" Spot="1" />
 <COLOR RGB="#986967" NAME="Brander Englischrot 106-1" Spot="1" />
 <COLOR RGB="#bf9998" NAME="Brander Englischrot 106-2" Spot="1" />
 <COLOR RGB="#dbbfbf" NAME="Brander Englischrot 106-3" Spot="1" />
 <COLOR RGB="#e8d2d0" NAME="Brander Englischrot 106-4" Spot="1" />
 <COLOR RGB="#604842" NAME="Brander Oxidrot 107" Spot="1" />
 <COLOR RGB="#856460" NAME="Brander Oxidrot 107-1" Spot="1" />
 <COLOR RGB="#b49591" NAME="Brander Oxidrot 107-2" Spot="1" />
 <COLOR RGB="#d6c0bc" NAME="Brander Oxidrot 107-3" Spot="1" />
 <COLOR RGB="#e0cec9" NAME="Brander Oxidrot 107-4" Spot="1" />
 <COLOR RGB="#664b3d" NAME="Brander Braun 108" Spot="1" />
 <COLOR RGB="#9b7763" NAME="Brander Braun 108-1" Spot="1" />
 <COLOR RGB="#c8a997" NAME="Brander Braun 108-2" Spot="1" />
 <COLOR RGB="#e1ccbe" NAME="Brander Braun 108-3" Spot="1" />
 <COLOR RGB="#e8d8cd" NAME="Brander Braun 108-4" Spot="1" />
 <COLOR RGB="#505e4b" NAME="Brander Gruen 109" Spot="1" />
 <COLOR RGB="#85947f" NAME="Brander Gruen 109-1" Spot="1" />
 <COLOR RGB="#b3beae" NAME="Brander Gruen 109-2" Spot="1" />
 <COLOR RGB="#d1d8cc" NAME="Brander Gruen 109-3" Spot="1" />
 <COLOR RGB="#d6dbd2" NAME="Brander Gruen 109-4" Spot="1" />
 <COLOR RGB="#5a4f3e" NAME="Brander Umbra 110" Spot="1" />
 <COLOR RGB="#978870" NAME="Brander Umbra 110-1" Spot="1" />
 <COLOR RGB="#c7bba5" NAME="Brander Umbra 110-2" Spot="1" />
 <COLOR RGB="#e4ddcd" NAME="Brander Umbra 110-3" Spot="1" />
 <COLOR RGB="#e8e2d4" NAME="Brander Umbra 110-4" Spot="1" />
 <COLOR RGB="#45515e" NAME="Brander Blau 111" Spot="1" />
 <COLOR RGB="#899bac" NAME="Brander Blau 111-1" Spot="1" />
 <COLOR RGB="#b8c5cf" NAME="Brander Blau 111-2" Spot="1" />
 <COLOR RGB="#d7dfe3" NAME="Brander Blau 111-3" Spot="1" />
 <COLOR RGB="#e4e9e9" NAME="Brander Blau 111-4" Spot="1" />
 <COLOR RGB="#424241" NAME="Brander Graphit 112" Spot="1" />
 <COLOR RGB="#737474" NAME="Brander Graphit 112-1" Spot="1" />
 <COLOR RGB="#a5a7a6" NAME="Brander Graphit 112-2" Spot="1" />
 <COLOR RGB="#c9cbc9" NAME="Brander Graphit 112-3" Spot="1" />
 <COLOR RGB="#d7d8d6" NAME="Brander Graphit 112-4" Spot="1" />
 <COLOR RGB="#c18547" NAME="Brander 113" Spot="1" />
 <COLOR RGB="#e4b175" NAME="Brander 113-1" Spot="1" />
 <COLOR RGB="#f3d1a4" NAME="Brander 113-2" Spot="1" />
 <COLOR RGB="#fbe9cc" NAME="Brander 113-3" Spot="1" />
 <COLOR RGB="#fcefd8" NAME="Brander 113-4" Spot="1" />
 <COLOR RGB="#98643d" NAME="Brander 114" Spot="1" />
 <COLOR RGB="#c79065" NAME="Brander 114-1" Spot="1" />
 <COLOR RGB="#e4bc97" NAME="Brander 114-2" Spot="1" />
 <COLOR RGB="#f4d8bd" NAME="Brander 114-3" Spot="1" />
 <COLOR RGB="#f7e2cc" NAME="Brander 114-4" Spot="1" />
 <COLOR RGB="#7e5b40" NAME="Brander 115" Spot="1" />
 <COLOR RGB="#b18966" NAME="Brander 115-1" Spot="1" />
 <COLOR RGB="#d4b394" NAME="Brander 115-2" Spot="1" />
 <COLOR RGB="#ebd6c0" NAME="Brander 115-3" Spot="1" />
 <COLOR RGB="#f0dfcd" NAME="Brander 115-4" Spot="1" />
 <COLOR RGB="#7f4f40" NAME="Brander 116" Spot="1" />
 <COLOR RGB="#ad7e6a" NAME="Brander 116-1" Spot="1" />
 <COLOR RGB="#cfaa98" NAME="Brander 116-2" Spot="1" />
 <COLOR RGB="#e6cfc0" NAME="Brander 116-3" Spot="1" />
 <COLOR RGB="#f0dccf" NAME="Brander 116-4" Spot="1" />
 <COLOR RGB="#624442" NAME="Brander 117" Spot="1" />
 <COLOR RGB="#94787a" NAME="Brander 117-1" Spot="1" />
 <COLOR RGB="#c1aeb1" NAME="Brander 117-2" Spot="1" />
 <COLOR RGB="#dccdcd" NAME="Brander 117-3" Spot="1" />
 <COLOR RGB="#e7dcdb" NAME="Brander 117-4" Spot="1" />
 <COLOR RGB="#6d6b45" NAME="Brander 118" Spot="1" />
 <COLOR RGB="#a49e74" NAME="Brander 118-1" Spot="1" />
 <COLOR RGB="#ccc8a7" NAME="Brander 118-2" Spot="1" />
 <COLOR RGB="#e6e2cc" NAME="Brander 118-3" Spot="1" />
 <COLOR RGB="#eeebd8" NAME="Brander 118-4" Spot="1" />
 <COLOR RGB="#7a6646" NAME="Brander 119" Spot="1" />
 <COLOR RGB="#a38a5e" NAME="Brander 119-1" Spot="1" />
 <COLOR RGB="#d6c3a1" NAME="Brander 119-2" Spot="1" />
 <COLOR RGB="#eee2c9" NAME="Brander 119-3" Spot="1" />
 <COLOR RGB="#f2e8d4" NAME="Brander 119-4" Spot="1" />
 <COLOR RGB="#6b6549" NAME="Brander 120" Spot="1" />
 <COLOR RGB="#aca382" NAME="Brander 120-1" Spot="1" />
 <COLOR RGB="#d2cab0" NAME="Brander 120-2" Spot="1" />
 <COLOR RGB="#e6e1cf" NAME="Brander 120-3" Spot="1" />
 <COLOR RGB="#f0ecdc" NAME="Brander 120-4" Spot="1" />
 <COLOR RGB="#565141" NAME="Brander 121" Spot="1" />
 <COLOR RGB="#908872" NAME="Brander 121-1" Spot="1" />
 <COLOR RGB="#bdb7a3" NAME="Brander 121-2" Spot="1" />
 <COLOR RGB="#ded8ca" NAME="Brander 121-3" Spot="1" />
 <COLOR RGB="#e5e1d4" NAME="Brander 121-4" Spot="1" />
 <COLOR RGB="#4a564f" NAME="Brander 122" Spot="1" />
 <COLOR RGB="#8a9994" NAME="Brander 122-1" Spot="1" />
 <COLOR RGB="#b7c2bd" NAME="Brander 122-2" Spot="1" />
 <COLOR RGB="#dae0db" NAME="Brander 122-3" Spot="1" />
 <COLOR RGB="#e6eae4" NAME="Brander 122-4" Spot="1" />
 <COLOR RGB="#594c40" NAME="Brander 123" Spot="1" />
 <COLOR RGB="#917d6c" NAME="Brander 123-1" Spot="1" />
 <COLOR RGB="#b8a89a" NAME="Brander 123-2" Spot="1" />
 <COLOR RGB="#dacdc1" NAME="Brander 123-3" Spot="1" />
 <COLOR RGB="#e6dcd0" NAME="Brander 123-4" Spot="1" />
 <COLOR RGB="#484c46" NAME="Brander 124" Spot="1" />
 <COLOR RGB="#7f857e" NAME="Brander 124-1" Spot="1" />
 <COLOR RGB="#b3b9b3" NAME="Brander 124-2" Spot="1" />
 <COLOR RGB="#d4d7d0" NAME="Brander 124-3" Spot="1" />
 <COLOR RGB="#dfe2dc" NAME="Brander 124-4" Spot="1" />
</SCRIBUSCOLORS>