<?xml version="1.0" encoding="UTF-8"?>
<SCRIBUSCOLORS Name="Brillux AcrylColor">
 <COLOR RGB="#4d4f4b" NAME="Brillux anthrazitgrau" Spot="1" />
 <COLOR RGB="#5e5d57" NAME="Brillux anthrazitgrau 1" Spot="1" />
 <COLOR RGB="#767670" NAME="Brillux anthrazitgrau 2" Spot="1" />
 <COLOR RGB="#8e8d85" NAME="Brillux anthrazitgrau 3" Spot="1" />
 <COLOR RGB="#abaaa2" NAME="Brillux anthrazitgrau 4" Spot="1" />
 <COLOR RGB="#b6b6ae" NAME="Brillux anthrazitgrau 5" Spot="1" />
 <COLOR RGB="#c6c5bd" NAME="Brillux anthrazitgrau 6" Spot="1" />
 <COLOR RGB="#cfcfca" NAME="Brillux anthrazitgrau 7" Spot="1" />
 <COLOR RGB="#d9d9d3" NAME="Brillux anthrazitgrau 8" Spot="1" />
 <COLOR RGB="#c37238" NAME="Brillux aprikosenrot" Spot="1" />
 <COLOR RGB="#db904f" NAME="Brillux aprikosenrot 1" Spot="1" />
 <COLOR RGB="#e5a05d" NAME="Brillux aprikosenrot 2" Spot="1" />
 <COLOR RGB="#efb378" NAME="Brillux aprikosenrot 3" Spot="1" />
 <COLOR RGB="#f6ca99" NAME="Brillux aprikosenrot 4" Spot="1" />
 <COLOR RGB="#f3d2ab" NAME="Brillux aprikosenrot 5" Spot="1" />
 <COLOR RGB="#f3d9b6" NAME="Brillux aprikosenrot 6" Spot="1" />
 <COLOR RGB="#f5e5cd" NAME="Brillux aprikosenrot 7" Spot="1" />
 <COLOR RGB="#f1e3ca" NAME="Brillux aprikosenrot 8" Spot="1" />
 <COLOR RGB="#85684c" NAME="Brillux beigebraun" Spot="1" />
 <COLOR RGB="#9c7550" NAME="Brillux beigebraun 1" Spot="1" />
 <COLOR RGB="#b2906b" NAME="Brillux beigebraun 2" Spot="1" />
 <COLOR RGB="#c3a07c" NAME="Brillux beigebraun 3" Spot="1" />
 <COLOR RGB="#d2b898" NAME="Brillux beigebraun 4" Spot="1" />
 <COLOR RGB="#dec9ad" NAME="Brillux beigebraun 5" Spot="1" />
 <COLOR RGB="#e3ceb4" NAME="Brillux beigebraun 6" Spot="1" />
 <COLOR RGB="#eddec8" NAME="Brillux beigebraun 7" Spot="1" />
 <COLOR RGB="#e9decc" NAME="Brillux beigebraun 8" Spot="1" />
 <COLOR RGB="#2d558a" NAME="Brillux blau" Spot="1" />
 <COLOR RGB="#756253" NAME="Brillux braun" Spot="1" />
 <COLOR RGB="#cb8646" NAME="Brillux braunorange" Spot="1" />
 <COLOR RGB="#d89755" NAME="Brillux braunorange 1" Spot="1" />
 <COLOR RGB="#e3a864" NAME="Brillux braunorange 2" Spot="1" />
 <COLOR RGB="#eebd7f" NAME="Brillux braunorange 3" Spot="1" />
 <COLOR RGB="#f6cf9c" NAME="Brillux braunorange 4" Spot="1" />
 <COLOR RGB="#f5d8af" NAME="Brillux braunorange 5" Spot="1" />
 <COLOR RGB="#f7deb8" NAME="Brillux braunorange 6" Spot="1" />
 <COLOR RGB="#f8e7cc" NAME="Brillux braunorange 7" Spot="1" />
 <COLOR RGB="#f5e8d0" NAME="Brillux braunorange 8" Spot="1" />
 <COLOR RGB="#584944" NAME="Brillux dunkelbraun" Spot="1" />
 <COLOR RGB="#6b7953" NAME="Brillux farngruen" Spot="1" />
 <COLOR RGB="#859466" NAME="Brillux farngruen 1" Spot="1" />
 <COLOR RGB="#99a87b" NAME="Brillux farngruen 2" Spot="1" />
 <COLOR RGB="#a8ba91" NAME="Brillux farngruen 3" Spot="1" />
 <COLOR RGB="#c3cead" NAME="Brillux farngruen 4" Spot="1" />
 <COLOR RGB="#cdd8bb" NAME="Brillux farngruen 5" Spot="1" />
 <COLOR RGB="#d3ddc3" NAME="Brillux farngruen 6" Spot="1" />
 <COLOR RGB="#dfe7d2" NAME="Brillux farngruen 7" Spot="1" />
 <COLOR RGB="#e4ead8" NAME="Brillux farngruen 8" Spot="1" />
 <COLOR RGB="#576168" NAME="Brillux fjordblau" Spot="1" />
 <COLOR RGB="#6a7981" NAME="Brillux fjordblau 1" Spot="1" />
 <COLOR RGB="#7f8f98" NAME="Brillux fjordblau 2" Spot="1" />
 <COLOR RGB="#99a7ae" NAME="Brillux fjordblau 3" Spot="1" />
 <COLOR RGB="#afbdc1" NAME="Brillux fjordblau 4" Spot="1" />
 <COLOR RGB="#bec9cc" NAME="Brillux fjordblau 5" Spot="1" />
 <COLOR RGB="#c6cfd1" NAME="Brillux fjordblau 6" Spot="1" />
 <COLOR RGB="#d5dbd9" NAME="Brillux fjordblau 7" Spot="1" />
 <COLOR RGB="#dee2de" NAME="Brillux fjordblau 8" Spot="1" />
 <COLOR RGB="#51694f" NAME="Brillux forstgruen" Spot="1" />
 <COLOR RGB="#eebd00" NAME="Brillux gelb" Spot="1" />
 <COLOR RGB="#e2a41e" NAME="Brillux goldgelb" Spot="1" />
 <COLOR RGB="#e7b742" NAME="Brillux goldgelb 1" Spot="1" />
 <COLOR RGB="#efc150" NAME="Brillux goldgelb 2" Spot="1" />
 <COLOR RGB="#f6d477" NAME="Brillux goldgelb 3" Spot="1" />
 <COLOR RGB="#f9de92" NAME="Brillux goldgelb 4" Spot="1" />
 <COLOR RGB="#f6e5a8" NAME="Brillux goldgelb 5" Spot="1" />
 <COLOR RGB="#f9e9b6" NAME="Brillux goldgelb 6" Spot="1" />
 <COLOR RGB="#f7ecc6" NAME="Brillux goldgelb 7" Spot="1" />
 <COLOR RGB="#f2e8c8" NAME="Brillux goldgelb 8" Spot="1" />
 <COLOR RGB="#bb8e3b" NAME="Brillux goldocker" Spot="1" />
 <COLOR RGB="#cd9d3a" NAME="Brillux goldocker 1" Spot="1" />
 <COLOR RGB="#e2b250" NAME="Brillux goldocker 2" Spot="1" />
 <COLOR RGB="#e8c370" NAME="Brillux goldocker 3" Spot="1" />
 <COLOR RGB="#e7cb8b" NAME="Brillux goldocker 4" Spot="1" />
 <COLOR RGB="#f0daa6" NAME="Brillux goldocker 5" Spot="1" />
 <COLOR RGB="#f3ddad" NAME="Brillux goldocker 6" Spot="1" />
 <COLOR RGB="#eee1c1" NAME="Brillux goldocker 7" Spot="1" />
 <COLOR RGB="#f2e8cc" NAME="Brillux goldocker 8" Spot="1" />
 <COLOR RGB="#8e5048" NAME="Brillux inkarot" Spot="1" />
 <COLOR RGB="#a5675d" NAME="Brillux inkarot 1" Spot="1" />
 <COLOR RGB="#b47a6e" NAME="Brillux inkarot 2" Spot="1" />
 <COLOR RGB="#c6948a" NAME="Brillux inkarot 3" Spot="1" />
 <COLOR RGB="#d5aba1" NAME="Brillux inkarot 4" Spot="1" />
 <COLOR RGB="#dcb8b0" NAME="Brillux inkarot 5" Spot="1" />
 <COLOR RGB="#e1c4bd" NAME="Brillux inkarot 6" Spot="1" />
 <COLOR RGB="#eed2c8" NAME="Brillux inkarot 7" Spot="1" />
 <COLOR RGB="#eed9cf" NAME="Brillux inkarot 8" Spot="1" />
 <COLOR RGB="#675e4d" NAME="Brillux lavagrau" Spot="1" />
 <COLOR RGB="#847760" NAME="Brillux lavagrau 1" Spot="1" />
 <COLOR RGB="#9c8e75" NAME="Brillux lavagrau 2" Spot="1" />
 <COLOR RGB="#b5a990" NAME="Brillux lavagrau 3" Spot="1" />
 <COLOR RGB="#c4bba5" NAME="Brillux lavagrau 4" Spot="1" />
 <COLOR RGB="#d5ccb8" NAME="Brillux lavagrau 5" Spot="1" />
 <COLOR RGB="#dbd3c0" NAME="Brillux lavagrau 6" Spot="1" />
 <COLOR RGB="#e7e0d0" NAME="Brillux lavagrau 7" Spot="1" />
 <COLOR RGB="#ede6d9" NAME="Brillux lavagrau 8" Spot="1" />
 <COLOR RGB="#a6704c" NAME="Brillux lehmbraun" Spot="1" />
 <COLOR RGB="#b87e54" NAME="Brillux lehmbraun 1" Spot="1" />
 <COLOR RGB="#ca966b" NAME="Brillux lehmbraun 2" Spot="1" />
 <COLOR RGB="#d9aa7d" NAME="Brillux lehmbraun 3" Spot="1" />
 <COLOR RGB="#e2bd97" NAME="Brillux lehmbraun 4" Spot="1" />
 <COLOR RGB="#e5c6a9" NAME="Brillux lehmbraun 5" Spot="1" />
 <COLOR RGB="#ead1b8" NAME="Brillux lehmbraun 6" Spot="1" />
 <COLOR RGB="#f0dcc9" NAME="Brillux lehmbraun 7" Spot="1" />
 <COLOR RGB="#f0dcca" NAME="Brillux lehmbraun 8" Spot="1" />
 <COLOR RGB="#8c7345" NAME="Brillux limbagruen" Spot="1" />
 <COLOR RGB="#a6874b" NAME="Brillux limbagruen 1" Spot="1" />
 <COLOR RGB="#ba9a57" NAME="Brillux limbagruen 2" Spot="1" />
 <COLOR RGB="#ccae6b" NAME="Brillux limbagruen 3" Spot="1" />
 <COLOR RGB="#d7be85" NAME="Brillux limbagruen 4" Spot="1" />
 <COLOR RGB="#e2cd9c" NAME="Brillux limbagruen 5" Spot="1" />
 <COLOR RGB="#e8d5aa" NAME="Brillux limbagruen 6" Spot="1" />
 <COLOR RGB="#f1e3be" NAME="Brillux limbagruen 7" Spot="1" />
 <COLOR RGB="#f5e8cc" NAME="Brillux limbagruen 8" Spot="1" />
 <COLOR RGB="#9f953e" NAME="Brillux lindgruen" Spot="1" />
 <COLOR RGB="#b8a64f" NAME="Brillux lindgruen 1" Spot="1" />
 <COLOR RGB="#c8b760" NAME="Brillux lindgruen 2" Spot="1" />
 <COLOR RGB="#d8ca81" NAME="Brillux lindgruen 3" Spot="1" />
 <COLOR RGB="#dfd293" NAME="Brillux lindgruen 4" Spot="1" />
 <COLOR RGB="#e8dda9" NAME="Brillux lindgruen 5" Spot="1" />
 <COLOR RGB="#ebe3b6" NAME="Brillux lindgruen 6" Spot="1" />
 <COLOR RGB="#f2ebcc" NAME="Brillux lindgruen 7" Spot="1" />
 <COLOR RGB="#f4efd3" NAME="Brillux lindgruen 8" Spot="1" />
 <COLOR RGB="#8f643b" NAME="Brillux marocbraun" Spot="1" />
 <COLOR RGB="#ac7f4c" NAME="Brillux marocbraun 1" Spot="1" />
 <COLOR RGB="#c3965e" NAME="Brillux marocbraun 2" Spot="1" />
 <COLOR RGB="#d2aa76" NAME="Brillux marocbraun 3" Spot="1" />
 <COLOR RGB="#dfc396" NAME="Brillux marocbraun 4" Spot="1" />
 <COLOR RGB="#e6cea9" NAME="Brillux marocbraun 5" Spot="1" />
 <COLOR RGB="#ebd7b6" NAME="Brillux marocbraun 6" Spot="1" />
 <COLOR RGB="#f3e4cb" NAME="Brillux marocbraun 7" Spot="1" />
 <COLOR RGB="#f3e8d1" NAME="Brillux marocbraun 8" Spot="1" />
 <COLOR RGB="#af8140" NAME="Brillux ocker" Spot="1" />
 <COLOR RGB="#8a814d" NAME="Brillux olivgelb" Spot="1" />
 <COLOR RGB="#a3965e" NAME="Brillux olivgelb 1" Spot="1" />
 <COLOR RGB="#b8aa71" NAME="Brillux olivgelb 2" Spot="1" />
 <COLOR RGB="#cbbc88" NAME="Brillux olivgelb 3" Spot="1" />
 <COLOR RGB="#d7cea1" NAME="Brillux olivgelb 4" Spot="1" />
 <COLOR RGB="#ded8b9" NAME="Brillux olivgelb 5" Spot="1" />
 <COLOR RGB="#e3ddc1" NAME="Brillux olivgelb 6" Spot="1" />
 <COLOR RGB="#ece7ce" NAME="Brillux olivgelb 7" Spot="1" />
 <COLOR RGB="#f1ecd7" NAME="Brillux olivgelb 8" Spot="1" />
 <COLOR RGB="#cd5a3d" NAME="Brillux orange" Spot="1" />
 <COLOR RGB="#b13b3f" NAME="Brillux rot" Spot="1" />
 <COLOR RGB="#6f403c" NAME="Brillux rotbraun" Spot="1" />
 <COLOR RGB="#882d32" NAME="Brillux rubinrot" Spot="1" />
 <COLOR RGB="#d39234" NAME="Brillux safrangelb" Spot="1" />
 <COLOR RGB="#e5ac4b" NAME="Brillux safrangelb 1" Spot="1" />
 <COLOR RGB="#f0bc61" NAME="Brillux safrangelb 2" Spot="1" />
 <COLOR RGB="#f2ca7f" NAME="Brillux safrangelb 3" Spot="1" />
 <COLOR RGB="#fadda2" NAME="Brillux safrangelb 4" Spot="1" />
 <COLOR RGB="#f8e0b2" NAME="Brillux safrangelb 5" Spot="1" />
 <COLOR RGB="#f8e6c0" NAME="Brillux safrangelb 6" Spot="1" />
 <COLOR RGB="#f9edd0" NAME="Brillux safrangelb 7" Spot="1" />
 <COLOR RGB="#f8eed4" NAME="Brillux safrangelb 8" Spot="1" />
 <COLOR RGB="#6e5f4f" NAME="Brillux schwarz" Spot="1" />
 <COLOR RGB="#6e5f4f" NAME="Brillux sepialbraun" Spot="1" />
 <COLOR RGB="#7e6e5b" NAME="Brillux sepialbraun 1" Spot="1" />
 <COLOR RGB="#92826c" NAME="Brillux sepialbraun 2" Spot="1" />
 <COLOR RGB="#a79983" NAME="Brillux sepialbraun 3" Spot="1" />
 <COLOR RGB="#beb19c" NAME="Brillux sepialbraun 4" Spot="1" />
 <COLOR RGB="#ccc1b1" NAME="Brillux sepialbraun 5" Spot="1" />
 <COLOR RGB="#d4cabc" NAME="Brillux sepialbraun 6" Spot="1" />
 <COLOR RGB="#dbd3c6" NAME="Brillux sepialbraun 7" Spot="1" />
 <COLOR RGB="#e5ded1" NAME="Brillux sepialbraun 8" Spot="1" />
 <COLOR RGB="#7a6152" NAME="Brillux tabakbraun" Spot="1" />
 <COLOR RGB="#89725f" NAME="Brillux tabakbraun 1" Spot="1" />
 <COLOR RGB="#a08772" NAME="Brillux tabakbraun 2" Spot="1" />
 <COLOR RGB="#b09b87" NAME="Brillux tabakbraun 3" Spot="1" />
 <COLOR RGB="#c8b8a7" NAME="Brillux tabakbraun 4" Spot="1" />
 <COLOR RGB="#d2c4b5" NAME="Brillux tabakbraun 5" Spot="1" />
 <COLOR RGB="#dcd0c2" NAME="Brillux tabakbraun 6" Spot="1" />
 <COLOR RGB="#e6dacc" NAME="Brillux tabakbraun 7" Spot="1" />
 <COLOR RGB="#eae1d6" NAME="Brillux tabakbraun 8" Spot="1" />
 <COLOR RGB="#67553f" NAME="Brillux tropicbraun" Spot="1" />
 <COLOR RGB="#836d4d" NAME="Brillux tropicbraun 1" Spot="1" />
 <COLOR RGB="#9f8765" NAME="Brillux tropicbraun 2" Spot="1" />
 <COLOR RGB="#b49c76" NAME="Brillux tropicbraun 3" Spot="1" />
 <COLOR RGB="#c9b696" NAME="Brillux tropicbraun 4" Spot="1" />
 <COLOR RGB="#dcccaf" NAME="Brillux tropicbraun 5" Spot="1" />
 <COLOR RGB="#e0d0b8" NAME="Brillux tropicbraun 6" Spot="1" />
 <COLOR RGB="#e9dcc6" NAME="Brillux tropicbraun 7" Spot="1" />
 <COLOR RGB="#eae1ce" NAME="Brillux tropicbraun 8" Spot="1" />
 <COLOR RGB="#1c6d55" NAME="Brillux tuerkisgruen" Spot="1" />
 <COLOR RGB="#756253" NAME="Brillux umbragruen" Spot="1" />
</SCRIBUSCOLORS>