<?xml version="1.0" encoding="UTF-8"?>
<SCRIBUSCOLORS Name="Brillux Kunstharzputz">
 <COLOR RGB="#ce9d40" NAME="Brillux 1201" Spot="1" />
 <COLOR RGB="#e9be6a" NAME="Brillux 1221" Spot="1" />
 <COLOR RGB="#e1c98a" NAME="Brillux 1232" Spot="1" />
 <COLOR RGB="#efd295" NAME="Brillux 1241" Spot="1" />
 <COLOR RGB="#e6d5a5" NAME="Brillux 1252" Spot="1" />
 <COLOR RGB="#ebe1be" NAME="Brillux 1271" Spot="1" />
 <COLOR RGB="#b3784f" NAME="Brillux 3200" Spot="1" />
 <COLOR RGB="#e0aa7c" NAME="Brillux 3230" Spot="1" />
 <COLOR RGB="#e7caa8" NAME="Brillux 3260" Spot="1" />
 <COLOR RGB="#94874f" NAME="Brillux 6200" Spot="1" />
 <COLOR RGB="#948564" NAME="Brillux 6202" Spot="1" />
 <COLOR RGB="#b7aa72" NAME="Brillux 6220" Spot="1" />
 <COLOR RGB="#c4b596" NAME="Brillux 6232" Spot="1" />
 <COLOR RGB="#ded4af" NAME="Brillux 6250" Spot="1" />
 <COLOR RGB="#ded6bf" NAME="Brillux 6262" Spot="1" />
 <COLOR RGB="#e7e1c4" NAME="Brillux 6270" Spot="1" />
 <COLOR RGB="#bebeb4" NAME="Brillux 7250" Spot="1" />
 <COLOR RGB="#d8d7cb" NAME="Brillux 7270" Spot="1" />
 <COLOR RGB="#796b5d" NAME="Brillux 8201" Spot="1" />
 <COLOR RGB="#9d8466" NAME="Brillux 8202" Spot="1" />
 <COLOR RGB="#55453f" NAME="Brillux 8204" Spot="1" />
 <COLOR RGB="#a29581" NAME="Brillux 8221" Spot="1" />
 <COLOR RGB="#baa282" NAME="Brillux 8222" Spot="1" />
 <COLOR RGB="#d0c4b1" NAME="Brillux 8251" Spot="1" />
 <COLOR RGB="#d8c8ac" NAME="Brillux 8252" Spot="1" />
 <COLOR RGB="#ded7c7" NAME="Brillux 8271" Spot="1" />
 <COLOR RGB="#e7deca" NAME="Brillux 8272" Spot="1" />
</SCRIBUSCOLORS>