<?xml version="1.0" encoding="UTF-8"?>
<SCRIBUSCOLORS Name="Brillux Mineralputz">
 <COLOR RGB="#edede5" NAME="Brillux 0095" Spot="1" />
 <COLOR RGB="#dbb380" NAME="Brillux 9042" Spot="1" />
 <COLOR RGB="#e4c499" NAME="Brillux 9044" Spot="1" />
 <COLOR RGB="#e7d2b4" NAME="Brillux 9046" Spot="1" />
 <COLOR RGB="#eee2d2" NAME="Brillux 9048" Spot="1" />
 <COLOR RGB="#efe8dc" NAME="Brillux 9050" Spot="1" />
 <COLOR RGB="#b2af85" NAME="Brillux 9061" Spot="1" />
 <COLOR RGB="#bab78d" NAME="Brillux 9064" Spot="1" />
 <COLOR RGB="#cbcaaa" NAME="Brillux 9066" Spot="1" />
 <COLOR RGB="#d6d6c0" NAME="Brillux 9068" Spot="1" />
 <COLOR RGB="#e5e3d4" NAME="Brillux 9069" Spot="1" />
 <COLOR RGB="#beb39b" NAME="Brillux 9082" Spot="1" />
 <COLOR RGB="#d1c6b1" NAME="Brillux 9084" Spot="1" />
 <COLOR RGB="#dcd3c2" NAME="Brillux 9086" Spot="1" />
 <COLOR RGB="#e6dfd3" NAME="Brillux 9088" Spot="1" />
 <COLOR RGB="#ede6dc" NAME="Brillux 9090" Spot="1" />
 <COLOR RGB="#c2ac97" NAME="Brillux 9112" Spot="1" />
 <COLOR RGB="#cebba9" NAME="Brillux 9114" Spot="1" />
 <COLOR RGB="#d8c7b7" NAME="Brillux 9116" Spot="1" />
 <COLOR RGB="#e2d6c8" NAME="Brillux 9118" Spot="1" />
 <COLOR RGB="#e7dfd7" NAME="Brillux 9120" Spot="1" />
 <COLOR RGB="#e2bf9e" NAME="Brillux 9152" Spot="1" />
 <COLOR RGB="#ecd3b9" NAME="Brillux 9154" Spot="1" />
 <COLOR RGB="#e9d6c1" NAME="Brillux 9156" Spot="1" />
 <COLOR RGB="#efe3d4" NAME="Brillux 9158" Spot="1" />
 <COLOR RGB="#f0e9dd" NAME="Brillux 9160" Spot="1" />
 <COLOR RGB="#e2b39a" NAME="Brillux 9162" Spot="1" />
 <COLOR RGB="#e8c7b4" NAME="Brillux 9164" Spot="1" />
 <COLOR RGB="#eed5c2" NAME="Brillux 9166" Spot="1" />
 <COLOR RGB="#ecd9cd" NAME="Brillux 9168" Spot="1" />
 <COLOR RGB="#f5e8dd" NAME="Brillux 9170" Spot="1" />
 <COLOR RGB="#be988a" NAME="Brillux 9172" Spot="1" />
 <COLOR RGB="#ccac9e" NAME="Brillux 9174" Spot="1" />
 <COLOR RGB="#dacac2" NAME="Brillux 9176" Spot="1" />
 <COLOR RGB="#efe2dc" NAME="Brillux 9178" Spot="1" />
 <COLOR RGB="#f3e9e1" NAME="Brillux 9180" Spot="1" />
 <COLOR RGB="#c6bcaf" NAME="Brillux 9202" Spot="1" />
 <COLOR RGB="#ccc4ba" NAME="Brillux 9204" Spot="1" />
 <COLOR RGB="#d9d3ca" NAME="Brillux 9206" Spot="1" />
 <COLOR RGB="#dddad1" NAME="Brillux 9208" Spot="1" />
 <COLOR RGB="#ede9e1" NAME="Brillux 9210" Spot="1" />
 <COLOR RGB="#adada8" NAME="Brillux 9233" Spot="1" />
 <COLOR RGB="#bebdb6" NAME="Brillux 9235" Spot="1" />
 <COLOR RGB="#d4d4cd" NAME="Brillux 9237" Spot="1" />
 <COLOR RGB="#e1e0d9" NAME="Brillux 9239" Spot="1" />
 <COLOR RGB="#b8ccda" NAME="Brillux 9252" Spot="1" />
 <COLOR RGB="#c4d3de" NAME="Brillux 9254" Spot="1" />
 <COLOR RGB="#d5e1e8" NAME="Brillux 9256" Spot="1" />
 <COLOR RGB="#d7e1e3" NAME="Brillux 9258" Spot="1" />
 <COLOR RGB="#dfe5e2" NAME="Brillux 9260" Spot="1" />
 <COLOR RGB="#e1cfa4" NAME="Brillux 9912" Spot="1" />
 <COLOR RGB="#e6d5ae" NAME="Brillux 9914" Spot="1" />
 <COLOR RGB="#ebddbc" NAME="Brillux 9916" Spot="1" />
 <COLOR RGB="#efe5cf" NAME="Brillux 9918" Spot="1" />
 <COLOR RGB="#ede8db" NAME="Brillux 9920" Spot="1" />
</SCRIBUSCOLORS>