<?xml version="1.0" encoding="UTF-8"?>
<SCRIBUSCOLORS Name="Brillux Lack">
 <COLOR RGB="#edefea" NAME="Brillux altweiss" Spot="1" />
 <COLOR RGB="#32393d" NAME="Brillux anthrazitgrau" Spot="1" />
 <COLOR RGB="#1b5773" NAME="Brillux azurblau" Spot="1" />
 <COLOR RGB="#c9ad7d" NAME="Brillux beige" Spot="1" />
 <COLOR RGB="#5a676b" NAME="Brillux blaugrau" Spot="1" />
 <COLOR RGB="#621632" NAME="Brillux bordeauxviolett" Spot="1" />
 <COLOR RGB="#e18c00" NAME="Brillux chromgelb" Spot="1" />
 <COLOR RGB="#ece4d5" NAME="Brillux cremeweiss" Spot="1" />
 <COLOR RGB="#004776" NAME="Brillux enzianblau" Spot="1" />
 <COLOR RGB="#9d1f14" NAME="Brillux feuerrot" Spot="1" />
 <COLOR RGB="#e6b200" NAME="Brillux gelb" Spot="1" />
 <COLOR RGB="#d56e00" NAME="Brillux gelborange" Spot="1" />
 <COLOR RGB="#d8a100" NAME="Brillux ginstergelb" Spot="1" />
 <COLOR RGB="#3f682b" NAME="Brillux grasgruen" Spot="1" />
 <COLOR RGB="#29353f" NAME="Brillux graublau" Spot="1" />
 <COLOR RGB="#d6d5c9" NAME="Brillux grauweiss" Spot="1" />
 <COLOR RGB="#dbe7ea" NAME="Brillux hellblau" Spot="1" />
 <COLOR RGB="#e7d7b8" NAME="Brillux hellelfenbein" Spot="1" />
 <COLOR RGB="#f2ebcf" NAME="Brillux hellgelb" Spot="1" />
 <COLOR RGB="#e2e5e3" NAME="Brillux hellgrau" Spot="1" />
 <COLOR RGB="#f3e4e0" NAME="Brillux hellorange" Spot="1" />
 <COLOR RGB="#da9fa5" NAME="Brillux hellrosa" Spot="1" />
 <COLOR RGB="#e8e4e4" NAME="Brillux hellviolett" Spot="1" />
 <COLOR RGB="#0078af" NAME="Brillux himmelblau" Spot="1" />
 <COLOR RGB="#b2af9c" NAME="Brillux kieselgrau" Spot="1" />
 <COLOR RGB="#1b2b4f" NAME="Brillux kobaltblau" Spot="1" />
 <COLOR RGB="#275a23" NAME="Brillux laubgruen" Spot="1" />
 <COLOR RGB="#2684b3" NAME="Brillux lichtblau" Spot="1" />
 <COLOR RGB="#c0c4bf" NAME="Brillux lichtgrau" Spot="1" />
 <COLOR RGB="#7dbbb6" NAME="Brillux lichtgruen" Spot="1" />
 <COLOR RGB="#48291d" NAME="Brillux mahagonibraun" Spot="1" />
 <COLOR RGB="#033f2b" NAME="Brillux moosgruen" Spot="1" />
 <COLOR RGB="#57331d" NAME="Brillux nussbraun" Spot="1" />
 <COLOR RGB="#986223" NAME="Brillux ockerbraun" Spot="1" />
 <COLOR RGB="#a15826" NAME="Brillux orangebraun" Spot="1" />
 <COLOR RGB="#682b22" NAME="Brillux oxidrot" Spot="1" />
 <COLOR RGB="#003a45" NAME="Brillux ozeanblau" Spot="1" />
 <COLOR RGB="#e2dac6" NAME="Brillux perlweiss" Spot="1" />
 <COLOR RGB="#653e1e" NAME="Brillux rehbraun" Spot="1" />
 <COLOR RGB="#f1f0e5" NAME="Brillux reinweiss" Spot="1" />
 <COLOR RGB="#657c55" NAME="Brillux resedagruen" Spot="1" />
 <COLOR RGB="#c85059" NAME="Brillux rose" Spot="1" />
 <COLOR RGB="#7f0d14" NAME="Brillux rubinrot" Spot="1" />
 <COLOR RGB="#eda644" NAME="Brillux safrangelb" Spot="1" />
 <COLOR RGB="#3f2820" NAME="Brillux schokoladenbraun" Spot="1" />
 <COLOR RGB="#3a1a1b" NAME="Brillux schwarzrot" Spot="1" />
 <COLOR RGB="#44311e" NAME="Brillux sepiabraun" Spot="1" />
 <COLOR RGB="#8d959a" NAME="Brillux silbergrau" Spot="1" />
 <COLOR RGB="#8d8b82" NAME="Brillux steingrau" Spot="1" />
 <COLOR RGB="#e06f00" NAME="Brillux tieforange" Spot="1" />
 <COLOR RGB="#158a8b" NAME="Brillux tuerkisblau" Spot="1" />
 <COLOR RGB="#efefe5" NAME="Brillux weiss" Spot="1" />
 <COLOR RGB="#b3cfad" NAME="Brillux weissgruen" Spot="1" />
</SCRIBUSCOLORS>