<?xml version="1.0" encoding="UTF-8"?>
<SCRIBUSCOLORS Name="Brillux Silikat">
 <COLOR RGB="#eee47f" NAME="Brillux 1208 echtgelb" Spot="1" />
 <COLOR RGB="#cc9238" NAME="Brillux 1209 ocker" Spot="1" />
 <COLOR RGB="#eee1b9" NAME="Brillux 1218" Spot="1" />
 <COLOR RGB="#ddc39b" NAME="Brillux 1219" Spot="1" />
 <COLOR RGB="#e7d18f" NAME="Brillux 1228" Spot="1" />
 <COLOR RGB="#dab17f" NAME="Brillux 1229" Spot="1" />
 <COLOR RGB="#e2cb7a" NAME="Brillux 1238" Spot="1" />
 <COLOR RGB="#caa070" NAME="Brillux 1239" Spot="1" />
 <COLOR RGB="#e3dbc8" NAME="Brillux 1248" Spot="1" />
 <COLOR RGB="#f1dfcf" NAME="Brillux 1249" Spot="1" />
 <COLOR RGB="#e6d6b7" NAME="Brillux 1258" Spot="1" />
 <COLOR RGB="#e1c391" NAME="Brillux 1268" Spot="1" />
 <COLOR RGB="#d5b275" NAME="Brillux 1278" Spot="1" />
 <COLOR RGB="#e7dfcc" NAME="Brillux 1288" Spot="1" />
 <COLOR RGB="#e5d7be" NAME="Brillux 1298" Spot="1" />
 <COLOR RGB="#c1623d" NAME="Brillux 2209 orange" Spot="1" />
 <COLOR RGB="#e8cfb7" NAME="Brillux 2219" Spot="1" />
 <COLOR RGB="#e4bea1" NAME="Brillux 2229" Spot="1" />
 <COLOR RGB="#deac8e" NAME="Brillux 2239" Spot="1" />
 <COLOR RGB="#d3926d" NAME="Brillux 2249" Spot="1" />
 <COLOR RGB="#bf7550" NAME="Brillux 2259" Spot="1" />
 <COLOR RGB="#934a40" NAME="Brillux 3209 oxidrot" Spot="1" />
 <COLOR RGB="#e0c9be" NAME="Brillux 3218" Spot="1" />
 <COLOR RGB="#b16d5d" NAME="Brillux 3219" Spot="1" />
 <COLOR RGB="#dab9a9" NAME="Brillux 3228" Spot="1" />
 <COLOR RGB="#a3614f" NAME="Brillux 3229" Spot="1" />
 <COLOR RGB="#c79783" NAME="Brillux 3238" Spot="1" />
 <COLOR RGB="#b37d67" NAME="Brillux 3248" Spot="1" />
 <COLOR RGB="#a56e59" NAME="Brillux 3258" Spot="1" />
 <COLOR RGB="#e0c8be" NAME="Brillux 3268" Spot="1" />
 <COLOR RGB="#e3b9ab" NAME="Brillux 3278" Spot="1" />
 <COLOR RGB="#d69e8a" NAME="Brillux 3288" Spot="1" />
 <COLOR RGB="#c58776" NAME="Brillux 3298" Spot="1" />
 <COLOR RGB="#0089b3" NAME="Brillux 5209 blau" Spot="1" />
 <COLOR RGB="#88a0a7" NAME="Brillux 5218" Spot="1" />
 <COLOR RGB="#a2adad" NAME="Brillux 5228" Spot="1" />
 <COLOR RGB="#bec9c3" NAME="Brillux 5238" Spot="1" />
 <COLOR RGB="#d5d6cf" NAME="Brillux 5248" Spot="1" />
 <COLOR RGB="#cdd5d2" NAME="Brillux 5259" Spot="1" />
 <COLOR RGB="#aec4ca" NAME="Brillux 5269" Spot="1" />
 <COLOR RGB="#8aa9b7" NAME="Brillux 5279" Spot="1" />
 <COLOR RGB="#6391a6" NAME="Brillux 5289" Spot="1" />
 <COLOR RGB="#56859c" NAME="Brillux 5299" Spot="1" />
 <COLOR RGB="#6c875f" NAME="Brillux 6208 oxidgruen" Spot="1" />
 <COLOR RGB="#71674e" NAME="Brillux 6209 umbra" Spot="1" />
 <COLOR RGB="#d6d4c5" NAME="Brillux 6218" Spot="1" />
 <COLOR RGB="#797c6d" NAME="Brillux 6219" Spot="1" />
 <COLOR RGB="#c5c4ac" NAME="Brillux 6228" Spot="1" />
 <COLOR RGB="#acac8e" NAME="Brillux 6238" Spot="1" />
 <COLOR RGB="#929271" NAME="Brillux 6248" Spot="1" />
 <COLOR RGB="#81825d" NAME="Brillux 6258" Spot="1" />
 <COLOR RGB="#cdcfc3" NAME="Brillux 6268" Spot="1" />
 <COLOR RGB="#b6b9a8" NAME="Brillux 6278" Spot="1" />
 <COLOR RGB="#687a6f" NAME="Brillux 6279" Spot="1" />
 <COLOR RGB="#a4a692" NAME="Brillux 6288" Spot="1" />
 <COLOR RGB="#a6ada0" NAME="Brillux 6289" Spot="1" />
 <COLOR RGB="#8b8e7b" NAME="Brillux 6298" Spot="1" />
 <COLOR RGB="#bbc0b0" NAME="Brillux 6299" Spot="1" />
 <COLOR RGB="#cccfcd" NAME="Brillux 7218" Spot="1" />
 <COLOR RGB="#656667" NAME="Brillux 7219" Spot="1" />
 <COLOR RGB="#bdc3c5" NAME="Brillux 7228" Spot="1" />
 <COLOR RGB="#525151" NAME="Brillux 7229" Spot="1" />
 <COLOR RGB="#a1a7a8" NAME="Brillux 7238" Spot="1" />
 <COLOR RGB="#7f8081" NAME="Brillux 7248" Spot="1" />
 <COLOR RGB="#575e62" NAME="Brillux 7258" Spot="1" />
 <COLOR RGB="#cccbc5" NAME="Brillux 7268" Spot="1" />
 <COLOR RGB="#b4b4b0" NAME="Brillux 7278" Spot="1" />
 <COLOR RGB="#9d9e9e" NAME="Brillux 7288" Spot="1" />
 <COLOR RGB="#7b7b7c" NAME="Brillux 7298" Spot="1" />
 <COLOR RGB="#e7e0d9" NAME="Brillux 8282" Spot="1" />
 <COLOR RGB="#e3d4ce" NAME="Brillux 8295" Spot="1" />
 <COLOR RGB="#d9c5bf" NAME="Brillux 8296" Spot="1" />
 <COLOR RGB="#ccb2a7" NAME="Brillux 8297" Spot="1" />
 <COLOR RGB="#bd9c8f" NAME="Brillux 8298" Spot="1" />
 <COLOR RGB="#654943" NAME="Brillux 8299 oxidbraun" Spot="1" />
 <COLOR RGB="#987264" NAME="Brillux 8384" Spot="1" />
 <COLOR RGB="#876256" NAME="Brillux 8385" Spot="1" />
 <COLOR RGB="#d0c5c1" NAME="Brillux 8386" Spot="1" />
 <COLOR RGB="#beadaa" NAME="Brillux 8387" Spot="1" />
 <COLOR RGB="#ab928e" NAME="Brillux 8388" Spot="1" />
 <COLOR RGB="#9c817e" NAME="Brillux 8389" Spot="1" />
 <COLOR RGB="#846461" NAME="Brillux 8390" Spot="1" />
 <COLOR RGB="#c8c5c1" NAME="Brillux 8391" Spot="1" />
 <COLOR RGB="#b8b1ae" NAME="Brillux 8392" Spot="1" />
 <COLOR RGB="#a79a99" NAME="Brillux 8393" Spot="1" />
 <COLOR RGB="#928380" NAME="Brillux 8394" Spot="1" />
 <COLOR RGB="#847473" NAME="Brillux 8395" Spot="1" />
 <COLOR RGB="#6d5855" NAME="Brillux 8396" Spot="1" />
 <COLOR RGB="#e6d7cc" NAME="Brillux 8397" Spot="1" />
 <COLOR RGB="#d9cbc0" NAME="Brillux 8398" Spot="1" />
 <COLOR RGB="#cbb9ab" NAME="Brillux 8399" Spot="1" />
 <COLOR RGB="#b49683" NAME="Brillux 8488" Spot="1" />
 <COLOR RGB="#9c7865" NAME="Brillux 8489" Spot="1" />
 <COLOR RGB="#e5ded3" NAME="Brillux 8490" Spot="1" />
 <COLOR RGB="#cec4b6" NAME="Brillux 8491" Spot="1" />
 <COLOR RGB="#b6a695" NAME="Brillux 8492" Spot="1" />
 <COLOR RGB="#9c8973" NAME="Brillux 8493" Spot="1" />
 <COLOR RGB="#85755f" NAME="Brillux 8494" Spot="1" />
 <COLOR RGB="#ede7d6" NAME="Brillux 8495" Spot="1" />
 <COLOR RGB="#ddd2be" NAME="Brillux 8496" Spot="1" />
 <COLOR RGB="#cdc0a6" NAME="Brillux 8497" Spot="1" />
 <COLOR RGB="#b9a682" NAME="Brillux 8498" Spot="1" />
 <COLOR RGB="#ae966f" NAME="Brillux 8499" Spot="1" />
 <COLOR RGB="#4d4b4a" NAME="Brillux 9900 schwarz" Spot="1" />
</SCRIBUSCOLORS>