<?xml version="1.0" encoding="UTF-8"?>
<SCRIBUSCOLORS Name="Brillux Creativ Sentimento 78">
 <COLOR RGB="#f3ddb2" NAME="7801" Spot="1" />
 <COLOR RGB="#f2cf91" NAME="7802" Spot="1" />
 <COLOR RGB="#eec169" NAME="7803" Spot="1" />
 <COLOR RGB="#d1b074" NAME="7804" Spot="1" />
 <COLOR RGB="#fbdfc1" NAME="7805" Spot="1" />
 <COLOR RGB="#fbd4a9" NAME="7806" Spot="1" />
 <COLOR RGB="#fad08c" NAME="7807" Spot="1" />
 <COLOR RGB="#f3c17d" NAME="7808" Spot="1" />
 <COLOR RGB="#f8ead1" NAME="7809" Spot="1" />
 <COLOR RGB="#fae8c2" NAME="7810" Spot="1" />
 <COLOR RGB="#d8c5a4" NAME="7811" Spot="1" />
 <COLOR RGB="#c4b7a3" NAME="7812" Spot="1" />
 <COLOR RGB="#f1e1cb" NAME="7813" Spot="1" />
 <COLOR RGB="#efdbbf" NAME="7814" Spot="1" />
 <COLOR RGB="#e0c6a5" NAME="7815" Spot="1" />
 <COLOR RGB="#c6aa8d" NAME="7816" Spot="1" />
 <COLOR RGB="#fceedb" NAME="7817" Spot="1" />
 <COLOR RGB="#e7d2bb" NAME="7818" Spot="1" />
 <COLOR RGB="#e0c7ad" NAME="7819" Spot="1" />
 <COLOR RGB="#bdac9a" NAME="7820" Spot="1" />
 <COLOR RGB="#f4ede3" NAME="7821" Spot="1" />
 <COLOR RGB="#e9e0d8" NAME="7822" Spot="1" />
 <COLOR RGB="#cdc4bc" NAME="7823" Spot="1" />
 <COLOR RGB="#beb3ab" NAME="7824" Spot="1" />
 <COLOR RGB="#fbede0" NAME="7825" Spot="1" />
 <COLOR RGB="#edded3" NAME="7826" Spot="1" />
 <COLOR RGB="#ebcfc1" NAME="7827" Spot="1" />
 <COLOR RGB="#d49881" NAME="7828" Spot="1" />
 <COLOR RGB="#fbdcc8" NAME="7829" Spot="1" />
 <COLOR RGB="#fecbb6" NAME="7830" Spot="1" />
 <COLOR RGB="#fab79f" NAME="7831" Spot="1" />
 <COLOR RGB="#e08169" NAME="7832" Spot="1" />
 <COLOR RGB="#efcec6" NAME="7833" Spot="1" />
 <COLOR RGB="#e9c1ba" NAME="7834" Spot="1" />
 <COLOR RGB="#e9aaa0" NAME="7835" Spot="1" />
 <COLOR RGB="#d27f72" NAME="7836" Spot="1" />
 <COLOR RGB="#e3d2d1" NAME="7837" Spot="1" />
 <COLOR RGB="#dfbbba" NAME="7838" Spot="1" />
 <COLOR RGB="#d9a5a5" NAME="7839" Spot="1" />
 <COLOR RGB="#c98a88" NAME="7840" Spot="1" />
 <COLOR RGB="#ecdadc" NAME="7841" Spot="1" />
 <COLOR RGB="#e4d3d9" NAME="7842" Spot="1" />
 <COLOR RGB="#d7c3cb" NAME="7843" Spot="1" />
 <COLOR RGB="#caadb7" NAME="7844" Spot="1" />
 <COLOR RGB="#dad5e8" NAME="7845" Spot="1" />
 <COLOR RGB="#cdc7e2" NAME="7846" Spot="1" />
 <COLOR RGB="#b7b5d1" NAME="7847" Spot="1" />
 <COLOR RGB="#a499b9" NAME="7848" Spot="1" />
 <COLOR RGB="#e0e8ef" NAME="7849" Spot="1" />
 <COLOR RGB="#ccd7df" NAME="7850" Spot="1" />
 <COLOR RGB="#aeb9c3" NAME="7851" Spot="1" />
 <COLOR RGB="#96a5b4" NAME="7852" Spot="1" />
 <COLOR RGB="#d4e2e2" NAME="7853" Spot="1" />
 <COLOR RGB="#cce7ee" NAME="7854" Spot="1" />
 <COLOR RGB="#b7cee4" NAME="7855" Spot="1" />
 <COLOR RGB="#a3b8d1" NAME="7856" Spot="1" />
 <COLOR RGB="#d5e4dd" NAME="7857" Spot="1" />
 <COLOR RGB="#b9ecdd" NAME="7858" Spot="1" />
 <COLOR RGB="#b8dad5" NAME="7859" Spot="1" />
 <COLOR RGB="#85b2af" NAME="7860" Spot="1" />
 <COLOR RGB="#eff1ce" NAME="7861" Spot="1" />
 <COLOR RGB="#e7f2aa" NAME="7862" Spot="1" />
 <COLOR RGB="#d0cc9a" NAME="7863" Spot="1" />
 <COLOR RGB="#c9cdb6" NAME="7864" Spot="1" />
 <COLOR RGB="#ddd6cc" NAME="7865" Spot="1" />
 <COLOR RGB="#d1cbc0" NAME="7866" Spot="1" />
 <COLOR RGB="#beb7ab" NAME="7867" Spot="1" />
 <COLOR RGB="#b0aaa0" NAME="7868" Spot="1" />
 <COLOR RGB="#ebebe4" NAME="7869" Spot="1" />
 <COLOR RGB="#dadad6" NAME="7870" Spot="1" />
 <COLOR RGB="#c8c8c6" NAME="7871" Spot="1" />
 <COLOR RGB="#b4b4b2" NAME="7872" Spot="1" />
</SCRIBUSCOLORS>