<?xml version="1.0" encoding="UTF-8"?>
<SCRIBUSCOLORS Name="Brillux Farbkollektion">
 <COLOR RGB="#c2995b" NAME="Brillux 1153" Spot="1" />
 <COLOR RGB="#cdab77" NAME="Brillux 1154" Spot="1" />
 <COLOR RGB="#d8be90" NAME="Brillux 1155" Spot="1" />
 <COLOR RGB="#d6c5a3" NAME="Brillux 1188" Spot="1" />
 <COLOR RGB="#ddd6bd" NAME="Brillux 1189" Spot="1" />
 <COLOR RGB="#e7b126" NAME="Brillux 1190" Spot="1" />
 <COLOR RGB="#ebba41" NAME="Brillux 1191" Spot="1" />
 <COLOR RGB="#f1c34b" NAME="Brillux 1192" Spot="1" />
 <COLOR RGB="#f1cf72" NAME="Brillux 1193" Spot="1" />
 <COLOR RGB="#f7d77e" NAME="Brillux 1194" Spot="1" />
 <COLOR RGB="#f4da8f" NAME="Brillux 1195" Spot="1" />
 <COLOR RGB="#f3df9f" NAME="Brillux 1196" Spot="1" />
 <COLOR RGB="#f3e4b2" NAME="Brillux 1197" Spot="1" />
 <COLOR RGB="#f3eac6" NAME="Brillux 1198" Spot="1" />
 <COLOR RGB="#d69332" NAME="Brillux 1204" Spot="1" />
 <COLOR RGB="#e6ad4d" NAME="Brillux 1214" Spot="1" />
 <COLOR RGB="#efbb5d" NAME="Brillux 1224" Spot="1" />
 <COLOR RGB="#f0ca7e" NAME="Brillux 1234" Spot="1" />
 <COLOR RGB="#f6dba0" NAME="Brillux 1244" Spot="1" />
 <COLOR RGB="#ebd6c5" NAME="Brillux 1249" Spot="1" />
 <COLOR RGB="#f5ddae" NAME="Brillux 1254" Spot="1" />
 <COLOR RGB="#f6e4bc" NAME="Brillux 1264" Spot="1" />
 <COLOR RGB="#d69553" NAME="Brillux 2211" Spot="1" />
 <COLOR RGB="#ebcdb5" NAME="Brillux 2219" Spot="1" />
 <COLOR RGB="#e4a864" NAME="Brillux 2221" Spot="1" />
 <COLOR RGB="#e7bea3" NAME="Brillux 2229" Spot="1" />
 <COLOR RGB="#f0be7f" NAME="Brillux 2231" Spot="1" />
 <COLOR RGB="#dcaa8d" NAME="Brillux 2239" Spot="1" />
 <COLOR RGB="#f5cd99" NAME="Brillux 2241" Spot="1" />
 <COLOR RGB="#cf926d" NAME="Brillux 2249" Spot="1" />
 <COLOR RGB="#f1d5ab" NAME="Brillux 2251" Spot="1" />
 <COLOR RGB="#b5724d" NAME="Brillux 2259" Spot="1" />
 <COLOR RGB="#f7dfb8" NAME="Brillux 2261" Spot="1" />
 <COLOR RGB="#f3e3c7" NAME="Brillux 2271" Spot="1" />
 <COLOR RGB="#f7ead2" NAME="Brillux 2281" Spot="1" />
 <COLOR RGB="#e7d5c9" NAME="Brillux 3131" Spot="1" />
 <COLOR RGB="#ede1d8" NAME="Brillux 3132" Spot="1" />
 <COLOR RGB="#9c5847" NAME="Brillux 3133" Spot="1" />
 <COLOR RGB="#b06d5b" NAME="Brillux 3134" Spot="1" />
 <COLOR RGB="#c0806e" NAME="Brillux 3135" Spot="1" />
 <COLOR RGB="#cd9483" NAME="Brillux 3136" Spot="1" />
 <COLOR RGB="#d8a798" NAME="Brillux 3137" Spot="1" />
 <COLOR RGB="#e2b8aa" NAME="Brillux 3138" Spot="1" />
 <COLOR RGB="#e7d0c6" NAME="Brillux 3139" Spot="1" />
 <COLOR RGB="#aa6664" NAME="Brillux 3141" Spot="1" />
 <COLOR RGB="#c17e7d" NAME="Brillux 3142" Spot="1" />
 <COLOR RGB="#cf9392" NAME="Brillux 3143" Spot="1" />
 <COLOR RGB="#dfa8a8" NAME="Brillux 3144" Spot="1" />
 <COLOR RGB="#e8bbbb" NAME="Brillux 3145" Spot="1" />
 <COLOR RGB="#dbbfbd" NAME="Brillux 3161" Spot="1" />
 <COLOR RGB="#ecd8d4" NAME="Brillux 3162" Spot="1" />
 <COLOR RGB="#f0e1db" NAME="Brillux 3163" Spot="1" />
 <COLOR RGB="#dfc7bc" NAME="Brillux 3218" Spot="1" />
 <COLOR RGB="#d9b6a7" NAME="Brillux 3228" Spot="1" />
 <COLOR RGB="#c59380" NAME="Brillux 3238" Spot="1" />
 <COLOR RGB="#b37c66" NAME="Brillux 3248" Spot="1" />
 <COLOR RGB="#a56d58" NAME="Brillux 3258" Spot="1" />
 <COLOR RGB="#795159" NAME="Brillux 3308" Spot="1" />
 <COLOR RGB="#9f605e" NAME="Brillux 3323" Spot="1" />
 <COLOR RGB="#976f72" NAME="Brillux 3329" Spot="1" />
 <COLOR RGB="#ae8589" NAME="Brillux 3360" Spot="1" />
 <COLOR RGB="#d4d1d5" NAME="Brillux 4105" Spot="1" />
 <COLOR RGB="#5e5e6c" NAME="Brillux 4317" Spot="1" />
 <COLOR RGB="#4e6278" NAME="Brillux 4318" Spot="1" />
 <COLOR RGB="#6d7f95" NAME="Brillux 4319" Spot="1" />
 <COLOR RGB="#797a85" NAME="Brillux 4400" Spot="1" />
 <COLOR RGB="#8e8f9b" NAME="Brillux 4401" Spot="1" />
 <COLOR RGB="#acabb5" NAME="Brillux 4402" Spot="1" />
 <COLOR RGB="#c1bfc4" NAME="Brillux 4403" Spot="1" />
 <COLOR RGB="#c3d5df" NAME="Brillux 5136" Spot="1" />
 <COLOR RGB="#477a7e" NAME="Brillux 5140" Spot="1" />
 <COLOR RGB="#5f9499" NAME="Brillux 5150" Spot="1" />
 <COLOR RGB="#6ca0a7" NAME="Brillux 5160" Spot="1" />
 <COLOR RGB="#99c1c5" NAME="Brillux 5170" Spot="1" />
 <COLOR RGB="#c6dfde" NAME="Brillux 5180" Spot="1" />
 <COLOR RGB="#ddebe6" NAME="Brillux 5190" Spot="1" />
 <COLOR RGB="#8595a8" NAME="Brillux 5400" Spot="1" />
 <COLOR RGB="#99aec0" NAME="Brillux 5402" Spot="1" />
 <COLOR RGB="#b2c5d2" NAME="Brillux 5403" Spot="1" />
 <COLOR RGB="#e5e5da" NAME="Brillux 6108" Spot="1" />
 <COLOR RGB="#e2e2d8" NAME="Brillux 6148" Spot="1" />
 <COLOR RGB="#d6d7ca" NAME="Brillux 6158" Spot="1" />
 <COLOR RGB="#887e4b" NAME="Brillux 6205" Spot="1" />
 <COLOR RGB="#8c7144" NAME="Brillux 6207" Spot="1" />
 <COLOR RGB="#a3965d" NAME="Brillux 6215" Spot="1" />
 <COLOR RGB="#a8884c" NAME="Brillux 6217" Spot="1" />
 <COLOR RGB="#d5d4c5" NAME="Brillux 6218" Spot="1" />
 <COLOR RGB="#777b6d" NAME="Brillux 6219" Spot="1" />
 <COLOR RGB="#b9ac74" NAME="Brillux 6225" Spot="1" />
 <COLOR RGB="#b99956" NAME="Brillux 6227" Spot="1" />
 <COLOR RGB="#c3c2ad" NAME="Brillux 6228" Spot="1" />
 <COLOR RGB="#c8ba86" NAME="Brillux 6235" Spot="1" />
 <COLOR RGB="#d0b06d" NAME="Brillux 6237" Spot="1" />
 <COLOR RGB="#acad92" NAME="Brillux 6238" Spot="1" />
 <COLOR RGB="#d9cfa3" NAME="Brillux 6245" Spot="1" />
 <COLOR RGB="#dac288" NAME="Brillux 6247" Spot="1" />
 <COLOR RGB="#959575" NAME="Brillux 6248" Spot="1" />
 <COLOR RGB="#dfd9b7" NAME="Brillux 6255" Spot="1" />
 <COLOR RGB="#e4cf9d" NAME="Brillux 6257" Spot="1" />
 <COLOR RGB="#80815b" NAME="Brillux 6258" Spot="1" />
 <COLOR RGB="#e2dcbe" NAME="Brillux 6265" Spot="1" />
 <COLOR RGB="#e6d4a9" NAME="Brillux 6267" Spot="1" />
 <COLOR RGB="#caccc1" NAME="Brillux 6268" Spot="1" />
 <COLOR RGB="#ebe6cf" NAME="Brillux 6275" Spot="1" />
 <COLOR RGB="#f0e3be" NAME="Brillux 6277" Spot="1" />
 <COLOR RGB="#b3b6a7" NAME="Brillux 6278" Spot="1" />
 <COLOR RGB="#f2eed8" NAME="Brillux 6285" Spot="1" />
 <COLOR RGB="#f1e4c5" NAME="Brillux 6287" Spot="1" />
 <COLOR RGB="#a3a692" NAME="Brillux 6288" Spot="1" />
 <COLOR RGB="#8b8c7b" NAME="Brillux 6298" Spot="1" />
 <COLOR RGB="#616064" NAME="Brillux 7170" Spot="1" />
 <COLOR RGB="#6d6c70" NAME="Brillux 7171" Spot="1" />
 <COLOR RGB="#77767a" NAME="Brillux 7172" Spot="1" />
 <COLOR RGB="#8a8a8d" NAME="Brillux 7173" Spot="1" />
 <COLOR RGB="#a2a1a4" NAME="Brillux 7174" Spot="1" />
 <COLOR RGB="#b9b8b8" NAME="Brillux 7175" Spot="1" />
 <COLOR RGB="#c6c6c7" NAME="Brillux 7176" Spot="1" />
 <COLOR RGB="#d3d3d1" NAME="Brillux 7177" Spot="1" />
 <COLOR RGB="#dddcd7" NAME="Brillux 7178" Spot="1" />
 <COLOR RGB="#5c6163" NAME="Brillux 7180" Spot="1" />
 <COLOR RGB="#62676a" NAME="Brillux 7181" Spot="1" />
 <COLOR RGB="#73787a" NAME="Brillux 7182" Spot="1" />
 <COLOR RGB="#8a9293" NAME="Brillux 7183" Spot="1" />
 <COLOR RGB="#989fa0" NAME="Brillux 7184" Spot="1" />
 <COLOR RGB="#b0b6b5" NAME="Brillux 7185" Spot="1" />
 <COLOR RGB="#c2c5c2" NAME="Brillux 7186" Spot="1" />
 <COLOR RGB="#d0d3cf" NAME="Brillux 7187" Spot="1" />
 <COLOR RGB="#d9dbd3" NAME="Brillux 7188" Spot="1" />
 <COLOR RGB="#525c64" NAME="Brillux 7205" Spot="1" />
 <COLOR RGB="#665e4e" NAME="Brillux 7206" Spot="1" />
 <COLOR RGB="#4a4c48" NAME="Brillux 7207" Spot="1" />
 <COLOR RGB="#67767e" NAME="Brillux 7215" Spot="1" />
 <COLOR RGB="#81745e" NAME="Brillux 7216" Spot="1" />
 <COLOR RGB="#5c5c55" NAME="Brillux 7217" Spot="1" />
 <COLOR RGB="#7d8e97" NAME="Brillux 7225" Spot="1" />
 <COLOR RGB="#9d9077" NAME="Brillux 7226" Spot="1" />
 <COLOR RGB="#72736c" NAME="Brillux 7227" Spot="1" />
 <COLOR RGB="#94a4ab" NAME="Brillux 7235" Spot="1" />
 <COLOR RGB="#b0a48c" NAME="Brillux 7236" Spot="1" />
 <COLOR RGB="#8b8a82" NAME="Brillux 7237" Spot="1" />
 <COLOR RGB="#aab8bc" NAME="Brillux 7245" Spot="1" />
 <COLOR RGB="#c3baa4" NAME="Brillux 7246" Spot="1" />
 <COLOR RGB="#a4a39b" NAME="Brillux 7247" Spot="1" />
 <COLOR RGB="#becacc" NAME="Brillux 7255" Spot="1" />
 <COLOR RGB="#d3c9b5" NAME="Brillux 7256" Spot="1" />
 <COLOR RGB="#b3b3ac" NAME="Brillux 7257" Spot="1" />
 <COLOR RGB="#c6d0d2" NAME="Brillux 7265" Spot="1" />
 <COLOR RGB="#dbd2bf" NAME="Brillux 7266" Spot="1" />
 <COLOR RGB="#bebeb7" NAME="Brillux 7267" Spot="1" />
 <COLOR RGB="#d8dedb" NAME="Brillux 7275" Spot="1" />
 <COLOR RGB="#e3dccb" NAME="Brillux 7276" Spot="1" />
 <COLOR RGB="#ccccc7" NAME="Brillux 7277" Spot="1" />
 <COLOR RGB="#dbe0db" NAME="Brillux 7285" Spot="1" />
 <COLOR RGB="#e9e3d3" NAME="Brillux 7286" Spot="1" />
 <COLOR RGB="#d9d9d2" NAME="Brillux 7287" Spot="1" />
 <COLOR RGB="#dcd0cb" NAME="Brillux 8177" Spot="1" />
 <COLOR RGB="#e2dad5" NAME="Brillux 8178" Spot="1" />
 <COLOR RGB="#8e6042" NAME="Brillux 8180" Spot="1" />
 <COLOR RGB="#a7744d" NAME="Brillux 8181" Spot="1" />
 <COLOR RGB="#b68057" NAME="Brillux 8182" Spot="1" />
 <COLOR RGB="#c69268" NAME="Brillux 8183" Spot="1" />
 <COLOR RGB="#d8a982" NAME="Brillux 8184" Spot="1" />
 <COLOR RGB="#ddb796" NAME="Brillux 8185" Spot="1" />
 <COLOR RGB="#eccbac" NAME="Brillux 8186" Spot="1" />
 <COLOR RGB="#f1d8bd" NAME="Brillux 8187" Spot="1" />
 <COLOR RGB="#f5e3cd" NAME="Brillux 8188" Spot="1" />
 <COLOR RGB="#e3dadb" NAME="Brillux 8190" Spot="1" />
 <COLOR RGB="#d5cac8" NAME="Brillux 8191" Spot="1" />
 <COLOR RGB="#beb0ad" NAME="Brillux 8192" Spot="1" />
 <COLOR RGB="#8d643e" NAME="Brillux 8205" Spot="1" />
 <COLOR RGB="#85674d" NAME="Brillux 8206" Spot="1" />
 <COLOR RGB="#795f51" NAME="Brillux 8207" Spot="1" />
 <COLOR RGB="#6b5b4c" NAME="Brillux 8208" Spot="1" />
 <COLOR RGB="#64523c" NAME="Brillux 8209" Spot="1" />
 <COLOR RGB="#aa7c4a" NAME="Brillux 8215" Spot="1" />
 <COLOR RGB="#9c7653" NAME="Brillux 8216" Spot="1" />
 <COLOR RGB="#89715f" NAME="Brillux 8217" Spot="1" />
 <COLOR RGB="#7d6d5b" NAME="Brillux 8218" Spot="1" />
 <COLOR RGB="#816b4c" NAME="Brillux 8219" Spot="1" />
 <COLOR RGB="#c8985e" NAME="Brillux 8225" Spot="1" />
 <COLOR RGB="#ae8a65" NAME="Brillux 8226" Spot="1" />
 <COLOR RGB="#a18873" NAME="Brillux 8227" Spot="1" />
 <COLOR RGB="#8e7e69" NAME="Brillux 8228" Spot="1" />
 <COLOR RGB="#998260" NAME="Brillux 8229" Spot="1" />
 <COLOR RGB="#d4ac76" NAME="Brillux 8235" Spot="1" />
 <COLOR RGB="#bf9c77" NAME="Brillux 8236" Spot="1" />
 <COLOR RGB="#b29d89" NAME="Brillux 8237" Spot="1" />
 <COLOR RGB="#a39580" NAME="Brillux 8238" Spot="1" />
 <COLOR RGB="#b39b76" NAME="Brillux 8239" Spot="1" />
 <COLOR RGB="#e6c898" NAME="Brillux 8245" Spot="1" />
 <COLOR RGB="#d4b897" NAME="Brillux 8246" Spot="1" />
 <COLOR RGB="#c8b8a7" NAME="Brillux 8247" Spot="1" />
 <COLOR RGB="#bdb09d" NAME="Brillux 8248" Spot="1" />
 <COLOR RGB="#cab695" NAME="Brillux 8249" Spot="1" />
 <COLOR RGB="#e6cea7" NAME="Brillux 8255" Spot="1" />
 <COLOR RGB="#dcc5a8" NAME="Brillux 8256" Spot="1" />
 <COLOR RGB="#d2c4b5" NAME="Brillux 8257" Spot="1" />
 <COLOR RGB="#c8bdad" NAME="Brillux 8258" Spot="1" />
 <COLOR RGB="#d8c7a9" NAME="Brillux 8259" Spot="1" />
 <COLOR RGB="#ecd7b6" NAME="Brillux 8265" Spot="1" />
 <COLOR RGB="#e2cdb3" NAME="Brillux 8266" Spot="1" />
 <COLOR RGB="#dbd0c3" NAME="Brillux 8267" Spot="1" />
 <COLOR RGB="#d2c8ba" NAME="Brillux 8268" Spot="1" />
 <COLOR RGB="#deceb5" NAME="Brillux 8269" Spot="1" />
 <COLOR RGB="#efe1c6" NAME="Brillux 8275" Spot="1" />
 <COLOR RGB="#ebdcc7" NAME="Brillux 8276" Spot="1" />
 <COLOR RGB="#e4d9cb" NAME="Brillux 8277" Spot="1" />
 <COLOR RGB="#dfd7c8" NAME="Brillux 8278" Spot="1" />
 <COLOR RGB="#e3d8c3" NAME="Brillux 8279" Spot="1" />
 <COLOR RGB="#f2e9d3" NAME="Brillux 8285" Spot="1" />
 <COLOR RGB="#ede2d0" NAME="Brillux 8286" Spot="1" />
 <COLOR RGB="#e8e0d4" NAME="Brillux 8287" Spot="1" />
 <COLOR RGB="#e0d8cb" NAME="Brillux 8288" Spot="1" />
 <COLOR RGB="#e8e0cd" NAME="Brillux 8289" Spot="1" />
 <COLOR RGB="#e0d1cb" NAME="Brillux 8295" Spot="1" />
 <COLOR RGB="#d5c2bd" NAME="Brillux 8296" Spot="1" />
 <COLOR RGB="#ccb2a9" NAME="Brillux 8297" Spot="1" />
 <COLOR RGB="#bb9b8e" NAME="Brillux 8298" Spot="1" />
 <COLOR RGB="#987365" NAME="Brillux 8384" Spot="1" />
 <COLOR RGB="#896055" NAME="Brillux 8385" Spot="1" />
 <COLOR RGB="#d0c0b9" NAME="Brillux 8386" Spot="1" />
 <COLOR RGB="#bfafac" NAME="Brillux 8387" Spot="1" />
 <COLOR RGB="#a8908d" NAME="Brillux 8388" Spot="1" />
 <COLOR RGB="#997f7c" NAME="Brillux 8389" Spot="1" />
 <COLOR RGB="#806360" NAME="Brillux 8390" Spot="1" />
 <COLOR RGB="#a49897" NAME="Brillux 8393" Spot="1" />
 <COLOR RGB="#938583" NAME="Brillux 8394" Spot="1" />
 <COLOR RGB="#827373" NAME="Brillux 8395" Spot="1" />
 <COLOR RGB="#705b59" NAME="Brillux 8396" Spot="1" />
 <COLOR RGB="#f1e5db" NAME="Brillux 9170" Spot="1" />
 <COLOR RGB="#eee5dd" NAME="Brillux 9180" Spot="1" />
 <COLOR RGB="#cedde1" NAME="Brillux 9256" Spot="1" />
 <COLOR RGB="#d7e0df" NAME="Brillux 9258" Spot="1" />
 <COLOR RGB="#e0e7e3" NAME="Brillux 9260" Spot="1" />
 <COLOR RGB="#bd9458" NAME="Brillux 2 1153" Spot="1" />
 <COLOR RGB="#c9a873" NAME="Brillux 2 1154" Spot="1" />
 <COLOR RGB="#d4bc8f" NAME="Brillux 2 1155" Spot="1" />
 <COLOR RGB="#d2c2a1" NAME="Brillux 2 1188" Spot="1" />
 <COLOR RGB="#dad3ba" NAME="Brillux 2 1189" Spot="1" />
 <COLOR RGB="#e1ad27" NAME="Brillux 2 1190" Spot="1" />
 <COLOR RGB="#e9b840" NAME="Brillux 2 1191" Spot="1" />
 <COLOR RGB="#ecbf4c" NAME="Brillux 2 1192" Spot="1" />
 <COLOR RGB="#edca6e" NAME="Brillux 2 1193" Spot="1" />
 <COLOR RGB="#f2d179" NAME="Brillux 2 1194" Spot="1" />
 <COLOR RGB="#f3d88e" NAME="Brillux 2 1195" Spot="1" />
 <COLOR RGB="#f2dd9f" NAME="Brillux 2 1196" Spot="1" />
 <COLOR RGB="#efdfad" NAME="Brillux 2 1197" Spot="1" />
 <COLOR RGB="#eee5c1" NAME="Brillux 2 1198" Spot="1" />
 <COLOR RGB="#d39132" NAME="Brillux 2 1204" Spot="1" />
 <COLOR RGB="#e0a848" NAME="Brillux 2 1214" Spot="1" />
 <COLOR RGB="#eab75b" NAME="Brillux 2 1224" Spot="1" />
 <COLOR RGB="#edc67b" NAME="Brillux 2 1234" Spot="1" />
 <COLOR RGB="#f2d79d" NAME="Brillux 2 1244" Spot="1" />
 <COLOR RGB="#e8d3c2" NAME="Brillux 2 1249" Spot="1" />
 <COLOR RGB="#f2d9aa" NAME="Brillux 2 1254" Spot="1" />
 <COLOR RGB="#f7e5be" NAME="Brillux 2 1264" Spot="1" />
 <COLOR RGB="#d49454" NAME="Brillux 2 2211" Spot="1" />
 <COLOR RGB="#e3c7b1" NAME="Brillux 2 2219" Spot="1" />
 <COLOR RGB="#dfa564" NAME="Brillux 2 2221" Spot="1" />
 <COLOR RGB="#e3ba9f" NAME="Brillux 2 2229" Spot="1" />
 <COLOR RGB="#ecba7d" NAME="Brillux 2 2231" Spot="1" />
 <COLOR RGB="#d9ab8f" NAME="Brillux 2 2239" Spot="1" />
 <COLOR RGB="#f2ca99" NAME="Brillux 2 2241" Spot="1" />
 <COLOR RGB="#ca8f6a" NAME="Brillux 2 2249" Spot="1" />
 <COLOR RGB="#f0d2aa" NAME="Brillux 2 2251" Spot="1" />
 <COLOR RGB="#b36e49" NAME="Brillux 2 2259" Spot="1" />
 <COLOR RGB="#f2d9b3" NAME="Brillux 2 2261" Spot="1" />
 <COLOR RGB="#f2e1c4" NAME="Brillux 2 2271" Spot="1" />
 <COLOR RGB="#f5e7cf" NAME="Brillux 2 2281" Spot="1" />
 <COLOR RGB="#e9d5cb" NAME="Brillux 2 3131" Spot="1" />
 <COLOR RGB="#eaddd5" NAME="Brillux 2 3132" Spot="1" />
 <COLOR RGB="#995445" NAME="Brillux 2 3133" Spot="1" />
 <COLOR RGB="#ab6858" NAME="Brillux 2 3134" Spot="1" />
 <COLOR RGB="#bf8270" NAME="Brillux 2 3135" Spot="1" />
 <COLOR RGB="#c99180" NAME="Brillux 2 3136" Spot="1" />
 <COLOR RGB="#d5a596" NAME="Brillux 2 3137" Spot="1" />
 <COLOR RGB="#deb5a7" NAME="Brillux 2 3138" Spot="1" />
 <COLOR RGB="#e5cec4" NAME="Brillux 2 3139" Spot="1" />
 <COLOR RGB="#a66363" NAME="Brillux 2 3141" Spot="1" />
 <COLOR RGB="#bf7d7d" NAME="Brillux 2 3142" Spot="1" />
 <COLOR RGB="#cc9191" NAME="Brillux 2 3143" Spot="1" />
 <COLOR RGB="#daa5a6" NAME="Brillux 2 3144" Spot="1" />
 <COLOR RGB="#e5b8b9" NAME="Brillux 2 3145" Spot="1" />
 <COLOR RGB="#dabfbf" NAME="Brillux 2 3161" Spot="1" />
 <COLOR RGB="#ead6d3" NAME="Brillux 2 3162" Spot="1" />
 <COLOR RGB="#ecddd8" NAME="Brillux 2 3163" Spot="1" />
 <COLOR RGB="#dcc6bb" NAME="Brillux 2 3218" Spot="1" />
 <COLOR RGB="#d9b6a7" NAME="Brillux 2 3228" Spot="1" />
 <COLOR RGB="#c3907d" NAME="Brillux 2 3238" Spot="1" />
 <COLOR RGB="#b17c67" NAME="Brillux 2 3248" Spot="1" />
 <COLOR RGB="#a26b57" NAME="Brillux 2 3258" Spot="1" />
 <COLOR RGB="#764f57" NAME="Brillux 2 3308" Spot="1" />
 <COLOR RGB="#9d5e5d" NAME="Brillux 2 3323" Spot="1" />
 <COLOR RGB="#946b6e" NAME="Brillux 2 3329" Spot="1" />
 <COLOR RGB="#ac8489" NAME="Brillux 2 3360" Spot="1" />
 <COLOR RGB="#d3d0d4" NAME="Brillux 2 4105" Spot="1" />
 <COLOR RGB="#5c5b6b" NAME="Brillux 2 4317" Spot="1" />
 <COLOR RGB="#4c6179" NAME="Brillux 2 4318" Spot="1" />
 <COLOR RGB="#6e7f96" NAME="Brillux 2 4319" Spot="1" />
 <COLOR RGB="#767783" NAME="Brillux 2 4400" Spot="1" />
 <COLOR RGB="#898b98" NAME="Brillux 2 4401" Spot="1" />
 <COLOR RGB="#aaa9b4" NAME="Brillux 2 4402" Spot="1" />
 <COLOR RGB="#bfbec3" NAME="Brillux 2 4403" Spot="1" />
 <COLOR RGB="#c2d4de" NAME="Brillux 2 5136" Spot="1" />
 <COLOR RGB="#3a7479" NAME="Brillux 2 5140" Spot="1" />
 <COLOR RGB="#5b9197" NAME="Brillux 2 5150" Spot="1" />
 <COLOR RGB="#699ea6" NAME="Brillux 2 5160" Spot="1" />
 <COLOR RGB="#95bdc3" NAME="Brillux 2 5170" Spot="1" />
 <COLOR RGB="#c4dcdc" NAME="Brillux 2 5180" Spot="1" />
 <COLOR RGB="#dae7e4" NAME="Brillux 2 5190" Spot="1" />
 <COLOR RGB="#8192a6" NAME="Brillux 2 5400" Spot="1" />
 <COLOR RGB="#93a9bc" NAME="Brillux 2 5402" Spot="1" />
 <COLOR RGB="#b0c4d1" NAME="Brillux 2 5403" Spot="1" />
 <COLOR RGB="#e3e3d9" NAME="Brillux 2 6108" Spot="1" />
 <COLOR RGB="#e1e1d9" NAME="Brillux 2 6148" Spot="1" />
 <COLOR RGB="#d2d4c7" NAME="Brillux 2 6158" Spot="1" />
 <COLOR RGB="#887d4c" NAME="Brillux 2 6205" Spot="1" />
 <COLOR RGB="#8d7248" NAME="Brillux 2 6207" Spot="1" />
 <COLOR RGB="#a0935d" NAME="Brillux 2 6215" Spot="1" />
 <COLOR RGB="#a5864b" NAME="Brillux 2 6217" Spot="1" />
 <COLOR RGB="#d1d0c2" NAME="Brillux 2 6218" Spot="1" />
 <COLOR RGB="#777b6d" NAME="Brillux 2 6219" Spot="1" />
 <COLOR RGB="#b8aa73" NAME="Brillux 2 6225" Spot="1" />
 <COLOR RGB="#b99a58" NAME="Brillux 2 6227" Spot="1" />
 <COLOR RGB="#c3c2ad" NAME="Brillux 2 6228" Spot="1" />
 <COLOR RGB="#c6b987" NAME="Brillux 2 6235" Spot="1" />
 <COLOR RGB="#cbad6b" NAME="Brillux 2 6237" Spot="1" />
 <COLOR RGB="#a9ab91" NAME="Brillux 2 6238" Spot="1" />
 <COLOR RGB="#d5cca1" NAME="Brillux 2 6245" Spot="1" />
 <COLOR RGB="#d7c087" NAME="Brillux 2 6247" Spot="1" />
 <COLOR RGB="#919171" NAME="Brillux 2 6248" Spot="1" />
 <COLOR RGB="#ded7b8" NAME="Brillux 2 6255" Spot="1" />
 <COLOR RGB="#e1cc9b" NAME="Brillux 2 6257" Spot="1" />
 <COLOR RGB="#7d7e58" NAME="Brillux 2 6258" Spot="1" />
 <COLOR RGB="#e0dabd" NAME="Brillux 2 6265" Spot="1" />
 <COLOR RGB="#e3d1a7" NAME="Brillux 2 6267" Spot="1" />
 <COLOR RGB="#c6c9be" NAME="Brillux 2 6268" Spot="1" />
 <COLOR RGB="#e9e4ce" NAME="Brillux 2 6275" Spot="1" />
 <COLOR RGB="#eee1be" NAME="Brillux 2 6277" Spot="1" />
 <COLOR RGB="#b2b5a6" NAME="Brillux 2 6278" Spot="1" />
 <COLOR RGB="#f0ecd6" NAME="Brillux 2 6285" Spot="1" />
 <COLOR RGB="#f1e3c3" NAME="Brillux 2 6287" Spot="1" />
 <COLOR RGB="#a5a794" NAME="Brillux 2 6288" Spot="1" />
 <COLOR RGB="#8b8c7b" NAME="Brillux 2 6298" Spot="1" />
 <COLOR RGB="#5f5e63" NAME="Brillux 2 7170" Spot="1" />
 <COLOR RGB="#6c6b70" NAME="Brillux 2 7171" Spot="1" />
 <COLOR RGB="#75747a" NAME="Brillux 2 7172" Spot="1" />
 <COLOR RGB="#89898d" NAME="Brillux 2 7173" Spot="1" />
 <COLOR RGB="#9d9da1" NAME="Brillux 2 7174" Spot="1" />
 <COLOR RGB="#b2b2b2" NAME="Brillux 2 7175" Spot="1" />
 <COLOR RGB="#c5c6c7" NAME="Brillux 2 7176" Spot="1" />
 <COLOR RGB="#cfcfce" NAME="Brillux 2 7177" Spot="1" />
 <COLOR RGB="#dcdbd7" NAME="Brillux 2 7178" Spot="1" />
 <COLOR RGB="#5b5f62" NAME="Brillux 2 7180" Spot="1" />
 <COLOR RGB="#62666a" NAME="Brillux 2 7181" Spot="1" />
 <COLOR RGB="#71777a" NAME="Brillux 2 7182" Spot="1" />
 <COLOR RGB="#868e90" NAME="Brillux 2 7183" Spot="1" />
 <COLOR RGB="#979fa1" NAME="Brillux 2 7184" Spot="1" />
 <COLOR RGB="#b1b7b6" NAME="Brillux 2 7185" Spot="1" />
 <COLOR RGB="#c0c3c1" NAME="Brillux 2 7186" Spot="1" />
 <COLOR RGB="#cfd2cf" NAME="Brillux 2 7187" Spot="1" />
 <COLOR RGB="#d9dbd5" NAME="Brillux 2 7188" Spot="1" />
 <COLOR RGB="#4f5b63" NAME="Brillux 2 7205" Spot="1" />
 <COLOR RGB="#61594a" NAME="Brillux 2 7206" Spot="1" />
 <COLOR RGB="#4a4c4a" NAME="Brillux 2 7207" Spot="1" />
 <COLOR RGB="#61727b" NAME="Brillux 2 7215" Spot="1" />
 <COLOR RGB="#7e715c" NAME="Brillux 2 7216" Spot="1" />
 <COLOR RGB="#595953" NAME="Brillux 2 7217" Spot="1" />
 <COLOR RGB="#788a94" NAME="Brillux 2 7225" Spot="1" />
 <COLOR RGB="#998b73" NAME="Brillux 2 7226" Spot="1" />
 <COLOR RGB="#6f7069" NAME="Brillux 2 7227" Spot="1" />
 <COLOR RGB="#91a0a9" NAME="Brillux 2 7235" Spot="1" />
 <COLOR RGB="#b1a68e" NAME="Brillux 2 7236" Spot="1" />
 <COLOR RGB="#8a8982" NAME="Brillux 2 7237" Spot="1" />
 <COLOR RGB="#a8b6ba" NAME="Brillux 2 7245" Spot="1" />
 <COLOR RGB="#c0b7a2" NAME="Brillux 2 7246" Spot="1" />
 <COLOR RGB="#a2a19a" NAME="Brillux 2 7247" Spot="1" />
 <COLOR RGB="#bdc9cb" NAME="Brillux 2 7255" Spot="1" />
 <COLOR RGB="#d2c8b5" NAME="Brillux 2 7256" Spot="1" />
 <COLOR RGB="#afb0a9" NAME="Brillux 2 7257" Spot="1" />
 <COLOR RGB="#c2cccf" NAME="Brillux 2 7265" Spot="1" />
 <COLOR RGB="#dcd3c1" NAME="Brillux 2 7266" Spot="1" />
 <COLOR RGB="#bebeb8" NAME="Brillux 2 7267" Spot="1" />
 <COLOR RGB="#d3dad8" NAME="Brillux 2 7275" Spot="1" />
 <COLOR RGB="#e2dbcb" NAME="Brillux 2 7276" Spot="1" />
 <COLOR RGB="#ccccc8" NAME="Brillux 2 7277" Spot="1" />
 <COLOR RGB="#d7dcd8" NAME="Brillux 2 7285" Spot="1" />
 <COLOR RGB="#e7e2d3" NAME="Brillux 2 7286" Spot="1" />
 <COLOR RGB="#d4d4cf" NAME="Brillux 2 7287" Spot="1" />
 <COLOR RGB="#dcd1cd" NAME="Brillux 2 8177" Spot="1" />
 <COLOR RGB="#e4ddd8" NAME="Brillux 2 8178" Spot="1" />
 <COLOR RGB="#8d6146" NAME="Brillux 2 8180" Spot="1" />
 <COLOR RGB="#a6734e" NAME="Brillux 2 8181" Spot="1" />
 <COLOR RGB="#b27d55" NAME="Brillux 2 8182" Spot="1" />
 <COLOR RGB="#c39169" NAME="Brillux 2 8183" Spot="1" />
 <COLOR RGB="#d4a57f" NAME="Brillux 2 8184" Spot="1" />
 <COLOR RGB="#ddb695" NAME="Brillux 2 8185" Spot="1" />
 <COLOR RGB="#e9c9aa" NAME="Brillux 2 8186" Spot="1" />
 <COLOR RGB="#efd5bb" NAME="Brillux 2 8187" Spot="1" />
 <COLOR RGB="#f3e0ca" NAME="Brillux 2 8188" Spot="1" />
 <COLOR RGB="#ded6d7" NAME="Brillux 2 8190" Spot="1" />
 <COLOR RGB="#d1c6c5" NAME="Brillux 2 8191" Spot="1" />
 <COLOR RGB="#bcaeac" NAME="Brillux 2 8192" Spot="1" />
 <COLOR RGB="#8b623e" NAME="Brillux 2 8205" Spot="1" />
 <COLOR RGB="#83654a" NAME="Brillux 2 8206" Spot="1" />
 <COLOR RGB="#755a4c" NAME="Brillux 2 8207" Spot="1" />
 <COLOR RGB="#695a4c" NAME="Brillux 2 8208" Spot="1" />
 <COLOR RGB="#66543f" NAME="Brillux 2 8209" Spot="1" />
 <COLOR RGB="#a87b4b" NAME="Brillux 2 8215" Spot="1" />
 <COLOR RGB="#99724f" NAME="Brillux 2 8216" Spot="1" />
 <COLOR RGB="#88705f" NAME="Brillux 2 8217" Spot="1" />
 <COLOR RGB="#7c6b59" NAME="Brillux 2 8218" Spot="1" />
 <COLOR RGB="#7f694c" NAME="Brillux 2 8219" Spot="1" />
 <COLOR RGB="#c3945b" NAME="Brillux 2 8225" Spot="1" />
 <COLOR RGB="#ac8763" NAME="Brillux 2 8226" Spot="1" />
 <COLOR RGB="#9f8673" NAME="Brillux 2 8227" Spot="1" />
 <COLOR RGB="#8b7c67" NAME="Brillux 2 8228" Spot="1" />
 <COLOR RGB="#998161" NAME="Brillux 2 8229" Spot="1" />
 <COLOR RGB="#d2aa75" NAME="Brillux 2 8235" Spot="1" />
 <COLOR RGB="#be9a76" NAME="Brillux 2 8236" Spot="1" />
 <COLOR RGB="#ac9783" NAME="Brillux 2 8237" Spot="1" />
 <COLOR RGB="#a0937f" NAME="Brillux 2 8238" Spot="1" />
 <COLOR RGB="#b09975" NAME="Brillux 2 8239" Spot="1" />
 <COLOR RGB="#e2c598" NAME="Brillux 2 8245" Spot="1" />
 <COLOR RGB="#cfb595" NAME="Brillux 2 8246" Spot="1" />
 <COLOR RGB="#c4b4a3" NAME="Brillux 2 8247" Spot="1" />
 <COLOR RGB="#baae9b" NAME="Brillux 2 8248" Spot="1" />
 <COLOR RGB="#c8b596" NAME="Brillux 2 8249" Spot="1" />
 <COLOR RGB="#e5cda6" NAME="Brillux 2 8255" Spot="1" />
 <COLOR RGB="#dec7ab" NAME="Brillux 2 8256" Spot="1" />
 <COLOR RGB="#cfc2b3" NAME="Brillux 2 8257" Spot="1" />
 <COLOR RGB="#c6bbab" NAME="Brillux 2 8258" Spot="1" />
 <COLOR RGB="#d6c6a8" NAME="Brillux 2 8259" Spot="1" />
 <COLOR RGB="#ecd7b7" NAME="Brillux 2 8265" Spot="1" />
 <COLOR RGB="#e1ccb2" NAME="Brillux 2 8266" Spot="1" />
 <COLOR RGB="#d7ccbf" NAME="Brillux 2 8267" Spot="1" />
 <COLOR RGB="#d1c8ba" NAME="Brillux 2 8268" Spot="1" />
 <COLOR RGB="#ddcfb7" NAME="Brillux 2 8269" Spot="1" />
 <COLOR RGB="#f0e1c6" NAME="Brillux 2 8275" Spot="1" />
 <COLOR RGB="#e5d5c0" NAME="Brillux 2 8276" Spot="1" />
 <COLOR RGB="#e3d8ca" NAME="Brillux 2 8277" Spot="1" />
 <COLOR RGB="#d8d0c2" NAME="Brillux 2 8278" Spot="1" />
 <COLOR RGB="#e1d8c5" NAME="Brillux 2 8279" Spot="1" />
 <COLOR RGB="#eee4ce" NAME="Brillux 2 8285" Spot="1" />
 <COLOR RGB="#e7dcca" NAME="Brillux 2 8286" Spot="1" />
 <COLOR RGB="#e7dfd4" NAME="Brillux 2 8287" Spot="1" />
 <COLOR RGB="#e1dacd" NAME="Brillux 2 8288" Spot="1" />
 <COLOR RGB="#e9e1cf" NAME="Brillux 2 8289" Spot="1" />
 <COLOR RGB="#ddcec9" NAME="Brillux 2 8295" Spot="1" />
 <COLOR RGB="#d4c1bc" NAME="Brillux 2 8296" Spot="1" />
 <COLOR RGB="#cbb0a8" NAME="Brillux 2 8297" Spot="1" />
 <COLOR RGB="#b8988c" NAME="Brillux 2 8298" Spot="1" />
 <COLOR RGB="#947163" NAME="Brillux 2 8384" Spot="1" />
 <COLOR RGB="#865e54" NAME="Brillux 2 8385" Spot="1" />
 <COLOR RGB="#cdbdb6" NAME="Brillux 2 8386" Spot="1" />
 <COLOR RGB="#bdada9" NAME="Brillux 2 8387" Spot="1" />
 <COLOR RGB="#a58d8b" NAME="Brillux 2 8388" Spot="1" />
 <COLOR RGB="#9b827e" NAME="Brillux 2 8389" Spot="1" />
 <COLOR RGB="#7d5f5e" NAME="Brillux 2 8390" Spot="1" />
 <COLOR RGB="#a29696" NAME="Brillux 2 8393" Spot="1" />
 <COLOR RGB="#8f8280" NAME="Brillux 2 8394" Spot="1" />
 <COLOR RGB="#807172" NAME="Brillux 2 8395" Spot="1" />
 <COLOR RGB="#6c5756" NAME="Brillux 2 8396" Spot="1" />
 <COLOR RGB="#f3e6dc" NAME="Brillux 2 9170" Spot="1" />
 <COLOR RGB="#efe4dd" NAME="Brillux 2 9180" Spot="1" />
 <COLOR RGB="#cad8dc" NAME="Brillux 2 9256" Spot="1" />
 <COLOR RGB="#d4dede" NAME="Brillux 2 9258" Spot="1" />
 <COLOR RGB="#e1e8e4" NAME="Brillux 2 9260" Spot="1" />
</SCRIBUSCOLORS>