<?xml version="1.0" encoding="UTF-8"?>
<SCRIBUSCOLORS Name="Brillux Mix">
 <COLOR RGB="#393b3e" NAME="Brillux 5210" Spot="1" />
 <COLOR RGB="#434444" NAME="Brillux 5220" Spot="1" />
 <COLOR RGB="#5a5b5c" NAME="Brillux 5230" Spot="1" />
 <COLOR RGB="#767877" NAME="Brillux 5240" Spot="1" />
 <COLOR RGB="#888a88" NAME="Brillux 5250" Spot="1" />
 <COLOR RGB="#a7a6a6" NAME="Brillux 5260" Spot="1" />
 <COLOR RGB="#c8c6c2" NAME="Brillux 5270" Spot="1" />
 <COLOR RGB="#e1ded4" NAME="Brillux 5280" Spot="1" />
 <COLOR RGB="#524045" NAME="Brillux 5422" Spot="1" />
 <COLOR RGB="#6d5759" NAME="Brillux 5432" Spot="1" />
 <COLOR RGB="#7a525a" NAME="Brillux 5433 " Spot="1" />
 <COLOR RGB="#814454" NAME="Brillux 5434 " Spot="1" />
 <COLOR RGB="#837071" NAME="Brillux 5442" Spot="1" />
 <COLOR RGB="#966c70" NAME="Brillux 5443 " Spot="1" />
 <COLOR RGB="#9b606c" NAME="Brillux 5444 " Spot="1" />
 <COLOR RGB="#ab5769" NAME="Brillux 5445 " Spot="1" />
 <COLOR RGB="#9b8889" NAME="Brillux 5452" Spot="1" />
 <COLOR RGB="#aa8183" NAME="Brillux 5453 " Spot="1" />
 <COLOR RGB="#bb7c84" NAME="Brillux 5454 " Spot="1" />
 <COLOR RGB="#c67881" NAME="Brillux 5455 " Spot="1" />
 <COLOR RGB="#d3717a" NAME="Brillux 5456 " Spot="1" />
 <COLOR RGB="#b29e9c" NAME="Brillux 5462" Spot="1" />
 <COLOR RGB="#c39b9b" NAME="Brillux 5463 " Spot="1" />
 <COLOR RGB="#d69799" NAME="Brillux 5464 " Spot="1" />
 <COLOR RGB="#df989d" NAME="Brillux 5465 " Spot="1" />
 <COLOR RGB="#d2bbb7" NAME="Brillux 5472" Spot="1" />
 <COLOR RGB="#e0bcbb" NAME="Brillux 5473 " Spot="1" />
 <COLOR RGB="#f1b6b5" NAME="Brillux 5474 " Spot="1" />
 <COLOR RGB="#e8d6d1" NAME="Brillux 5482" Spot="1" />
 <COLOR RGB="#43373b" NAME="Brillux 5511 " Spot="1" />
 <COLOR RGB="#4d4244" NAME="Brillux 5521 " Spot="1" />
 <COLOR RGB="#534045" NAME="Brillux 5522 " Spot="1" />
 <COLOR RGB="#615758" NAME="Brillux 5531 " Spot="1" />
 <COLOR RGB="#6c585b" NAME="Brillux 5532 " Spot="1" />
 <COLOR RGB="#7d5155" NAME="Brillux 5533 " Spot="1" />
 <COLOR RGB="#8c4e54" NAME="Brillux 5534 " Spot="1" />
 <COLOR RGB="#7d7171" NAME="Brillux 5541 " Spot="1" />
 <COLOR RGB="#877373" NAME="Brillux 5542 " Spot="1" />
 <COLOR RGB="#946d70" NAME="Brillux 5543 " Spot="1" />
 <COLOR RGB="#9e6567" NAME="Brillux 5544 " Spot="1" />
 <COLOR RGB="#ad5960" NAME="Brillux 5545 " Spot="1" />
 <COLOR RGB="#c1525c" NAME="Brillux 5546 " Spot="1" />
 <COLOR RGB="#c75159" NAME="Brillux 5547 " Spot="1" />
 <COLOR RGB="#978886" NAME="Brillux 5551 " Spot="1" />
 <COLOR RGB="#9c8785" NAME="Brillux 5552 " Spot="1" />
 <COLOR RGB="#ab8585" NAME="Brillux 5553 " Spot="1" />
 <COLOR RGB="#b97978" NAME="Brillux 5554 " Spot="1" />
 <COLOR RGB="#c7757c" NAME="Brillux 5555 " Spot="1" />
 <COLOR RGB="#d97579" NAME="Brillux 5556 " Spot="1" />
 <COLOR RGB="#e07278" NAME="Brillux 5557 " Spot="1" />
 <COLOR RGB="#aea3a1" NAME="Brillux 5561 " Spot="1" />
 <COLOR RGB="#b7a3a1" NAME="Brillux 5562 " Spot="1" />
 <COLOR RGB="#c69d9a" NAME="Brillux 5563 " Spot="1" />
 <COLOR RGB="#d69696" NAME="Brillux 5564 " Spot="1" />
 <COLOR RGB="#e59392" NAME="Brillux 5565 " Spot="1" />
 <COLOR RGB="#e38988" NAME="Brillux 5566 " Spot="1" />
 <COLOR RGB="#cabfbb" NAME="Brillux 5571 " Spot="1" />
 <COLOR RGB="#cdb9b6" NAME="Brillux 5572 " Spot="1" />
 <COLOR RGB="#e3bbb5" NAME="Brillux 5573 " Spot="1" />
 <COLOR RGB="#e0d2c8" NAME="Brillux 5581 " Spot="1" />
 <COLOR RGB="#e9d8ce" NAME="Brillux 5582 " Spot="1" />
 <COLOR RGB="#533f40" NAME="Brillux 5622 " Spot="1" />
 <COLOR RGB="#725a5a" NAME="Brillux 5632 " Spot="1" />
 <COLOR RGB="#805353" NAME="Brillux 5633 " Spot="1" />
 <COLOR RGB="#8a4a4c" NAME="Brillux 5634 " Spot="1" />
 <COLOR RGB="#913c3f" NAME="Brillux 5635 " Spot="1" />
 <COLOR RGB="#877272" NAME="Brillux 5642 " Spot="1" />
 <COLOR RGB="#926868" NAME="Brillux 5643 " Spot="1" />
 <COLOR RGB="#9f625f" NAME="Brillux 5644 " Spot="1" />
 <COLOR RGB="#b15f5a" NAME="Brillux 5645 " Spot="1" />
 <COLOR RGB="#ba4f4f" NAME="Brillux 5646 " Spot="1" />
 <COLOR RGB="#ca4d4e" NAME="Brillux 5647 " Spot="1" />
 <COLOR RGB="#9a8281" NAME="Brillux 5652 " Spot="1" />
 <COLOR RGB="#ac7f7c" NAME="Brillux 5653 " Spot="1" />
 <COLOR RGB="#bc7d77" NAME="Brillux 5654 " Spot="1" />
 <COLOR RGB="#cc7a74" NAME="Brillux 5655 " Spot="1" />
 <COLOR RGB="#d77772" NAME="Brillux 5656 " Spot="1" />
 <COLOR RGB="#d86664" NAME="Brillux 5657 " Spot="1" />
 <COLOR RGB="#b7a2a1" NAME="Brillux 5662 " Spot="1" />
 <COLOR RGB="#ca9c98" NAME="Brillux 5663 " Spot="1" />
 <COLOR RGB="#db9a92" NAME="Brillux 5664 " Spot="1" />
 <COLOR RGB="#ed958a" NAME="Brillux 5665 " Spot="1" />
 <COLOR RGB="#e5867e" NAME="Brillux 5666 " Spot="1" />
 <COLOR RGB="#cebdb8" NAME="Brillux 5672 " Spot="1" />
 <COLOR RGB="#e4b9b4" NAME="Brillux 5673 " Spot="1" />
 <COLOR RGB="#e6d5cb" NAME="Brillux 5682 " Spot="1" />
 <COLOR RGB="#503e3f" NAME="Brillux 5712 " Spot="1" />
 <COLOR RGB="#54403e" NAME="Brillux 5722 " Spot="1" />
 <COLOR RGB="#66504f" NAME="Brillux 5732 " Spot="1" />
 <COLOR RGB="#804f4c" NAME="Brillux 5733 " Spot="1" />
 <COLOR RGB="#884a45" NAME="Brillux 5734 " Spot="1" />
 <COLOR RGB="#944942" NAME="Brillux 5735 " Spot="1" />
 <COLOR RGB="#9d3d36" NAME="Brillux 5736 " Spot="1" />
 <COLOR RGB="#a23d3c" NAME="Brillux 5737 " Spot="1" />
 <COLOR RGB="#7f6866" NAME="Brillux 5742 " Spot="1" />
 <COLOR RGB="#986b65" NAME="Brillux 5743 " Spot="1" />
 <COLOR RGB="#a36158" NAME="Brillux 5744 " Spot="1" />
 <COLOR RGB="#af5f54" NAME="Brillux 5745 " Spot="1" />
 <COLOR RGB="#bc5140" NAME="Brillux 5746 " Spot="1" />
 <COLOR RGB="#c34837" NAME="Brillux 5747 " Spot="1" />
 <COLOR RGB="#a08886" NAME="Brillux 5752 " Spot="1" />
 <COLOR RGB="#ac7e76" NAME="Brillux 5753 " Spot="1" />
 <COLOR RGB="#be8076" NAME="Brillux 5754 " Spot="1" />
 <COLOR RGB="#c87667" NAME="Brillux 5755 " Spot="1" />
 <COLOR RGB="#d66f60" NAME="Brillux 5756 " Spot="1" />
 <COLOR RGB="#d76b53" NAME="Brillux 5757 " Spot="1" />
 <COLOR RGB="#b5a09b" NAME="Brillux 5762 " Spot="1" />
 <COLOR RGB="#c79d96" NAME="Brillux 5763 " Spot="1" />
 <COLOR RGB="#dd988a" NAME="Brillux 5764 " Spot="1" />
 <COLOR RGB="#ee9585" NAME="Brillux 5765 " Spot="1" />
 <COLOR RGB="#e68b7b" NAME="Brillux 5766 " Spot="1" />
 <COLOR RGB="#cab4ad" NAME="Brillux 5772 " Spot="1" />
 <COLOR RGB="#e5b3aa" NAME="Brillux 5773 " Spot="1" />
 <COLOR RGB="#e8d4ca" NAME="Brillux 5782 " Spot="1" />
 <COLOR RGB="#4e413e" NAME="Brillux 5821 " Spot="1" />
 <COLOR RGB="#56423f" NAME="Brillux 5822 " Spot="1" />
 <COLOR RGB="#6c5e5b" NAME="Brillux 5831 " Spot="1" />
 <COLOR RGB="#6e5956" NAME="Brillux 5832 " Spot="1" />
 <COLOR RGB="#75514a" NAME="Brillux 5833 " Spot="1" />
 <COLOR RGB="#864d43" NAME="Brillux 5834 " Spot="1" />
 <COLOR RGB="#8e483b" NAME="Brillux 5835 " Spot="1" />
 <COLOR RGB="#954736" NAME="Brillux 5836 " Spot="1" />
 <COLOR RGB="#817571" NAME="Brillux 5841 " Spot="1" />
 <COLOR RGB="#89726c" NAME="Brillux 5842 " Spot="1" />
 <COLOR RGB="#946c61" NAME="Brillux 5843 " Spot="1" />
 <COLOR RGB="#a06251" NAME="Brillux 5844 " Spot="1" />
 <COLOR RGB="#a85942" NAME="Brillux 5845 " Spot="1" />
 <COLOR RGB="#a64e37" NAME="Brillux 5846 " Spot="1" />
 <COLOR RGB="#bd5a3c" NAME="Brillux 5847 " Spot="1" />
 <COLOR RGB="#978b87" NAME="Brillux 5851 " Spot="1" />
 <COLOR RGB="#a08680" NAME="Brillux 5852 " Spot="1" />
 <COLOR RGB="#ad8176" NAME="Brillux 5853 " Spot="1" />
 <COLOR RGB="#ba7b69" NAME="Brillux 5854 " Spot="1" />
 <COLOR RGB="#c8755b" NAME="Brillux 5855 " Spot="1" />
 <COLOR RGB="#d3714f" NAME="Brillux 5856 " Spot="1" />
 <COLOR RGB="#d96940" NAME="Brillux 5857 " Spot="1" />
 <COLOR RGB="#ac9f99" NAME="Brillux 5861 " Spot="1" />
 <COLOR RGB="#b9a29b" NAME="Brillux 5862 " Spot="1" />
 <COLOR RGB="#c69a8e" NAME="Brillux 5863 " Spot="1" />
 <COLOR RGB="#d99983" NAME="Brillux 5864 " Spot="1" />
 <COLOR RGB="#e69073" NAME="Brillux 5865 " Spot="1" />
 <COLOR RGB="#cabeb8" NAME="Brillux 5871 " Spot="1" />
 <COLOR RGB="#d3bdb3" NAME="Brillux 5872 " Spot="1" />
 <COLOR RGB="#e9b49c" NAME="Brillux 5873 " Spot="1" />
 <COLOR RGB="#f0ad98" NAME="Brillux 5874 " Spot="1" />
 <COLOR RGB="#eaddd0" NAME="Brillux 5881 " Spot="1" />
 <COLOR RGB="#ead8c8" NAME="Brillux 5882 " Spot="1" />
 <COLOR RGB="#523d37" NAME="Brillux 5922 " Spot="1" />
 <COLOR RGB="#6a544b" NAME="Brillux 5932 " Spot="1" />
 <COLOR RGB="#7b5040" NAME="Brillux 5933 " Spot="1" />
 <COLOR RGB="#824e38" NAME="Brillux 5934 " Spot="1" />
 <COLOR RGB="#8d513b" NAME="Brillux 5935 " Spot="1" />
 <COLOR RGB="#867269" NAME="Brillux 5942 " Spot="1" />
 <COLOR RGB="#8e6653" NAME="Brillux 5943 " Spot="1" />
 <COLOR RGB="#a06349" NAME="Brillux 5944 " Spot="1" />
 <COLOR RGB="#aa6243" NAME="Brillux 5945 " Spot="1" />
 <COLOR RGB="#a55a36" NAME="Brillux 5946 " Spot="1" />
 <COLOR RGB="#9e887f" NAME="Brillux 5952 " Spot="1" />
 <COLOR RGB="#ab7f6c" NAME="Brillux 5953 " Spot="1" />
 <COLOR RGB="#b97f61" NAME="Brillux 5954 " Spot="1" />
 <COLOR RGB="#cb7851" NAME="Brillux 5955 " Spot="1" />
 <COLOR RGB="#c4683d" NAME="Brillux 5956 " Spot="1" />
 <COLOR RGB="#d26e30" NAME="Brillux 5957 " Spot="1" />
 <COLOR RGB="#b59e94" NAME="Brillux 5962 " Spot="1" />
 <COLOR RGB="#c89c86" NAME="Brillux 5963 " Spot="1" />
 <COLOR RGB="#d59574" NAME="Brillux 5964 " Spot="1" />
 <COLOR RGB="#dc946e" NAME="Brillux 5965 " Spot="1" />
 <COLOR RGB="#e6895a" NAME="Brillux 5966 " Spot="1" />
 <COLOR RGB="#ef924b" NAME="Brillux 5967 " Spot="1" />
 <COLOR RGB="#d6bcaf" NAME="Brillux 5972 " Spot="1" />
 <COLOR RGB="#e8baa3" NAME="Brillux 5973 " Spot="1" />
 <COLOR RGB="#eeb394" NAME="Brillux 5974 " Spot="1" />
 <COLOR RGB="#f3b087" NAME="Brillux 5975 " Spot="1" />
 <COLOR RGB="#ecd7c5" NAME="Brillux 5982 " Spot="1" />
 <COLOR RGB="#453d3d" NAME="Brillux 6211 " Spot="1" />
 <COLOR RGB="#4e4643" NAME="Brillux 6221 " Spot="1" />
 <COLOR RGB="#50423a" NAME="Brillux 6222 " Spot="1" />
 <COLOR RGB="#665b57" NAME="Brillux 6231 " Spot="1" />
 <COLOR RGB="#634e44" NAME="Brillux 6232 " Spot="1" />
 <COLOR RGB="#7a533e" NAME="Brillux 6233 " Spot="1" />
 <COLOR RGB="#805236" NAME="Brillux 6234 " Spot="1" />
 <COLOR RGB="#7f7571" NAME="Brillux 6241 " Spot="1" />
 <COLOR RGB="#7d6a61" NAME="Brillux 6242 " Spot="1" />
 <COLOR RGB="#86644f" NAME="Brillux 6243 " Spot="1" />
 <COLOR RGB="#996646" NAME="Brillux 6244 " Spot="1" />
 <COLOR RGB="#9d5e34" NAME="Brillux 6245 " Spot="1" />
 <COLOR RGB="#988d85" NAME="Brillux 6251 " Spot="1" />
 <COLOR RGB="#9e887c" NAME="Brillux 6252 " Spot="1" />
 <COLOR RGB="#ad856d" NAME="Brillux 6253 " Spot="1" />
 <COLOR RGB="#b47d58" NAME="Brillux 6254 " Spot="1" />
 <COLOR RGB="#c27b4a" NAME="Brillux 6255 " Spot="1" />
 <COLOR RGB="#c76f1e" NAME="Brillux 6256 " Spot="1" />
 <COLOR RGB="#d8802a" NAME="Brillux 6257 " Spot="1" />
 <COLOR RGB="#afa49b" NAME="Brillux 6261 " Spot="1" />
 <COLOR RGB="#baa395" NAME="Brillux 6262 " Spot="1" />
 <COLOR RGB="#c69c82" NAME="Brillux 6263 " Spot="1" />
 <COLOR RGB="#d0966e" NAME="Brillux 6264 " Spot="1" />
 <COLOR RGB="#e2975e" NAME="Brillux 6265 " Spot="1" />
 <COLOR RGB="#e99046" NAME="Brillux 6266 " Spot="1" />
 <COLOR RGB="#e8872f" NAME="Brillux 6267 " Spot="1" />
 <COLOR RGB="#cbbeb5" NAME="Brillux 6271 " Spot="1" />
 <COLOR RGB="#d5bcad" NAME="Brillux 6272 " Spot="1" />
 <COLOR RGB="#e1b599" NAME="Brillux 6273 " Spot="1" />
 <COLOR RGB="#efb68d" NAME="Brillux 6274 " Spot="1" />
 <COLOR RGB="#efae75" NAME="Brillux 6275 " Spot="1" />
 <COLOR RGB="#e7dacd" NAME="Brillux 6281 " Spot="1" />
 <COLOR RGB="#efd7c4" NAME="Brillux 6282 " Spot="1" />
 <COLOR RGB="#edd0b6" NAME="Brillux 6283 " Spot="1" />
 <COLOR RGB="#ebe8d2" NAME="Brillux 6284 " Spot="1" />
 <COLOR RGB="#6b584a" NAME="Brillux 6332 " Spot="1" />
 <COLOR RGB="#775338" NAME="Brillux 6333 " Spot="1" />
 <COLOR RGB="#827263" NAME="Brillux 6342 " Spot="1" />
 <COLOR RGB="#89674d" NAME="Brillux 6343 " Spot="1" />
 <COLOR RGB="#9a6e45" NAME="Brillux 6344 " Spot="1" />
 <COLOR RGB="#a46836" NAME="Brillux 6345 " Spot="1" />
 <COLOR RGB="#a18e7a" NAME="Brillux 6352 " Spot="1" />
 <COLOR RGB="#aa8465" NAME="Brillux 6353 " Spot="1" />
 <COLOR RGB="#b68456" NAME="Brillux 6354 " Spot="1" />
 <COLOR RGB="#be7c3b" NAME="Brillux 6355 " Spot="1" />
 <COLOR RGB="#bb782e" NAME="Brillux 6356 " Spot="1" />
 <COLOR RGB="#b5a28e" NAME="Brillux 6362 " Spot="1" />
 <COLOR RGB="#c39c7a" NAME="Brillux 6363 " Spot="1" />
 <COLOR RGB="#d29d6c" NAME="Brillux 6364 " Spot="1" />
 <COLOR RGB="#d79655" NAME="Brillux 6365 " Spot="1" />
 <COLOR RGB="#e69431" NAME="Brillux 6366 " Spot="1" />
 <COLOR RGB="#e48c0b" NAME="Brillux 6367 " Spot="1" />
 <COLOR RGB="#d3c0aa" NAME="Brillux 6372 " Spot="1" />
 <COLOR RGB="#deb790" NAME="Brillux 6373 " Spot="1" />
 <COLOR RGB="#ecb884" NAME="Brillux 6374 " Spot="1" />
 <COLOR RGB="#ecb070" NAME="Brillux 6375 " Spot="1" />
 <COLOR RGB="#f3aa56" NAME="Brillux 6376 " Spot="1" />
 <COLOR RGB="#f3ddc4" NAME="Brillux 6382 " Spot="1" />
 <COLOR RGB="#f1d4ad" NAME="Brillux 6383 " Spot="1" />
 <COLOR RGB="#48433d" NAME="Brillux 6421 " Spot="1" />
 <COLOR RGB="#645b54" NAME="Brillux 6431 " Spot="1" />
 <COLOR RGB="#675647" NAME="Brillux 6432 " Spot="1" />
 <COLOR RGB="#74583b" NAME="Brillux 6433 " Spot="1" />
 <COLOR RGB="#787067" NAME="Brillux 6441 " Spot="1" />
 <COLOR RGB="#807263" NAME="Brillux 6442 " Spot="1" />
 <COLOR RGB="#896c4a" NAME="Brillux 6443 " Spot="1" />
 <COLOR RGB="#8d6737" NAME="Brillux 6444 " Spot="1" />
 <COLOR RGB="#986e3b" NAME="Brillux 6445 " Spot="1" />
 <COLOR RGB="#90887d" NAME="Brillux 6451 " Spot="1" />
 <COLOR RGB="#9a8774" NAME="Brillux 6452 " Spot="1" />
 <COLOR RGB="#a68865" NAME="Brillux 6453 " Spot="1" />
 <COLOR RGB="#a57b3f" NAME="Brillux 6454 " Spot="1" />
 <COLOR RGB="#b47c32" NAME="Brillux 6455 " Spot="1" />
 <COLOR RGB="#a99f94" NAME="Brillux 6461 " Spot="1" />
 <COLOR RGB="#b09c85" NAME="Brillux 6462 " Spot="1" />
 <COLOR RGB="#be9c73" NAME="Brillux 6463 " Spot="1" />
 <COLOR RGB="#ce9d5a" NAME="Brillux 6464 " Spot="1" />
 <COLOR RGB="#cd934a" NAME="Brillux 6465 " Spot="1" />
 <COLOR RGB="#db9623" NAME="Brillux 6466 " Spot="1" />
 <COLOR RGB="#cbbfb1" NAME="Brillux 6471 " Spot="1" />
 <COLOR RGB="#d3bea5" NAME="Brillux 6472 " Spot="1" />
 <COLOR RGB="#dbba90" NAME="Brillux 6473 " Spot="1" />
 <COLOR RGB="#eabd86" NAME="Brillux 6474 " Spot="1" />
 <COLOR RGB="#eab262" NAME="Brillux 6475 " Spot="1" />
 <COLOR RGB="#f4b851" NAME="Brillux 6476 " Spot="1" />
 <COLOR RGB="#eadbc6" NAME="Brillux 6481 " Spot="1" />
 <COLOR RGB="#ead8bc" NAME="Brillux 6482 " Spot="1" />
 <COLOR RGB="#eed4ab" NAME="Brillux 6483 " Spot="1" />
 <COLOR RGB="#625645" NAME="Brillux 6522 " Spot="1" />
 <COLOR RGB="#705b3b" NAME="Brillux 6523 " Spot="1" />
 <COLOR RGB="#7d6f5c" NAME="Brillux 6532 " Spot="1" />
 <COLOR RGB="#8c704b" NAME="Brillux 6533 " Spot="1" />
 <COLOR RGB="#8e6b35" NAME="Brillux 6534 " Spot="1" />
 <COLOR RGB="#948875" NAME="Brillux 6542 " Spot="1" />
 <COLOR RGB="#a0875d" NAME="Brillux 6543 " Spot="1" />
 <COLOR RGB="#a68349" NAME="Brillux 6544 " Spot="1" />
 <COLOR RGB="#af8333" NAME="Brillux 6545 " Spot="1" />
 <COLOR RGB="#ada089" NAME="Brillux 6552 " Spot="1" />
 <COLOR RGB="#b8a073" NAME="Brillux 6553 " Spot="1" />
 <COLOR RGB="#c09a57" NAME="Brillux 6554 " Spot="1" />
 <COLOR RGB="#c79640" NAME="Brillux 6555 " Spot="1" />
 <COLOR RGB="#d59b28" NAME="Brillux 6556 " Spot="1" />
 <COLOR RGB="#cd9324" NAME="Brillux 6557 " Spot="1" />
 <COLOR RGB="#cabaa1" NAME="Brillux 6562 " Spot="1" />
 <COLOR RGB="#d5bb89" NAME="Brillux 6563 " Spot="1" />
 <COLOR RGB="#deba71" NAME="Brillux 6564 " Spot="1" />
 <COLOR RGB="#e6b95b" NAME="Brillux 6565 " Spot="1" />
 <COLOR RGB="#eeb240" NAME="Brillux 6566 " Spot="1" />
 <COLOR RGB="#f3b72b" NAME="Brillux 6567 " Spot="1" />
 <COLOR RGB="#dcccb0" NAME="Brillux 6572 " Spot="1" />
 <COLOR RGB="#dfc595" NAME="Brillux 6573 " Spot="1" />
 <COLOR RGB="#eeca7e" NAME="Brillux 6574 " Spot="1" />
 <COLOR RGB="#eec367" NAME="Brillux 6575 " Spot="1" />
 <COLOR RGB="#f4bc4e" NAME="Brillux 6576 " Spot="1" />
 <COLOR RGB="#e9d8b9" NAME="Brillux 6582 " Spot="1" />
 <COLOR RGB="#ecd19f" NAME="Brillux 6583 " Spot="1" />
 <COLOR RGB="#f2cf88" NAME="Brillux 6584 " Spot="1" />
 <COLOR RGB="#4a473e" NAME="Brillux 6611 " Spot="1" />
 <COLOR RGB="#544e42" NAME="Brillux 6621 " Spot="1" />
 <COLOR RGB="#645b4a" NAME="Brillux 6622 " Spot="1" />
 <COLOR RGB="#757168" NAME="Brillux 6631 " Spot="1" />
 <COLOR RGB="#7e7562" NAME="Brillux 6632 " Spot="1" />
 <COLOR RGB="#867349" NAME="Brillux 6633 " Spot="1" />
 <COLOR RGB="#918b7d" NAME="Brillux 6641 " Spot="1" />
 <COLOR RGB="#968b73" NAME="Brillux 6642 " Spot="1" />
 <COLOR RGB="#a08f64" NAME="Brillux 6643 " Spot="1" />
 <COLOR RGB="#a48842" NAME="Brillux 6644 " Spot="1" />
 <COLOR RGB="#a38436" NAME="Brillux 6645 " Spot="1" />
 <COLOR RGB="#aaa495" NAME="Brillux 6651 " Spot="1" />
 <COLOR RGB="#aca38b" NAME="Brillux 6652 " Spot="1" />
 <COLOR RGB="#b5a174" NAME="Brillux 6653 " Spot="1" />
 <COLOR RGB="#c0a258" NAME="Brillux 6654 " Spot="1" />
 <COLOR RGB="#cca644" NAME="Brillux 6655 " Spot="1" />
 <COLOR RGB="#c19e31" NAME="Brillux 6656 " Spot="1" />
 <COLOR RGB="#d6a619" NAME="Brillux 6657 " Spot="1" />
 <COLOR RGB="#c8c1b0" NAME="Brillux 6661 " Spot="1" />
 <COLOR RGB="#c2b69a" NAME="Brillux 6662 " Spot="1" />
 <COLOR RGB="#d6c08d" NAME="Brillux 6663 " Spot="1" />
 <COLOR RGB="#d1b466" NAME="Brillux 6664 " Spot="1" />
 <COLOR RGB="#e1bd5f" NAME="Brillux 6665 " Spot="1" />
 <COLOR RGB="#ddb83d" NAME="Brillux 6666 " Spot="1" />
 <COLOR RGB="#e7b805" NAME="Brillux 6667 " Spot="1" />
 <COLOR RGB="#d8cfbd" NAME="Brillux 6671 " Spot="1" />
 <COLOR RGB="#d6c7a6" NAME="Brillux 6672 " Spot="1" />
 <COLOR RGB="#e8cf94" NAME="Brillux 6673 " Spot="1" />
 <COLOR RGB="#e6c777" NAME="Brillux 6674 " Spot="1" />
 <COLOR RGB="#efc964" NAME="Brillux 6675 " Spot="1" />
 <COLOR RGB="#f1c84a" NAME="Brillux 6676 " Spot="1" />
 <COLOR RGB="#f4c604" NAME="Brillux 6677 " Spot="1" />
 <COLOR RGB="#e6ddc7" NAME="Brillux 6681 " Spot="1" />
 <COLOR RGB="#e3d6b5" NAME="Brillux 6682 " Spot="1" />
 <COLOR RGB="#efd9a0" NAME="Brillux 6683 " Spot="1" />
 <COLOR RGB="#f2d686" NAME="Brillux 6684 " Spot="1" />
 <COLOR RGB="#f2d374" NAME="Brillux 6685 " Spot="1" />
 <COLOR RGB="#5c5846" NAME="Brillux 6722 " Spot="1" />
 <COLOR RGB="#685c3c" NAME="Brillux 6723 " Spot="1" />
 <COLOR RGB="#7b745b" NAME="Brillux 6732 " Spot="1" />
 <COLOR RGB="#817647" NAME="Brillux 6733 " Spot="1" />
 <COLOR RGB="#897534" NAME="Brillux 6734 " Spot="1" />
 <COLOR RGB="#90886d" NAME="Brillux 6742 " Spot="1" />
 <COLOR RGB="#9c8e5d" NAME="Brillux 6743 " Spot="1" />
 <COLOR RGB="#9f8c3e" NAME="Brillux 6744 " Spot="1" />
 <COLOR RGB="#a08a34" NAME="Brillux 6745 " Spot="1" />
 <COLOR RGB="#afa88d" NAME="Brillux 6752 " Spot="1" />
 <COLOR RGB="#b8a975" NAME="Brillux 6753 " Spot="1" />
 <COLOR RGB="#bba65b" NAME="Brillux 6754 " Spot="1" />
 <COLOR RGB="#b59f3c" NAME="Brillux 6755 " Spot="1" />
 <COLOR RGB="#c9c3a5" NAME="Brillux 6762 " Spot="1" />
 <COLOR RGB="#d0c189" NAME="Brillux 6763 " Spot="1" />
 <COLOR RGB="#d5c072" NAME="Brillux 6764 " Spot="1" />
 <COLOR RGB="#d2bb4e" NAME="Brillux 6765 " Spot="1" />
 <COLOR RGB="#d2bc42" NAME="Brillux 6766 " Spot="1" />
 <COLOR RGB="#d8d1ae" NAME="Brillux 6772 " Spot="1" />
 <COLOR RGB="#dece91" NAME="Brillux 6773 " Spot="1" />
 <COLOR RGB="#e6d079" NAME="Brillux 6774 " Spot="1" />
 <COLOR RGB="#ddc956" NAME="Brillux 6775 " Spot="1" />
 <COLOR RGB="#e6c939" NAME="Brillux 6776 " Spot="1" />
 <COLOR RGB="#e3dcb5" NAME="Brillux 6782 " Spot="1" />
 <COLOR RGB="#eadba0" NAME="Brillux 6783 " Spot="1" />
 <COLOR RGB="#eeda81" NAME="Brillux 6784 " Spot="1" />
 <COLOR RGB="#eed867" NAME="Brillux 6785 " Spot="1" />
 <COLOR RGB="#f3d84d" NAME="Brillux 6786 " Spot="1" />
 <COLOR RGB="#43443f" NAME="Brillux 6811 " Spot="1" />
 <COLOR RGB="#58584d" NAME="Brillux 6821 " Spot="1" />
 <COLOR RGB="#5f5d48" NAME="Brillux 6822 " Spot="1" />
 <COLOR RGB="#655f36" NAME="Brillux 6823 " Spot="1" />
 <COLOR RGB="#757468" NAME="Brillux 6831 " Spot="1" />
 <COLOR RGB="#77755e" NAME="Brillux 6832 " Spot="1" />
 <COLOR RGB="#7b7448" NAME="Brillux 6833 " Spot="1" />
 <COLOR RGB="#7e7433" NAME="Brillux 6834 " Spot="1" />
 <COLOR RGB="#878779" NAME="Brillux 6841 " Spot="1" />
 <COLOR RGB="#8f8b6e" NAME="Brillux 6842 " Spot="1" />
 <COLOR RGB="#968d5d" NAME="Brillux 6843 " Spot="1" />
 <COLOR RGB="#968c42" NAME="Brillux 6844 " Spot="1" />
 <COLOR RGB="#a8a695" NAME="Brillux 6851 " Spot="1" />
 <COLOR RGB="#aaa588" NAME="Brillux 6852 " Spot="1" />
 <COLOR RGB="#aba471" NAME="Brillux 6853 " Spot="1" />
 <COLOR RGB="#b1a65d" NAME="Brillux 6854 " Spot="1" />
 <COLOR RGB="#b7ad35" NAME="Brillux 6855 " Spot="1" />
 <COLOR RGB="#b6a62d" NAME="Brillux 6856 " Spot="1" />
 <COLOR RGB="#c2c1b2" NAME="Brillux 6861 " Spot="1" />
 <COLOR RGB="#c5c09d" NAME="Brillux 6862 " Spot="1" />
 <COLOR RGB="#c9c085" NAME="Brillux 6863 " Spot="1" />
 <COLOR RGB="#cfc674" NAME="Brillux 6864 " Spot="1" />
 <COLOR RGB="#cfc24e" NAME="Brillux 6865 " Spot="1" />
 <COLOR RGB="#d8c626" NAME="Brillux 6866 " Spot="1" />
 <COLOR RGB="#d2cdba" NAME="Brillux 6871 " Spot="1" />
 <COLOR RGB="#d7cea7" NAME="Brillux 6872 " Spot="1" />
 <COLOR RGB="#d6cd8f" NAME="Brillux 6873 " Spot="1" />
 <COLOR RGB="#d8cf7d" NAME="Brillux 6874 " Spot="1" />
 <COLOR RGB="#e2d256" NAME="Brillux 6875 " Spot="1" />
 <COLOR RGB="#e2ce3b" NAME="Brillux 6876 " Spot="1" />
 <COLOR RGB="#e3ddc7" NAME="Brillux 6881 " Spot="1" />
 <COLOR RGB="#e3deb7" NAME="Brillux 6882 " Spot="1" />
 <COLOR RGB="#e7de9a" NAME="Brillux 6883 " Spot="1" />
 <COLOR RGB="#e7dc88" NAME="Brillux 6884 " Spot="1" />
 <COLOR RGB="#eddf6a" NAME="Brillux 6885 " Spot="1" />
 <COLOR RGB="#e9d84a" NAME="Brillux 6886 " Spot="1" />
 <COLOR RGB="#5c5d48" NAME="Brillux 6922 " Spot="1" />
 <COLOR RGB="#60623b" NAME="Brillux 6923 " Spot="1" />
 <COLOR RGB="#73735d" NAME="Brillux 6932 " Spot="1" />
 <COLOR RGB="#7a794d" NAME="Brillux 6933 " Spot="1" />
 <COLOR RGB="#787633" NAME="Brillux 6934 " Spot="1" />
 <COLOR RGB="#8b8c72" NAME="Brillux 6942 " Spot="1" />
 <COLOR RGB="#8d8d5c" NAME="Brillux 6943 " Spot="1" />
 <COLOR RGB="#8f8f42" NAME="Brillux 6944 " Spot="1" />
 <COLOR RGB="#918e2e" NAME="Brillux 6945 " Spot="1" />
 <COLOR RGB="#a4a689" NAME="Brillux 6952 " Spot="1" />
 <COLOR RGB="#aaaa74" NAME="Brillux 6953 " Spot="1" />
 <COLOR RGB="#a7a85a" NAME="Brillux 6954 " Spot="1" />
 <COLOR RGB="#a9a744" NAME="Brillux 6955 " Spot="1" />
 <COLOR RGB="#c1c19c" NAME="Brillux 6962 " Spot="1" />
 <COLOR RGB="#c2c288" NAME="Brillux 6963 " Spot="1" />
 <COLOR RGB="#bcbe67" NAME="Brillux 6964 " Spot="1" />
 <COLOR RGB="#bfc24c" NAME="Brillux 6965 " Spot="1" />
 <COLOR RGB="#d3d1ad" NAME="Brillux 6972 " Spot="1" />
 <COLOR RGB="#d2d297" NAME="Brillux 6973 " Spot="1" />
 <COLOR RGB="#d7d577" NAME="Brillux 6974 " Spot="1" />
 <COLOR RGB="#d1d358" NAME="Brillux 6975 " Spot="1" />
 <COLOR RGB="#e1dfb6" NAME="Brillux 6982 " Spot="1" />
 <COLOR RGB="#e5df9e" NAME="Brillux 6983 " Spot="1" />
 <COLOR RGB="#e3e184" NAME="Brillux 6984 " Spot="1" />
 <COLOR RGB="#dedf6c" NAME="Brillux 6985 " Spot="1" />
 <COLOR RGB="#5c614e" NAME="Brillux 7222 " Spot="1" />
 <COLOR RGB="#5b623f" NAME="Brillux 7223 " Spot="1" />
 <COLOR RGB="#6f725a" NAME="Brillux 7232 " Spot="1" />
 <COLOR RGB="#7a7d55" NAME="Brillux 7233 " Spot="1" />
 <COLOR RGB="#71793c" NAME="Brillux 7234 " Spot="1" />
 <COLOR RGB="#707932" NAME="Brillux 7235 " Spot="1" />
 <COLOR RGB="#83886e" NAME="Brillux 7242 " Spot="1" />
 <COLOR RGB="#8a8e5e" NAME="Brillux 7243 " Spot="1" />
 <COLOR RGB="#87904a" NAME="Brillux 7244 " Spot="1" />
 <COLOR RGB="#85923a" NAME="Brillux 7245 " Spot="1" />
 <COLOR RGB="#a5a88b" NAME="Brillux 7252 " Spot="1" />
 <COLOR RGB="#9fa671" NAME="Brillux 7253 " Spot="1" />
 <COLOR RGB="#a4b166" NAME="Brillux 7254 " Spot="1" />
 <COLOR RGB="#a6b14e" NAME="Brillux 7255 " Spot="1" />
 <COLOR RGB="#bcc09e" NAME="Brillux 7262 " Spot="1" />
 <COLOR RGB="#bac187" NAME="Brillux 7263 " Spot="1" />
 <COLOR RGB="#bbc877" NAME="Brillux 7264 " Spot="1" />
 <COLOR RGB="#b8c65f" NAME="Brillux 7265 " Spot="1" />
 <COLOR RGB="#cbcfad" NAME="Brillux 7272 " Spot="1" />
 <COLOR RGB="#cbd097" NAME="Brillux 7273 " Spot="1" />
 <COLOR RGB="#cad47a" NAME="Brillux 7274 " Spot="1" />
 <COLOR RGB="#c8d86d" NAME="Brillux 7275 " Spot="1" />
 <COLOR RGB="#dadbb5" NAME="Brillux 7282 " Spot="1" />
 <COLOR RGB="#d6de9d" NAME="Brillux 7283 " Spot="1" />
 <COLOR RGB="#dce490" NAME="Brillux 7284 " Spot="1" />
 <COLOR RGB="#43493f" NAME="Brillux 7312 " Spot="1" />
 <COLOR RGB="#4f5a47" NAME="Brillux 7322 " Spot="1" />
 <COLOR RGB="#576643" NAME="Brillux 7323 " Spot="1" />
 <COLOR RGB="#6a7562" NAME="Brillux 7332 " Spot="1" />
 <COLOR RGB="#6d7b52" NAME="Brillux 7333 " Spot="1" />
 <COLOR RGB="#677d48" NAME="Brillux 7334 " Spot="1" />
 <COLOR RGB="#5e7f35" NAME="Brillux 7335 " Spot="1" />
 <COLOR RGB="#7f8a76" NAME="Brillux 7342 " Spot="1" />
 <COLOR RGB="#87986e" NAME="Brillux 7343 " Spot="1" />
 <COLOR RGB="#799459" NAME="Brillux 7344 " Spot="1" />
 <COLOR RGB="#779747" NAME="Brillux 7345 " Spot="1" />
 <COLOR RGB="#709b40" NAME="Brillux 7346 " Spot="1" />
 <COLOR RGB="#a0aa8f" NAME="Brillux 7352 " Spot="1" />
 <COLOR RGB="#9eae7f" NAME="Brillux 7353 " Spot="1" />
 <COLOR RGB="#97af71" NAME="Brillux 7354 " Spot="1" />
 <COLOR RGB="#94b75b" NAME="Brillux 7355 " Spot="1" />
 <COLOR RGB="#8fbb4d" NAME="Brillux 7356 " Spot="1" />
 <COLOR RGB="#b7c2a3" NAME="Brillux 7362 " Spot="1" />
 <COLOR RGB="#b6c791" NAME="Brillux 7363 " Spot="1" />
 <COLOR RGB="#adca85" NAME="Brillux 7364 " Spot="1" />
 <COLOR RGB="#aace6d" NAME="Brillux 7365 " Spot="1" />
 <COLOR RGB="#c7d1b2" NAME="Brillux 7372 " Spot="1" />
 <COLOR RGB="#c3d6a0" NAME="Brillux 7373 " Spot="1" />
 <COLOR RGB="#c4dd95" NAME="Brillux 7374 " Spot="1" />
 <COLOR RGB="#d5dcbd" NAME="Brillux 7382 " Spot="1" />
 <COLOR RGB="#d6e4ad" NAME="Brillux 7383 " Spot="1" />
 <COLOR RGB="#434a46" NAME="Brillux 7411 " Spot="1" />
 <COLOR RGB="#414b40" NAME="Brillux 7412 " Spot="1" />
 <COLOR RGB="#565e57" NAME="Brillux 7421 " Spot="1" />
 <COLOR RGB="#4c5846" NAME="Brillux 7422 " Spot="1" />
 <COLOR RGB="#4b6446" NAME="Brillux 7423 " Spot="1" />
 <COLOR RGB="#70766d" NAME="Brillux 7431 " Spot="1" />
 <COLOR RGB="#6b755f" NAME="Brillux 7432 " Spot="1" />
 <COLOR RGB="#657b59" NAME="Brillux 7433 " Spot="1" />
 <COLOR RGB="#587e4d" NAME="Brillux 7434 " Spot="1" />
 <COLOR RGB="#4c8042" NAME="Brillux 7435 " Spot="1" />
 <COLOR RGB="#8c9387" NAME="Brillux 7441 " Spot="1" />
 <COLOR RGB="#89947f" NAME="Brillux 7442 " Spot="1" />
 <COLOR RGB="#749267" NAME="Brillux 7443 " Spot="1" />
 <COLOR RGB="#719960" NAME="Brillux 7444 " Spot="1" />
 <COLOR RGB="#659c50" NAME="Brillux 7445 " Spot="1" />
 <COLOR RGB="#57a04a" NAME="Brillux 7446 " Spot="1" />
 <COLOR RGB="#a4aa9f" NAME="Brillux 7451 " Spot="1" />
 <COLOR RGB="#9bab93" NAME="Brillux 7452 " Spot="1" />
 <COLOR RGB="#8fad7d" NAME="Brillux 7453 " Spot="1" />
 <COLOR RGB="#8ab377" NAME="Brillux 7454 " Spot="1" />
 <COLOR RGB="#7fb56a" NAME="Brillux 7455 " Spot="1" />
 <COLOR RGB="#7cbd56" NAME="Brillux 7456 " Spot="1" />
 <COLOR RGB="#c3c9b9" NAME="Brillux 7461 " Spot="1" />
 <COLOR RGB="#b5c8a7" NAME="Brillux 7462 " Spot="1" />
 <COLOR RGB="#adc999" NAME="Brillux 7463 " Spot="1" />
 <COLOR RGB="#a4cf8f" NAME="Brillux 7464 " Spot="1" />
 <COLOR RGB="#cfd6c3" NAME="Brillux 7471 " Spot="1" />
 <COLOR RGB="#c8dab8" NAME="Brillux 7472 " Spot="1" />
 <COLOR RGB="#bcdaa6" NAME="Brillux 7473 " Spot="1" />
 <COLOR RGB="#b2dd9d" NAME="Brillux 7474 " Spot="1" />
 <COLOR RGB="#dde1cb" NAME="Brillux 7481 " Spot="1" />
 <COLOR RGB="#d1e4c3" NAME="Brillux 7482 " Spot="1" />
 <COLOR RGB="#c8e5b6" NAME="Brillux 7483 " Spot="1" />
 <COLOR RGB="#3e4d45" NAME="Brillux 7522 " Spot="1" />
 <COLOR RGB="#315040" NAME="Brillux 7523 " Spot="1" />
 <COLOR RGB="#4f6053" NAME="Brillux 7532 " Spot="1" />
 <COLOR RGB="#42664f" NAME="Brillux 7533 " Spot="1" />
 <COLOR RGB="#2f6845" NAME="Brillux 7534 " Spot="1" />
 <COLOR RGB="#667769" NAME="Brillux 7542 " Spot="1" />
 <COLOR RGB="#597b62" NAME="Brillux 7543 " Spot="1" />
 <COLOR RGB="#458056" NAME="Brillux 7544 " Spot="1" />
 <COLOR RGB="#35844b" NAME="Brillux 7545 " Spot="1" />
 <COLOR RGB="#7d9081" NAME="Brillux 7552 " Spot="1" />
 <COLOR RGB="#6c9274" NAME="Brillux 7553 " Spot="1" />
 <COLOR RGB="#63986c" NAME="Brillux 7554 " Spot="1" />
 <COLOR RGB="#4a9e61" NAME="Brillux 7555 " Spot="1" />
 <COLOR RGB="#9aad99" NAME="Brillux 7562 " Spot="1" />
 <COLOR RGB="#8cb08e" NAME="Brillux 7563 " Spot="1" />
 <COLOR RGB="#85b586" NAME="Brillux 7564 " Spot="1" />
 <COLOR RGB="#6db67a" NAME="Brillux 7565 " Spot="1" />
 <COLOR RGB="#b2c5ae" NAME="Brillux 7572 " Spot="1" />
 <COLOR RGB="#a7cba6" NAME="Brillux 7573 " Spot="1" />
 <COLOR RGB="#a2d4a2" NAME="Brillux 7574 " Spot="1" />
 <COLOR RGB="#cfe4c9" NAME="Brillux 7582 " Spot="1" />
 <COLOR RGB="#424f47" NAME="Brillux 7622 " Spot="1" />
 <COLOR RGB="#2b4f40" NAME="Brillux 7623 " Spot="1" />
 <COLOR RGB="#4d6157" NAME="Brillux 7632 " Spot="1" />
 <COLOR RGB="#426a52" NAME="Brillux 7633 " Spot="1" />
 <COLOR RGB="#2e684c" NAME="Brillux 7634 " Spot="1" />
 <COLOR RGB="#10704d" NAME="Brillux 7635 " Spot="1" />
 <COLOR RGB="#63776b" NAME="Brillux 7642 " Spot="1" />
 <COLOR RGB="#587f66" NAME="Brillux 7643 " Spot="1" />
 <COLOR RGB="#448261" NAME="Brillux 7644 " Spot="1" />
 <COLOR RGB="#2e8c5f" NAME="Brillux 7645 " Spot="1" />
 <COLOR RGB="#7c9081" NAME="Brillux 7652 " Spot="1" />
 <COLOR RGB="#6f9a7d" NAME="Brillux 7653 " Spot="1" />
 <COLOR RGB="#549b73" NAME="Brillux 7654 " Spot="1" />
 <COLOR RGB="#47a473" NAME="Brillux 7655 " Spot="1" />
 <COLOR RGB="#98ad9d" NAME="Brillux 7662 " Spot="1" />
 <COLOR RGB="#81b091" NAME="Brillux 7663 " Spot="1" />
 <COLOR RGB="#71b58e" NAME="Brillux 7664 " Spot="1" />
 <COLOR RGB="#67bc8b" NAME="Brillux 7665 " Spot="1" />
 <COLOR RGB="#b0c7b3" NAME="Brillux 7672 " Spot="1" />
 <COLOR RGB="#a2ceae" NAME="Brillux 7673 " Spot="1" />
 <COLOR RGB="#8fd4a7" NAME="Brillux 7674 " Spot="1" />
 <COLOR RGB="#d0e2cf" NAME="Brillux 7682 " Spot="1" />
 <COLOR RGB="#2d3939" NAME="Brillux 7711 " Spot="1" />
 <COLOR RGB="#30413e" NAME="Brillux 7712 " Spot="1" />
 <COLOR RGB="#394845" NAME="Brillux 7721 " Spot="1" />
 <COLOR RGB="#3b4f4a" NAME="Brillux 7722 " Spot="1" />
 <COLOR RGB="#1b5342" NAME="Brillux 7723 " Spot="1" />
 <COLOR RGB="#56615e" NAME="Brillux 7731 " Spot="1" />
 <COLOR RGB="#4e615a" NAME="Brillux 7732 " Spot="1" />
 <COLOR RGB="#326756" NAME="Brillux 7733 " Spot="1" />
 <COLOR RGB="#096a54" NAME="Brillux 7734 " Spot="1" />
 <COLOR RGB="#006b53" NAME="Brillux 7735 " Spot="1" />
 <COLOR RGB="#737d78" NAME="Brillux 7741 " Spot="1" />
 <COLOR RGB="#657970" NAME="Brillux 7742 " Spot="1" />
 <COLOR RGB="#52826f" NAME="Brillux 7743 " Spot="1" />
 <COLOR RGB="#3a876c" NAME="Brillux 7744 " Spot="1" />
 <COLOR RGB="#008868" NAME="Brillux 7745 " Spot="1" />
 <COLOR RGB="#858f89" NAME="Brillux 7751 " Spot="1" />
 <COLOR RGB="#80958b" NAME="Brillux 7752 " Spot="1" />
 <COLOR RGB="#6a9a86" NAME="Brillux 7753 " Spot="1" />
 <COLOR RGB="#5ba084" NAME="Brillux 7754 " Spot="1" />
 <COLOR RGB="#30a481" NAME="Brillux 7755 " Spot="1" />
 <COLOR RGB="#a4afa9" NAME="Brillux 7761 " Spot="1" />
 <COLOR RGB="#97afa1" NAME="Brillux 7762 " Spot="1" />
 <COLOR RGB="#84b7a0" NAME="Brillux 7763 " Spot="1" />
 <COLOR RGB="#6cb79c" NAME="Brillux 7764 " Spot="1" />
 <COLOR RGB="#63bf9e" NAME="Brillux 7765 " Spot="1" />
 <COLOR RGB="#bcc7be" NAME="Brillux 7771 " Spot="1" />
 <COLOR RGB="#b1d0bc" NAME="Brillux 7772 " Spot="1" />
 <COLOR RGB="#98ceb5" NAME="Brillux 7773 " Spot="1" />
 <COLOR RGB="#d3ded3" NAME="Brillux 7781 " Spot="1" />
 <COLOR RGB="#c7e2cf" NAME="Brillux 7782 " Spot="1" />
 <COLOR RGB="#2f3d3d" NAME="Brillux 7811 " Spot="1" />
 <COLOR RGB="#304342" NAME="Brillux 7812 " Spot="1" />
 <COLOR RGB="#3a4746" NAME="Brillux 7821 " Spot="1" />
 <COLOR RGB="#374a4a" NAME="Brillux 7822 " Spot="1" />
 <COLOR RGB="#0c4f47" NAME="Brillux 7823 " Spot="1" />
 <COLOR RGB="#535e5e" NAME="Brillux 7831 " Spot="1" />
 <COLOR RGB="#4b615f" NAME="Brillux 7832 " Spot="1" />
 <COLOR RGB="#2c6b65" NAME="Brillux 7833 " Spot="1" />
 <COLOR RGB="#006d60" NAME="Brillux 7834 " Spot="1" />
 <COLOR RGB="#006e66" NAME="Brillux 7835 " Spot="1" />
 <COLOR RGB="#6b7472" NAME="Brillux 7841 " Spot="1" />
 <COLOR RGB="#657c76" NAME="Brillux 7842 " Spot="1" />
 <COLOR RGB="#498275" NAME="Brillux 7843 " Spot="1" />
 <COLOR RGB="#298476" NAME="Brillux 7844 " Spot="1" />
 <COLOR RGB="#008f81" NAME="Brillux 7845 " Spot="1" />
 <COLOR RGB="#8a9693" NAME="Brillux 7851 " Spot="1" />
 <COLOR RGB="#7f9a92" NAME="Brillux 7852 " Spot="1" />
 <COLOR RGB="#649c8f" NAME="Brillux 7853 " Spot="1" />
 <COLOR RGB="#459f91" NAME="Brillux 7854 " Spot="1" />
 <COLOR RGB="#00a494" NAME="Brillux 7855 " Spot="1" />
 <COLOR RGB="#a0aca6" NAME="Brillux 7861 " Spot="1" />
 <COLOR RGB="#9cb7ae" NAME="Brillux 7862 " Spot="1" />
 <COLOR RGB="#7cb4a4" NAME="Brillux 7863 " Spot="1" />
 <COLOR RGB="#6abbac" NAME="Brillux 7864 " Spot="1" />
 <COLOR RGB="#52bead" NAME="Brillux 7865 " Spot="1" />
 <COLOR RGB="#b6c6bd" NAME="Brillux 7871 " Spot="1" />
 <COLOR RGB="#b0cebf" NAME="Brillux 7872 " Spot="1" />
 <COLOR RGB="#9bd3bf" NAME="Brillux 7873 " Spot="1" />
 <COLOR RGB="#d6e4d9" NAME="Brillux 7881 " Spot="1" />
 <COLOR RGB="#cce7d5" NAME="Brillux 7882 " Spot="1" />
 <COLOR RGB="#323f3f" NAME="Brillux 7911 " Spot="1" />
 <COLOR RGB="#35494b" NAME="Brillux 7912 " Spot="1" />
 <COLOR RGB="#3d4648" NAME="Brillux 7921 " Spot="1" />
 <COLOR RGB="#374d51" NAME="Brillux 7922 " Spot="1" />
 <COLOR RGB="#135558" NAME="Brillux 7923 " Spot="1" />
 <COLOR RGB="#566162" NAME="Brillux 7931 " Spot="1" />
 <COLOR RGB="#4f696a" NAME="Brillux 7932 " Spot="1" />
 <COLOR RGB="#2d6a6d" NAME="Brillux 7933 " Spot="1" />
 <COLOR RGB="#006f71" NAME="Brillux 7934 " Spot="1" />
 <COLOR RGB="#006e71" NAME="Brillux 7935 " Spot="1" />
 <COLOR RGB="#6d7779" NAME="Brillux 7941 " Spot="1" />
 <COLOR RGB="#68807f" NAME="Brillux 7942 " Spot="1" />
 <COLOR RGB="#488081" NAME="Brillux 7943 " Spot="1" />
 <COLOR RGB="#14858a" NAME="Brillux 7944 " Spot="1" />
 <COLOR RGB="#008a8d" NAME="Brillux 7945 " Spot="1" />
 <COLOR RGB="#848f8f" NAME="Brillux 7951 " Spot="1" />
 <COLOR RGB="#7d9795" NAME="Brillux 7952 " Spot="1" />
 <COLOR RGB="#609a99" NAME="Brillux 7953 " Spot="1" />
 <COLOR RGB="#3d9ea0" NAME="Brillux 7954 " Spot="1" />
 <COLOR RGB="#009f9e" NAME="Brillux 7955 " Spot="1" />
 <COLOR RGB="#9faaa8" NAME="Brillux 7961 " Spot="1" />
 <COLOR RGB="#95b3b1" NAME="Brillux 7962 " Spot="1" />
 <COLOR RGB="#7ab4b3" NAME="Brillux 7963 " Spot="1" />
 <COLOR RGB="#64bbba" NAME="Brillux 7964 " Spot="1" />
 <COLOR RGB="#46b4b5" NAME="Brillux 7965 " Spot="1" />
 <COLOR RGB="#bdc7c1" NAME="Brillux 7971 " Spot="1" />
 <COLOR RGB="#adc8c3" NAME="Brillux 7972 " Spot="1" />
 <COLOR RGB="#98d1c9" NAME="Brillux 7973 " Spot="1" />
 <COLOR RGB="#d9e2d6" NAME="Brillux 7981 " Spot="1" />
 <COLOR RGB="#cae1d6" NAME="Brillux 7982 " Spot="1" />
 <COLOR RGB="#304348" NAME="Brillux 8212 " Spot="1" />
 <COLOR RGB="#354b50" NAME="Brillux 8222 " Spot="1" />
 <COLOR RGB="#12525d" NAME="Brillux 8223 " Spot="1" />
 <COLOR RGB="#025664" NAME="Brillux 8224 " Spot="1" />
 <COLOR RGB="#486068" NAME="Brillux 8232 " Spot="1" />
 <COLOR RGB="#1c606f" NAME="Brillux 8233 " Spot="1" />
 <COLOR RGB="#006b7d" NAME="Brillux 8234 " Spot="1" />
 <COLOR RGB="#007084" NAME="Brillux 8235 " Spot="1" />
 <COLOR RGB="#64797e" NAME="Brillux 8242 " Spot="1" />
 <COLOR RGB="#457e89" NAME="Brillux 8243 " Spot="1" />
 <COLOR RGB="#177f91" NAME="Brillux 8244 " Spot="1" />
 <COLOR RGB="#008499" NAME="Brillux 8245 " Spot="1" />
 <COLOR RGB="#7f9497" NAME="Brillux 8252 " Spot="1" />
 <COLOR RGB="#64949f" NAME="Brillux 8253 " Spot="1" />
 <COLOR RGB="#459aaa" NAME="Brillux 8254 " Spot="1" />
 <COLOR RGB="#2fa3b5" NAME="Brillux 8255 " Spot="1" />
 <COLOR RGB="#98aeb0" NAME="Brillux 8262 " Spot="1" />
 <COLOR RGB="#82afb6" NAME="Brillux 8263 " Spot="1" />
 <COLOR RGB="#60b3c2" NAME="Brillux 8264 " Spot="1" />
 <COLOR RGB="#57b5c6" NAME="Brillux 8265 " Spot="1" />
 <COLOR RGB="#acc4c5" NAME="Brillux 8272 " Spot="1" />
 <COLOR RGB="#9bced0" NAME="Brillux 8273 " Spot="1" />
 <COLOR RGB="#c9e0d9" NAME="Brillux 8282 " Spot="1" />
 <COLOR RGB="#334955" NAME="Brillux 8322 " Spot="1" />
 <COLOR RGB="#1f4a5c" NAME="Brillux 8323 " Spot="1" />
 <COLOR RGB="#1c5770" NAME="Brillux 8324 " Spot="1" />
 <COLOR RGB="#53626a" NAME="Brillux 8332 " Spot="1" />
 <COLOR RGB="#335d71" NAME="Brillux 8333 " Spot="1" />
 <COLOR RGB="#276b83" NAME="Brillux 8334 " Spot="1" />
 <COLOR RGB="#006a89" NAME="Brillux 8335 " Spot="1" />
 <COLOR RGB="#6a777d" NAME="Brillux 8342 " Spot="1" />
 <COLOR RGB="#5a7f90" NAME="Brillux 8343 " Spot="1" />
 <COLOR RGB="#407e96" NAME="Brillux 8344 " Spot="1" />
 <COLOR RGB="#2689aa" NAME="Brillux 8345 " Spot="1" />
 <COLOR RGB="#008bb4" NAME="Brillux 8346 " Spot="1" />
 <COLOR RGB="#7f8e94" NAME="Brillux 8352 " Spot="1" />
 <COLOR RGB="#6a94a2" NAME="Brillux 8353 " Spot="1" />
 <COLOR RGB="#5c9bb4" NAME="Brillux 8354 " Spot="1" />
 <COLOR RGB="#449dbd" NAME="Brillux 8355 " Spot="1" />
 <COLOR RGB="#319fc3" NAME="Brillux 8356 " Spot="1" />
 <COLOR RGB="#98aaad" NAME="Brillux 8362 " Spot="1" />
 <COLOR RGB="#8dafbb" NAME="Brillux 8363 " Spot="1" />
 <COLOR RGB="#7ab6cc" NAME="Brillux 8364 " Spot="1" />
 <COLOR RGB="#67b4cf" NAME="Brillux 8365 " Spot="1" />
 <COLOR RGB="#b0c6c9" NAME="Brillux 8372 " Spot="1" />
 <COLOR RGB="#a3cbd6" NAME="Brillux 8373 " Spot="1" />
 <COLOR RGB="#d2dfdb" NAME="Brillux 8382 " Spot="1" />
 <COLOR RGB="#223b53" NAME="Brillux 8423 " Spot="1" />
 <COLOR RGB="#254560" NAME="Brillux 8433 " Spot="1" />
 <COLOR RGB="#1f4c70" NAME="Brillux 8434 " Spot="1" />
 <COLOR RGB="#4b5f77" NAME="Brillux 8443 " Spot="1" />
 <COLOR RGB="#3c5f80" NAME="Brillux 8444 " Spot="1" />
 <COLOR RGB="#386793" NAME="Brillux 8445 " Spot="1" />
 <COLOR RGB="#25699a" NAME="Brillux 8446 " Spot="1" />
 <COLOR RGB="#6d7e96" NAME="Brillux 8453 " Spot="1" />
 <COLOR RGB="#57789c" NAME="Brillux 8454 " Spot="1" />
 <COLOR RGB="#547eac" NAME="Brillux 8455 " Spot="1" />
 <COLOR RGB="#478ac0" NAME="Brillux 8456 " Spot="1" />
 <COLOR RGB="#8193a7" NAME="Brillux 8463 " Spot="1" />
 <COLOR RGB="#7998b8" NAME="Brillux 8464 " Spot="1" />
 <COLOR RGB="#6c96c1" NAME="Brillux 8465 " Spot="1" />
 <COLOR RGB="#5c97c7" NAME="Brillux 8466 " Spot="1" />
 <COLOR RGB="#95abbf" NAME="Brillux 8473 " Spot="1" />
 <COLOR RGB="#92b0c9" NAME="Brillux 8474 " Spot="1" />
 <COLOR RGB="#80abd3" NAME="Brillux 8475 " Spot="1" />
 <COLOR RGB="#b1c4d4" NAME="Brillux 8483 " Spot="1" />
 <COLOR RGB="#a9c1d6" NAME="Brillux 8484 " Spot="1" />
 <COLOR RGB="#373642" NAME="Brillux 8522 " Spot="1" />
 <COLOR RGB="#3e3c55" NAME="Brillux 8523 " Spot="1" />
 <COLOR RGB="#3c385c" NAME="Brillux 8524 " Spot="1" />
 <COLOR RGB="#424254" NAME="Brillux 8532 " Spot="1" />
 <COLOR RGB="#403f5d" NAME="Brillux 8533 " Spot="1" />
 <COLOR RGB="#464367" NAME="Brillux 8534 " Spot="1" />
 <COLOR RGB="#433f6c" NAME="Brillux 8535 " Spot="1" />
 <COLOR RGB="#5b596a" NAME="Brillux 8542 " Spot="1" />
 <COLOR RGB="#5b5a78" NAME="Brillux 8543 " Spot="1" />
 <COLOR RGB="#5c597f" NAME="Brillux 8544 " Spot="1" />
 <COLOR RGB="#5c5990" NAME="Brillux 8545 " Spot="1" />
 <COLOR RGB="#605c92" NAME="Brillux 8546 " Spot="1" />
 <COLOR RGB="#787784" NAME="Brillux 8552 " Spot="1" />
 <COLOR RGB="#74748d" NAME="Brillux 8553 " Spot="1" />
 <COLOR RGB="#727198" NAME="Brillux 8554 " Spot="1" />
 <COLOR RGB="#7072a5" NAME="Brillux 8555 " Spot="1" />
 <COLOR RGB="#7471a8" NAME="Brillux 8556 " Spot="1" />
 <COLOR RGB="#8e8e99" NAME="Brillux 8562 " Spot="1" />
 <COLOR RGB="#8c8da4" NAME="Brillux 8563 " Spot="1" />
 <COLOR RGB="#8f8db3" NAME="Brillux 8564 " Spot="1" />
 <COLOR RGB="#868abc" NAME="Brillux 8565 " Spot="1" />
 <COLOR RGB="#8382b4" NAME="Brillux 8566 " Spot="1" />
 <COLOR RGB="#aaa9b3" NAME="Brillux 8572 " Spot="1" />
 <COLOR RGB="#a6a9bf" NAME="Brillux 8573 " Spot="1" />
 <COLOR RGB="#a7a8cb" NAME="Brillux 8574 " Spot="1" />
 <COLOR RGB="#a4a7cb" NAME="Brillux 8575 " Spot="1" />
 <COLOR RGB="#c1bec4" NAME="Brillux 8582 " Spot="1" />
 <COLOR RGB="#c7c7d6" NAME="Brillux 8583 " Spot="1" />
 <COLOR RGB="#e4d7be" NAME="Brillux 8701 " Spot="1" />
 <COLOR RGB="#cfb795" NAME="Brillux 8702 " Spot="1" />
 <COLOR RGB="#c2aa8c" NAME="Brillux 8703 " Spot="1" />
 <COLOR RGB="#b89f7c" NAME="Brillux 8704 " Spot="1" />
 <COLOR RGB="#b19773" NAME="Brillux 8705 " Spot="1" />
 <COLOR RGB="#8d6f4d" NAME="Brillux 8706 " Spot="1" />
 <COLOR RGB="#756453" NAME="Brillux 8707 " Spot="1" />
 <COLOR RGB="#6a5747" NAME="Brillux 8708 " Spot="1" />
 <COLOR RGB="#dbb78b" NAME="Brillux 8711 " Spot="1" />
 <COLOR RGB="#bb9369" NAME="Brillux 8712 " Spot="1" />
 <COLOR RGB="#af8057" NAME="Brillux 8713 " Spot="1" />
 <COLOR RGB="#9a7956" NAME="Brillux 8714 " Spot="1" />
 <COLOR RGB="#846244" NAME="Brillux 8715 " Spot="1" />
 <COLOR RGB="#7a563d" NAME="Brillux 8716 " Spot="1" />
 <COLOR RGB="#7b6149" NAME="Brillux 8717 " Spot="1" />
 <COLOR RGB="#765d44" NAME="Brillux 8718 " Spot="1" />
 <COLOR RGB="#ebdac6" NAME="Brillux 8721 " Spot="1" />
 <COLOR RGB="#c1aa94" NAME="Brillux 8722 " Spot="1" />
 <COLOR RGB="#b19987" NAME="Brillux 8723 " Spot="1" />
 <COLOR RGB="#9d8270" NAME="Brillux 8724 " Spot="1" />
 <COLOR RGB="#8e7054" NAME="Brillux 8725 " Spot="1" />
 <COLOR RGB="#88684f" NAME="Brillux 8726 " Spot="1" />
 <COLOR RGB="#775643" NAME="Brillux 8727 " Spot="1" />
 <COLOR RGB="#574239" NAME="Brillux 8728 " Spot="1" />
 <COLOR RGB="#edd5b6" NAME="Brillux 8731 " Spot="1" />
 <COLOR RGB="#ddc29e" NAME="Brillux 8732 " Spot="1" />
 <COLOR RGB="#ccae94" NAME="Brillux 8733 " Spot="1" />
 <COLOR RGB="#bda081" NAME="Brillux 8734 " Spot="1" />
 <COLOR RGB="#775c4c" NAME="Brillux 8735 " Spot="1" />
 <COLOR RGB="#6a564a" NAME="Brillux 8736 " Spot="1" />
 <COLOR RGB="#5f4a3f" NAME="Brillux 8737 " Spot="1" />
 <COLOR RGB="#55483e" NAME="Brillux 8738 " Spot="1" />
 <COLOR RGB="#ca757a" NAME="Brillux 8741 " Spot="1" />
 <COLOR RGB="#30a27b" NAME="Brillux 8742 " Spot="1" />
 <COLOR RGB="#009c9b" NAME="Brillux 8743 " Spot="1" />
 <COLOR RGB="#315d6f" NAME="Brillux 8744 " Spot="1" />
 <COLOR RGB="#c94a3a" NAME="Brillux 8745 " Spot="1" />
 <COLOR RGB="#46803d" NAME="Brillux 8746 " Spot="1" />
 <COLOR RGB="#046792" NAME="Brillux 8747 " Spot="1" />
 <COLOR RGB="#363839" NAME="Brillux 8748 " Spot="1" />
 <COLOR RGB="#bdab99" NAME="Brillux 8751 " Spot="1" />
 <COLOR RGB="#af8f71" NAME="Brillux 8752 " Spot="1" />
 <COLOR RGB="#9e9a55" NAME="Brillux 8753 " Spot="1" />
 <COLOR RGB="#e1d4be" NAME="Brillux 8754 " Spot="1" />
 <COLOR RGB="#ce9a45" NAME="Brillux 8755 " Spot="1" />
 <COLOR RGB="#88733e" NAME="Brillux 8756 " Spot="1" />
 <COLOR RGB="#5d4f47" NAME="Brillux 8757 " Spot="1" />
 <COLOR RGB="#af5f43" NAME="Brillux 8758 " Spot="1" />
</SCRIBUSCOLORS>