<?xml version="1.0" encoding="UTF-8"?>
<SCRIBUSCOLORS Name="Brillux Scala">
 <COLOR RGB="#f0ede4" NAME="Brillux 03.03.03" Spot="1" />
 <COLOR RGB="#e1ded2" NAME="Brillux 03.03.06" Spot="1" />
 <COLOR RGB="#d4d3c9" NAME="Brillux 03.03.09" Spot="1" />
 <COLOR RGB="#c6c4b9" NAME="Brillux 03.03.12" Spot="1" />
 <COLOR RGB="#b9b5aa" NAME="Brillux 03.03.15" Spot="1" />
 <COLOR RGB="#928f86" NAME="Brillux 03.03.18" Spot="1" />
 <COLOR RGB="#807e76" NAME="Brillux 03.03.21" Spot="1" />
 <COLOR RGB="#6d6a63" NAME="Brillux 03.03.24" Spot="1" />
 <COLOR RGB="#565045" NAME="Brillux 03.03.27" Spot="1" />
 <COLOR RGB="#443f34" NAME="Brillux 03.03.30" Spot="1" />
 <COLOR RGB="#f5ecd2" NAME="Brillux 03.06.06" Spot="1" />
 <COLOR RGB="#e8dfc4" NAME="Brillux 03.06.09" Spot="1" />
 <COLOR RGB="#d4ccb3" NAME="Brillux 03.06.12" Spot="1" />
 <COLOR RGB="#b3ab96" NAME="Brillux 03.06.15" Spot="1" />
 <COLOR RGB="#9c9279" NAME="Brillux 03.06.18" Spot="1" />
 <COLOR RGB="#847963" NAME="Brillux 03.06.21" Spot="1" />
 <COLOR RGB="#6a5f4c" NAME="Brillux 03.06.24" Spot="1" />
 <COLOR RGB="#585042" NAME="Brillux 03.06.27" Spot="1" />
 <COLOR RGB="#3e3c34" NAME="Brillux 03.06.30" Spot="1" />
 <COLOR RGB="#fbefce" NAME="Brillux 03.09.03" Spot="1" />
 <COLOR RGB="#f5e6c0" NAME="Brillux 03.09.06" Spot="1" />
 <COLOR RGB="#ead7a0" NAME="Brillux 03.09.09" Spot="1" />
 <COLOR RGB="#dfca94" NAME="Brillux 03.09.12" Spot="1" />
 <COLOR RGB="#c0ad7a" NAME="Brillux 03.09.15" Spot="1" />
 <COLOR RGB="#a18f62" NAME="Brillux 03.09.18" Spot="1" />
 <COLOR RGB="#8d7b54" NAME="Brillux 03.09.21" Spot="1" />
 <COLOR RGB="#725f3e" NAME="Brillux 03.09.24" Spot="1" />
 <COLOR RGB="#584c30" NAME="Brillux 03.09.27" Spot="1" />
 <COLOR RGB="#fceeba" NAME="Brillux 03.12.03" Spot="1" />
 <COLOR RGB="#f7e0a0" NAME="Brillux 03.12.06" Spot="1" />
 <COLOR RGB="#f3d98c" NAME="Brillux 03.12.09" Spot="1" />
 <COLOR RGB="#e6cc7d" NAME="Brillux 03.12.12" Spot="1" />
 <COLOR RGB="#c6aa60" NAME="Brillux 03.12.15" Spot="1" />
 <COLOR RGB="#b29652" NAME="Brillux 03.12.18" Spot="1" />
 <COLOR RGB="#8f763b" NAME="Brillux 03.12.21" Spot="1" />
 <COLOR RGB="#736032" NAME="Brillux 03.12.24" Spot="1" />
 <COLOR RGB="#ffe17e" NAME="Brillux 03.15.06" Spot="1" />
 <COLOR RGB="#fdd565" NAME="Brillux 03.15.09" Spot="1" />
 <COLOR RGB="#fdd14e" NAME="Brillux 03.15.12" Spot="1" />
 <COLOR RGB="#dbb535" NAME="Brillux 03.15.15" Spot="1" />
 <COLOR RGB="#d4a90d" NAME="Brillux 03.15.18" Spot="1" />
 <COLOR RGB="#b2901a" NAME="Brillux 03.15.21" Spot="1" />
 <COLOR RGB="#a68320" NAME="Brillux 03.15.24" Spot="1" />
 <COLOR RGB="#f2c324" NAME="Brillux 03.18.15" Spot="1" />
 <COLOR RGB="#f4bf00" NAME="Brillux 03.18.18" Spot="1" />
 <COLOR RGB="#ffd334" NAME="Brillux 03.21.12" Spot="1" />
 <COLOR RGB="#fec908" NAME="Brillux 03.21.15" Spot="1" />
 <COLOR RGB="#f0ba00" NAME="Brillux 03.21.18" Spot="1" />
 <COLOR RGB="#a8a59f" NAME="Brillux 03.ME.01" Spot="1" />
 <COLOR RGB="#f1e9d8" NAME="Brillux 06.06.03" Spot="1" />
 <COLOR RGB="#e1d9c4" NAME="Brillux 06.06.06" Spot="1" />
 <COLOR RGB="#d6cdb8" NAME="Brillux 06.06.09" Spot="1" />
 <COLOR RGB="#c9bfa7" NAME="Brillux 06.06.12" Spot="1" />
 <COLOR RGB="#bfb49a" NAME="Brillux 06.06.15" Spot="1" />
 <COLOR RGB="#9c9179" NAME="Brillux 06.06.18" Spot="1" />
 <COLOR RGB="#8b7f6c" NAME="Brillux 06.06.21" Spot="1" />
 <COLOR RGB="#625749" NAME="Brillux 06.06.24" Spot="1" />
 <COLOR RGB="#423c35" NAME="Brillux 06.06.27" Spot="1" />
 <COLOR RGB="#f6ebd4" NAME="Brillux 06.09.03" Spot="1" />
 <COLOR RGB="#f2dfbc" NAME="Brillux 06.09.06" Spot="1" />
 <COLOR RGB="#e1cba1" NAME="Brillux 06.09.09" Spot="1" />
 <COLOR RGB="#dac59b" NAME="Brillux 06.09.12" Spot="1" />
 <COLOR RGB="#c8ad7c" NAME="Brillux 06.09.15" Spot="1" />
 <COLOR RGB="#a38d62" NAME="Brillux 06.09.18" Spot="1" />
 <COLOR RGB="#87704a" NAME="Brillux 06.09.21" Spot="1" />
 <COLOR RGB="#6e5b3c" NAME="Brillux 06.09.24" Spot="1" />
 <COLOR RGB="#605135" NAME="Brillux 06.09.27" Spot="1" />
 <COLOR RGB="#f5e8c1" NAME="Brillux 06.12.03" Spot="1" />
 <COLOR RGB="#fae3ac" NAME="Brillux 06.12.06" Spot="1" />
 <COLOR RGB="#e9cc90" NAME="Brillux 06.12.09" Spot="1" />
 <COLOR RGB="#e3bf78" NAME="Brillux 06.12.12" Spot="1" />
 <COLOR RGB="#d6ad64" NAME="Brillux 06.12.15" Spot="1" />
 <COLOR RGB="#b39356" NAME="Brillux 06.12.18" Spot="1" />
 <COLOR RGB="#9e7b3c" NAME="Brillux 06.12.21" Spot="1" />
 <COLOR RGB="#7f6436" NAME="Brillux 06.12.24" Spot="1" />
 <COLOR RGB="#f9e299" NAME="Brillux 06.15.06" Spot="1" />
 <COLOR RGB="#f7ce75" NAME="Brillux 06.15.09" Spot="1" />
 <COLOR RGB="#efc05d" NAME="Brillux 06.15.12" Spot="1" />
 <COLOR RGB="#daa941" NAME="Brillux 06.15.15" Spot="1" />
 <COLOR RGB="#c59525" NAME="Brillux 06.15.18" Spot="1" />
 <COLOR RGB="#9b782e" NAME="Brillux 06.15.21" Spot="1" />
 <COLOR RGB="#f7d162" NAME="Brillux 06.18.09" Spot="1" />
 <COLOR RGB="#f3c258" NAME="Brillux 06.18.12" Spot="1" />
 <COLOR RGB="#dea71a" NAME="Brillux 06.18.15" Spot="1" />
 <COLOR RGB="#ca9515" NAME="Brillux 06.18.18" Spot="1" />
 <COLOR RGB="#fccf5c" NAME="Brillux 06.21.12" Spot="1" />
 <COLOR RGB="#fdb800" NAME="Brillux 06.21.15" Spot="1" />
 <COLOR RGB="#dfa206" NAME="Brillux 06.21.18" Spot="1" />
 <COLOR RGB="#eeebe0" NAME="Brillux 09.03.03" Spot="1" />
 <COLOR RGB="#efe8da" NAME="Brillux 09.06.03" Spot="1" />
 <COLOR RGB="#eae2d4" NAME="Brillux 09.06.06" Spot="1" />
 <COLOR RGB="#dcd2c2" NAME="Brillux 09.06.09" Spot="1" />
 <COLOR RGB="#cfc5b2" NAME="Brillux 09.06.12" Spot="1" />
 <COLOR RGB="#bfb39f" NAME="Brillux 09.06.15" Spot="1" />
 <COLOR RGB="#9b907d" NAME="Brillux 09.06.18" Spot="1" />
 <COLOR RGB="#786e62" NAME="Brillux 09.06.21" Spot="1" />
 <COLOR RGB="#594c3f" NAME="Brillux 09.06.24" Spot="1" />
 <COLOR RGB="#3f392f" NAME="Brillux 09.06.27" Spot="1" />
 <COLOR RGB="#fbecd2" NAME="Brillux 09.09.03" Spot="1" />
 <COLOR RGB="#f1e0c2" NAME="Brillux 09.09.06" Spot="1" />
 <COLOR RGB="#e6d5b7" NAME="Brillux 09.09.09" Spot="1" />
 <COLOR RGB="#d5c1a0" NAME="Brillux 09.09.12" Spot="1" />
 <COLOR RGB="#ceb286" NAME="Brillux 09.09.15" Spot="1" />
 <COLOR RGB="#a38b64" NAME="Brillux 09.09.18" Spot="1" />
 <COLOR RGB="#876c44" NAME="Brillux 09.09.21" Spot="1" />
 <COLOR RGB="#5e4e37" NAME="Brillux 09.09.24" Spot="1" />
 <COLOR RGB="#f9e1b2" NAME="Brillux 09.12.06" Spot="1" />
 <COLOR RGB="#e9cd9b" NAME="Brillux 09.12.09" Spot="1" />
 <COLOR RGB="#e2c085" NAME="Brillux 09.12.12" Spot="1" />
 <COLOR RGB="#ceac6e" NAME="Brillux 09.12.15" Spot="1" />
 <COLOR RGB="#b79351" NAME="Brillux 09.12.18" Spot="1" />
 <COLOR RGB="#936e36" NAME="Brillux 09.12.21" Spot="1" />
 <COLOR RGB="#7b5e38" NAME="Brillux 09.12.24" Spot="1" />
 <COLOR RGB="#ffe0a1" NAME="Brillux 09.15.06" Spot="1" />
 <COLOR RGB="#f5cf8d" NAME="Brillux 09.15.09" Spot="1" />
 <COLOR RGB="#eabe70" NAME="Brillux 09.15.12" Spot="1" />
 <COLOR RGB="#d8aa5b" NAME="Brillux 09.15.15" Spot="1" />
 <COLOR RGB="#b7893c" NAME="Brillux 09.15.18" Spot="1" />
 <COLOR RGB="#f5c264" NAME="Brillux 09.18.12" Spot="1" />
 <COLOR RGB="#e3b05b" NAME="Brillux 09.18.15" Spot="1" />
 <COLOR RGB="#d9a04e" NAME="Brillux 09.18.18" Spot="1" />
 <COLOR RGB="#ffc95f" NAME="Brillux 09.21.12" Spot="1" />
 <COLOR RGB="#f3ac01" NAME="Brillux 09.21.15" Spot="1" />
 <COLOR RGB="#dc9303" NAME="Brillux 09.21.18" Spot="1" />
 <COLOR RGB="#ffac00" NAME="Brillux 09.24.15" Spot="1" />
 <COLOR RGB="#b8a696" NAME="Brillux 12.06.15" Spot="1" />
 <COLOR RGB="#a28f7a" NAME="Brillux 12.06.18" Spot="1" />
 <COLOR RGB="#887768" NAME="Brillux 12.06.21" Spot="1" />
 <COLOR RGB="#6e5d4e" NAME="Brillux 12.06.24" Spot="1" />
 <COLOR RGB="#f1dabc" NAME="Brillux 12.09.06" Spot="1" />
 <COLOR RGB="#dec2a1" NAME="Brillux 12.09.09" Spot="1" />
 <COLOR RGB="#cfb293" NAME="Brillux 12.09.12" Spot="1" />
 <COLOR RGB="#c2a487" NAME="Brillux 12.09.15" Spot="1" />
 <COLOR RGB="#ac8c6d" NAME="Brillux 12.09.18" Spot="1" />
 <COLOR RGB="#8e7056" NAME="Brillux 12.09.21" Spot="1" />
 <COLOR RGB="#775d45" NAME="Brillux 12.09.24" Spot="1" />
 <COLOR RGB="#624c39" NAME="Brillux 12.09.27" Spot="1" />
 <COLOR RGB="#504036" NAME="Brillux 12.09.30" Spot="1" />
 <COLOR RGB="#242224" NAME="Brillux 12.09.33" Spot="1" />
 <COLOR RGB="#f8dbb6" NAME="Brillux 12.12.06" Spot="1" />
 <COLOR RGB="#efcfa3" NAME="Brillux 12.12.09" Spot="1" />
 <COLOR RGB="#deb685" NAME="Brillux 12.12.12" Spot="1" />
 <COLOR RGB="#caa073" NAME="Brillux 12.12.15" Spot="1" />
 <COLOR RGB="#ae8556" NAME="Brillux 12.12.18" Spot="1" />
 <COLOR RGB="#986e44" NAME="Brillux 12.12.21" Spot="1" />
 <COLOR RGB="#855e39" NAME="Brillux 12.12.24" Spot="1" />
 <COLOR RGB="#725031" NAME="Brillux 12.12.27" Spot="1" />
 <COLOR RGB="#fde1b8" NAME="Brillux 12.15.06" Spot="1" />
 <COLOR RGB="#f0c894" NAME="Brillux 12.15.09" Spot="1" />
 <COLOR RGB="#f5be78" NAME="Brillux 12.15.12" Spot="1" />
 <COLOR RGB="#de9f55" NAME="Brillux 12.15.15" Spot="1" />
 <COLOR RGB="#c28847" NAME="Brillux 12.15.18" Spot="1" />
 <COLOR RGB="#9f6a3c" NAME="Brillux 12.15.21" Spot="1" />
 <COLOR RGB="#875830" NAME="Brillux 12.15.24" Spot="1" />
 <COLOR RGB="#ffdda2" NAME="Brillux 12.18.06" Spot="1" />
 <COLOR RGB="#fccc86" NAME="Brillux 12.18.09" Spot="1" />
 <COLOR RGB="#f3ac54" NAME="Brillux 12.18.12" Spot="1" />
 <COLOR RGB="#f79f2f" NAME="Brillux 12.18.15" Spot="1" />
 <COLOR RGB="#e38f00" NAME="Brillux 12.18.18" Spot="1" />
 <COLOR RGB="#ae6c29" NAME="Brillux 12.18.21" Spot="1" />
 <COLOR RGB="#ffb646" NAME="Brillux 12.21.12" Spot="1" />
 <COLOR RGB="#ff9f00" NAME="Brillux 12.21.15" Spot="1" />
 <COLOR RGB="#ea930e" NAME="Brillux 12.21.18" Spot="1" />
 <COLOR RGB="#faf0e4" NAME="Brillux 15.06.03" Spot="1" />
 <COLOR RGB="#ede3d5" NAME="Brillux 15.06.06" Spot="1" />
 <COLOR RGB="#e1d1c1" NAME="Brillux 15.06.09" Spot="1" />
 <COLOR RGB="#d3c2b2" NAME="Brillux 15.06.12" Spot="1" />
 <COLOR RGB="#beaa9a" NAME="Brillux 15.06.15" Spot="1" />
 <COLOR RGB="#a28d7f" NAME="Brillux 15.06.18" Spot="1" />
 <COLOR RGB="#968274" NAME="Brillux 15.06.21" Spot="1" />
 <COLOR RGB="#775e4f" NAME="Brillux 15.06.24" Spot="1" />
 <COLOR RGB="#56453c" NAME="Brillux 15.06.27" Spot="1" />
 <COLOR RGB="#473532" NAME="Brillux 15.06.30" Spot="1" />
 <COLOR RGB="#fbedd7" NAME="Brillux 15.09.03" Spot="1" />
 <COLOR RGB="#f2e3cf" NAME="Brillux 15.09.06" Spot="1" />
 <COLOR RGB="#e4cdb7" NAME="Brillux 15.09.09" Spot="1" />
 <COLOR RGB="#ddc1a8" NAME="Brillux 15.09.12" Spot="1" />
 <COLOR RGB="#cead92" NAME="Brillux 15.09.15" Spot="1" />
 <COLOR RGB="#b28d72" NAME="Brillux 15.09.18" Spot="1" />
 <COLOR RGB="#96735b" NAME="Brillux 15.09.21" Spot="1" />
 <COLOR RGB="#7a5742" NAME="Brillux 15.09.24" Spot="1" />
 <COLOR RGB="#62483a" NAME="Brillux 15.09.27" Spot="1" />
 <COLOR RGB="#534033" NAME="Brillux 15.09.30" Spot="1" />
 <COLOR RGB="#f5e3ca" NAME="Brillux 15.12.03" Spot="1" />
 <COLOR RGB="#f8dec4" NAME="Brillux 15.12.06" Spot="1" />
 <COLOR RGB="#f0cfac" NAME="Brillux 15.12.09" Spot="1" />
 <COLOR RGB="#e7be97" NAME="Brillux 15.12.12" Spot="1" />
 <COLOR RGB="#d7a174" NAME="Brillux 15.12.15" Spot="1" />
 <COLOR RGB="#ba8762" NAME="Brillux 15.12.18" Spot="1" />
 <COLOR RGB="#9f6d47" NAME="Brillux 15.12.21" Spot="1" />
 <COLOR RGB="#815232" NAME="Brillux 15.12.24" Spot="1" />
 <COLOR RGB="#704a33" NAME="Brillux 15.12.27" Spot="1" />
 <COLOR RGB="#c6854c" NAME="Brillux 15.15.18" Spot="1" />
 <COLOR RGB="#ab6e3c" NAME="Brillux 15.15.21" Spot="1" />
 <COLOR RGB="#8d552f" NAME="Brillux 15.15.24" Spot="1" />
 <COLOR RGB="#fedfbb" NAME="Brillux 15.18.06" Spot="1" />
 <COLOR RGB="#ffc78e" NAME="Brillux 15.18.09" Spot="1" />
 <COLOR RGB="#ffb467" NAME="Brillux 15.18.12" Spot="1" />
 <COLOR RGB="#e9a158" NAME="Brillux 15.18.15" Spot="1" />
 <COLOR RGB="#c67a32" NAME="Brillux 15.18.18" Spot="1" />
 <COLOR RGB="#b06c32" NAME="Brillux 15.18.21" Spot="1" />
 <COLOR RGB="#f59621" NAME="Brillux 15.21.15" Spot="1" />
 <COLOR RGB="#d27c22" NAME="Brillux 15.21.18" Spot="1" />
 <COLOR RGB="#7c675b" NAME="Brillux 15.ME.01" Spot="1" />
 <COLOR RGB="#f7eee5" NAME="Brillux 18.06.03" Spot="1" />
 <COLOR RGB="#e7ded5" NAME="Brillux 18.06.06" Spot="1" />
 <COLOR RGB="#dacfc8" NAME="Brillux 18.06.09" Spot="1" />
 <COLOR RGB="#c6bcb5" NAME="Brillux 18.06.12" Spot="1" />
 <COLOR RGB="#b6aba4" NAME="Brillux 18.06.15" Spot="1" />
 <COLOR RGB="#9b908a" NAME="Brillux 18.06.18" Spot="1" />
 <COLOR RGB="#817773" NAME="Brillux 18.06.21" Spot="1" />
 <COLOR RGB="#695d5b" NAME="Brillux 18.06.24" Spot="1" />
 <COLOR RGB="#544a48" NAME="Brillux 18.06.27" Spot="1" />
 <COLOR RGB="#453d3b" NAME="Brillux 18.06.30" Spot="1" />
 <COLOR RGB="#cba58c" NAME="Brillux 18.09.15" Spot="1" />
 <COLOR RGB="#b38a73" NAME="Brillux 18.09.18" Spot="1" />
 <COLOR RGB="#97715d" NAME="Brillux 18.09.21" Spot="1" />
 <COLOR RGB="#865f4c" NAME="Brillux 18.09.24" Spot="1" />
 <COLOR RGB="#5e4134" NAME="Brillux 18.09.27" Spot="1" />
 <COLOR RGB="#ffddc2" NAME="Brillux 18.12.06" Spot="1" />
 <COLOR RGB="#f0c7aa" NAME="Brillux 18.12.09" Spot="1" />
 <COLOR RGB="#edb796" NAME="Brillux 18.12.12" Spot="1" />
 <COLOR RGB="#daa07a" NAME="Brillux 18.12.15" Spot="1" />
 <COLOR RGB="#c28866" NAME="Brillux 18.12.18" Spot="1" />
 <COLOR RGB="#a77050" NAME="Brillux 18.12.21" Spot="1" />
 <COLOR RGB="#8c563c" NAME="Brillux 18.12.24" Spot="1" />
 <COLOR RGB="#754631" NAME="Brillux 18.12.27" Spot="1" />
 <COLOR RGB="#ffb68a" NAME="Brillux 18.15.12" Spot="1" />
 <COLOR RGB="#ed9d6e" NAME="Brillux 18.15.15" Spot="1" />
 <COLOR RGB="#c2784e" NAME="Brillux 18.15.18" Spot="1" />
 <COLOR RGB="#ab6940" NAME="Brillux 18.15.21" Spot="1" />
 <COLOR RGB="#a25c35" NAME="Brillux 18.15.24" Spot="1" />
 <COLOR RGB="#904d31" NAME="Brillux 18.15.27" Spot="1" />
 <COLOR RGB="#ed9254" NAME="Brillux 18.18.15" Spot="1" />
 <COLOR RGB="#d0773f" NAME="Brillux 18.18.18" Spot="1" />
 <COLOR RGB="#f68c41" NAME="Brillux 18.21.15" Spot="1" />
 <COLOR RGB="#de7228" NAME="Brillux 18.21.18" Spot="1" />
 <COLOR RGB="#f88100" NAME="Brillux 18.24.18" Spot="1" />
 <COLOR RGB="#d77008" NAME="Brillux 18.24.21" Spot="1" />
 <COLOR RGB="#fceddd" NAME="Brillux 21.09.03" Spot="1" />
 <COLOR RGB="#f0dccb" NAME="Brillux 21.09.06" Spot="1" />
 <COLOR RGB="#e5cebc" NAME="Brillux 21.09.09" Spot="1" />
 <COLOR RGB="#d7b9a6" NAME="Brillux 21.09.12" Spot="1" />
 <COLOR RGB="#c9a796" NAME="Brillux 21.09.15" Spot="1" />
 <COLOR RGB="#b08b79" NAME="Brillux 21.09.18" Spot="1" />
 <COLOR RGB="#987264" NAME="Brillux 21.09.21" Spot="1" />
 <COLOR RGB="#795143" NAME="Brillux 21.09.24" Spot="1" />
 <COLOR RGB="#613933" NAME="Brillux 21.09.27" Spot="1" />
 <COLOR RGB="#ffdec8" NAME="Brillux 21.12.06" Spot="1" />
 <COLOR RGB="#f3cdb8" NAME="Brillux 21.12.09" Spot="1" />
 <COLOR RGB="#e4b7a1" NAME="Brillux 21.12.12" Spot="1" />
 <COLOR RGB="#d6a287" NAME="Brillux 21.12.15" Spot="1" />
 <COLOR RGB="#bd856c" NAME="Brillux 21.12.18" Spot="1" />
 <COLOR RGB="#ac6b54" NAME="Brillux 21.12.21" Spot="1" />
 <COLOR RGB="#8d4f3c" NAME="Brillux 21.12.24" Spot="1" />
 <COLOR RGB="#6f3f33" NAME="Brillux 21.12.27" Spot="1" />
 <COLOR RGB="#683b34" NAME="Brillux 21.12.30" Spot="1" />
 <COLOR RGB="#eea07e" NAME="Brillux 21.15.15" Spot="1" />
 <COLOR RGB="#cf7c5b" NAME="Brillux 21.15.18" Spot="1" />
 <COLOR RGB="#b05f41" NAME="Brillux 21.15.21" Spot="1" />
 <COLOR RGB="#904e39" NAME="Brillux 21.15.24" Spot="1" />
 <COLOR RGB="#ffbc9a" NAME="Brillux 21.18.12" Spot="1" />
 <COLOR RGB="#ffa976" NAME="Brillux 21.18.15" Spot="1" />
 <COLOR RGB="#f37b33" NAME="Brillux 21.18.18" Spot="1" />
 <COLOR RGB="#ea6e2f" NAME="Brillux 21.18.21" Spot="1" />
 <COLOR RGB="#cb6235" NAME="Brillux 21.18.24" Spot="1" />
 <COLOR RGB="#8e614e" NAME="Brillux 21.ME.01" Spot="1" />
 <COLOR RGB="#faede4" NAME="Brillux 24.06.03" Spot="1" />
 <COLOR RGB="#ecdbcf" NAME="Brillux 24.06.06" Spot="1" />
 <COLOR RGB="#e4d0c6" NAME="Brillux 24.06.09" Spot="1" />
 <COLOR RGB="#d5c0b7" NAME="Brillux 24.06.12" Spot="1" />
 <COLOR RGB="#c3ada5" NAME="Brillux 24.06.15" Spot="1" />
 <COLOR RGB="#a79089" NAME="Brillux 24.06.18" Spot="1" />
 <COLOR RGB="#967d70" NAME="Brillux 24.06.21" Spot="1" />
 <COLOR RGB="#78605a" NAME="Brillux 24.06.24" Spot="1" />
 <COLOR RGB="#5f4949" NAME="Brillux 24.06.27" Spot="1" />
 <COLOR RGB="#432d30" NAME="Brillux 24.06.30" Spot="1" />
 <COLOR RGB="#eecdbf" NAME="Brillux 24.09.09" Spot="1" />
 <COLOR RGB="#e1bbab" NAME="Brillux 24.09.12" Spot="1" />
 <COLOR RGB="#d0a697" NAME="Brillux 24.09.15" Spot="1" />
 <COLOR RGB="#b78b7d" NAME="Brillux 24.09.18" Spot="1" />
 <COLOR RGB="#9e7c72" NAME="Brillux 24.09.21" Spot="1" />
 <COLOR RGB="#805851" NAME="Brillux 24.09.24" Spot="1" />
 <COLOR RGB="#623f3d" NAME="Brillux 24.09.27" Spot="1" />
 <COLOR RGB="#4e322b" NAME="Brillux 24.09.30" Spot="1" />
 <COLOR RGB="#fde8db" NAME="Brillux 24.12.03" Spot="1" />
 <COLOR RGB="#ffdccc" NAME="Brillux 24.12.06" Spot="1" />
 <COLOR RGB="#ffc8b3" NAME="Brillux 24.12.09" Spot="1" />
 <COLOR RGB="#efb7a2" NAME="Brillux 24.12.12" Spot="1" />
 <COLOR RGB="#e2a390" NAME="Brillux 24.12.15" Spot="1" />
 <COLOR RGB="#c68871" NAME="Brillux 24.12.18" Spot="1" />
 <COLOR RGB="#a86b5b" NAME="Brillux 24.12.21" Spot="1" />
 <COLOR RGB="#fcb49b" NAME="Brillux 24.15.12" Spot="1" />
 <COLOR RGB="#f19f84" NAME="Brillux 24.15.15" Spot="1" />
 <COLOR RGB="#d57b67" NAME="Brillux 24.15.18" Spot="1" />
 <COLOR RGB="#cd6a56" NAME="Brillux 24.15.21" Spot="1" />
 <COLOR RGB="#974c3b" NAME="Brillux 24.15.24" Spot="1" />
 <COLOR RGB="#703f39" NAME="Brillux 24.15.27" Spot="1" />
 <COLOR RGB="#5b3231" NAME="Brillux 24.15.30" Spot="1" />
 <COLOR RGB="#d06954" NAME="Brillux 24.18.21" Spot="1" />
 <COLOR RGB="#a04737" NAME="Brillux 24.18.24" Spot="1" />
 <COLOR RGB="#8b4639" NAME="Brillux 24.18.27" Spot="1" />
 <COLOR RGB="#ee663f" NAME="Brillux 24.21.15" Spot="1" />
 <COLOR RGB="#e25720" NAME="Brillux 24.21.18" Spot="1" />
 <COLOR RGB="#e05e2c" NAME="Brillux 24.21.21" Spot="1" />
 <COLOR RGB="#b84e2c" NAME="Brillux 24.21.24" Spot="1" />
 <COLOR RGB="#d94d28" NAME="Brillux 24.24.21" Spot="1" />
 <COLOR RGB="#ab4332" NAME="Brillux 24.24.24" Spot="1" />
 <COLOR RGB="#f3e0d6" NAME="Brillux 27.09.03" Spot="1" />
 <COLOR RGB="#f8e3d9" NAME="Brillux 27.09.06" Spot="1" />
 <COLOR RGB="#ecd0ca" NAME="Brillux 27.09.09" Spot="1" />
 <COLOR RGB="#dec0bc" NAME="Brillux 27.09.12" Spot="1" />
 <COLOR RGB="#cbaaa6" NAME="Brillux 27.09.15" Spot="1" />
 <COLOR RGB="#c89e94" NAME="Brillux 27.09.18" Spot="1" />
 <COLOR RGB="#ae7b6c" NAME="Brillux 27.09.21" Spot="1" />
 <COLOR RGB="#845653" NAME="Brillux 27.09.24" Spot="1" />
 <COLOR RGB="#713b3d" NAME="Brillux 27.09.27" Spot="1" />
 <COLOR RGB="#5b292d" NAME="Brillux 27.09.30" Spot="1" />
 <COLOR RGB="#fde0d7" NAME="Brillux 27.12.06" Spot="1" />
 <COLOR RGB="#f3cdc4" NAME="Brillux 27.12.09" Spot="1" />
 <COLOR RGB="#eabeb7" NAME="Brillux 27.12.12" Spot="1" />
 <COLOR RGB="#dda69d" NAME="Brillux 27.12.15" Spot="1" />
 <COLOR RGB="#c6847c" NAME="Brillux 27.12.18" Spot="1" />
 <COLOR RGB="#b37566" NAME="Brillux 27.12.21" Spot="1" />
 <COLOR RGB="#8d4d49" NAME="Brillux 27.12.24" Spot="1" />
 <COLOR RGB="#7b3938" NAME="Brillux 27.12.27" Spot="1" />
 <COLOR RGB="#762827" NAME="Brillux 27.12.30" Spot="1" />
 <COLOR RGB="#ffd7cd" NAME="Brillux 27.15.06" Spot="1" />
 <COLOR RGB="#ffc6bb" NAME="Brillux 27.15.09" Spot="1" />
 <COLOR RGB="#f9b3a9" NAME="Brillux 27.15.12" Spot="1" />
 <COLOR RGB="#eaa69c" NAME="Brillux 27.15.15" Spot="1" />
 <COLOR RGB="#d47b6f" NAME="Brillux 27.15.18" Spot="1" />
 <COLOR RGB="#b46158" NAME="Brillux 27.15.21" Spot="1" />
 <COLOR RGB="#9d443e" NAME="Brillux 27.15.24" Spot="1" />
 <COLOR RGB="#f4998c" NAME="Brillux 27.18.15" Spot="1" />
 <COLOR RGB="#e17264" NAME="Brillux 27.18.18" Spot="1" />
 <COLOR RGB="#c0574f" NAME="Brillux 27.18.21" Spot="1" />
 <COLOR RGB="#a6463c" NAME="Brillux 27.18.24" Spot="1" />
 <COLOR RGB="#963731" NAME="Brillux 27.18.27" Spot="1" />
 <COLOR RGB="#86282d" NAME="Brillux 27.18.30" Spot="1" />
 <COLOR RGB="#e66c63" NAME="Brillux 27.21.18" Spot="1" />
 <COLOR RGB="#ba3e2d" NAME="Brillux 27.21.21" Spot="1" />
 <COLOR RGB="#b83435" NAME="Brillux 27.21.24" Spot="1" />
 <COLOR RGB="#9f2f30" NAME="Brillux 27.21.27" Spot="1" />
 <COLOR RGB="#a6383e" NAME="Brillux 27.21.30" Spot="1" />
 <COLOR RGB="#b82824" NAME="Brillux 27.24.24" Spot="1" />
 <COLOR RGB="#aa3432" NAME="Brillux 27.24.27" Spot="1" />
 <COLOR RGB="#9c3031" NAME="Brillux 27.24.30" Spot="1" />
 <COLOR RGB="#f0e0dd" NAME="Brillux 30.06.06" Spot="1" />
 <COLOR RGB="#e3d0cf" NAME="Brillux 30.06.09" Spot="1" />
 <COLOR RGB="#d8c7c6" NAME="Brillux 30.06.12" Spot="1" />
 <COLOR RGB="#baaaaa" NAME="Brillux 30.06.15" Spot="1" />
 <COLOR RGB="#a79395" NAME="Brillux 30.06.18" Spot="1" />
 <COLOR RGB="#8c7476" NAME="Brillux 30.06.21" Spot="1" />
 <COLOR RGB="#725c5f" NAME="Brillux 30.06.24" Spot="1" />
 <COLOR RGB="#5e4a4f" NAME="Brillux 30.06.27" Spot="1" />
 <COLOR RGB="#47383d" NAME="Brillux 30.06.30" Spot="1" />
 <COLOR RGB="#fde8e2" NAME="Brillux 30.09.03" Spot="1" />
 <COLOR RGB="#f8dfdd" NAME="Brillux 30.09.06" Spot="1" />
 <COLOR RGB="#eacdcb" NAME="Brillux 30.09.09" Spot="1" />
 <COLOR RGB="#e1b9b8" NAME="Brillux 30.09.12" Spot="1" />
 <COLOR RGB="#d69fa0" NAME="Brillux 30.09.15" Spot="1" />
 <COLOR RGB="#ca8787" NAME="Brillux 30.09.18" Spot="1" />
 <COLOR RGB="#9c7272" NAME="Brillux 30.09.21" Spot="1" />
 <COLOR RGB="#845c5d" NAME="Brillux 30.09.24" Spot="1" />
 <COLOR RGB="#684145" NAME="Brillux 30.09.27" Spot="1" />
 <COLOR RGB="#503339" NAME="Brillux 30.09.30" Spot="1" />
 <COLOR RGB="#a2686c" NAME="Brillux 30.12.21" Spot="1" />
 <COLOR RGB="#8e5258" NAME="Brillux 30.12.24" Spot="1" />
 <COLOR RGB="#733a43" NAME="Brillux 30.12.27" Spot="1" />
 <COLOR RGB="#562c36" NAME="Brillux 30.12.30" Spot="1" />
 <COLOR RGB="#feddda" NAME="Brillux 30.15.06" Spot="1" />
 <COLOR RGB="#fbcbc8" NAME="Brillux 30.15.09" Spot="1" />
 <COLOR RGB="#f1b7b4" NAME="Brillux 30.15.12" Spot="1" />
 <COLOR RGB="#e59c9a" NAME="Brillux 30.15.15" Spot="1" />
 <COLOR RGB="#d78682" NAME="Brillux 30.15.18" Spot="1" />
 <COLOR RGB="#c97376" NAME="Brillux 30.15.21" Spot="1" />
 <COLOR RGB="#b56061" NAME="Brillux 30.15.24" Spot="1" />
 <COLOR RGB="#94494a" NAME="Brillux 30.15.27" Spot="1" />
 <COLOR RGB="#833743" NAME="Brillux 30.15.30" Spot="1" />
 <COLOR RGB="#672834" NAME="Brillux 30.15.33" Spot="1" />
 <COLOR RGB="#f5b0b4" NAME="Brillux 30.18.12" Spot="1" />
 <COLOR RGB="#ed9098" NAME="Brillux 30.18.15" Spot="1" />
 <COLOR RGB="#dc6a75" NAME="Brillux 30.18.18" Spot="1" />
 <COLOR RGB="#c8565f" NAME="Brillux 30.18.21" Spot="1" />
 <COLOR RGB="#c74652" NAME="Brillux 30.18.24" Spot="1" />
 <COLOR RGB="#ab2e43" NAME="Brillux 30.18.27" Spot="1" />
 <COLOR RGB="#8f2330" NAME="Brillux 30.18.30" Spot="1" />
 <COLOR RGB="#6d262d" NAME="Brillux 30.18.33" Spot="1" />
 <COLOR RGB="#cb5869" NAME="Brillux 30.21.21" Spot="1" />
 <COLOR RGB="#a24351" NAME="Brillux 30.21.24" Spot="1" />
 <COLOR RGB="#b43941" NAME="Brillux 30.24.21" Spot="1" />
 <COLOR RGB="#9f303b" NAME="Brillux 30.24.24" Spot="1" />
 <COLOR RGB="#f5eee8" NAME="Brillux 33.06.03" Spot="1" />
 <COLOR RGB="#f1e3df" NAME="Brillux 33.06.06" Spot="1" />
 <COLOR RGB="#e0d2cf" NAME="Brillux 33.06.09" Spot="1" />
 <COLOR RGB="#d0c3c2" NAME="Brillux 33.06.12" Spot="1" />
 <COLOR RGB="#b9aeae" NAME="Brillux 33.06.15" Spot="1" />
 <COLOR RGB="#a59a9a" NAME="Brillux 33.06.18" Spot="1" />
 <COLOR RGB="#9b9291" NAME="Brillux 33.06.21" Spot="1" />
 <COLOR RGB="#827476" NAME="Brillux 33.06.24" Spot="1" />
 <COLOR RGB="#6c5e61" NAME="Brillux 33.06.27" Spot="1" />
 <COLOR RGB="#544b50" NAME="Brillux 33.06.30" Spot="1" />
 <COLOR RGB="#e4cecf" NAME="Brillux 33.09.12" Spot="1" />
 <COLOR RGB="#c8aeae" NAME="Brillux 33.09.15" Spot="1" />
 <COLOR RGB="#9c8285" NAME="Brillux 33.09.18" Spot="1" />
 <COLOR RGB="#9a757c" NAME="Brillux 33.09.21" Spot="1" />
 <COLOR RGB="#7c5962" NAME="Brillux 33.09.24" Spot="1" />
 <COLOR RGB="#65404b" NAME="Brillux 33.09.27" Spot="1" />
 <COLOR RGB="#592e38" NAME="Brillux 33.09.30" Spot="1" />
 <COLOR RGB="#f5e2e0" NAME="Brillux 33.12.06" Spot="1" />
 <COLOR RGB="#e9cccf" NAME="Brillux 33.12.09" Spot="1" />
 <COLOR RGB="#e6babe" NAME="Brillux 33.12.12" Spot="1" />
 <COLOR RGB="#d7a1a9" NAME="Brillux 33.12.15" Spot="1" />
 <COLOR RGB="#bb868f" NAME="Brillux 33.12.18" Spot="1" />
 <COLOR RGB="#a36d7b" NAME="Brillux 33.12.21" Spot="1" />
 <COLOR RGB="#8e5a6b" NAME="Brillux 33.12.24" Spot="1" />
 <COLOR RGB="#6f3b4e" NAME="Brillux 33.12.27" Spot="1" />
 <COLOR RGB="#4f2b3c" NAME="Brillux 33.12.30" Spot="1" />
 <COLOR RGB="#af6479" NAME="Brillux 33.15.21" Spot="1" />
 <COLOR RGB="#8f4251" NAME="Brillux 33.15.24" Spot="1" />
 <COLOR RGB="#68263d" NAME="Brillux 33.15.27" Spot="1" />
 <COLOR RGB="#b2334b" NAME="Brillux 33.18.24" Spot="1" />
 <COLOR RGB="#852a40" NAME="Brillux 33.18.27" Spot="1" />
 <COLOR RGB="#f7edeb" NAME="Brillux 36.03.03" Spot="1" />
 <COLOR RGB="#e8dfde" NAME="Brillux 36.03.06" Spot="1" />
 <COLOR RGB="#dbd2d3" NAME="Brillux 36.03.09" Spot="1" />
 <COLOR RGB="#c7bdc0" NAME="Brillux 36.03.12" Spot="1" />
 <COLOR RGB="#bbb0b3" NAME="Brillux 36.03.15" Spot="1" />
 <COLOR RGB="#9a9194" NAME="Brillux 36.03.18" Spot="1" />
 <COLOR RGB="#80787c" NAME="Brillux 36.03.21" Spot="1" />
 <COLOR RGB="#685f65" NAME="Brillux 36.03.24" Spot="1" />
 <COLOR RGB="#524a51" NAME="Brillux 36.03.27" Spot="1" />
 <COLOR RGB="#3f383e" NAME="Brillux 36.03.30" Spot="1" />
 <COLOR RGB="#faeceb" NAME="Brillux 36.06.03" Spot="1" />
 <COLOR RGB="#f1dfe2" NAME="Brillux 36.06.06" Spot="1" />
 <COLOR RGB="#e6ced5" NAME="Brillux 36.06.09" Spot="1" />
 <COLOR RGB="#debfca" NAME="Brillux 36.06.12" Spot="1" />
 <COLOR RGB="#c7a9b5" NAME="Brillux 36.06.15" Spot="1" />
 <COLOR RGB="#b08c9b" NAME="Brillux 36.06.18" Spot="1" />
 <COLOR RGB="#927381" NAME="Brillux 36.06.21" Spot="1" />
 <COLOR RGB="#7a5c6c" NAME="Brillux 36.06.24" Spot="1" />
 <COLOR RGB="#604553" NAME="Brillux 36.06.27" Spot="1" />
 <COLOR RGB="#4a3141" NAME="Brillux 36.06.30" Spot="1" />
 <COLOR RGB="#f4d9e1" NAME="Brillux 36.09.06" Spot="1" />
 <COLOR RGB="#f4c8d7" NAME="Brillux 36.09.09" Spot="1" />
 <COLOR RGB="#edb4c9" NAME="Brillux 36.09.12" Spot="1" />
 <COLOR RGB="#e299b8" NAME="Brillux 36.09.15" Spot="1" />
 <COLOR RGB="#c6819f" NAME="Brillux 36.09.18" Spot="1" />
 <COLOR RGB="#ac6788" NAME="Brillux 36.09.21" Spot="1" />
 <COLOR RGB="#8f4d6e" NAME="Brillux 36.09.24" Spot="1" />
 <COLOR RGB="#713557" NAME="Brillux 36.09.27" Spot="1" />
 <COLOR RGB="#532441" NAME="Brillux 36.09.30" Spot="1" />
 <COLOR RGB="#49293f" NAME="Brillux 36.09.33" Spot="1" />
 <COLOR RGB="#c4628f" NAME="Brillux 36.12.21" Spot="1" />
 <COLOR RGB="#a14174" NAME="Brillux 36.12.24" Spot="1" />
 <COLOR RGB="#842f5e" NAME="Brillux 36.12.27" Spot="1" />
 <COLOR RGB="#bd447b" NAME="Brillux 36.15.21" Spot="1" />
 <COLOR RGB="#a9316b" NAME="Brillux 36.15.24" Spot="1" />
 <COLOR RGB="#862e54" NAME="Brillux 36.15.27" Spot="1" />
 <COLOR RGB="#eee1e4" NAME="Brillux 39.06.06" Spot="1" />
 <COLOR RGB="#e2d4d8" NAME="Brillux 39.06.09" Spot="1" />
 <COLOR RGB="#d2c6cb" NAME="Brillux 39.06.12" Spot="1" />
 <COLOR RGB="#b9afb6" NAME="Brillux 39.06.15" Spot="1" />
 <COLOR RGB="#9b9096" NAME="Brillux 39.06.18" Spot="1" />
 <COLOR RGB="#877a81" NAME="Brillux 39.06.21" Spot="1" />
 <COLOR RGB="#6f6168" NAME="Brillux 39.06.24" Spot="1" />
 <COLOR RGB="#554753" NAME="Brillux 39.06.27" Spot="1" />
 <COLOR RGB="#433d3c" NAME="Brillux 39.06.30" Spot="1" />
 <COLOR RGB="#e4d0d8" NAME="Brillux 39.09.09" Spot="1" />
 <COLOR RGB="#d6bfc9" NAME="Brillux 39.09.12" Spot="1" />
 <COLOR RGB="#c3abb9" NAME="Brillux 39.09.15" Spot="1" />
 <COLOR RGB="#a78f9e" NAME="Brillux 39.09.18" Spot="1" />
 <COLOR RGB="#9f8793" NAME="Brillux 39.09.21" Spot="1" />
 <COLOR RGB="#785c6f" NAME="Brillux 39.09.24" Spot="1" />
 <COLOR RGB="#5b3e54" NAME="Brillux 39.09.27" Spot="1" />
 <COLOR RGB="#eeceda" NAME="Brillux 39.12.09" Spot="1" />
 <COLOR RGB="#debbcc" NAME="Brillux 39.12.12" Spot="1" />
 <COLOR RGB="#c7a1b8" NAME="Brillux 39.12.15" Spot="1" />
 <COLOR RGB="#b58aa5" NAME="Brillux 39.12.18" Spot="1" />
 <COLOR RGB="#986e88" NAME="Brillux 39.12.21" Spot="1" />
 <COLOR RGB="#7c5570" NAME="Brillux 39.12.24" Spot="1" />
 <COLOR RGB="#64395b" NAME="Brillux 39.12.27" Spot="1" />
 <COLOR RGB="#f5dee5" NAME="Brillux 39.15.09" Spot="1" />
 <COLOR RGB="#ebb2d0" NAME="Brillux 39.15.12" Spot="1" />
 <COLOR RGB="#e09ac3" NAME="Brillux 39.15.15" Spot="1" />
 <COLOR RGB="#ca7eab" NAME="Brillux 39.15.18" Spot="1" />
 <COLOR RGB="#a86c90" NAME="Brillux 39.15.21" Spot="1" />
 <COLOR RGB="#884f73" NAME="Brillux 39.15.24" Spot="1" />
 <COLOR RGB="#763c62" NAME="Brillux 39.15.27" Spot="1" />
 <COLOR RGB="#4e2647" NAME="Brillux 39.15.30" Spot="1" />
 <COLOR RGB="#bc609a" NAME="Brillux 39.18.21" Spot="1" />
 <COLOR RGB="#933877" NAME="Brillux 39.18.24" Spot="1" />
 <COLOR RGB="#989494" NAME="Brillux 42.03.18" Spot="1" />
 <COLOR RGB="#efedea" NAME="Brillux 42.06.03" Spot="1" />
 <COLOR RGB="#eae1e1" NAME="Brillux 42.06.06" Spot="1" />
 <COLOR RGB="#dbd0d4" NAME="Brillux 42.06.09" Spot="1" />
 <COLOR RGB="#cec4c9" NAME="Brillux 42.06.12" Spot="1" />
 <COLOR RGB="#b8adb4" NAME="Brillux 42.06.15" Spot="1" />
 <COLOR RGB="#a0939b" NAME="Brillux 42.06.18" Spot="1" />
 <COLOR RGB="#867b82" NAME="Brillux 42.06.21" Spot="1" />
 <COLOR RGB="#6e636b" NAME="Brillux 42.06.24" Spot="1" />
 <COLOR RGB="#5a4e5c" NAME="Brillux 42.06.27" Spot="1" />
 <COLOR RGB="#a28c9f" NAME="Brillux 42.09.18" Spot="1" />
 <COLOR RGB="#8a7489" NAME="Brillux 42.09.21" Spot="1" />
 <COLOR RGB="#725d73" NAME="Brillux 42.09.24" Spot="1" />
 <COLOR RGB="#5a455e" NAME="Brillux 42.09.27" Spot="1" />
 <COLOR RGB="#f6dee8" NAME="Brillux 42.12.06" Spot="1" />
 <COLOR RGB="#e7cedc" NAME="Brillux 42.12.09" Spot="1" />
 <COLOR RGB="#dabdcd" NAME="Brillux 42.12.12" Spot="1" />
 <COLOR RGB="#c7a5bd" NAME="Brillux 42.12.15" Spot="1" />
 <COLOR RGB="#b08aa8" NAME="Brillux 42.12.18" Spot="1" />
 <COLOR RGB="#94708f" NAME="Brillux 42.12.21" Spot="1" />
 <COLOR RGB="#856286" NAME="Brillux 42.12.24" Spot="1" />
 <COLOR RGB="#d0a2c3" NAME="Brillux 42.15.15" Spot="1" />
 <COLOR RGB="#bd8bb2" NAME="Brillux 42.15.18" Spot="1" />
 <COLOR RGB="#a06b97" NAME="Brillux 42.15.21" Spot="1" />
 <COLOR RGB="#84567e" NAME="Brillux 42.15.24" Spot="1" />
 <COLOR RGB="#624063" NAME="Brillux 42.15.27" Spot="1" />
 <COLOR RGB="#432a45" NAME="Brillux 42.15.30" Spot="1" />
 <COLOR RGB="#dd98ca" NAME="Brillux 42.18.15" Spot="1" />
 <COLOR RGB="#c97fb8" NAME="Brillux 42.18.18" Spot="1" />
 <COLOR RGB="#ae63a2" NAME="Brillux 42.18.21" Spot="1" />
 <COLOR RGB="#904689" NAME="Brillux 42.18.24" Spot="1" />
 <COLOR RGB="#7e3369" NAME="Brillux 42.18.27" Spot="1" />
 <COLOR RGB="#ddb9d9" NAME="Brillux 42.21.12" Spot="1" />
 <COLOR RGB="#c8a0ca" NAME="Brillux 42.21.15" Spot="1" />
 <COLOR RGB="#af84b9" NAME="Brillux 42.21.18" Spot="1" />
 <COLOR RGB="#a16da6" NAME="Brillux 42.21.21" Spot="1" />
 <COLOR RGB="#874b82" NAME="Brillux 42.21.24" Spot="1" />
 <COLOR RGB="#733872" NAME="Brillux 42.21.27" Spot="1" />
 <COLOR RGB="#9c9b97" NAME="Brillux 42.ME.01" Spot="1" />
 <COLOR RGB="#f3efed" NAME="Brillux 45.06.03" Spot="1" />
 <COLOR RGB="#e8e5e5" NAME="Brillux 45.06.06" Spot="1" />
 <COLOR RGB="#d6d3d7" NAME="Brillux 45.06.09" Spot="1" />
 <COLOR RGB="#c1bdc3" NAME="Brillux 45.06.12" Spot="1" />
 <COLOR RGB="#b6b3b8" NAME="Brillux 45.06.15" Spot="1" />
 <COLOR RGB="#96929a" NAME="Brillux 45.06.18" Spot="1" />
 <COLOR RGB="#827e86" NAME="Brillux 45.06.21" Spot="1" />
 <COLOR RGB="#666169" NAME="Brillux 45.06.24" Spot="1" />
 <COLOR RGB="#504c56" NAME="Brillux 45.06.27" Spot="1" />
 <COLOR RGB="#373644" NAME="Brillux 45.06.30" Spot="1" />
 <COLOR RGB="#efecee" NAME="Brillux 45.09.06" Spot="1" />
 <COLOR RGB="#dcd0d9" NAME="Brillux 45.09.09" Spot="1" />
 <COLOR RGB="#ccbfcc" NAME="Brillux 45.09.12" Spot="1" />
 <COLOR RGB="#bcafc1" NAME="Brillux 45.09.15" Spot="1" />
 <COLOR RGB="#a697a8" NAME="Brillux 45.09.18" Spot="1" />
 <COLOR RGB="#887c91" NAME="Brillux 45.09.21" Spot="1" />
 <COLOR RGB="#6a5f77" NAME="Brillux 45.09.24" Spot="1" />
 <COLOR RGB="#554762" NAME="Brillux 45.09.27" Spot="1" />
 <COLOR RGB="#433555" NAME="Brillux 45.09.30" Spot="1" />
 <COLOR RGB="#e5dfea" NAME="Brillux 45.12.06" Spot="1" />
 <COLOR RGB="#e1d6e5" NAME="Brillux 45.12.09" Spot="1" />
 <COLOR RGB="#d0c2d9" NAME="Brillux 45.12.12" Spot="1" />
 <COLOR RGB="#bcacc9" NAME="Brillux 45.12.15" Spot="1" />
 <COLOR RGB="#9d93a9" NAME="Brillux 45.12.18" Spot="1" />
 <COLOR RGB="#89779d" NAME="Brillux 45.12.21" Spot="1" />
 <COLOR RGB="#746185" NAME="Brillux 45.12.24" Spot="1" />
 <COLOR RGB="#59456c" NAME="Brillux 45.12.27" Spot="1" />
 <COLOR RGB="#907596" NAME="Brillux 45.15.21" Spot="1" />
 <COLOR RGB="#755a7e" NAME="Brillux 45.15.24" Spot="1" />
 <COLOR RGB="#5a3e62" NAME="Brillux 45.15.27" Spot="1" />
 <COLOR RGB="#d3c1df" NAME="Brillux 45.18.12" Spot="1" />
 <COLOR RGB="#c0a6d5" NAME="Brillux 45.18.15" Spot="1" />
 <COLOR RGB="#ab8ac6" NAME="Brillux 45.18.18" Spot="1" />
 <COLOR RGB="#9571b1" NAME="Brillux 45.18.21" Spot="1" />
 <COLOR RGB="#7b5598" NAME="Brillux 45.18.24" Spot="1" />
 <COLOR RGB="#603f7c" NAME="Brillux 45.18.27" Spot="1" />
 <COLOR RGB="#462858" NAME="Brillux 45.18.30" Spot="1" />
 <COLOR RGB="#8c8a86" NAME="Brillux 45.ME.01" Spot="1" />
 <COLOR RGB="#dde0e7" NAME="Brillux 48.06.06" Spot="1" />
 <COLOR RGB="#d4d9e0" NAME="Brillux 48.06.09" Spot="1" />
 <COLOR RGB="#c2c7ce" NAME="Brillux 48.06.12" Spot="1" />
 <COLOR RGB="#a9afb7" NAME="Brillux 48.06.15" Spot="1" />
 <COLOR RGB="#9499a1" NAME="Brillux 48.06.18" Spot="1" />
 <COLOR RGB="#7c808c" NAME="Brillux 48.06.21" Spot="1" />
 <COLOR RGB="#5f6371" NAME="Brillux 48.06.24" Spot="1" />
 <COLOR RGB="#4b4f5e" NAME="Brillux 48.06.27" Spot="1" />
 <COLOR RGB="#343644" NAME="Brillux 48.06.30" Spot="1" />
 <COLOR RGB="#c8c5d3" NAME="Brillux 48.09.12" Spot="1" />
 <COLOR RGB="#b6b0c5" NAME="Brillux 48.09.15" Spot="1" />
 <COLOR RGB="#9a95aa" NAME="Brillux 48.09.18" Spot="1" />
 <COLOR RGB="#817b94" NAME="Brillux 48.09.21" Spot="1" />
 <COLOR RGB="#68617c" NAME="Brillux 48.09.24" Spot="1" />
 <COLOR RGB="#4e4862" NAME="Brillux 48.09.27" Spot="1" />
 <COLOR RGB="#3e3453" NAME="Brillux 48.09.30" Spot="1" />
 <COLOR RGB="#ded6eb" NAME="Brillux 48.12.09" Spot="1" />
 <COLOR RGB="#cac3e1" NAME="Brillux 48.12.12" Spot="1" />
 <COLOR RGB="#b5acc9" NAME="Brillux 48.12.15" Spot="1" />
 <COLOR RGB="#9f94b6" NAME="Brillux 48.12.18" Spot="1" />
 <COLOR RGB="#806c9e" NAME="Brillux 48.12.21" Spot="1" />
 <COLOR RGB="#685d80" NAME="Brillux 48.12.24" Spot="1" />
 <COLOR RGB="#51466b" NAME="Brillux 48.12.27" Spot="1" />
 <COLOR RGB="#b8acd5" NAME="Brillux 48.15.15" Spot="1" />
 <COLOR RGB="#a092c1" NAME="Brillux 48.15.18" Spot="1" />
 <COLOR RGB="#8c77b5" NAME="Brillux 48.15.21" Spot="1" />
 <COLOR RGB="#745a9e" NAME="Brillux 48.15.24" Spot="1" />
 <COLOR RGB="#5c4281" NAME="Brillux 48.15.27" Spot="1" />
 <COLOR RGB="#4c3668" NAME="Brillux 48.15.30" Spot="1" />
 <COLOR RGB="#443661" NAME="Brillux 48.15.33" Spot="1" />
 <COLOR RGB="#684f94" NAME="Brillux 48.18.24" Spot="1" />
 <COLOR RGB="#c9cac9" NAME="Brillux 51.03.12" Spot="1" />
 <COLOR RGB="#9c9c9d" NAME="Brillux 51.03.18" Spot="1" />
 <COLOR RGB="#808180" NAME="Brillux 51.03.24" Spot="1" />
 <COLOR RGB="#e2e1e4" NAME="Brillux 51.06.06" Spot="1" />
 <COLOR RGB="#d5d5db" NAME="Brillux 51.06.09" Spot="1" />
 <COLOR RGB="#c5c5cf" NAME="Brillux 51.06.12" Spot="1" />
 <COLOR RGB="#b2b2bd" NAME="Brillux 51.06.15" Spot="1" />
 <COLOR RGB="#9a9aa5" NAME="Brillux 51.06.18" Spot="1" />
 <COLOR RGB="#7d7e8b" NAME="Brillux 51.06.21" Spot="1" />
 <COLOR RGB="#676978" NAME="Brillux 51.06.24" Spot="1" />
 <COLOR RGB="#525263" NAME="Brillux 51.06.27" Spot="1" />
 <COLOR RGB="#373645" NAME="Brillux 51.06.30" Spot="1" />
 <COLOR RGB="#dfe2ec" NAME="Brillux 51.09.06" Spot="1" />
 <COLOR RGB="#cfd3e0" NAME="Brillux 51.09.09" Spot="1" />
 <COLOR RGB="#c4c6d7" NAME="Brillux 51.09.12" Spot="1" />
 <COLOR RGB="#afafc5" NAME="Brillux 51.09.15" Spot="1" />
 <COLOR RGB="#9495ab" NAME="Brillux 51.09.18" Spot="1" />
 <COLOR RGB="#7b7b96" NAME="Brillux 51.09.21" Spot="1" />
 <COLOR RGB="#656680" NAME="Brillux 51.09.24" Spot="1" />
 <COLOR RGB="#4d4e69" NAME="Brillux 51.09.27" Spot="1" />
 <COLOR RGB="#b1afcd" NAME="Brillux 51.12.15" Spot="1" />
 <COLOR RGB="#9596b5" NAME="Brillux 51.12.18" Spot="1" />
 <COLOR RGB="#807fa1" NAME="Brillux 51.12.21" Spot="1" />
 <COLOR RGB="#696a91" NAME="Brillux 51.12.24" Spot="1" />
 <COLOR RGB="#545377" NAME="Brillux 51.12.27" Spot="1" />
 <COLOR RGB="#32335d" NAME="Brillux 51.12.30" Spot="1" />
 <COLOR RGB="#d4d5ec" NAME="Brillux 51.15.09" Spot="1" />
 <COLOR RGB="#c0c1e5" NAME="Brillux 51.15.12" Spot="1" />
 <COLOR RGB="#adabdc" NAME="Brillux 51.15.15" Spot="1" />
 <COLOR RGB="#9c9acb" NAME="Brillux 51.15.18" Spot="1" />
 <COLOR RGB="#7c7cad" NAME="Brillux 51.15.21" Spot="1" />
 <COLOR RGB="#686594" NAME="Brillux 51.15.24" Spot="1" />
 <COLOR RGB="#4d4a7b" NAME="Brillux 51.15.27" Spot="1" />
 <COLOR RGB="#3d356f" NAME="Brillux 51.15.30" Spot="1" />
 <COLOR RGB="#8680ba" NAME="Brillux 51.18.21" Spot="1" />
 <COLOR RGB="#6c65a2" NAME="Brillux 51.18.24" Spot="1" />
 <COLOR RGB="#514a84" NAME="Brillux 51.18.27" Spot="1" />
 <COLOR RGB="#6c6a69" NAME="Brillux 51.ME.01" Spot="1" />
 <COLOR RGB="#c2c8d5" NAME="Brillux 54.09.12" Spot="1" />
 <COLOR RGB="#aab2c6" NAME="Brillux 54.09.15" Spot="1" />
 <COLOR RGB="#939cb1" NAME="Brillux 54.09.18" Spot="1" />
 <COLOR RGB="#777f95" NAME="Brillux 54.09.21" Spot="1" />
 <COLOR RGB="#5e657d" NAME="Brillux 54.09.24" Spot="1" />
 <COLOR RGB="#4b536b" NAME="Brillux 54.09.27" Spot="1" />
 <COLOR RGB="#373f55" NAME="Brillux 54.09.30" Spot="1" />
 <COLOR RGB="#e2e7ed" NAME="Brillux 54.12.06" Spot="1" />
 <COLOR RGB="#ccd3e2" NAME="Brillux 54.12.09" Spot="1" />
 <COLOR RGB="#bdc9df" NAME="Brillux 54.12.12" Spot="1" />
 <COLOR RGB="#a3b0ce" NAME="Brillux 54.12.15" Spot="1" />
 <COLOR RGB="#8c99bb" NAME="Brillux 54.12.18" Spot="1" />
 <COLOR RGB="#7182b0" NAME="Brillux 54.12.21" Spot="1" />
 <COLOR RGB="#546496" NAME="Brillux 54.12.24" Spot="1" />
 <COLOR RGB="#404e7c" NAME="Brillux 54.12.27" Spot="1" />
 <COLOR RGB="#2f3b67" NAME="Brillux 54.12.30" Spot="1" />
 <COLOR RGB="#bbc8e7" NAME="Brillux 54.15.12" Spot="1" />
 <COLOR RGB="#9fb1df" NAME="Brillux 54.15.15" Spot="1" />
 <COLOR RGB="#859bcc" NAME="Brillux 54.15.18" Spot="1" />
 <COLOR RGB="#6b81b9" NAME="Brillux 54.15.21" Spot="1" />
 <COLOR RGB="#4e68aa" NAME="Brillux 54.15.24" Spot="1" />
 <COLOR RGB="#3e4f8f" NAME="Brillux 54.15.27" Spot="1" />
 <COLOR RGB="#2b3d80" NAME="Brillux 54.15.30" Spot="1" />
 <COLOR RGB="#e7e9e6" NAME="Brillux 57.06.03" Spot="1" />
 <COLOR RGB="#dbe1e8" NAME="Brillux 57.06.06" Spot="1" />
 <COLOR RGB="#d5dce4" NAME="Brillux 57.06.09" Spot="1" />
 <COLOR RGB="#606874" NAME="Brillux 57.06.24" Spot="1" />
 <COLOR RGB="#4a535f" NAME="Brillux 57.06.27" Spot="1" />
 <COLOR RGB="#393f4b" NAME="Brillux 57.06.30" Spot="1" />
 <COLOR RGB="#303133" NAME="Brillux 57.06.33" Spot="1" />
 <COLOR RGB="#c8d5e5" NAME="Brillux 57.09.09" Spot="1" />
 <COLOR RGB="#bcc6d4" NAME="Brillux 57.09.12" Spot="1" />
 <COLOR RGB="#a4afbe" NAME="Brillux 57.09.15" Spot="1" />
 <COLOR RGB="#8c98ad" NAME="Brillux 57.09.18" Spot="1" />
 <COLOR RGB="#79869a" NAME="Brillux 57.09.21" Spot="1" />
 <COLOR RGB="#5e687f" NAME="Brillux 57.09.24" Spot="1" />
 <COLOR RGB="#4c566f" NAME="Brillux 57.09.27" Spot="1" />
 <COLOR RGB="#374256" NAME="Brillux 57.09.30" Spot="1" />
 <COLOR RGB="#283342" NAME="Brillux 57.09.33" Spot="1" />
 <COLOR RGB="#c9d7e9" NAME="Brillux 57.12.09" Spot="1" />
 <COLOR RGB="#b6c8e1" NAME="Brillux 57.12.12" Spot="1" />
 <COLOR RGB="#a5b7d2" NAME="Brillux 57.12.15" Spot="1" />
 <COLOR RGB="#8b9dbd" NAME="Brillux 57.12.18" Spot="1" />
 <COLOR RGB="#7284a8" NAME="Brillux 57.12.21" Spot="1" />
 <COLOR RGB="#57688b" NAME="Brillux 57.12.24" Spot="1" />
 <COLOR RGB="#394f73" NAME="Brillux 57.12.27" Spot="1" />
 <COLOR RGB="#2f3d58" NAME="Brillux 57.12.30" Spot="1" />
 <COLOR RGB="#273654" NAME="Brillux 57.12.33" Spot="1" />
 <COLOR RGB="#b2c6e7" NAME="Brillux 57.15.12" Spot="1" />
 <COLOR RGB="#99b0d8" NAME="Brillux 57.15.15" Spot="1" />
 <COLOR RGB="#849fcd" NAME="Brillux 57.15.18" Spot="1" />
 <COLOR RGB="#6a85b3" NAME="Brillux 57.15.21" Spot="1" />
 <COLOR RGB="#4e6794" NAME="Brillux 57.15.24" Spot="1" />
 <COLOR RGB="#304e7c" NAME="Brillux 57.15.27" Spot="1" />
 <COLOR RGB="#1d3d64" NAME="Brillux 57.15.30" Spot="1" />
 <COLOR RGB="#97b3e0" NAME="Brillux 57.18.15" Spot="1" />
 <COLOR RGB="#7d9ed2" NAME="Brillux 57.18.18" Spot="1" />
 <COLOR RGB="#557bb1" NAME="Brillux 57.18.21" Spot="1" />
 <COLOR RGB="#45679d" NAME="Brillux 57.18.24" Spot="1" />
 <COLOR RGB="#284f84" NAME="Brillux 57.18.27" Spot="1" />
 <COLOR RGB="#133b6a" NAME="Brillux 57.18.30" Spot="1" />
 <COLOR RGB="#759bd4" NAME="Brillux 57.21.18" Spot="1" />
 <COLOR RGB="#6587c2" NAME="Brillux 57.21.21" Spot="1" />
 <COLOR RGB="#4b6eb2" NAME="Brillux 57.21.24" Spot="1" />
 <COLOR RGB="#3a5e98" NAME="Brillux 57.21.27" Spot="1" />
 <COLOR RGB="#23508e" NAME="Brillux 57.21.30" Spot="1" />
 <COLOR RGB="#929698" NAME="Brillux 60.03.24" Spot="1" />
 <COLOR RGB="#f0f2ed" NAME="Brillux 60.06.03" Spot="1" />
 <COLOR RGB="#e2e5e7" NAME="Brillux 60.06.06" Spot="1" />
 <COLOR RGB="#cdd1d4" NAME="Brillux 60.06.09" Spot="1" />
 <COLOR RGB="#bdc3c8" NAME="Brillux 60.06.12" Spot="1" />
 <COLOR RGB="#afb3b8" NAME="Brillux 60.06.15" Spot="1" />
 <COLOR RGB="#999ea3" NAME="Brillux 60.06.18" Spot="1" />
 <COLOR RGB="#7a7f86" NAME="Brillux 60.06.21" Spot="1" />
 <COLOR RGB="#63666d" NAME="Brillux 60.06.24" Spot="1" />
 <COLOR RGB="#54575d" NAME="Brillux 60.06.27" Spot="1" />
 <COLOR RGB="#4d5055" NAME="Brillux 60.06.30" Spot="1" />
 <COLOR RGB="#e6edee" NAME="Brillux 60.09.03" Spot="1" />
 <COLOR RGB="#d9e4ea" NAME="Brillux 60.09.06" Spot="1" />
 <COLOR RGB="#c5d0d9" NAME="Brillux 60.09.09" Spot="1" />
 <COLOR RGB="#bec9d6" NAME="Brillux 60.09.12" Spot="1" />
 <COLOR RGB="#a7b5c4" NAME="Brillux 60.09.15" Spot="1" />
 <COLOR RGB="#90a0b1" NAME="Brillux 60.09.18" Spot="1" />
 <COLOR RGB="#697d97" NAME="Brillux 60.09.21" Spot="1" />
 <COLOR RGB="#57697f" NAME="Brillux 60.09.24" Spot="1" />
 <COLOR RGB="#43546b" NAME="Brillux 60.09.27" Spot="1" />
 <COLOR RGB="#314054" NAME="Brillux 60.09.30" Spot="1" />
 <COLOR RGB="#232731" NAME="Brillux 60.09.33" Spot="1" />
 <COLOR RGB="#c6d7e6" NAME="Brillux 60.12.09" Spot="1" />
 <COLOR RGB="#b4c8db" NAME="Brillux 60.12.12" Spot="1" />
 <COLOR RGB="#9db4ce" NAME="Brillux 60.12.15" Spot="1" />
 <COLOR RGB="#859ebe" NAME="Brillux 60.12.18" Spot="1" />
 <COLOR RGB="#6986a7" NAME="Brillux 60.12.21" Spot="1" />
 <COLOR RGB="#526f91" NAME="Brillux 60.12.24" Spot="1" />
 <COLOR RGB="#3b5170" NAME="Brillux 60.12.27" Spot="1" />
 <COLOR RGB="#263f5d" NAME="Brillux 60.12.30" Spot="1" />
 <COLOR RGB="#c4d9eb" NAME="Brillux 60.15.09" Spot="1" />
 <COLOR RGB="#b4cde5" NAME="Brillux 60.15.12" Spot="1" />
 <COLOR RGB="#96b6db" NAME="Brillux 60.15.15" Spot="1" />
 <COLOR RGB="#7c9fc8" NAME="Brillux 60.15.18" Spot="1" />
 <COLOR RGB="#5e86b1" NAME="Brillux 60.15.21" Spot="1" />
 <COLOR RGB="#436d97" NAME="Brillux 60.15.24" Spot="1" />
 <COLOR RGB="#28537c" NAME="Brillux 60.15.27" Spot="1" />
 <COLOR RGB="#1b3f65" NAME="Brillux 60.15.30" Spot="1" />
 <COLOR RGB="#aecde9" NAME="Brillux 60.18.12" Spot="1" />
 <COLOR RGB="#89b4e1" NAME="Brillux 60.18.15" Spot="1" />
 <COLOR RGB="#739fcf" NAME="Brillux 60.18.18" Spot="1" />
 <COLOR RGB="#4d8bc1" NAME="Brillux 60.18.21" Spot="1" />
 <COLOR RGB="#3570a5" NAME="Brillux 60.18.24" Spot="1" />
 <COLOR RGB="#12527e" NAME="Brillux 60.18.27" Spot="1" />
 <COLOR RGB="#649fd7" NAME="Brillux 60.21.18" Spot="1" />
 <COLOR RGB="#3a89c8" NAME="Brillux 60.21.21" Spot="1" />
 <COLOR RGB="#1573af" NAME="Brillux 60.21.24" Spot="1" />
 <COLOR RGB="#005488" NAME="Brillux 60.21.27" Spot="1" />
 <COLOR RGB="#a8a8a7" NAME="Brillux 60.ME.01" Spot="1" />
 <COLOR RGB="#9ca1a5" NAME="Brillux 63.03.15" Spot="1" />
 <COLOR RGB="#8f979d" NAME="Brillux 63.03.18" Spot="1" />
 <COLOR RGB="#82888c" NAME="Brillux 63.03.21" Spot="1" />
 <COLOR RGB="#727e88" NAME="Brillux 63.06.21" Spot="1" />
 <COLOR RGB="#5b6772" NAME="Brillux 63.06.24" Spot="1" />
 <COLOR RGB="#46515c" NAME="Brillux 63.06.27" Spot="1" />
 <COLOR RGB="#36414a" NAME="Brillux 63.06.30" Spot="1" />
 <COLOR RGB="#34373a" NAME="Brillux 63.06.33" Spot="1" />
 <COLOR RGB="#ddeced" NAME="Brillux 63.09.03" Spot="1" />
 <COLOR RGB="#d3e7ec" NAME="Brillux 63.09.06" Spot="1" />
 <COLOR RGB="#c1d2db" NAME="Brillux 63.09.09" Spot="1" />
 <COLOR RGB="#b5cfde" NAME="Brillux 63.09.12" Spot="1" />
 <COLOR RGB="#a1b9c9" NAME="Brillux 63.09.15" Spot="1" />
 <COLOR RGB="#879daf" NAME="Brillux 63.09.18" Spot="1" />
 <COLOR RGB="#688293" NAME="Brillux 63.09.21" Spot="1" />
 <COLOR RGB="#4d697c" NAME="Brillux 63.09.24" Spot="1" />
 <COLOR RGB="#3c5567" NAME="Brillux 63.09.27" Spot="1" />
 <COLOR RGB="#d4e4e4" NAME="Brillux 63.12.03" Spot="1" />
 <COLOR RGB="#c9e6ef" NAME="Brillux 63.12.06" Spot="1" />
 <COLOR RGB="#add6e9" NAME="Brillux 63.12.09" Spot="1" />
 <COLOR RGB="#92bad2" NAME="Brillux 63.12.12" Spot="1" />
 <COLOR RGB="#7ca6be" NAME="Brillux 63.12.15" Spot="1" />
 <COLOR RGB="#6893ab" NAME="Brillux 63.12.18" Spot="1" />
 <COLOR RGB="#6088a4" NAME="Brillux 63.12.21" Spot="1" />
 <COLOR RGB="#456b8d" NAME="Brillux 63.12.24" Spot="1" />
 <COLOR RGB="#2a5370" NAME="Brillux 63.12.27" Spot="1" />
 <COLOR RGB="#1b3e58" NAME="Brillux 63.12.30" Spot="1" />
 <COLOR RGB="#a2cee4" NAME="Brillux 63.15.12" Spot="1" />
 <COLOR RGB="#82bbda" NAME="Brillux 63.15.15" Spot="1" />
 <COLOR RGB="#6ea7cd" NAME="Brillux 63.15.18" Spot="1" />
 <COLOR RGB="#528baf" NAME="Brillux 63.15.21" Spot="1" />
 <COLOR RGB="#336f95" NAME="Brillux 63.15.24" Spot="1" />
 <COLOR RGB="#306079" NAME="Brillux 63.15.27" Spot="1" />
 <COLOR RGB="#93cee9" NAME="Brillux 63.18.12" Spot="1" />
 <COLOR RGB="#6bbae2" NAME="Brillux 63.18.15" Spot="1" />
 <COLOR RGB="#58a7d5" NAME="Brillux 63.18.18" Spot="1" />
 <COLOR RGB="#3087b5" NAME="Brillux 63.18.21" Spot="1" />
 <COLOR RGB="#097bb0" NAME="Brillux 63.18.24" Spot="1" />
 <COLOR RGB="#155f85" NAME="Brillux 63.18.27" Spot="1" />
 <COLOR RGB="#005e8f" NAME="Brillux 63.21.27" Spot="1" />
 <COLOR RGB="#aeb2b5" NAME="Brillux 63.ME.01" Spot="1" />
 <COLOR RGB="#d5e4e6" NAME="Brillux 66.06.06" Spot="1" />
 <COLOR RGB="#c8d8dd" NAME="Brillux 66.06.09" Spot="1" />
 <COLOR RGB="#b9cbd2" NAME="Brillux 66.06.12" Spot="1" />
 <COLOR RGB="#9fb0b9" NAME="Brillux 66.06.15" Spot="1" />
 <COLOR RGB="#8a9ba4" NAME="Brillux 66.06.18" Spot="1" />
 <COLOR RGB="#7e8a90" NAME="Brillux 66.06.21" Spot="1" />
 <COLOR RGB="#636d72" NAME="Brillux 66.06.24" Spot="1" />
 <COLOR RGB="#42505a" NAME="Brillux 66.06.27" Spot="1" />
 <COLOR RGB="#2d3a41" NAME="Brillux 66.06.30" Spot="1" />
 <COLOR RGB="#b4cad3" NAME="Brillux 66.09.12" Spot="1" />
 <COLOR RGB="#9db6c2" NAME="Brillux 66.09.15" Spot="1" />
 <COLOR RGB="#7e9baa" NAME="Brillux 66.09.18" Spot="1" />
 <COLOR RGB="#628393" NAME="Brillux 66.09.21" Spot="1" />
 <COLOR RGB="#4a6a7b" NAME="Brillux 66.09.24" Spot="1" />
 <COLOR RGB="#324f5f" NAME="Brillux 66.09.27" Spot="1" />
 <COLOR RGB="#233e4c" NAME="Brillux 66.09.30" Spot="1" />
 <COLOR RGB="#dbecec" NAME="Brillux 66.12.03" Spot="1" />
 <COLOR RGB="#cee7ed" NAME="Brillux 66.12.06" Spot="1" />
 <COLOR RGB="#c4dfe8" NAME="Brillux 66.12.09" Spot="1" />
 <COLOR RGB="#a4ccda" NAME="Brillux 66.12.12" Spot="1" />
 <COLOR RGB="#84bbd1" NAME="Brillux 66.12.15" Spot="1" />
 <COLOR RGB="#689eb5" NAME="Brillux 66.12.18" Spot="1" />
 <COLOR RGB="#53879f" NAME="Brillux 66.12.21" Spot="1" />
 <COLOR RGB="#3a6f86" NAME="Brillux 66.12.24" Spot="1" />
 <COLOR RGB="#1e556e" NAME="Brillux 66.12.27" Spot="1" />
 <COLOR RGB="#10495d" NAME="Brillux 66.12.30" Spot="1" />
 <COLOR RGB="#a2d6e6" NAME="Brillux 66.15.09" Spot="1" />
 <COLOR RGB="#90cde3" NAME="Brillux 66.15.12" Spot="1" />
 <COLOR RGB="#6cc0e0" NAME="Brillux 66.15.15" Spot="1" />
 <COLOR RGB="#4fa7c4" NAME="Brillux 66.15.18" Spot="1" />
 <COLOR RGB="#328bad" NAME="Brillux 66.15.21" Spot="1" />
 <COLOR RGB="#067191" NAME="Brillux 66.15.24" Spot="1" />
 <COLOR RGB="#00597a" NAME="Brillux 66.15.27" Spot="1" />
 <COLOR RGB="#224c63" NAME="Brillux 66.15.30" Spot="1" />
 <COLOR RGB="#82d0e9" NAME="Brillux 66.18.12" Spot="1" />
 <COLOR RGB="#54bde1" NAME="Brillux 66.18.15" Spot="1" />
 <COLOR RGB="#00a6d0" NAME="Brillux 66.18.18" Spot="1" />
 <COLOR RGB="#008fbb" NAME="Brillux 66.18.21" Spot="1" />
 <COLOR RGB="#00729e" NAME="Brillux 66.18.24" Spot="1" />
 <COLOR RGB="#005e85" NAME="Brillux 66.18.27" Spot="1" />
 <COLOR RGB="#f0f4ed" NAME="Brillux 69.03.03" Spot="1" />
 <COLOR RGB="#dde4e1" NAME="Brillux 69.03.06" Spot="1" />
 <COLOR RGB="#c9d3d0" NAME="Brillux 69.03.09" Spot="1" />
 <COLOR RGB="#b4bfc0" NAME="Brillux 69.03.12" Spot="1" />
 <COLOR RGB="#a8b2b3" NAME="Brillux 69.03.15" Spot="1" />
 <COLOR RGB="#90999a" NAME="Brillux 69.03.18" Spot="1" />
 <COLOR RGB="#788182" NAME="Brillux 69.03.21" Spot="1" />
 <COLOR RGB="#5e676a" NAME="Brillux 69.03.24" Spot="1" />
 <COLOR RGB="#4d565a" NAME="Brillux 69.03.27" Spot="1" />
 <COLOR RGB="#323e43" NAME="Brillux 69.03.30" Spot="1" />
 <COLOR RGB="#a0b3b4" NAME="Brillux 69.06.15" Spot="1" />
 <COLOR RGB="#86999b" NAME="Brillux 69.06.18" Spot="1" />
 <COLOR RGB="#6e8086" NAME="Brillux 69.06.21" Spot="1" />
 <COLOR RGB="#54696f" NAME="Brillux 69.06.24" Spot="1" />
 <COLOR RGB="#415458" NAME="Brillux 69.06.27" Spot="1" />
 <COLOR RGB="#414a4d" NAME="Brillux 69.06.30" Spot="1" />
 <COLOR RGB="#b4cdd3" NAME="Brillux 69.09.12" Spot="1" />
 <COLOR RGB="#94b9c4" NAME="Brillux 69.09.15" Spot="1" />
 <COLOR RGB="#779daa" NAME="Brillux 69.09.18" Spot="1" />
 <COLOR RGB="#57848e" NAME="Brillux 69.09.21" Spot="1" />
 <COLOR RGB="#426c78" NAME="Brillux 69.09.24" Spot="1" />
 <COLOR RGB="#2f545f" NAME="Brillux 69.09.27" Spot="1" />
 <COLOR RGB="#23454e" NAME="Brillux 69.09.30" Spot="1" />
 <COLOR RGB="#d0ebed" NAME="Brillux 69.12.06" Spot="1" />
 <COLOR RGB="#b9dbe2" NAME="Brillux 69.12.09" Spot="1" />
 <COLOR RGB="#a4cfd9" NAME="Brillux 69.12.12" Spot="1" />
 <COLOR RGB="#7ebed1" NAME="Brillux 69.12.15" Spot="1" />
 <COLOR RGB="#66a3b8" NAME="Brillux 69.12.18" Spot="1" />
 <COLOR RGB="#4a8a9f" NAME="Brillux 69.12.21" Spot="1" />
 <COLOR RGB="#306d82" NAME="Brillux 69.12.24" Spot="1" />
 <COLOR RGB="#10566b" NAME="Brillux 69.12.27" Spot="1" />
 <COLOR RGB="#004257" NAME="Brillux 69.12.30" Spot="1" />
 <COLOR RGB="#bfe8ed" NAME="Brillux 69.15.06" Spot="1" />
 <COLOR RGB="#aed8e3" NAME="Brillux 69.15.09" Spot="1" />
 <COLOR RGB="#93d1e1" NAME="Brillux 69.15.12" Spot="1" />
 <COLOR RGB="#6dbdd5" NAME="Brillux 69.15.15" Spot="1" />
 <COLOR RGB="#4baac7" NAME="Brillux 69.15.18" Spot="1" />
 <COLOR RGB="#268fae" NAME="Brillux 69.15.21" Spot="1" />
 <COLOR RGB="#007491" NAME="Brillux 69.15.24" Spot="1" />
 <COLOR RGB="#005d79" NAME="Brillux 69.15.27" Spot="1" />
 <COLOR RGB="#bde9e8" NAME="Brillux 69.18.06" Spot="1" />
 <COLOR RGB="#a1dfe2" NAME="Brillux 69.18.09" Spot="1" />
 <COLOR RGB="#7fd3dc" NAME="Brillux 69.18.12" Spot="1" />
 <COLOR RGB="#4abfcf" NAME="Brillux 69.18.15" Spot="1" />
 <COLOR RGB="#16acc4" NAME="Brillux 69.18.18" Spot="1" />
 <COLOR RGB="#0094ad" NAME="Brillux 69.18.21" Spot="1" />
 <COLOR RGB="#007a8f" NAME="Brillux 69.18.24" Spot="1" />
 <COLOR RGB="#005d75" NAME="Brillux 69.18.27" Spot="1" />
 <COLOR RGB="#9de0e1" NAME="Brillux 69.21.09" Spot="1" />
 <COLOR RGB="#6fced1" NAME="Brillux 69.21.12" Spot="1" />
 <COLOR RGB="#46c1c8" NAME="Brillux 69.21.15" Spot="1" />
 <COLOR RGB="#25afbb" NAME="Brillux 69.21.18" Spot="1" />
 <COLOR RGB="#0097a5" NAME="Brillux 69.21.21" Spot="1" />
 <COLOR RGB="#007886" NAME="Brillux 69.21.24" Spot="1" />
 <COLOR RGB="#005f6e" NAME="Brillux 69.21.27" Spot="1" />
 <COLOR RGB="#00768c" NAME="Brillux 69.24.24" Spot="1" />
 <COLOR RGB="#5d6465" NAME="Brillux 72.06.24" Spot="1" />
 <COLOR RGB="#575d61" NAME="Brillux 72.06.27" Spot="1" />
 <COLOR RGB="#43484c" NAME="Brillux 72.06.30" Spot="1" />
 <COLOR RGB="#d6e9e1" NAME="Brillux 72.09.03" Spot="1" />
 <COLOR RGB="#c7e5e0" NAME="Brillux 72.09.06" Spot="1" />
 <COLOR RGB="#afd3cf" NAME="Brillux 72.09.09" Spot="1" />
 <COLOR RGB="#9ac4c2" NAME="Brillux 72.09.12" Spot="1" />
 <COLOR RGB="#7fafae" NAME="Brillux 72.09.15" Spot="1" />
 <COLOR RGB="#77a2a6" NAME="Brillux 72.09.18" Spot="1" />
 <COLOR RGB="#5e868a" NAME="Brillux 72.09.21" Spot="1" />
 <COLOR RGB="#416c72" NAME="Brillux 72.09.24" Spot="1" />
 <COLOR RGB="#2f5759" NAME="Brillux 72.09.27" Spot="1" />
 <COLOR RGB="#114950" NAME="Brillux 72.09.30" Spot="1" />
 <COLOR RGB="#c6e9e8" NAME="Brillux 72.12.06" Spot="1" />
 <COLOR RGB="#acdcdf" NAME="Brillux 72.12.09" Spot="1" />
 <COLOR RGB="#94d0d5" NAME="Brillux 72.12.12" Spot="1" />
 <COLOR RGB="#80bbc3" NAME="Brillux 72.12.15" Spot="1" />
 <COLOR RGB="#5fa2af" NAME="Brillux 72.12.18" Spot="1" />
 <COLOR RGB="#408999" NAME="Brillux 72.12.21" Spot="1" />
 <COLOR RGB="#277284" NAME="Brillux 72.12.24" Spot="1" />
 <COLOR RGB="#085768" NAME="Brillux 72.12.27" Spot="1" />
 <COLOR RGB="#004353" NAME="Brillux 72.12.30" Spot="1" />
 <COLOR RGB="#72bebd" NAME="Brillux 72.15.15" Spot="1" />
 <COLOR RGB="#59a7a7" NAME="Brillux 72.15.18" Spot="1" />
 <COLOR RGB="#258c8c" NAME="Brillux 72.15.21" Spot="1" />
 <COLOR RGB="#167277" NAME="Brillux 72.15.24" Spot="1" />
 <COLOR RGB="#005b64" NAME="Brillux 72.15.27" Spot="1" />
 <COLOR RGB="#05464f" NAME="Brillux 72.15.30" Spot="1" />
 <COLOR RGB="#95e2d5" NAME="Brillux 72.18.09" Spot="1" />
 <COLOR RGB="#6fd5c8" NAME="Brillux 72.18.12" Spot="1" />
 <COLOR RGB="#34c3b9" NAME="Brillux 72.18.15" Spot="1" />
 <COLOR RGB="#14b0a9" NAME="Brillux 72.18.18" Spot="1" />
 <COLOR RGB="#009691" NAME="Brillux 72.18.21" Spot="1" />
 <COLOR RGB="#007677" NAME="Brillux 72.18.24" Spot="1" />
 <COLOR RGB="#005d65" NAME="Brillux 72.18.27" Spot="1" />
 <COLOR RGB="#00acaf" NAME="Brillux 72.21.18" Spot="1" />
 <COLOR RGB="#008a8e" NAME="Brillux 72.21.21" Spot="1" />
 <COLOR RGB="#007980" NAME="Brillux 72.21.24" Spot="1" />
 <COLOR RGB="#b5bdbb" NAME="Brillux 72.ME.01" Spot="1" />
 <COLOR RGB="#f6f5ee" NAME="Brillux 75.03.03" Spot="1" />
 <COLOR RGB="#dbdbd3" NAME="Brillux 75.03.06" Spot="1" />
 <COLOR RGB="#cbcec8" NAME="Brillux 75.03.09" Spot="1" />
 <COLOR RGB="#c5c8c4" NAME="Brillux 75.03.12" Spot="1" />
 <COLOR RGB="#b2b3ab" NAME="Brillux 75.03.15" Spot="1" />
 <COLOR RGB="#909493" NAME="Brillux 75.03.18" Spot="1" />
 <COLOR RGB="#7c827f" NAME="Brillux 75.03.21" Spot="1" />
 <COLOR RGB="#6d716e" NAME="Brillux 75.03.24" Spot="1" />
 <COLOR RGB="#545756" NAME="Brillux 75.03.27" Spot="1" />
 <COLOR RGB="#edf3ea" NAME="Brillux 75.06.03" Spot="1" />
 <COLOR RGB="#e0e6df" NAME="Brillux 75.06.06" Spot="1" />
 <COLOR RGB="#d0d8d2" NAME="Brillux 75.06.09" Spot="1" />
 <COLOR RGB="#bcc7c3" NAME="Brillux 75.06.12" Spot="1" />
 <COLOR RGB="#a6b3b0" NAME="Brillux 75.06.15" Spot="1" />
 <COLOR RGB="#8d9897" NAME="Brillux 75.06.18" Spot="1" />
 <COLOR RGB="#778280" NAME="Brillux 75.06.21" Spot="1" />
 <COLOR RGB="#5c6766" NAME="Brillux 75.06.24" Spot="1" />
 <COLOR RGB="#455050" NAME="Brillux 75.06.27" Spot="1" />
 <COLOR RGB="#e4f3e9" NAME="Brillux 75.09.03" Spot="1" />
 <COLOR RGB="#d9ebe1" NAME="Brillux 75.09.06" Spot="1" />
 <COLOR RGB="#c6dcd2" NAME="Brillux 75.09.09" Spot="1" />
 <COLOR RGB="#b5cac2" NAME="Brillux 75.09.12" Spot="1" />
 <COLOR RGB="#9eb6b0" NAME="Brillux 75.09.15" Spot="1" />
 <COLOR RGB="#8a9f9a" NAME="Brillux 75.09.18" Spot="1" />
 <COLOR RGB="#708580" NAME="Brillux 75.09.21" Spot="1" />
 <COLOR RGB="#566965" NAME="Brillux 75.09.24" Spot="1" />
 <COLOR RGB="#2a4541" NAME="Brillux 75.09.27" Spot="1" />
 <COLOR RGB="#cde9e0" NAME="Brillux 75.12.06" Spot="1" />
 <COLOR RGB="#b7ddd6" NAME="Brillux 75.12.09" Spot="1" />
 <COLOR RGB="#9ecec7" NAME="Brillux 75.12.12" Spot="1" />
 <COLOR RGB="#83bdb7" NAME="Brillux 75.12.15" Spot="1" />
 <COLOR RGB="#74a19a" NAME="Brillux 75.12.18" Spot="1" />
 <COLOR RGB="#5e8b87" NAME="Brillux 75.12.21" Spot="1" />
 <COLOR RGB="#486f6d" NAME="Brillux 75.12.24" Spot="1" />
 <COLOR RGB="#134643" NAME="Brillux 75.12.27" Spot="1" />
 <COLOR RGB="#b4ded1" NAME="Brillux 75.15.09" Spot="1" />
 <COLOR RGB="#a1cec1" NAME="Brillux 75.15.12" Spot="1" />
 <COLOR RGB="#8ebbb0" NAME="Brillux 75.15.15" Spot="1" />
 <COLOR RGB="#75a79d" NAME="Brillux 75.15.18" Spot="1" />
 <COLOR RGB="#4e8a82" NAME="Brillux 75.15.21" Spot="1" />
 <COLOR RGB="#447069" NAME="Brillux 75.15.24" Spot="1" />
 <COLOR RGB="#2c5452" NAME="Brillux 75.15.27" Spot="1" />
 <COLOR RGB="#b5eadb" NAME="Brillux 75.18.06" Spot="1" />
 <COLOR RGB="#90e2cf" NAME="Brillux 75.18.09" Spot="1" />
 <COLOR RGB="#67d3bd" NAME="Brillux 75.18.12" Spot="1" />
 <COLOR RGB="#25c3ad" NAME="Brillux 75.18.15" Spot="1" />
 <COLOR RGB="#00b4a1" NAME="Brillux 75.18.18" Spot="1" />
 <COLOR RGB="#009888" NAME="Brillux 75.18.21" Spot="1" />
 <COLOR RGB="#00796f" NAME="Brillux 75.18.24" Spot="1" />
 <COLOR RGB="#005d56" NAME="Brillux 75.18.27" Spot="1" />
 <COLOR RGB="#006e5c" NAME="Brillux 75.21.24" Spot="1" />
 <COLOR RGB="#b3b3af" NAME="Brillux 75.ME.01" Spot="1" />
 <COLOR RGB="#8c8b87" NAME="Brillux 75.ME.02" Spot="1" />
 <COLOR RGB="#eaf2e4" NAME="Brillux 78.03.03" Spot="1" />
 <COLOR RGB="#dce6dc" NAME="Brillux 78.03.06" Spot="1" />
 <COLOR RGB="#c6d2c5" NAME="Brillux 78.03.09" Spot="1" />
 <COLOR RGB="#bbcbbf" NAME="Brillux 78.03.12" Spot="1" />
 <COLOR RGB="#a4b8ab" NAME="Brillux 78.03.15" Spot="1" />
 <COLOR RGB="#859a90" NAME="Brillux 78.03.18" Spot="1" />
 <COLOR RGB="#6c8078" NAME="Brillux 78.03.21" Spot="1" />
 <COLOR RGB="#566760" NAME="Brillux 78.03.24" Spot="1" />
 <COLOR RGB="#3a4f4d" NAME="Brillux 78.03.27" Spot="1" />
 <COLOR RGB="#394542" NAME="Brillux 78.03.30" Spot="1" />
 <COLOR RGB="#e5f5e2" NAME="Brillux 78.06.03" Spot="1" />
 <COLOR RGB="#cde8d4" NAME="Brillux 78.06.06" Spot="1" />
 <COLOR RGB="#aad4bb" NAME="Brillux 78.06.09" Spot="1" />
 <COLOR RGB="#95c8ac" NAME="Brillux 78.06.12" Spot="1" />
 <COLOR RGB="#8ebaa1" NAME="Brillux 78.06.15" Spot="1" />
 <COLOR RGB="#75a58b" NAME="Brillux 78.06.18" Spot="1" />
 <COLOR RGB="#498b6e" NAME="Brillux 78.06.21" Spot="1" />
 <COLOR RGB="#447865" NAME="Brillux 78.06.24" Spot="1" />
 <COLOR RGB="#385a4a" NAME="Brillux 78.06.27" Spot="1" />
 <COLOR RGB="#e1eddf" NAME="Brillux 78.09.03" Spot="1" />
 <COLOR RGB="#cfe8d9" NAME="Brillux 78.09.06" Spot="1" />
 <COLOR RGB="#bcdaca" NAME="Brillux 78.09.09" Spot="1" />
 <COLOR RGB="#a6cdba" NAME="Brillux 78.09.12" Spot="1" />
 <COLOR RGB="#88b8a5" NAME="Brillux 78.09.15" Spot="1" />
 <COLOR RGB="#73a290" NAME="Brillux 78.09.18" Spot="1" />
 <COLOR RGB="#5a8871" NAME="Brillux 78.09.21" Spot="1" />
 <COLOR RGB="#446d5b" NAME="Brillux 78.09.24" Spot="1" />
 <COLOR RGB="#95cfb7" NAME="Brillux 78.12.12" Spot="1" />
 <COLOR RGB="#70bc9f" NAME="Brillux 78.12.15" Spot="1" />
 <COLOR RGB="#54a78a" NAME="Brillux 78.12.18" Spot="1" />
 <COLOR RGB="#00957d" NAME="Brillux 78.12.21" Spot="1" />
 <COLOR RGB="#007762" NAME="Brillux 78.12.24" Spot="1" />
 <COLOR RGB="#006150" NAME="Brillux 78.12.27" Spot="1" />
 <COLOR RGB="#6fbca6" NAME="Brillux 78.15.15" Spot="1" />
 <COLOR RGB="#57a892" NAME="Brillux 78.15.18" Spot="1" />
 <COLOR RGB="#478f78" NAME="Brillux 78.15.21" Spot="1" />
 <COLOR RGB="#286e59" NAME="Brillux 78.15.24" Spot="1" />
 <COLOR RGB="#0a5549" NAME="Brillux 78.15.27" Spot="1" />
 <COLOR RGB="#92e0c2" NAME="Brillux 78.18.09" Spot="1" />
 <COLOR RGB="#69d3b0" NAME="Brillux 78.18.12" Spot="1" />
 <COLOR RGB="#43c6a1" NAME="Brillux 78.18.15" Spot="1" />
 <COLOR RGB="#1caf8b" NAME="Brillux 78.18.18" Spot="1" />
 <COLOR RGB="#009772" NAME="Brillux 78.18.21" Spot="1" />
 <COLOR RGB="#007d58" NAME="Brillux 78.18.24" Spot="1" />
 <COLOR RGB="#ecf0e6" NAME="Brillux 81.03.03" Spot="1" />
 <COLOR RGB="#e2e8de" NAME="Brillux 81.03.06" Spot="1" />
 <COLOR RGB="#c4ccc5" NAME="Brillux 81.03.09" Spot="1" />
 <COLOR RGB="#b5bdb7" NAME="Brillux 81.03.12" Spot="1" />
 <COLOR RGB="#abb3ad" NAME="Brillux 81.03.15" Spot="1" />
 <COLOR RGB="#8c948d" NAME="Brillux 81.03.18" Spot="1" />
 <COLOR RGB="#767e77" NAME="Brillux 81.03.21" Spot="1" />
 <COLOR RGB="#626b66" NAME="Brillux 81.03.24" Spot="1" />
 <COLOR RGB="#47524e" NAME="Brillux 81.03.27" Spot="1" />
 <COLOR RGB="#353c38" NAME="Brillux 81.03.30" Spot="1" />
 <COLOR RGB="#ecf5e4" NAME="Brillux 81.06.03" Spot="1" />
 <COLOR RGB="#d9e3d3" NAME="Brillux 81.06.06" Spot="1" />
 <COLOR RGB="#ccd5c3" NAME="Brillux 81.06.09" Spot="1" />
 <COLOR RGB="#b8c6b5" NAME="Brillux 81.06.12" Spot="1" />
 <COLOR RGB="#9eaf9e" NAME="Brillux 81.06.15" Spot="1" />
 <COLOR RGB="#899887" NAME="Brillux 81.06.18" Spot="1" />
 <COLOR RGB="#6f7e6c" NAME="Brillux 81.06.21" Spot="1" />
 <COLOR RGB="#566555" NAME="Brillux 81.06.24" Spot="1" />
 <COLOR RGB="#485147" NAME="Brillux 81.06.27" Spot="1" />
 <COLOR RGB="#303c33" NAME="Brillux 81.06.30" Spot="1" />
 <COLOR RGB="#eaf5d6" NAME="Brillux 81.09.03" Spot="1" />
 <COLOR RGB="#dbe8ca" NAME="Brillux 81.09.06" Spot="1" />
 <COLOR RGB="#c9dcb9" NAME="Brillux 81.09.09" Spot="1" />
 <COLOR RGB="#b8cfac" NAME="Brillux 81.09.12" Spot="1" />
 <COLOR RGB="#9eb996" NAME="Brillux 81.09.15" Spot="1" />
 <COLOR RGB="#83a17f" NAME="Brillux 81.09.18" Spot="1" />
 <COLOR RGB="#648469" NAME="Brillux 81.09.21" Spot="1" />
 <COLOR RGB="#47644d" NAME="Brillux 81.09.24" Spot="1" />
 <COLOR RGB="#3d5746" NAME="Brillux 81.09.27" Spot="1" />
 <COLOR RGB="#1b4637" NAME="Brillux 81.09.30" Spot="1" />
 <COLOR RGB="#bcd7a3" NAME="Brillux 81.12.09" Spot="1" />
 <COLOR RGB="#a7cc94" NAME="Brillux 81.12.12" Spot="1" />
 <COLOR RGB="#8dbc7f" NAME="Brillux 81.12.15" Spot="1" />
 <COLOR RGB="#759c68" NAME="Brillux 81.12.18" Spot="1" />
 <COLOR RGB="#708b6a" NAME="Brillux 81.12.21" Spot="1" />
 <COLOR RGB="#51654c" NAME="Brillux 81.12.24" Spot="1" />
 <COLOR RGB="#3c513c" NAME="Brillux 81.12.27" Spot="1" />
 <COLOR RGB="#324637" NAME="Brillux 81.12.30" Spot="1" />
 <COLOR RGB="#31382a" NAME="Brillux 81.12.33" Spot="1" />
 <COLOR RGB="#98e2bb" NAME="Brillux 81.15.09" Spot="1" />
 <COLOR RGB="#74d4a0" NAME="Brillux 81.15.12" Spot="1" />
 <COLOR RGB="#45c489" NAME="Brillux 81.15.15" Spot="1" />
 <COLOR RGB="#0cb57a" NAME="Brillux 81.15.18" Spot="1" />
 <COLOR RGB="#0c955f" NAME="Brillux 81.15.21" Spot="1" />
 <COLOR RGB="#008652" NAME="Brillux 81.15.24" Spot="1" />
 <COLOR RGB="#208153" NAME="Brillux 81.15.27" Spot="1" />
 <COLOR RGB="#006c4e" NAME="Brillux 81.15.30" Spot="1" />
 <COLOR RGB="#9adaa4" NAME="Brillux 81.18.12" Spot="1" />
 <COLOR RGB="#6bca79" NAME="Brillux 81.18.15" Spot="1" />
 <COLOR RGB="#4eab60" NAME="Brillux 81.18.18" Spot="1" />
 <COLOR RGB="#00954a" NAME="Brillux 81.18.21" Spot="1" />
 <COLOR RGB="#007849" NAME="Brillux 81.18.24" Spot="1" />
 <COLOR RGB="#007342" NAME="Brillux 81.18.27" Spot="1" />
 <COLOR RGB="#005f36" NAME="Brillux 81.18.30" Spot="1" />
 <COLOR RGB="#00553b" NAME="Brillux 81.18.33" Spot="1" />
 <COLOR RGB="#818178" NAME="Brillux 84.03.24" Spot="1" />
 <COLOR RGB="#eef0de" NAME="Brillux 84.06.03" Spot="1" />
 <COLOR RGB="#dddfc8" NAME="Brillux 84.06.06" Spot="1" />
 <COLOR RGB="#dde1cc" NAME="Brillux 84.06.09" Spot="1" />
 <COLOR RGB="#d1d6c1" NAME="Brillux 84.06.12" Spot="1" />
 <COLOR RGB="#c5cab2" NAME="Brillux 84.06.15" Spot="1" />
 <COLOR RGB="#b0b69d" NAME="Brillux 84.06.18" Spot="1" />
 <COLOR RGB="#8e967e" NAME="Brillux 84.06.21" Spot="1" />
 <COLOR RGB="#7d8274" NAME="Brillux 84.06.24" Spot="1" />
 <COLOR RGB="#5b6152" NAME="Brillux 84.06.27" Spot="1" />
 <COLOR RGB="#474d41" NAME="Brillux 84.06.30" Spot="1" />
 <COLOR RGB="#e0e6c4" NAME="Brillux 84.09.09" Spot="1" />
 <COLOR RGB="#c7d3ab" NAME="Brillux 84.09.12" Spot="1" />
 <COLOR RGB="#bfca9e" NAME="Brillux 84.09.15" Spot="1" />
 <COLOR RGB="#a8b78e" NAME="Brillux 84.09.18" Spot="1" />
 <COLOR RGB="#8d9b73" NAME="Brillux 84.09.21" Spot="1" />
 <COLOR RGB="#8b9f7c" NAME="Brillux 84.09.24" Spot="1" />
 <COLOR RGB="#6c805e" NAME="Brillux 84.09.27" Spot="1" />
 <COLOR RGB="#43523a" NAME="Brillux 84.09.30" Spot="1" />
 <COLOR RGB="#3f4a39" NAME="Brillux 84.09.33" Spot="1" />
 <COLOR RGB="#a2ba76" NAME="Brillux 84.12.18" Spot="1" />
 <COLOR RGB="#7e9f54" NAME="Brillux 84.12.21" Spot="1" />
 <COLOR RGB="#6d8755" NAME="Brillux 84.12.24" Spot="1" />
 <COLOR RGB="#5f7445" NAME="Brillux 84.12.27" Spot="1" />
 <COLOR RGB="#3e5735" NAME="Brillux 84.12.30" Spot="1" />
 <COLOR RGB="#b1d180" NAME="Brillux 84.15.15" Spot="1" />
 <COLOR RGB="#94be61" NAME="Brillux 84.15.18" Spot="1" />
 <COLOR RGB="#6ea03f" NAME="Brillux 84.15.21" Spot="1" />
 <COLOR RGB="#5c8239" NAME="Brillux 84.15.24" Spot="1" />
 <COLOR RGB="#496f39" NAME="Brillux 84.15.27" Spot="1" />
 <COLOR RGB="#396139" NAME="Brillux 84.15.30" Spot="1" />
 <COLOR RGB="#c6ecaf" NAME="Brillux 84.18.09" Spot="1" />
 <COLOR RGB="#a6e08e" NAME="Brillux 84.18.12" Spot="1" />
 <COLOR RGB="#8cd576" NAME="Brillux 84.18.15" Spot="1" />
 <COLOR RGB="#75cb5d" NAME="Brillux 84.18.18" Spot="1" />
 <COLOR RGB="#5bab4c" NAME="Brillux 84.18.21" Spot="1" />
 <COLOR RGB="#568143" NAME="Brillux 84.18.24" Spot="1" />
 <COLOR RGB="#3b6e40" NAME="Brillux 84.18.27" Spot="1" />
 <COLOR RGB="#e4f0ca" NAME="Brillux 84.21.03" Spot="1" />
 <COLOR RGB="#dfecba" NAME="Brillux 84.21.06" Spot="1" />
 <COLOR RGB="#d5ed97" NAME="Brillux 84.21.09" Spot="1" />
 <COLOR RGB="#bee57a" NAME="Brillux 84.21.12" Spot="1" />
 <COLOR RGB="#a7d45f" NAME="Brillux 84.21.15" Spot="1" />
 <COLOR RGB="#90c24f" NAME="Brillux 84.21.18" Spot="1" />
 <COLOR RGB="#73a822" NAME="Brillux 84.21.21" Spot="1" />
 <COLOR RGB="#5c9d41" NAME="Brillux 84.21.24" Spot="1" />
 <COLOR RGB="#2d8e30" NAME="Brillux 84.21.27" Spot="1" />
 <COLOR RGB="#828679" NAME="Brillux 84.ME.01" Spot="1" />
 <COLOR RGB="#eeede1" NAME="Brillux 87.03.03" Spot="1" />
 <COLOR RGB="#e1e2d6" NAME="Brillux 87.03.06" Spot="1" />
 <COLOR RGB="#ccccc1" NAME="Brillux 87.03.09" Spot="1" />
 <COLOR RGB="#bebfb4" NAME="Brillux 87.03.12" Spot="1" />
 <COLOR RGB="#b1b1a6" NAME="Brillux 87.03.15" Spot="1" />
 <COLOR RGB="#93948a" NAME="Brillux 87.03.18" Spot="1" />
 <COLOR RGB="#787a6e" NAME="Brillux 87.03.21" Spot="1" />
 <COLOR RGB="#606258" NAME="Brillux 87.03.24" Spot="1" />
 <COLOR RGB="#52534a" NAME="Brillux 87.03.27" Spot="1" />
 <COLOR RGB="#3d3e37" NAME="Brillux 87.03.30" Spot="1" />
 <COLOR RGB="#efefda" NAME="Brillux 87.06.03" Spot="1" />
 <COLOR RGB="#e3e4c9" NAME="Brillux 87.06.06" Spot="1" />
 <COLOR RGB="#cfd1b8" NAME="Brillux 87.06.09" Spot="1" />
 <COLOR RGB="#c6c8ac" NAME="Brillux 87.06.12" Spot="1" />
 <COLOR RGB="#adb194" NAME="Brillux 87.06.15" Spot="1" />
 <COLOR RGB="#959783" NAME="Brillux 87.06.18" Spot="1" />
 <COLOR RGB="#797c6b" NAME="Brillux 87.06.21" Spot="1" />
 <COLOR RGB="#5b5f4e" NAME="Brillux 87.06.24" Spot="1" />
 <COLOR RGB="#eef0c9" NAME="Brillux 87.09.03" Spot="1" />
 <COLOR RGB="#e2e7ad" NAME="Brillux 87.09.06" Spot="1" />
 <COLOR RGB="#ced497" NAME="Brillux 87.09.09" Spot="1" />
 <COLOR RGB="#c1c897" NAME="Brillux 87.09.12" Spot="1" />
 <COLOR RGB="#abb480" NAME="Brillux 87.09.15" Spot="1" />
 <COLOR RGB="#959a69" NAME="Brillux 87.09.18" Spot="1" />
 <COLOR RGB="#7c835b" NAME="Brillux 87.09.21" Spot="1" />
 <COLOR RGB="#616844" NAME="Brillux 87.09.24" Spot="1" />
 <COLOR RGB="#485239" NAME="Brillux 87.09.27" Spot="1" />
 <COLOR RGB="#c2cc86" NAME="Brillux 87.12.12" Spot="1" />
 <COLOR RGB="#abb76c" NAME="Brillux 87.12.15" Spot="1" />
 <COLOR RGB="#96a15f" NAME="Brillux 87.12.18" Spot="1" />
 <COLOR RGB="#717e46" NAME="Brillux 87.12.21" Spot="1" />
 <COLOR RGB="#5d683a" NAME="Brillux 87.12.24" Spot="1" />
 <COLOR RGB="#43502c" NAME="Brillux 87.12.27" Spot="1" />
 <COLOR RGB="#eff2ba" NAME="Brillux 87.15.03" Spot="1" />
 <COLOR RGB="#e7f2a7" NAME="Brillux 87.15.06" Spot="1" />
 <COLOR RGB="#d7ea80" NAME="Brillux 87.15.09" Spot="1" />
 <COLOR RGB="#cbe055" NAME="Brillux 87.15.12" Spot="1" />
 <COLOR RGB="#a8bc40" NAME="Brillux 87.15.15" Spot="1" />
 <COLOR RGB="#9aa700" NAME="Brillux 87.15.18" Spot="1" />
 <COLOR RGB="#7d8e25" NAME="Brillux 87.15.21" Spot="1" />
 <COLOR RGB="#c1d934" NAME="Brillux 87.18.15" Spot="1" />
 <COLOR RGB="#a6c01f" NAME="Brillux 87.18.18" Spot="1" />
 <COLOR RGB="#aeac9e" NAME="Brillux 87.ME.01" Spot="1" />
 <COLOR RGB="#b5b2a1" NAME="Brillux 90.03.18" Spot="1" />
 <COLOR RGB="#7c7a6d" NAME="Brillux 90.03.21" Spot="1" />
 <COLOR RGB="#5e625a" NAME="Brillux 90.03.24" Spot="1" />
 <COLOR RGB="#595e59" NAME="Brillux 90.03.27" Spot="1" />
 <COLOR RGB="#4d4c48" NAME="Brillux 90.03.30" Spot="1" />
 <COLOR RGB="#e6e5cc" NAME="Brillux 90.06.06" Spot="1" />
 <COLOR RGB="#d8d4bb" NAME="Brillux 90.06.09" Spot="1" />
 <COLOR RGB="#c2c1a9" NAME="Brillux 90.06.12" Spot="1" />
 <COLOR RGB="#b6b398" NAME="Brillux 90.06.15" Spot="1" />
 <COLOR RGB="#97947a" NAME="Brillux 90.06.18" Spot="1" />
 <COLOR RGB="#7d7b65" NAME="Brillux 90.06.21" Spot="1" />
 <COLOR RGB="#61604d" NAME="Brillux 90.06.24" Spot="1" />
 <COLOR RGB="#4b4d3f" NAME="Brillux 90.06.27" Spot="1" />
 <COLOR RGB="#41413b" NAME="Brillux 90.06.30" Spot="1" />
 <COLOR RGB="#3b3b34" NAME="Brillux 90.06.33" Spot="1" />
 <COLOR RGB="#f4f5d2" NAME="Brillux 90.09.03" Spot="1" />
 <COLOR RGB="#e6e6c0" NAME="Brillux 90.09.06" Spot="1" />
 <COLOR RGB="#d6d2ac" NAME="Brillux 90.09.09" Spot="1" />
 <COLOR RGB="#cfca98" NAME="Brillux 90.09.12" Spot="1" />
 <COLOR RGB="#b5b27c" NAME="Brillux 90.09.15" Spot="1" />
 <COLOR RGB="#979565" NAME="Brillux 90.09.18" Spot="1" />
 <COLOR RGB="#827e55" NAME="Brillux 90.09.21" Spot="1" />
 <COLOR RGB="#656440" NAME="Brillux 90.09.24" Spot="1" />
 <COLOR RGB="#525742" NAME="Brillux 90.09.27" Spot="1" />
 <COLOR RGB="#e7e6b0" NAME="Brillux 90.12.06" Spot="1" />
 <COLOR RGB="#ddd99c" NAME="Brillux 90.12.09" Spot="1" />
 <COLOR RGB="#cfce7c" NAME="Brillux 90.12.12" Spot="1" />
 <COLOR RGB="#b8b358" NAME="Brillux 90.12.15" Spot="1" />
 <COLOR RGB="#9b953d" NAME="Brillux 90.12.18" Spot="1" />
 <COLOR RGB="#807e33" NAME="Brillux 90.12.21" Spot="1" />
 <COLOR RGB="#686937" NAME="Brillux 90.12.24" Spot="1" />
 <COLOR RGB="#e7e879" NAME="Brillux 90.15.06" Spot="1" />
 <COLOR RGB="#d8da5c" NAME="Brillux 90.15.09" Spot="1" />
 <COLOR RGB="#c8cb31" NAME="Brillux 90.15.12" Spot="1" />
 <COLOR RGB="#bab300" NAME="Brillux 90.15.15" Spot="1" />
 <COLOR RGB="#cfd021" NAME="Brillux 90.18.12" Spot="1" />
 <COLOR RGB="#a8a389" NAME="Brillux 90.ME.01" Spot="1" />
 <COLOR RGB="#eff0eb" NAME="Brillux 93.03.03" Spot="1" />
 <COLOR RGB="#f1efe4" NAME="Brillux 93.03.06" Spot="1" />
 <COLOR RGB="#e5e3cf" NAME="Brillux 93.03.09" Spot="1" />
 <COLOR RGB="#ded6bd" NAME="Brillux 93.03.12" Spot="1" />
 <COLOR RGB="#cbc5af" NAME="Brillux 93.03.15" Spot="1" />
 <COLOR RGB="#b3ab90" NAME="Brillux 93.03.18" Spot="1" />
 <COLOR RGB="#918a74" NAME="Brillux 93.03.21" Spot="1" />
 <COLOR RGB="#7d7765" NAME="Brillux 93.03.24" Spot="1" />
 <COLOR RGB="#605b4b" NAME="Brillux 93.03.27" Spot="1" />
 <COLOR RGB="#4e4b3e" NAME="Brillux 93.03.30" Spot="1" />
 <COLOR RGB="#423e39" NAME="Brillux 93.03.33" Spot="1" />
 <COLOR RGB="#e7e1c3" NAME="Brillux 93.06.12" Spot="1" />
 <COLOR RGB="#d4cdaf" NAME="Brillux 93.06.15" Spot="1" />
 <COLOR RGB="#c8c3a7" NAME="Brillux 93.06.18" Spot="1" />
 <COLOR RGB="#b6ae90" NAME="Brillux 93.06.21" Spot="1" />
 <COLOR RGB="#938f77" NAME="Brillux 93.06.24" Spot="1" />
 <COLOR RGB="#757259" NAME="Brillux 93.06.27" Spot="1" />
 <COLOR RGB="#615f4f" NAME="Brillux 93.06.30" Spot="1" />
 <COLOR RGB="#4e4f42" NAME="Brillux 93.06.33" Spot="1" />
 <COLOR RGB="#e9e5b7" NAME="Brillux 93.09.12" Spot="1" />
 <COLOR RGB="#ddd7a3" NAME="Brillux 93.09.15" Spot="1" />
 <COLOR RGB="#d2ca93" NAME="Brillux 93.09.18" Spot="1" />
 <COLOR RGB="#b8ae7a" NAME="Brillux 93.09.21" Spot="1" />
 <COLOR RGB="#9f9767" NAME="Brillux 93.09.24" Spot="1" />
 <COLOR RGB="#867d50" NAME="Brillux 93.09.27" Spot="1" />
 <COLOR RGB="#68613e" NAME="Brillux 93.09.30" Spot="1" />
 <COLOR RGB="#534f38" NAME="Brillux 93.09.33" Spot="1" />
 <COLOR RGB="#eee5a6" NAME="Brillux 93.12.12" Spot="1" />
 <COLOR RGB="#e7d98e" NAME="Brillux 93.12.15" Spot="1" />
 <COLOR RGB="#d9c977" NAME="Brillux 93.12.18" Spot="1" />
 <COLOR RGB="#bbae68" NAME="Brillux 93.12.21" Spot="1" />
 <COLOR RGB="#9a8f49" NAME="Brillux 93.12.24" Spot="1" />
 <COLOR RGB="#867a39" NAME="Brillux 93.12.27" Spot="1" />
 <COLOR RGB="#f6f5cd" NAME="Brillux 93.15.06" Spot="1" />
 <COLOR RGB="#f6f5bd" NAME="Brillux 93.15.09" Spot="1" />
 <COLOR RGB="#f6eb84" NAME="Brillux 93.15.12" Spot="1" />
 <COLOR RGB="#eedb62" NAME="Brillux 93.15.15" Spot="1" />
 <COLOR RGB="#e2cd3e" NAME="Brillux 93.15.18" Spot="1" />
 <COLOR RGB="#c2b32e" NAME="Brillux 93.15.21" Spot="1" />
 <COLOR RGB="#a3931f" NAME="Brillux 93.15.24" Spot="1" />
 <COLOR RGB="#ece240" NAME="Brillux 93.18.15" Spot="1" />
 <COLOR RGB="#ead50d" NAME="Brillux 93.18.18" Spot="1" />
 <COLOR RGB="#f9f4d7" NAME="Brillux 96.09.03" Spot="1" />
 <COLOR RGB="#eee5b9" NAME="Brillux 96.09.06" Spot="1" />
 <COLOR RGB="#e2d5a3" NAME="Brillux 96.09.09" Spot="1" />
 <COLOR RGB="#dbcd93" NAME="Brillux 96.09.12" Spot="1" />
 <COLOR RGB="#cabc89" NAME="Brillux 96.09.15" Spot="1" />
 <COLOR RGB="#9e9167" NAME="Brillux 96.09.18" Spot="1" />
 <COLOR RGB="#877b4e" NAME="Brillux 96.09.21" Spot="1" />
 <COLOR RGB="#6e633a" NAME="Brillux 96.09.24" Spot="1" />
 <COLOR RGB="#f3ecd0" NAME="Brillux 96.12.03" Spot="1" />
 <COLOR RGB="#eee2b8" NAME="Brillux 96.12.06" Spot="1" />
 <COLOR RGB="#ebd892" NAME="Brillux 96.12.09" Spot="1" />
 <COLOR RGB="#e0ca7c" NAME="Brillux 96.12.12" Spot="1" />
 <COLOR RGB="#c5b164" NAME="Brillux 96.12.15" Spot="1" />
 <COLOR RGB="#a2934d" NAME="Brillux 96.12.18" Spot="1" />
 <COLOR RGB="#897939" NAME="Brillux 96.12.21" Spot="1" />
 <COLOR RGB="#f4e5b1" NAME="Brillux 96.15.06" Spot="1" />
 <COLOR RGB="#efd980" NAME="Brillux 96.15.09" Spot="1" />
 <COLOR RGB="#e3c962" NAME="Brillux 96.15.12" Spot="1" />
 <COLOR RGB="#c9af46" NAME="Brillux 96.15.15" Spot="1" />
 <COLOR RGB="#a89437" NAME="Brillux 96.15.18" Spot="1" />
 <COLOR RGB="#f6e293" NAME="Brillux 96.18.06" Spot="1" />
 <COLOR RGB="#edd262" NAME="Brillux 96.18.09" Spot="1" />
 <COLOR RGB="#e8cb5e" NAME="Brillux 96.18.12" Spot="1" />
 <COLOR RGB="#d1af2f" NAME="Brillux 96.18.15" Spot="1" />
 <COLOR RGB="#ae9925" NAME="Brillux 96.18.18" Spot="1" />
 <COLOR RGB="#fae68c" NAME="Brillux 96.21.06" Spot="1" />
 <COLOR RGB="#f3d54f" NAME="Brillux 96.21.09" Spot="1" />
 <COLOR RGB="#eccc42" NAME="Brillux 96.21.12" Spot="1" />
 <COLOR RGB="#cfb417" NAME="Brillux 96.21.15" Spot="1" />
 <COLOR RGB="#f4ce3e" NAME="Brillux 96.24.09" Spot="1" />
 <COLOR RGB="#f9d81d" NAME="Brillux 96.24.12" Spot="1" />
 <COLOR RGB="#f3f1e9" NAME="Brillux 99.00.03" Spot="1" />
 <COLOR RGB="#eeede6" NAME="Brillux 99.00.06" Spot="1" />
 <COLOR RGB="#e5e4dd" NAME="Brillux 99.00.09" Spot="1" />
 <COLOR RGB="#d5d5d2" NAME="Brillux 99.00.12" Spot="1" />
 <COLOR RGB="#c8c8c6" NAME="Brillux 99.00.15" Spot="1" />
 <COLOR RGB="#bebebd" NAME="Brillux 99.00.18" Spot="1" />
 <COLOR RGB="#afb0b0" NAME="Brillux 99.00.21" Spot="1" />
 <COLOR RGB="#a7a8a7" NAME="Brillux 99.00.24" Spot="1" />
 <COLOR RGB="#989999" NAME="Brillux 99.00.27" Spot="1" />
 <COLOR RGB="#969798" NAME="Brillux 99.00.30" Spot="1" />
 <COLOR RGB="#919292" NAME="Brillux 99.00.33" Spot="1" />
 <COLOR RGB="#838484" NAME="Brillux 99.00.36" Spot="1" />
 <COLOR RGB="#7b7d7e" NAME="Brillux 99.00.39" Spot="1" />
 <COLOR RGB="#757677" NAME="Brillux 99.00.42" Spot="1" />
 <COLOR RGB="#68696a" NAME="Brillux 99.00.45" Spot="1" />
 <COLOR RGB="#5f6062" NAME="Brillux 99.00.48" Spot="1" />
 <COLOR RGB="#56575a" NAME="Brillux 99.00.51" Spot="1" />
 <COLOR RGB="#4e4e50" NAME="Brillux 99.00.54" Spot="1" />
 <COLOR RGB="#454548" NAME="Brillux 99.00.57" Spot="1" />
 <COLOR RGB="#3d3c3f" NAME="Brillux 99.00.60" Spot="1" />
 <COLOR RGB="#343435" NAME="Brillux 99.00.63" Spot="1" />
 <COLOR RGB="#2f2f2f" NAME="Brillux 99.00.66" Spot="1" />
 <COLOR RGB="#131315" NAME="Brillux 99.00.69" Spot="1" />
</SCRIBUSCOLORS>