<?xml version="1.0" encoding="UTF-8"?>
<SCRIBUSCOLORS Name="Bristish Std 4800F">
 <COLOR RGB="#dbd9d3" NAME="﻿00 A 01" Spot="1" />
 <COLOR RGB="#b4b3b1" NAME="00 A 05" Spot="1" />
 <COLOR RGB="#838485" NAME="00 A 09" Spot="1" />
 <COLOR RGB="#565757" NAME="00 A 13" Spot="1" />
 <COLOR RGB="#ceccc3" NAME="10 A 03" Spot="1" />
 <COLOR RGB="#9e9a93" NAME="10 A 07" Spot="1" />
 <COLOR RGB="#6a6762" NAME="10 A 11" Spot="1" />
 <COLOR RGB="#f1e4dc" NAME="04 B 15" Spot="1" />
 <COLOR RGB="#decac1" NAME="04 B 17" Spot="1" />
 <COLOR RGB="#ab948c" NAME="04 B 21" Spot="1" />
 <COLOR RGB="#fbf0dd" NAME="08 B 15" Spot="1" />
 <COLOR RGB="#ddceb9" NAME="08 B 17" Spot="1" />
 <COLOR RGB="#a69586" NAME="08 B 21" Spot="1" />
 <COLOR RGB="#78695d" NAME="08 B 25" Spot="1" />
 <COLOR RGB="#504841" NAME="08 B 29" Spot="1" />
 <COLOR RGB="#f8f0dc" NAME="10 B 15" Spot="1" />
 <COLOR RGB="#d8ceaf" NAME="10 B 17" Spot="1" />
 <COLOR RGB="#a79e86" NAME="10 B 21" Spot="1" />
 <COLOR RGB="#736b57" NAME="10 B 25" Spot="1" />
 <COLOR RGB="#4b4842" NAME="10 B 29" Spot="1" />
 <COLOR RGB="#ecebd5" NAME="12 B 15" Spot="1" />
 <COLOR RGB="#cfcfaf" NAME="12 B 17" Spot="1" />
 <COLOR RGB="#9c9e81" NAME="12 B 21" Spot="1" />
 <COLOR RGB="#696a58" NAME="12 B 25" Spot="1" />
 <COLOR RGB="#44463d" NAME="12 B 29" Spot="1" />
 <COLOR RGB="#ccd5d2" NAME="18 B 17" Spot="1" />
 <COLOR RGB="#98a0a1" NAME="18 B 21" Spot="1" />
 <COLOR RGB="#616a6d" NAME="18 B 25" Spot="1" />
 <COLOR RGB="#3a3f43" NAME="18 B 29" Spot="1" />
 <COLOR RGB="#e6e6e1" NAME="22 B 15" Spot="1" />
 <COLOR RGB="#cbcbd1" NAME="22 B 17" Spot="1" />
 <COLOR RGB="#eac6c9" NAME="02 C 33" Spot="1" />
 <COLOR RGB="#a7717f" NAME="02 C 37" Spot="1" />
 <COLOR RGB="#764655" NAME="02 C 39" Spot="1" />
 <COLOR RGB="#553f48" NAME="02 C 40" Spot="1" />
 <COLOR RGB="#fdefe7" NAME="04 C 31" Spot="1" />
 <COLOR RGB="#eec3b8" NAME="04 C 33" Spot="1" />
 <COLOR RGB="#aa7068" NAME="04 C 37" Spot="1" />
 <COLOR RGB="#7d4b46" NAME="04 C 39" Spot="1" />
 <COLOR RGB="#e9c6a3" NAME="06 C 33" Spot="1" />
 <COLOR RGB="#dfa67f" NAME="06 C 35" Spot="1" />
 <COLOR RGB="#ab7454" NAME="06 C 37" Spot="1" />
 <COLOR RGB="#734f38" NAME="06 C 39" Spot="1" />
 <COLOR RGB="#5b4540" NAME="06 C 40" Spot="1" />
 <COLOR RGB="#f9e7cb" NAME="08 C 31" Spot="1" />
 <COLOR RGB="#e3c69e" NAME="08 C 33" Spot="1" />
 <COLOR RGB="#d6aa73" NAME="08 C 35" Spot="1" />
 <COLOR RGB="#a27948" NAME="08 C 37" Spot="1" />
 <COLOR RGB="#6e543e" NAME="08 C 39" Spot="1" />
 <COLOR RGB="#f5e7c4" NAME="10 C 31" Spot="1" />
 <COLOR RGB="#ead89e" NAME="10 C 33" Spot="1" />
 <COLOR RGB="#c6ae67" NAME="10 C 35" Spot="1" />
 <COLOR RGB="#605237" NAME="10 C 39" Spot="1" />
 <COLOR RGB="#edecc4" NAME="12 C 31" Spot="1" />
 <COLOR RGB="#ced096" NAME="12 C 33" Spot="1" />
 <COLOR RGB="#808446" NAME="12 C 37" Spot="1" />
 <COLOR RGB="#565a3e" NAME="12 C 39" Spot="1" />
 <COLOR RGB="#deecdb" NAME="14 C 31" Spot="1" />
 <COLOR RGB="#a2b8a5" NAME="14 C 35" Spot="1" />
 <COLOR RGB="#425e50" NAME="14 C 39" Spot="1" />
 <COLOR RGB="#3f4943" NAME="14 C 40" Spot="1" />
 <COLOR RGB="#b8d2cc" NAME="16 C 33" Spot="1" />
 <COLOR RGB="#578884" NAME="16 C 37" Spot="1" />
 <COLOR RGB="#ebefe7" NAME="18 C 31" Spot="1" />
 <COLOR RGB="#9db5bd" NAME="18 C 35" Spot="1" />
 <COLOR RGB="#375a68" NAME="18 C 39" Spot="1" />
 <COLOR RGB="#bed2e0" NAME="20 C 33" Spot="1" />
 <COLOR RGB="#6c88a2" NAME="20 C 37" Spot="1" />
 <COLOR RGB="#313d50" NAME="20 C 40" Spot="1" />
 <COLOR RGB="#7f7b9e" NAME="22 C 37" Spot="1" />
 <COLOR RGB="#d6c6d2" NAME="24 C 33" Spot="1" />
 <COLOR RGB="#65466a" NAME="24 C 39" Spot="1" />
 <COLOR RGB="#a54f4b" NAME="04 D 44" Spot="1" />
 <COLOR RGB="#883e3d" NAME="04 D 45" Spot="1" />
 <COLOR RGB="#ca8541" NAME="06 D 43" Spot="1" />
 <COLOR RGB="#925c3e" NAME="06 D 45" Spot="1" />
 <COLOR RGB="#f1c385" NAME="08 D 41" Spot="1" />
 <COLOR RGB="#c9a735" NAME="10 D 43" Spot="1" />
 <COLOR RGB="#987c29" NAME="10 D 45" Spot="1" />
 <COLOR RGB="#d1d27a" NAME="12 D 41" Spot="1" />
 <COLOR RGB="#93983a" NAME="12 D 43" Spot="1" />
 <COLOR RGB="#696b34" NAME="12 D 45" Spot="1" />
 <COLOR RGB="#005d5a" NAME="16 D 45" Spot="1" />
 <COLOR RGB="#45889b" NAME="18 D 43" Spot="1" />
 <COLOR RGB="#94b0cb" NAME="20 D 41" Spot="1" />
 <COLOR RGB="#2f5981" NAME="20 D 45" Spot="1" />
 <COLOR RGB="#b3b5d8" NAME="22 D 41" Spot="1" />
 <COLOR RGB="#574d84" NAME="22 D 45" Spot="1" />
 <COLOR RGB="#fbe0d7" NAME="04 E 49" Spot="1" />
 <COLOR RGB="#e8725f" NAME="04 E 51" Spot="1" />
 <COLOR RGB="#c04037" NAME="04 E 53" Spot="1" />
 <COLOR RGB="#c94835" NAME="04 E 55" Spot="1" />
 <COLOR RGB="#b33838" NAME="04 E 56" Spot="1" />
 <COLOR RGB="#663b40" NAME="04 E 58" Spot="1" />
 <COLOR RGB="#ffba75" NAME="06 E 50" Spot="1" />
 <COLOR RGB="#f79056" NAME="06 E 51" Spot="1" />
 <COLOR RGB="#b96832" NAME="06 E 56" Spot="1" />
 <COLOR RGB="#f2a604" NAME="08 E 51" Spot="1" />
 <COLOR RGB="#ff9b00" NAME="08 E 55" Spot="1" />
 <COLOR RGB="#ede6a8" NAME="10 E 49" Spot="1" />
 <COLOR RGB="#f5d565" NAME="10 E 50" Spot="1" />
 <COLOR RGB="#efc600" NAME="10 E 53" Spot="1" />
 <COLOR RGB="#fac800" NAME="10 E 55" Spot="1" />
 <COLOR RGB="#cdcd3d" NAME="12 E 51" Spot="1" />
 <COLOR RGB="#9cb33c" NAME="12 E 53" Spot="1" />
 <COLOR RGB="#7ca23e" NAME="12 E 55" Spot="1" />
 <COLOR RGB="#d4efda" NAME="14 E 49" Spot="1" />
 <COLOR RGB="#b1dbbb" NAME="14 E 50" Spot="1" />
 <COLOR RGB="#5bb072" NAME="14 E 51" Spot="1" />
 <COLOR RGB="#229466" NAME="14 E 53" Spot="1" />
 <COLOR RGB="#9fdbd2" NAME="16 E 50" Spot="1" />
 <COLOR RGB="#00938e" NAME="16 E 53" Spot="1" />
 <COLOR RGB="#d7ebe6" NAME="18 E 49" Spot="1" />
 <COLOR RGB="#afd8dd" NAME="18 E 50" Spot="1" />
 <COLOR RGB="#47a7c0" NAME="18 E 51" Spot="1" />
 <COLOR RGB="#00769d" NAME="18 E 53" Spot="1" />
 <COLOR RGB="#6ca6d6" NAME="20 E 51" Spot="1" />
 <COLOR RGB="#2771a9" NAME="20 E 53" Spot="1" />
 <COLOR RGB="#015e8f" NAME="20 E 56" Spot="1" />
 <COLOR RGB="#85578c" NAME="24 E 53" Spot="1" />
</SCRIBUSCOLORS>