<?xml version="1.0" encoding="UTF-8"?>
<SCRIBUSCOLORS Name="British Standard Colours">
 <COLOR RGB="#efc400" NAME="BS0001 Canary" Spot="1" />
 <COLOR RGB="#f3b100" NAME="BS0002 Oxlip" Spot="1" />
 <COLOR RGB="#f3a500" NAME="BS0003 Golden Yellow" Spot="1" />
 <COLOR RGB="#e98128" NAME="BS0004 Marigold" Spot="1" />
 <COLOR RGB="#c7361e" NAME="BS0005 Poppy Red" Spot="1" />
 <COLOR RGB="#922529" NAME="BS0006 Post Office Red" Spot="1" />
 <COLOR RGB="#cccb00" NAME="BS0008 Chartreuse" Spot="1" />
 <COLOR RGB="#acad12" NAME="BS0009 Parakeet" Spot="1" />
 <COLOR RGB="#008c51" NAME="BS0010 Paris - Vir.Green" Spot="1" />
 <COLOR RGB="#005d62" NAME="BS0011 Baltic Blue" Spot="1" />
 <COLOR RGB="#137299" NAME="BS0012 Pacific Blue" Spot="1" />
 <COLOR RGB="#005a7b" NAME="BS0013 Anchusa" Spot="1" />
 <COLOR RGB="#554960" NAME="BS0014 Nightshade" Spot="1" />
 <COLOR RGB="#ead4be" NAME="BS1015 Zephyr" Spot="1" />
 <COLOR RGB="#c4a89e" NAME="BS1016 Pink Haze" Spot="1" />
 <COLOR RGB="#a28a88" NAME="BS1017 Rose Grey" Spot="1" />
 <COLOR RGB="#693c3c" NAME="BS1018 Mecca Red" Spot="1" />
 <COLOR RGB="#4a1f1e" NAME="BS1019 Royal Maroon" Spot="1" />
 <COLOR RGB="#ddb3a6" NAME="BS1020 Daybreak" Spot="1" />
 <COLOR RGB="#e6998f" NAME="BS1021 Orchis" Spot="1" />
 <COLOR RGB="#e17a67" NAME="BS1022 Reef Red" Spot="1" />
 <COLOR RGB="#ba584c" NAME="BS1023 Tawny Red" Spot="1" />
 <COLOR RGB="#803026" NAME="BS1024 Chestnut" Spot="1" />
 <COLOR RGB="#6a2c31" NAME="BS1025 Crimson - Cherry" Spot="1" />
 <COLOR RGB="#efcaa6" NAME="BS2026 Mellow Buff" Spot="1" />
 <COLOR RGB="#c0a691" NAME="BS2027 Cygnet" Spot="1" />
 <COLOR RGB="#a7806b" NAME="BS2028 Fallow" Spot="1" />
 <COLOR RGB="#7f604e" NAME="BS2029 Copra" Spot="1" />
 <COLOR RGB="#e2bea1" NAME="BS2030 Pink Beige" Spot="1" />
 <COLOR RGB="#e0a081" NAME="BS2031 Aurora" Spot="1" />
 <COLOR RGB="#9b614b" NAME="BS2032 Cocoa" Spot="1" />
 <COLOR RGB="#f0e7d0" NAME="BS3033 Magnolia" Spot="1" />
 <COLOR RGB="#f0dbb9" NAME="BS3034 Vanilla" Spot="1" />
 <COLOR RGB="#9d8a72" NAME="BS3036 Cobweb" Spot="1" />
 <COLOR RGB="#8b816b" NAME="BS3037 Buffalo" Spot="1" />
 <COLOR RGB="#574635" NAME="BS3038 Congo Brown" Spot="1" />
 <COLOR RGB="#342522" NAME="BS3039 Chocolate" Spot="1" />
 <COLOR RGB="#efd6ac" NAME="BS3040 Manilla - Pale Ivory" Spot="1" />
 <COLOR RGB="#f0cb96" NAME="BS3041 Maple" Spot="1" />
 <COLOR RGB="#e7c894" NAME="BS3042 Rich Cream" Spot="1" />
 <COLOR RGB="#bf9d6b" NAME="BS3043 Light Stone" Spot="1" />
 <COLOR RGB="#935422" NAME="BS3044 Golden Brown" Spot="1" />
 <COLOR RGB="#744f33" NAME="BS3045 Middle Brown" Spot="1" />
 <COLOR RGB="#f2e5cb" NAME="BS4046 Off White" Spot="1" />
 <COLOR RGB="#cdc4a5" NAME="BS4047 Silver Gleam" Spot="1" />
 <COLOR RGB="#b6ab92" NAME="BS4048 Stone Grey" Spot="1" />
 <COLOR RGB="#9c9173" NAME="BS4049 Eddystone" Spot="1" />
 <COLOR RGB="#6e5d2e" NAME="BS4050 Olive" Spot="1" />
 <COLOR RGB="#46412f" NAME="BS4051 Montella" Spot="1" />
 <COLOR RGB="#eadab1" NAME="BS4052 Buttermilk" Spot="1" />
 <COLOR RGB="#e8e0a1" NAME="BS4053 Jonquil" Spot="1" />
 <COLOR RGB="#f2dd84" NAME="BS4054 Mimosa Yellow" Spot="1" />
 <COLOR RGB="#efdb5f" NAME="BS4055 Jasmine Yellow" Spot="1" />
 <COLOR RGB="#bfa154" NAME="BS4056 Mustard" Spot="1" />
 <COLOR RGB="#daa20e" NAME="BS4057 Brass" Spot="1" />
 <COLOR RGB="#cdcaa6" NAME="BS5058 Gossamer" Spot="1" />
 <COLOR RGB="#aeb394" NAME="BS5059 Sky" Spot="1" />
 <COLOR RGB="#989976" NAME="BS5060 Quarry Grey" Spot="1" />
 <COLOR RGB="#465643" NAME="BS5061 Pine Green" Spot="1" />
 <COLOR RGB="#cfd072" NAME="BS5062 Yaffle Green" Spot="1" />
 <COLOR RGB="#8e7f2f" NAME="BS5063 Moss Green" Spot="1" />
 <COLOR RGB="#697e3f" NAME="BS5064 Bredon Green" Spot="1" />
 <COLOR RGB="#56653c" NAME="BS5065 Clover Leaf" Spot="1" />
 <COLOR RGB="#899e89" NAME="BS6066 Grotto" Spot="1" />
 <COLOR RGB="#71826d" NAME="BS6067 Atlantic Green" Spot="1" />
 <COLOR RGB="#2b3e34" NAME="BS6068 Marble Green" Spot="1" />
 <COLOR RGB="#cad9b5" NAME="BS6069 Glacier" Spot="1" />
 <COLOR RGB="#cad8b1" NAME="BS6070 Pastel Green" Spot="1" />
 <COLOR RGB="#9ab777" NAME="BS6071 Eau De Nil" Spot="1" />
 <COLOR RGB="#1f5644" NAME="BS6073 Bottle Green" Spot="1" />
 <COLOR RGB="#18482a" NAME="BS6074 Md.Brunsw.Green" Spot="1" />
 <COLOR RGB="#cee1ca" NAME="BS7075 Horizon Blue" Spot="1" />
 <COLOR RGB="#a5b2a8" NAME="BS7076 Court Grey" Spot="1" />
 <COLOR RGB="#8ba9a4" NAME="BS7077 Shadow Blue" Spot="1" />
 <COLOR RGB="#8c9a94" NAME="BS7078 Light Grey" Spot="1" />
 <COLOR RGB="#538a8e" NAME="BS7080 Turquoise Blue" Spot="1" />
 <COLOR RGB="#ccdece" NAME="BS7081 Narvik" Spot="1" />
 <COLOR RGB="#a6c8be" NAME="BS7082 Porcelain Blue" Spot="1" />
 <COLOR RGB="#8ebcbe" NAME="BS7083 Ribbon Blue" Spot="1" />
 <COLOR RGB="#5b9fad" NAME="BS7084 Fiesta Blue" Spot="1" />
 <COLOR RGB="#2c6474" NAME="BS7085 Marine Blue" Spot="1" />
 <COLOR RGB="#1d3c4e" NAME="BS7086 Midnight Blue" Spot="1" />
 <COLOR RGB="#bec9cc" NAME="BS8087 Steel Blue" Spot="1" />
 <COLOR RGB="#7f9fae" NAME="BS8088 Wedgewood Blue" Spot="1" />
 <COLOR RGB="#868c93" NAME="BS8089 Castle Grey" Spot="1" />
 <COLOR RGB="#e7c6bf" NAME="BS8090 Shell Pink - Columbine" Spot="1" />
 <COLOR RGB="#c16674" NAME="BS8091 Cyclamen" Spot="1" />
 <COLOR RGB="#683045" NAME="BS8092 Regal Red" Spot="1" />
 <COLOR RGB="#dddac9" NAME="BS9093 Silver" Spot="1" />
 <COLOR RGB="#c3c2b7" NAME="BS9094 Flake Grey" Spot="1" />
 <COLOR RGB="#b2afa6" NAME="BS9095 Minerva Grey" Spot="1" />
 <COLOR RGB="#918f88" NAME="BS9096 Shire Grey" Spot="1" />
 <COLOR RGB="#5f6669" NAME="BS9097 Dk Admir. Grey" Spot="1" />
 <COLOR RGB="#333e45" NAME="BS9098 Blue Grey" Spot="1" />
 <COLOR RGB="#8a8679" NAME="BS9100 Graphite" Spot="1" />
 <COLOR RGB="#676660" NAME="BS9101 Charcoal" Spot="1" />
 <COLOR RGB="#78a293" NAME="BS101 Sky Blue" Spot="1" />
 <COLOR RGB="#458382" NAME="BS102 Turquoise Blue" Spot="1" />
 <COLOR RGB="#205f69" NAME="BS103 Peacock Blue" Spot="1" />
 <COLOR RGB="#1c4870" NAME="BS104 Azure Blue" Spot="1" />
 <COLOR RGB="#1b2c4b" NAME="BS105 Oxford Blue" Spot="1" />
 <COLOR RGB="#1d1f29" NAME="BS106 Royal Blue" Spot="1" />
 <COLOR RGB="#066e95" NAME="BS107 Pacific Blue" Spot="1" />
 <COLOR RGB="#22356c" NAME="BS108 Air Craft Blue" Spot="1" />
 <COLOR RGB="#0a5473" NAME="BS109 Anchusa" Spot="1" />
 <COLOR RGB="#253a69" NAME="BS110 Roundel Blue" Spot="1" />
 <COLOR RGB="#85b5a6" NAME="BS111 Sky Blue" Spot="1" />
 <COLOR RGB="#5ba1ae" NAME="BS112 Fiesta Blue" Spot="1" />
 <COLOR RGB="#205d6b" NAME="BS113 Deep Saxe Blue" Spot="1" />
 <COLOR RGB="#00434c" NAME="BS114 Rail Blue" Spot="1" />
 <COLOR RGB="#5882b2" NAME="BS115 Cobalt Blue" Spot="1" />
 <COLOR RGB="#2d5ea2" NAME="BS166 French Blue" Spot="1" />
 <COLOR RGB="#135b75" NAME="BS169 Traffic Blue" Spot="1" />
 <COLOR RGB="#92b3d0" NAME="BS172 Pale Roun.Blue" Spot="1" />
 <COLOR RGB="#3c9497" NAME="BS174 Orient Blue" Spot="1" />
 <COLOR RGB="#3b7cb3" NAME="BS175 Lt. French Blue" Spot="1" />
 <COLOR RGB="#a9ac90" NAME="BS210 Sky" Spot="1" />
 <COLOR RGB="#a1b47c" NAME="BS216 Eau De Nil" Spot="1" />
 <COLOR RGB="#859d57" NAME="BS217 Sea Green" Spot="1" />
 <COLOR RGB="#517733" NAME="BS218 Grass Green" Spot="1" />
 <COLOR RGB="#757639" NAME="BS219 Sage Green" Spot="1" />
 <COLOR RGB="#3c471e" NAME="BS220 Olive Green" Spot="1" />
 <COLOR RGB="#376828" NAME="BS221 Brillant Green" Spot="1" />
 <COLOR RGB="#5c5c1e" NAME="BS222 Lt.Bronze Green" Spot="1" />
 <COLOR RGB="#404528" NAME="BS223 Mid.Bronze Green" Spot="1" />
 <COLOR RGB="#2d331d" NAME="BS224 Dp Bronze Green" Spot="1" />
 <COLOR RGB="#355727" NAME="BS225 Lt.Brunsw.Green" Spot="1" />
 <COLOR RGB="#1a4427" NAME="BS226 Md.Brunsw.Green" Spot="1" />
 <COLOR RGB="#1a3827" NAME="BS227 Dp.Brunsw.Green" Spot="1" />
 <COLOR RGB="#007e52" NAME="BS228 Viridian" Spot="1" />
 <COLOR RGB="#484736" NAME="BS241 Dark Green" Spot="1" />
 <COLOR RGB="#00844e" NAME="BS262 Bold Green" Spot="1" />
 <COLOR RGB="#2e5a3e" NAME="BS267 Traffic Green" Spot="1" />
 <COLOR RGB="#88ab86" NAME="BS275 Opaline Green" Spot="1" />
 <COLOR RGB="#2e4c1e" NAME="BS276 Lincoln Green" Spot="1" />
 <COLOR RGB="#364a20" NAME="BS277 Cypress Green" Spot="1" />
 <COLOR RGB="#7c8150" NAME="BS278 Lt. Olive Green" Spot="1" />
 <COLOR RGB="#3b3629" NAME="BS279 Steel Furniture Green" Spot="1" />
 <COLOR RGB="#4e9269" NAME="BS280 Verdigris Green" Spot="1" />
 <COLOR RGB="#38573d" NAME="BS282 Forest Green" Spot="1" />
 <COLOR RGB="#6c7a61" NAME="BS283 Airc.Grey Green" Spot="1" />
 <COLOR RGB="#61644e" NAME="BS284 Spruce Green" Spot="1" />
 <COLOR RGB="#4b4937" NAME="BS285 Nato Green" Spot="1" />
 <COLOR RGB="#43422a" NAME="BS298 Olive Drab" Spot="1" />
 <COLOR RGB="#eec800" NAME="BS309 Canary" Spot="1" />
 <COLOR RGB="#e8d254" NAME="BS310 Primrose" Spot="1" />
 <COLOR RGB="#efd05c" NAME="BS315 Grapefruit" Spot="1" />
 <COLOR RGB="#90632f" NAME="BS320 Light Brown" Spot="1" />
 <COLOR RGB="#4a4437" NAME="BS337 Very Dark Drab" Spot="1" />
 <COLOR RGB="#715a41" NAME="BS350 Dark Earth" Spot="1" />
 <COLOR RGB="#e6c885" NAME="BS352 Pale Cream" Spot="1" />
 <COLOR RGB="#f6c76d" NAME="BS353 Deep Cream" Spot="1" />
 <COLOR RGB="#e9bb43" NAME="BS354 Primrose" Spot="1" />
 <COLOR RGB="#f2b100" NAME="BS355 Lemon" Spot="1" />
 <COLOR RGB="#f6a200" NAME="BS356 Golden Yellow" Spot="1" />
 <COLOR RGB="#d9a85e" NAME="BS358 Light Buff" Spot="1" />
 <COLOR RGB="#c88f41" NAME="BS359 Middle Buff" Spot="1" />
 <COLOR RGB="#b17d49" NAME="BS360 Deep Buff" Spot="1" />
 <COLOR RGB="#bd9a69" NAME="BS361 Light Stone" Spot="1" />
 <COLOR RGB="#ac7c42" NAME="BS362 Middle Stone" Spot="1" />
 <COLOR RGB="#febb00" NAME="BS363 Bold Yellow" Spot="1" />
 <COLOR RGB="#cec093" NAME="BS364 Portland Stone" Spot="1" />
 <COLOR RGB="#d7cdac" NAME="BS365 Vellum" Spot="1" />
 <COLOR RGB="#e0c391" NAME="BS366 Light Beige" Spot="1" />
 <COLOR RGB="#e5d0aa" NAME="BS367 Manilla" Spot="1" />
 <COLOR RGB="#dd7b00" NAME="BS368 Traffic Yellow" Spot="1" />
 <COLOR RGB="#ebc898" NAME="BS369 Biscuit" Spot="1" />
 <COLOR RGB="#a88c78" NAME="BS380 Camouflage Desert Sand" Spot="1" />
 <COLOR RGB="#d5c293" NAME="BS384 Light Straw" Spot="1" />
 <COLOR RGB="#e8c88f" NAME="BS385 Light Biscuit" Spot="1" />
 <COLOR RGB="#e6c18d" NAME="BS386 Champagne" Spot="1" />
 <COLOR RGB="#cfb48a" NAME="BS387 Sunshine" Spot="1" />
 <COLOR RGB="#cdb288" NAME="BS388 Beige" Spot="1" />
 <COLOR RGB="#9a917a" NAME="BS389 Camoufl. Beige" Spot="1" />
 <COLOR RGB="#f3d163" NAME="BS397 Jasmine Yellow" Spot="1" />
 <COLOR RGB="#93612b" NAME="BS410 Light Brown" Spot="1" />
 <COLOR RGB="#6c4623" NAME="BS411 Middle Brown" Spot="1" />
 <COLOR RGB="#4e3125" NAME="BS412 Dark Brown" Spot="1" />
 <COLOR RGB="#402d20" NAME="BS413 Nut Brown" Spot="1" />
 <COLOR RGB="#995a25" NAME="BS414 Golden Brown" Spot="1" />
 <COLOR RGB="#61361e" NAME="BS415 Imperial Brown" Spot="1" />
 <COLOR RGB="#947965" NAME="BS420 Dk Camouflage Desert Sand" Spot="1" />
 <COLOR RGB="#764d41" NAME="BS435 Camouflage Red" Spot="1" />
 <COLOR RGB="#493c33" NAME="BS436 Dk Camouf.Brown" Spot="1" />
 <COLOR RGB="#464334" NAME="BS437 Very Dark Drab" Spot="1" />
 <COLOR RGB="#753b1e" NAME="BS439 Orange Brown" Spot="1" />
 <COLOR RGB="#ca8a71" NAME="BS443 Salmon Pink" Spot="1" />
 <COLOR RGB="#904432" NAME="BS444 Terra Cotta" Spot="1" />
 <COLOR RGB="#793725" NAME="BS445 Venetian Red" Spot="1" />
 <COLOR RGB="#6b3221" NAME="BS446 Red Oxide" Spot="1" />
 <COLOR RGB="#d8997d" NAME="BS447 Salmon Pink" Spot="1" />
 <COLOR RGB="#572822" NAME="BS448 Deep Indian Red" Spot="1" />
 <COLOR RGB="#4a2322" NAME="BS449 Lt.Purple Brown" Spot="1" />
 <COLOR RGB="#745f46" NAME="BS450 Dark Earth" Spot="1" />
 <COLOR RGB="#4f2324" NAME="BS452 Dark Crimson" Spot="1" />
 <COLOR RGB="#dcc4c0" NAME="BS453 Shell Pink" Spot="1" />
 <COLOR RGB="#c5898b" NAME="BS454 Pale Roundel Red" Spot="1" />
 <COLOR RGB="#b17d49" NAME="BS460 Deep Buff" Spot="1" />
 <COLOR RGB="#652722" NAME="BS473 Gulf Red" Spot="1" />
 <COLOR RGB="#7d492e" NAME="BS489 Leaf Brown" Spot="1" />
 <COLOR RGB="#573320" NAME="BS490 Beech Brown" Spot="1" />
 <COLOR RGB="#4b3825" NAME="BS499 Service Brown" Spot="1" />
 <COLOR RGB="#bb3016" NAME="BS536 Poppy" Spot="1" />
 <COLOR RGB="#b82b1f" NAME="BS537 Signal Red" Spot="1" />
 <COLOR RGB="#9b1418" NAME="BS538 Post Office Red" Spot="1" />
 <COLOR RGB="#a9171e" NAME="BS539 Currant Red" Spot="1" />
 <COLOR RGB="#63131b" NAME="BS540 Crimson" Spot="1" />
 <COLOR RGB="#362021" NAME="BS541 Maroon" Spot="1" />
 <COLOR RGB="#77244c" NAME="BS542 Ruby" Spot="1" />
 <COLOR RGB="#d96a00" NAME="BS557 Light Orange" Spot="1" />
 <COLOR RGB="#b5271a" NAME="BS564 Bold Red" Spot="1" />
 <COLOR RGB="#de7e00" NAME="BS568 Apricot" Spot="1" />
 <COLOR RGB="#a83c19" NAME="BS570 Traffic Red" Spot="1" />
 <COLOR RGB="#d04e08" NAME="BS591 Deep Orange" Spot="1" />
 <COLOR RGB="#c64215" NAME="BS592 Inter Orange" Spot="1" />
 <COLOR RGB="#c73003" NAME="BS593 Azo Orange" Spot="1" />
 <COLOR RGB="#939a9a" NAME="BS626 Camoufl. Grey" Spot="1" />
 <COLOR RGB="#adada6" NAME="BS627 Lt.Aircr. Grey" Spot="1" />
 <COLOR RGB="#9d9d7e" NAME="BS628 Silver Grey" Spot="1" />
 <COLOR RGB="#697278" NAME="BS629 Quaker Grey" Spot="1" />
 <COLOR RGB="#959989" NAME="BS630 French Grey" Spot="1" />
 <COLOR RGB="#8e978f" NAME="BS631 Light Grey" Spot="1" />
 <COLOR RGB="#5d656a" NAME="BS632 Dk.Admir.Grey" Spot="1" />
 <COLOR RGB="#303b40" NAME="BS633 R.A.F.Blue - Grey" Spot="1" />
 <COLOR RGB="#626353" NAME="BS634 Slate" Spot="1" />
 <COLOR RGB="#474e45" NAME="BS635 Lead" Spot="1" />
 <COLOR RGB="#526a75" NAME="BS636 Pru Blue" Spot="1" />
 <COLOR RGB="#828b8e" NAME="BS637 Med. Sea Grey" Spot="1" />
 <COLOR RGB="#5f6165" NAME="BS638 Dark Sea Grey" Spot="1" />
 <COLOR RGB="#5f6857" NAME="BS639 Light Slate Grey" Spot="1" />
 <COLOR RGB="#4d5459" NAME="BS640 Ext.Dk Sea Grey" Spot="1" />
 <COLOR RGB="#484837" NAME="BS641 Dark Green" Spot="1" />
 <COLOR RGB="#404142" NAME="BS642 Night" Spot="1" />
 <COLOR RGB="#43474a" NAME="BS671 Middle Graphite" Spot="1" />
 <COLOR RGB="#9da9aa" NAME="BS676 Lt.Waethw.Grey" Spot="1" />
 <COLOR RGB="#5b626a" NAME="BS677 Dk.Weathw.Grey" Spot="1" />
 <COLOR RGB="#678493" NAME="BS692 Smoke Grey" Spot="1" />
 <COLOR RGB="#787f7c" NAME="BS693 Aircraft Grey" Spot="1" />
 <COLOR RGB="#838882" NAME="BS694 Dove Grey" Spot="1" />
 <COLOR RGB="#a5bbb7" NAME="BS697 Lt.Admiral.Grey" Spot="1" />
 <COLOR RGB="#60406c" NAME="BS796 Dark Violet" Spot="1" />
 <COLOR RGB="#a999b6" NAME="BS797 Light Violet" Spot="1" />
 <COLOR RGB="#d8d6ce" NAME="BS00A01 Oyster Grey" Spot="1" />
 <COLOR RGB="#d3d0c8" NAME="BS00A03 Grey" Spot="1" />
 <COLOR RGB="#b1b0ad" NAME="BS00A05 Sea Mist" Spot="1" />
 <COLOR RGB="#979693" NAME="BS00A07 Grey" Spot="1" />
 <COLOR RGB="#7c7d7e" NAME="BS00A09 Flint Grey" Spot="1" />
 <COLOR RGB="#61605f" NAME="BS00A11 Grey" Spot="1" />
 <COLOR RGB="#4d4e4e" NAME="BS00A13 Greyfriar" Spot="1" />
 <COLOR RGB="#131516" NAME="BS00E53 Black" Spot="1" />
 <COLOR RGB="#f7f5eb" NAME="BS00E55 White" Spot="1" />
 <COLOR RGB="#d0ccc8" NAME="BS02A03 Grey" Spot="1" />
 <COLOR RGB="#9b9694" NAME="BS02A07 Grey" Spot="1" />
 <COLOR RGB="#6a6362" NAME="BS02A11 Grey" Spot="1" />
 <COLOR RGB="#e5c2c4" NAME="BS02C33 Candy Floss" Spot="1" />
 <COLOR RGB="#d9a3ab" NAME="BS02C35 Pink" Spot="1" />
 <COLOR RGB="#a16b7a" NAME="BS02C37 Corinth" Spot="1" />
 <COLOR RGB="#75394b" NAME="BS02C39 Aubergine" Spot="1" />
 <COLOR RGB="#4a2c38" NAME="BS02C40 Loganberry" Spot="1" />
 <COLOR RGB="#ea9da7" NAME="BS02D41 Pink" Spot="1" />
 <COLOR RGB="#b75e78" NAME="BS02D43 Pink" Spot="1" />
 <COLOR RGB="#9e4362" NAME="BS02D44 Violet" Spot="1" />
 <COLOR RGB="#7a284f" NAME="BS02D45 Purple" Spot="1" />
 <COLOR RGB="#c15374" NAME="BS02E53 Purple" Spot="1" />
 <COLOR RGB="#9f3759" NAME="BS02E56 Deep Pink" Spot="1" />
 <COLOR RGB="#59213c" NAME="BS02E58 Bordeaux" Spot="1" />
 <COLOR RGB="#ebded5" NAME="BS04B15 Dawn Pink" Spot="1" />
 <COLOR RGB="#dbc7bc" NAME="BS04B17 Tea Rose" Spot="1" />
 <COLOR RGB="#c3aca1" NAME="BS04B19 Beige" Spot="1" />
 <COLOR RGB="#a89087" NAME="BS04B21 Sierra" Spot="1" />
 <COLOR RGB="#8d766c" NAME="BS04B23 Brown" Spot="1" />
 <COLOR RGB="#403a39" NAME="BS04B25 Saracen" Spot="1" />
 <COLOR RGB="#604741" NAME="BS04B27 Brown" Spot="1" />
 <COLOR RGB="#442f2b" NAME="BS04B29 Brown" Spot="1" />
 <COLOR RGB="#f9e9e0" NAME="BS04C31 Pink" Spot="1" />
 <COLOR RGB="#e7bbb1" NAME="BS04C33 Parisian Pink" Spot="1" />
 <COLOR RGB="#dfa092" NAME="BS04C35 Soft Red" Spot="1" />
 <COLOR RGB="#a4675b" NAME="BS04C37 Red" Spot="1" />
 <COLOR RGB="#753933" NAME="BS04C39 Copperbeech" Spot="1" />
 <COLOR RGB="#4e2f30" NAME="BS04C40 Maroon" Spot="1" />
 <COLOR RGB="#e89c88" NAME="BS04D41 Pink" Spot="1" />
 <COLOR RGB="#ba584e" NAME="BS04D43 Robin" Spot="1" />
 <COLOR RGB="#a7443d" NAME="BS04D44 Tawny" Spot="1" />
 <COLOR RGB="#822824" NAME="BS04D45 Russet" Spot="1" />
 <COLOR RGB="#f9ded3" NAME="BS04E49 Petal" Spot="1" />
 <COLOR RGB="#f8b7a7" NAME="BS04E50 Pink" Spot="1" />
 <COLOR RGB="#e66e5b" NAME="BS04E51 Lobster" Spot="1" />
 <COLOR RGB="#bd3329" NAME="BS04E53 Carnival Red" Spot="1" />
 <COLOR RGB="#c53405" NAME="BS04E55 Red" Spot="1" />
 <COLOR RGB="#aa2b28" NAME="BS04E56 Carnival Red" Spot="1" />
 <COLOR RGB="#5e252e" NAME="BS04E58 Red" Spot="1" />
 <COLOR RGB="#cec9be" NAME="BS06A03 Grey" Spot="1" />
 <COLOR RGB="#95928d" NAME="BS06A07 Grey" Spot="1" />
 <COLOR RGB="#696564" NAME="BS06A11 Grey" Spot="1" />
 <COLOR RGB="#e8c49f" NAME="BS06C33 Cameo" Spot="1" />
 <COLOR RGB="#daa075" NAME="BS06C35 Light Orange" Spot="1" />
 <COLOR RGB="#a46b48" NAME="BS06C37 Brownstone" Spot="1" />
 <COLOR RGB="#6d431f" NAME="BS06C39 Saddle" Spot="1" />
 <COLOR RGB="#4e3024" NAME="BS06C40 Brown" Spot="1" />
 <COLOR RGB="#fabd8e" NAME="BS06D41 Orange" Spot="1" />
 <COLOR RGB="#c47e33" NAME="BS06D43 Kalahari" Spot="1" />
 <COLOR RGB="#b46424" NAME="BS06D44 Orange" Spot="1" />
 <COLOR RGB="#8e5229" NAME="BS06D45 Mace" Spot="1" />
 <COLOR RGB="#fdb772" NAME="BS06E50 Apricot" Spot="1" />
 <COLOR RGB="#f38c4e" NAME="BS06E51 Clementine" Spot="1" />
 <COLOR RGB="#f07f00" NAME="BS06E53 Orange" Spot="1" />
 <COLOR RGB="#e25b01" NAME="BS06E55 Orange" Spot="1" />
 <COLOR RGB="#b4611a" NAME="BS06E56 Yellow" Spot="1" />
 <COLOR RGB="#322e2a" NAME="BS08A14 Black" Spot="1" />
 <COLOR RGB="#f7ead6" NAME="BS08B15 Magnolia" Spot="1" />
 <COLOR RGB="#dacab3" NAME="BS08B17 Fawn" Spot="1" />
 <COLOR RGB="#b7a895" NAME="BS08B19 Beige" Spot="1" />
 <COLOR RGB="#a39282" NAME="BS08B21 Antelope" Spot="1" />
 <COLOR RGB="#8a796a" NAME="BS08B23 Brown" Spot="1" />
 <COLOR RGB="#716152" NAME="BS08B25 Beaver" Spot="1" />
 <COLOR RGB="#554234" NAME="BS08B27 Brown" Spot="1" />
 <COLOR RGB="#493a2e" NAME="BS08B29 Vandye" Spot="1" />
 <COLOR RGB="#f4e1c3" NAME="BS08C31 Blush Stone" Spot="1" />
 <COLOR RGB="#e4c49a" NAME="BS08C33 Beige" Spot="1" />
 <COLOR RGB="#cfa46a" NAME="BS08C35 Butterscotch" Spot="1" />
 <COLOR RGB="#9d6f30" NAME="BS08C37 Bracken" Spot="1" />
 <COLOR RGB="#634522" NAME="BS08C39 Bison" Spot="1" />
 <COLOR RGB="#4c3b28" NAME="BS08C40 Brown" Spot="1" />
 <COLOR RGB="#eebe7d" NAME="BS08D41 Yellow" Spot="1" />
 <COLOR RGB="#c48512" NAME="BS08D43 Yellow" Spot="1" />
 <COLOR RGB="#a17017" NAME="BS08D44 Brown" Spot="1" />
 <COLOR RGB="#7f5723" NAME="BS08D45 Brown" Spot="1" />
 <COLOR RGB="#efa200" NAME="BS08E51 Golden Ambar" Spot="1" />
 <COLOR RGB="#ffad00" NAME="BS08E53 Yellow" Spot="1" />
 <COLOR RGB="#fa9300" NAME="BS08E55 Orange" Spot="1" />
 <COLOR RGB="#c38000" NAME="BS08E56 Yellow" Spot="1" />
 <COLOR RGB="#ebe9e0" NAME="BS10A01 White" Spot="1" />
 <COLOR RGB="#c9c7bd" NAME="BS10A03 Sink Grey" Spot="1" />
 <COLOR RGB="#b6b3a7" NAME="BS10A05 Grey" Spot="1" />
 <COLOR RGB="#98958c" NAME="BS10A07 Wood Ash" Spot="1" />
 <COLOR RGB="#827f77" NAME="BS10A09 Grey" Spot="1" />
 <COLOR RGB="#625f59" NAME="BS10A11 Storm - Rhino" Spot="1" />
 <COLOR RGB="#f4ead5" NAME="BS10B15 Ivory" Spot="1" />
 <COLOR RGB="#d6cbab" NAME="BS10B17 Greystone" Spot="1" />
 <COLOR RGB="#bdb092" NAME="BS10B19 Beige" Spot="1" />
 <COLOR RGB="#a89e86" NAME="BS10B21 Lizard" Spot="1" />
 <COLOR RGB="#887c63" NAME="BS10B23 Brown" Spot="1" />
 <COLOR RGB="#6d644d" NAME="BS10B25 Turtle" Spot="1" />
 <COLOR RGB="#50452d" NAME="BS10B27 Brown" Spot="1" />
 <COLOR RGB="#373326" NAME="BS10B29 Ironstone" Spot="1" />
 <COLOR RGB="#f3e2bf" NAME="BS10C31 Champagne" Spot="1" />
 <COLOR RGB="#e6d298" NAME="BS10C33 Pollen" Spot="1" />
 <COLOR RGB="#c1a65e" NAME="BS10C35 Golden Bronze" Spot="1" />
 <COLOR RGB="#937725" NAME="BS10C37 Yellow Brown" Spot="1" />
 <COLOR RGB="#5a4c25" NAME="BS10C39 Saluki" Spot="1" />
 <COLOR RGB="#eed079" NAME="BS10D41 Yellow" Spot="1" />
 <COLOR RGB="#c89e00" NAME="BS10D43 Banana" Spot="1" />
 <COLOR RGB="#be9129" NAME="BS10D44 Light Olive" Spot="1" />
 <COLOR RGB="#967701" NAME="BS10D45 Florida" Spot="1" />
 <COLOR RGB="#eae4a2" NAME="BS10E49 Pale Lemon" Spot="1" />
 <COLOR RGB="#f0d15d" NAME="BS10E50 Forsythia" Spot="1" />
 <COLOR RGB="#eab700" NAME="BS10E51 Yellow" Spot="1" />
 <COLOR RGB="#edc300" NAME="BS10E53 Canary" Spot="1" />
 <COLOR RGB="#ffca00" NAME="BS10E55 Camery Yellow" Spot="1" />
 <COLOR RGB="#d8a900" NAME="BS10E56 Yellow" Spot="1" />
 <COLOR RGB="#eae9d2" NAME="BS12B15 Seafoam" Spot="1" />
 <COLOR RGB="#cccaa9" NAME="BS12B17 Willow" Spot="1" />
 <COLOR RGB="#b0af90" NAME="BS12B19 Beige" Spot="1" />
 <COLOR RGB="#99997c" NAME="BS12B21 Opaline" Spot="1" />
 <COLOR RGB="#7e7f63" NAME="BS12B23 Green" Spot="1" />
 <COLOR RGB="#61634e" NAME="BS12B25 Thyme" Spot="1" />
 <COLOR RGB="#616151" NAME="BS12B27 Green" Spot="1" />
 <COLOR RGB="#343626" NAME="BS12B29 Juniper" Spot="1" />
 <COLOR RGB="#eae9be" NAME="BS12B31 Light Yellow" Spot="1" />
 <COLOR RGB="#c9ca90" NAME="BS12C33 Catkin" Spot="1" />
 <COLOR RGB="#afb17a" NAME="BS12C35 Green" Spot="1" />
 <COLOR RGB="#777d2d" NAME="BS12C37 Green" Spot="1" />
 <COLOR RGB="#464b24" NAME="BS12C39 Orchard" Spot="1" />
 <COLOR RGB="#313724" NAME="BS12C40 Green" Spot="1" />
 <COLOR RGB="#cac973" NAME="BS12D41 Green" Spot="1" />
 <COLOR RGB="#8e8f25" NAME="BS12D43 Sapling" Spot="1" />
 <COLOR RGB="#777a07" NAME="BS12D44 Green" Spot="1" />
 <COLOR RGB="#63641f" NAME="BS12D45 Tundra" Spot="1" />
 <COLOR RGB="#c8c92a" NAME="BS12E51 Citrine" Spot="1" />
 <COLOR RGB="#99af2b" NAME="BS12E53 Linden" Spot="1" />
 <COLOR RGB="#739e20" NAME="BS12E55 Green" Spot="1" />
 <COLOR RGB="#d9e7d6" NAME="BS14C31 Green - Alpine" Spot="1" />
 <COLOR RGB="#b9d0be" NAME="BS14C33 Green" Spot="1" />
 <COLOR RGB="#9bb19e" NAME="BS14C35 Braemer" Spot="1" />
 <COLOR RGB="#5c876d" NAME="BS14C37 Green" Spot="1" />
 <COLOR RGB="#2f5440" NAME="BS14C39 Hollybush" Spot="1" />
 <COLOR RGB="#2c3a31" NAME="BS14C40 Green" Spot="1" />
 <COLOR RGB="#8dba9b" NAME="BS14C41 Green" Spot="1" />
 <COLOR RGB="#478966" NAME="BS14D43 Green" Spot="1" />
 <COLOR RGB="#29704e" NAME="BS14D44 Green" Spot="1" />
 <COLOR RGB="#005333" NAME="BS14D45 Green" Spot="1" />
 <COLOR RGB="#d3ebd5" NAME="BS14E49 Light Green" Spot="1" />
 <COLOR RGB="#aad8b3" NAME="BS14E50 Green" Spot="1" />
 <COLOR RGB="#56ad6d" NAME="BS14E51 Goblin" Spot="1" />
 <COLOR RGB="#01905e" NAME="BS14E53 Avarice" Spot="1" />
 <COLOR RGB="#00703e" NAME="BS14E56 Green" Spot="1" />
 <COLOR RGB="#1f4231" NAME="BS14E58 Green" Spot="1" />
 <COLOR RGB="#c6cac1" NAME="BS16A03 Grey" Spot="1" />
 <COLOR RGB="#8d918d" NAME="BS16A07 Mid Grey" Spot="1" />
 <COLOR RGB="#5e6664" NAME="BS16A11 Grey" Spot="1" />
 <COLOR RGB="#b3cec7" NAME="BS16C33 Duckegg" Spot="1" />
 <COLOR RGB="#9bb6af" NAME="BS16C35 Green" Spot="1" />
 <COLOR RGB="#548481" NAME="BS16C37 Green" Spot="1" />
 <COLOR RGB="#1d5452" NAME="BS16C39 Green" Spot="1" />
 <COLOR RGB="#2a3838" NAME="BS16C40 Deep Green" Spot="1" />
 <COLOR RGB="#83bdb6" NAME="BS16D41 Green" Spot="1" />
 <COLOR RGB="#298c86" NAME="BS16D43 Green" Spot="1" />
 <COLOR RGB="#00716c" NAME="BS16D44 Green" Spot="1" />
 <COLOR RGB="#005550" NAME="BS16D45 Green - Blue" Spot="1" />
 <COLOR RGB="#a2dbd3" NAME="BS16E50 Turquoise" Spot="1" />
 <COLOR RGB="#008e8a" NAME="BS16E53 Seafarer" Spot="1" />
 <COLOR RGB="#007772" NAME="BS16E56 Green" Spot="1" />
 <COLOR RGB="#333639" NAME="BS18A14 Black" Spot="1" />
 <COLOR RGB="#e5e9e2" NAME="BS18B15 White" Spot="1" />
 <COLOR RGB="#c2ccca" NAME="BS18B17 Silver Haze" Spot="1" />
 <COLOR RGB="#b1b8b7" NAME="BS18B19 Grey" Spot="1" />
 <COLOR RGB="#8e9897" NAME="BS18B21 Blue" Spot="1" />
 <COLOR RGB="#767e7d" NAME="BS18B23 Grey" Spot="1" />
 <COLOR RGB="#5f6a6c" NAME="BS18B25 Dk Admir. Grey" Spot="1" />
 <COLOR RGB="#444e51" NAME="BS18B27 Grey" Spot="1" />
 <COLOR RGB="#262d32" NAME="BS18B29 Blue" Spot="1" />
 <COLOR RGB="#e6ece5" NAME="BS18C31 Blue" Spot="1" />
 <COLOR RGB="#bbcccc" NAME="BS18C33 Blue" Spot="1" />
 <COLOR RGB="#96adb6" NAME="BS18C35 Blue" Spot="1" />
 <COLOR RGB="#587f8b" NAME="BS18C37 Blue" Spot="1" />
 <COLOR RGB="#225160" NAME="BS18C39 Deep River" Spot="1" />
 <COLOR RGB="#223238" NAME="BS18C40 Black" Spot="1" />
 <COLOR RGB="#87bbc5" NAME="BS18D41 Blue" Spot="1" />
 <COLOR RGB="#418297" NAME="BS18D43 Dresden Blue" Spot="1" />
 <COLOR RGB="#2a7088" NAME="BS18D44 Blue" Spot="1" />
 <COLOR RGB="#00566c" NAME="BS18D45 Blue" Spot="1" />
 <COLOR RGB="#d2e7e2" NAME="BS18E49 Astral Blue" Spot="1" />
 <COLOR RGB="#a8d3dc" NAME="BS18E50 Blue" Spot="1" />
 <COLOR RGB="#42a5c1" NAME="BS18E51 Mermaid" Spot="1" />
 <COLOR RGB="#00739d" NAME="BS18E53 Cobalt Blue" Spot="1" />
 <COLOR RGB="#003e52" NAME="BS18E58 Blue" Spot="1" />
 <COLOR RGB="#bccedd" NAME="BS20C33 Pompadour" Spot="1" />
 <COLOR RGB="#a2b2c4" NAME="BS20C35 Blue" Spot="1" />
 <COLOR RGB="#67839f" NAME="BS20C37 Viking" Spot="1" />
 <COLOR RGB="#374963" NAME="BS20C39 Blue" Spot="1" />
 <COLOR RGB="#202d44" NAME="BS20C40 Midnight" Spot="1" />
 <COLOR RGB="#9ebbd6" NAME="BS20D41 Powder Blue" Spot="1" />
 <COLOR RGB="#5a84b1" NAME="BS20D43 Blue" Spot="1" />
 <COLOR RGB="#416a9d" NAME="BS20D44 Blue" Spot="1" />
 <COLOR RGB="#26557f" NAME="BS20D45 Maritime" Spot="1" />
 <COLOR RGB="#bad5ea" NAME="BS20E50 Blue" Spot="1" />
 <COLOR RGB="#66a2d2" NAME="BS20E51 Corfu - Purple" Spot="1" />
 <COLOR RGB="#096da9" NAME="BS20E53 Blue" Spot="1" />
 <COLOR RGB="#005b8d" NAME="BS20E56 Blue" Spot="1" />
 <COLOR RGB="#e6e6e1" NAME="BS22B15 Swansdown" Spot="1" />
 <COLOR RGB="#c6c4c9" NAME="BS22B17 Lavender Haze" Spot="1" />
 <COLOR RGB="#afb1b9" NAME="BS22B19 Soft Blue" Spot="1" />
 <COLOR RGB="#96949e" NAME="BS22B21 Kashmir" Spot="1" />
 <COLOR RGB="#7b7a84" NAME="BS22B23 Purple" Spot="1" />
 <COLOR RGB="#63626f" NAME="BS22B25 Nightshade" Spot="1" />
 <COLOR RGB="#4d4959" NAME="BS22B27 Violet" Spot="1" />
 <COLOR RGB="#2f2d3b" NAME="BS22B29 Deep Purple" Spot="1" />
 <COLOR RGB="#e4e4e3" NAME="BS22C31 White" Spot="1" />
 <COLOR RGB="#c6c6d5" NAME="BS22C33 Soft Purple" Spot="1" />
 <COLOR RGB="#afafc2" NAME="BS22C35 Purple" Spot="1" />
 <COLOR RGB="#7a759b" NAME="BS22C37 Violet" Spot="1" />
 <COLOR RGB="#4c456f" NAME="BS22C39 Purple" Spot="1" />
 <COLOR RGB="#3a314a" NAME="BS22C40 Purple" Spot="1" />
 <COLOR RGB="#adafd2" NAME="BS22D41 Violet" Spot="1" />
 <COLOR RGB="#837eb2" NAME="BS22D43 Violet" Spot="1" />
 <COLOR RGB="#6a6494" NAME="BS22D44 Purple" Spot="1" />
 <COLOR RGB="#4e477b" NAME="BS22D45 Purple" Spot="1" />
 <COLOR RGB="#635b91" NAME="BS22E53 Purple" Spot="1" />
 <COLOR RGB="#392c59" NAME="BS22E58 Purple" Spot="1" />
 <COLOR RGB="#d2c2ce" NAME="BS24C33 Lilac" Spot="1" />
 <COLOR RGB="#b7a5b5" NAME="BS24C35 Pink" Spot="1" />
 <COLOR RGB="#8e708d" NAME="BS24C37 Purple" Spot="1" />
 <COLOR RGB="#5d3e65" NAME="BS24C38 Amethyst" Spot="1" />
 <COLOR RGB="#5c3b62" NAME="BS24C39 Regalia" Spot="1" />
 <COLOR RGB="#3d293e" NAME="BS24C40 Purple" Spot="1" />
 <COLOR RGB="#e1c6db" NAME="BS24E50 Pink" Spot="1" />
 <COLOR RGB="#7e5086" NAME="BS24E53 Purple" Spot="1" />
 <COLOR RGB="#7c4a82" NAME="BS24E56 Violet" Spot="1" />
 <COLOR RGB="#49244a" NAME="BS24E58 Purple" Spot="1" />
</SCRIBUSCOLORS>