<?xml version="1.0" encoding="UTF-8"?>
<SCRIBUSCOLORS Name="British Std Readymixed">
 <COLOR RGB="#83b2a0" NAME="BRITISH STD Blue 101" Spot="1" />
 <COLOR RGB="#4b9089" NAME="BRITISH STD Blue 102" Spot="1" />
 <COLOR RGB="#135e65" NAME="BRITISH STD Blue 103" Spot="1" />
 <COLOR RGB="#1c4575" NAME="BRITISH STD Blue 104" Spot="1" />
 <COLOR RGB="#1b2745" NAME="BRITISH STD Blue 105" Spot="1" />
 <COLOR RGB="#141628" NAME="BRITISH STD Blue 106" Spot="1" />
 <COLOR RGB="#1d3475" NAME="BRITISH STD Blue 108" Spot="1" />
 <COLOR RGB="#2d5dac" NAME="BRITISH STD Blue 166" Spot="1" />
 <COLOR RGB="#1d5c77" NAME="BRITISH STD Blue 169" Spot="1" />
 <COLOR RGB="#409493" NAME="BRITISH STD Blue 174" Spot="1" />
 <COLOR RGB="#b2c081" NAME="BRITISH STD Green 216" Spot="1" />
 <COLOR RGB="#89a151" NAME="BRITISH STD Green 217" Spot="1" />
 <COLOR RGB="#647e24" NAME="BRITISH STD Green 218" Spot="1" />
 <COLOR RGB="#6d7641" NAME="BRITISH STD Green 219" Spot="1" />
 <COLOR RGB="#414a17" NAME="BRITISH STD Green 220" Spot="1" />
 <COLOR RGB="#376c25" NAME="BRITISH STD Green 221" Spot="1" />
 <COLOR RGB="#605a0d" NAME="BRITISH STD Green 222" Spot="1" />
 <COLOR RGB="#3b3f20" NAME="BRITISH STD Green 223" Spot="1" />
 <COLOR RGB="#2d311c" NAME="BRITISH STD Green 224" Spot="1" />
 <COLOR RGB="#2f5818" NAME="BRITISH STD Green 225" Spot="1" />
 <COLOR RGB="#194325" NAME="BRITISH STD Green 226" Spot="1" />
 <COLOR RGB="#11331f" NAME="BRITISH STD Green 227" Spot="1" />
 <COLOR RGB="#305a37" NAME="BRITISH STD Green 267" Spot="1" />
 <COLOR RGB="#91b287" NAME="BRITISH STD Green 275" Spot="1" />
 <COLOR RGB="#28461a" NAME="BRITISH STD Green 276" Spot="1" />
 <COLOR RGB="#3a4c16" NAME="BRITISH STD Green 277" Spot="1" />
 <COLOR RGB="#808550" NAME="BRITISH STD Green 278" Spot="1" />
 <COLOR RGB="#3a3522" NAME="BRITISH STD Green 279" Spot="1" />
 <COLOR RGB="#4d9367" NAME="BRITISH STD Green 280" Spot="1" />
 <COLOR RGB="#7aa367" NAME="BRITISH STD Green 281" Spot="1" />
 <COLOR RGB="#485d39" NAME="BRITISH STD Green 282" Spot="1" />
 <COLOR RGB="#758660" NAME="BRITISH STD Green 283" Spot="1" />
 <COLOR RGB="#f3c900" NAME="BRITISH STD Yellow, Cream and Buff 309" Spot="1" />
 <COLOR RGB="#ecce8b" NAME="BRITISH STD Yellow, Cream and Buff 352" Spot="1" />
 <COLOR RGB="#fbcd73" NAME="BRITISH STD Yellow, Cream and Buff 353" Spot="1" />
 <COLOR RGB="#e2b94e" NAME="BRITISH STD Yellow, Cream and Buff 354" Spot="1" />
 <COLOR RGB="#f3b300" NAME="BRITISH STD Yellow, Cream and Buff 355" Spot="1" />
 <COLOR RGB="#f2a300" NAME="BRITISH STD Yellow, Cream and Buff 356" Spot="1" />
 <COLOR RGB="#e0a964" NAME="BRITISH STD Yellow, Cream and Buff 358" Spot="1" />
 <COLOR RGB="#cf8f3f" NAME="BRITISH STD Yellow, Cream and Buff 359" Spot="1" />
 <COLOR RGB="#b27b46" NAME="BRITISH STD Yellow, Cream and Buff 360" Spot="1" />
 <COLOR RGB="#c29d6c" NAME="BRITISH STD Yellow, Cream and Buff 361" Spot="1" />
 <COLOR RGB="#ae7e43" NAME="BRITISH STD Yellow, Cream and Buff 362" Spot="1" />
 <COLOR RGB="#a47034" NAME="BRITISH STD Yellow, Cream and Buff 363" Spot="1" />
 <COLOR RGB="#cfc099" NAME="BRITISH STD Yellow, Cream and Buff 364" Spot="1" />
 <COLOR RGB="#dfd3aa" NAME="BRITISH STD Yellow, Cream and Buff 365" Spot="1" />
 <COLOR RGB="#dd7d00" NAME="BRITISH STD Yellow, Cream and Buff 368" Spot="1" />
 <COLOR RGB="#d9c498" NAME="BRITISH STD Yellow, Cream and Buff 384" Spot="1" />
 <COLOR RGB="#eccc94" NAME="BRITISH STD Yellow, Cream and Buff 385" Spot="1" />
 <COLOR RGB="#e5c18f" NAME="BRITISH STD Yellow, Cream and Buff 386" Spot="1" />
 <COLOR RGB="#d7ba88" NAME="BRITISH STD Yellow, Cream and Buff 387" Spot="1" />
 <COLOR RGB="#d7b686" NAME="BRITISH STD Yellow, Cream and Buff 388" Spot="1" />
 <COLOR RGB="#edd163" NAME="BRITISH STD Yellow, Cream and Buff 397" Spot="1" />
 <COLOR RGB="#95692c" NAME="BRITISH STD Brown and Pink 410" Spot="1" />
 <COLOR RGB="#684017" NAME="BRITISH STD Brown and Pink 411" Spot="1" />
 <COLOR RGB="#503022" NAME="BRITISH STD Brown and Pink 412" Spot="1" />
 <COLOR RGB="#3b271a" NAME="BRITISH STD Brown and Pink 413" Spot="1" />
 <COLOR RGB="#975a0c" NAME="BRITISH STD Brown and Pink 414" Spot="1" />
 <COLOR RGB="#683c23" NAME="BRITISH STD Brown and Pink 415" Spot="1" />
 <COLOR RGB="#733718" NAME="BRITISH STD Brown and Pink 439" Spot="1" />
 <COLOR RGB="#e8c891" NAME="BRITISH STD Brown and Pink 442" Spot="1" />
 <COLOR RGB="#c78d77" NAME="BRITISH STD Brown and Pink 443" Spot="1" />
 <COLOR RGB="#944532" NAME="BRITISH STD Brown and Pink 444" Spot="1" />
 <COLOR RGB="#762e17" NAME="BRITISH STD Brown and Pink 445" Spot="1" />
 <COLOR RGB="#662c1f" NAME="BRITISH STD Brown and Pink 446" Spot="1" />
 <COLOR RGB="#54211a" NAME="BRITISH STD Brown and Pink 448" Spot="1" />
 <COLOR RGB="#4d2524" NAME="BRITISH STD Brown and Pink 449" Spot="1" />
 <COLOR RGB="#311d17" NAME="BRITISH STD Brown and Pink 451" Spot="1" />
 <COLOR RGB="#66231a" NAME="BRITISH STD Brown and Pink 473" Spot="1" />
 <COLOR RGB="#79492f" NAME="BRITISH STD Brown and Pink 489" Spot="1" />
 <COLOR RGB="#593120" NAME="BRITISH STD Brown and Pink 490" Spot="1" />
 <COLOR RGB="#c52e04" NAME="BRITISH STD Red and Orange 536" Spot="1" />
 <COLOR RGB="#bc1603" NAME="BRITISH STD Red and Orange 537" Spot="1" />
 <COLOR RGB="#9d0003" NAME="BRITISH STD Red and Orange 538" Spot="1" />
 <COLOR RGB="#670f16" NAME="BRITISH STD Red and Orange 540" Spot="1" />
 <COLOR RGB="#34191a" NAME="BRITISH STD Red and Orange 541" Spot="1" />
 <COLOR RGB="#dd6800" NAME="BRITISH STD Red and Orange 557" Spot="1" />
 <COLOR RGB="#ab3c0e" NAME="BRITISH STD Red and Orange 570" Spot="1" />
 <COLOR RGB="#cc4b00" NAME="BRITISH STD Red and Orange 591" Spot="1" />
 <COLOR RGB="#a0a181" NAME="BRITISH STD Grey 628" Spot="1" />
 <COLOR RGB="#949077" NAME="BRITISH STD Grey 629" Spot="1" />
 <COLOR RGB="#999d88" NAME="BRITISH STD Grey 630" Spot="1" />
 <COLOR RGB="#939c92" NAME="BRITISH STD Grey 631" Spot="1" />
 <COLOR RGB="#5e6568" NAME="BRITISH STD Grey 632" Spot="1" />
 <COLOR RGB="#313c42" NAME="BRITISH STD Grey 633" Spot="1" />
 <COLOR RGB="#5e6050" NAME="BRITISH STD Grey 634" Spot="1" />
 <COLOR RGB="#4a5247" NAME="BRITISH STD Grey 635" Spot="1" />
 <COLOR RGB="#444748" NAME="BRITISH STD Grey 671" Spot="1" />
 <COLOR RGB="#728f8c" NAME="BRITISH STD Grey 692" Spot="1" />
 <COLOR RGB="#7f8782" NAME="BRITISH STD Grey 693" Spot="1" />
 <COLOR RGB="#8b8d81" NAME="BRITISH STD Grey 694" Spot="1" />
 <COLOR RGB="#232625" NAME="BRITISH STD Grey 695" Spot="1" />
 <COLOR RGB="#633a69" NAME="BRITISH STD Violet 796" Spot="1" />
</SCRIBUSCOLORS>