<?xml version="1.0" encoding="UTF-8"?>
<SCRIBUSCOLORS Name="British Std SpecPurposes">
 <COLOR RGB="#005471" NAME="BRITISH STD 109 Middle Blue" Spot="1" />
 <COLOR RGB="#1c4872" NAME="BRITISH STD 104 Azure Blue" Spot="1" />
 <COLOR RGB="#22376a" NAME="BRITISH STD 108 Aircraft Blue " Spot="1" />
 <COLOR RGB="#283c67" NAME="BRITISH STD 110 Roundel blue" Spot="1" />
 <COLOR RGB="#040a16" NAME="BRITISH STD 105 Oxford Blue" Spot="1" />
 <COLOR RGB="#1f222f" NAME="BRITISH STD 106 Royal Blue" Spot="1" />
 <COLOR RGB="#599fad" NAME="BRITISH STD 112 Arctic Blue" Spot="1" />
 <COLOR RGB="#698490" NAME="BRITISH STD 692 Smoke Grey" Spot="1" />
 <COLOR RGB="#526973" NAME="BRITISH STD 636 P.R.U. Blue" Spot="1" />
 <COLOR RGB="#155d66" NAME="BRITISH STD 103 Peacock Blue" Spot="1" />
 <COLOR RGB="#1c5b69" NAME="BRITISH STD 113 Deep Sace Blue" Spot="1" />
 <COLOR RGB="#00414c" NAME="BRITISH STD 114 Rail Blue" Spot="1" />
 <COLOR RGB="#a3bab4" NAME="BRITISH STD 697 Light Admiralty Grey" Spot="1" />
 <COLOR RGB="#82b0a2" NAME="BRITISH STD 111 Pale Blue" Spot="1" />
 <COLOR RGB="#7ca394" NAME="BRITISH STD 101 Sky Blue" Spot="1" />
 <COLOR RGB="#3e8d91" NAME="BRITISH STD 174 Oriental Blue" Spot="1" />
 <COLOR RGB="#46847f" NAME="BRITISH STD 102 Turquoise Blue" Spot="1" />
 <COLOR RGB="#84a982" NAME="BRITISH STD 275 Opaline Green" Spot="1" />
 <COLOR RGB="#8f998e" NAME="BRITISH STD 631 Light Grey" Spot="1" />
 <COLOR RGB="#519068" NAME="BRITISH STD 280 Verdigris Green" Spot="1" />
 <COLOR RGB="#5d6658" NAME="BRITISH STD 639 Light Slate Grey" Spot="1" />
 <COLOR RGB="#3c5a3d" NAME="BRITISH STD 282 Forest Green" Spot="1" />
 <COLOR RGB="#275639" NAME="BRITISH STD 267 Traffic Green" Spot="1" />
 <COLOR RGB="#184528" NAME="BRITISH STD 226 Middle Brunswick Green" Spot="1" />
 <COLOR RGB="#a1b27b" NAME="BRITISH STD 216 Eau-de-Nil" Spot="1" />
 <COLOR RGB="#849d54" NAME="BRITISH STD 217 Sea Green" Spot="1" />
 <COLOR RGB="#979a88" NAME="BRITISH STD 630 French Grey" Spot="1" />
 <COLOR RGB="#6c7a60" NAME="BRITISH STD 283 Aircraft Grey Green" Spot="1" />
 <COLOR RGB="#306725" NAME="BRITISH STD 221 Brilliant Green" Spot="1" />
 <COLOR RGB="#30581f" NAME="BRITISH STD 225 Light Brunswick Green" Spot="1" />
 <COLOR RGB="#474e46" NAME="BRITISH STD 635 Lead" Spot="1" />
 <COLOR RGB="#163624" NAME="BRITISH STD 227 Deep Brunswick Green" Spot="1" />
 <COLOR RGB="#a9ac91" NAME="BRITISH STD 210 Sky" Spot="1" />
 <COLOR RGB="#797d4a" NAME="BRITISH STD 278 Light Olive Green" Spot="1" />
 <COLOR RGB="#5e6151" NAME="BRITISH STD 634 Slate" Spot="1" />
 <COLOR RGB="#5c5a19" NAME="BRITISH STD 222 Light Bronze Green" Spot="1" />
 <COLOR RGB="#3b451c" NAME="BRITISH STD 220 Olive Green" Spot="1" />
 <COLOR RGB="#3b4025" NAME="BRITISH STD 223 Middle Bronze Green" Spot="1" />
 <COLOR RGB="#464636" NAME="BRITISH STD 641 Dark Green" Spot="1" />
 <COLOR RGB="#2c331d" NAME="BRITISH STD 224 Deep Bronze Green" Spot="1" />
 <COLOR RGB="#e8d3ab" NAME="BRITISH STD 367 Manilla" Spot="1" />
 <COLOR RGB="#d6cca9" NAME="BRITISH STD 365 Vellum" Spot="1" />
 <COLOR RGB="#f7ca6f" NAME="BRITISH STD 353 Deep Cream" Spot="1" />
 <COLOR RGB="#e6ca86" NAME="BRITISH STD 352 Pale Cream" Spot="1" />
 <COLOR RGB="#d7c394" NAME="BRITISH STD 384 Light Straw" Spot="1" />
 <COLOR RGB="#dfc290" NAME="BRITISH STD 366 Light Beige" Spot="1" />
 <COLOR RGB="#d2b68a" NAME="BRITISH STD 388 Beige" Spot="1" />
 <COLOR RGB="#403f26" NAME="BRITISH STD 298 Olive Drab" Spot="1" />
 <COLOR RGB="#464133" NAME="BRITISH STD 437 Very Dark Drab" Spot="1" />
 <COLOR RGB="#ecc999" NAME="BRITISH STD 369 Biscuit" Spot="1" />
 <COLOR RGB="#daa661" NAME="BRITISH STD 358 Light Buff" Spot="1" />
 <COLOR RGB="#c68f46" NAME="BRITISH STD 359 Middle Buff" Spot="1" />
 <COLOR RGB="#c19e6f" NAME="BRITISH STD 361 Light Stone " Spot="1" />
 <COLOR RGB="#b17d49" NAME="BRITISH STD 360 Deep Buff" Spot="1" />
 <COLOR RGB="#8e602e" NAME="BRITISH STD 410 Light Brown" Spot="1" />
 <COLOR RGB="#6f5b43" NAME="BRITISH STD 450 Dark Earth" Spot="1" />
 <COLOR RGB="#67401e" NAME="BRITISH STD 411 Middle Brown" Spot="1" />
 <COLOR RGB="#90531a" NAME="BRITISH STD 414 Golden Brown" Spot="1" />
 <COLOR RGB="#7a462a" NAME="BRITISH STD 489 Leaf Brown" Spot="1" />
 <COLOR RGB="#483423" NAME="BRITISH STD 499 Service Brown" Spot="1" />
 <COLOR RGB="#4c3f37" NAME="BRITISH STD 436 Dark Camouflage Brown" Spot="1" />
 <COLOR RGB="#4c2c1d" NAME="BRITISH STD 412 Dark Brown" Spot="1" />
 <COLOR RGB="#d99a7e" NAME="BRITISH STD 447 Salmon Pink" Spot="1" />
 <COLOR RGB="#904638" NAME="BRITISH STD 444 Terra Cota" Spot="1" />
 <COLOR RGB="#754f40" NAME="BRITISH STD 435 Camouflage Red" Spot="1" />
 <COLOR RGB="#763322" NAME="BRITISH STD 445 Venetian Red" Spot="1" />
 <COLOR RGB="#662e1f" NAME="BRITISH STD 446 Red Oxide" Spot="1" />
 <COLOR RGB="#652822" NAME="BRITISH STD 473 Gulf Red" Spot="1" />
 <COLOR RGB="#52251f" NAME="BRITISH STD 448 Deep Indian Red" Spot="1" />
 <COLOR RGB="#4b2524" NAME="BRITISH STD 449 Light Purple Brown" Spot="1" />
 <COLOR RGB="#ddc3bc" NAME="BRITISH STD 453 Shell Pink" Spot="1" />
 <COLOR RGB="#aa99b6" NAME="BRITISH STD 797 Light Violet" Spot="1" />
 <COLOR RGB="#61141b" NAME="BRITISH STD 540 Crimson" Spot="1" />
 <COLOR RGB="#4e1f22" NAME="BRITISH STD 452 Dark Crimson" Spot="1" />
 <COLOR RGB="#341317" NAME="BRITISH STD 541 Maroon" Spot="1" />
 <COLOR RGB="#adaca4" NAME="BRITISH STD 627 Light Aricraft Grey" Spot="1" />
 <COLOR RGB="#848b8e" NAME="BRITISH STD 637 Medium Sea Grey" Spot="1" />
 <COLOR RGB="#5d6368" NAME="BRITISH STD 638 Dark Sea Grey" Spot="1" />
 <COLOR RGB="#5c6366" NAME="BRITISH STD 632 Dark Admiralty Grey" Spot="1" />
 <COLOR RGB="#4d5459" NAME="BRITISH STD 640 Extra Dark Sea Grey" Spot="1" />
 <COLOR RGB="#313b40" NAME="BRITISH STD 633 R.A.F. Blue Grey" Spot="1" />
 <COLOR RGB="#1e1f20" NAME="BRITISH STD 642 Night" Spot="1" />
 <COLOR RGB="#858882" NAME="BRITISH STD 694 Dove Grey" Spot="1" />
 <COLOR RGB="#7a817d" NAME="BRITISH STD 693 Aircraft Grey" Spot="1" />
 <COLOR RGB="#45494b" NAME="BRITISH STD 671 Middle Graphite" Spot="1" />
 <COLOR RGB="#e8d25c" NAME="BRITISH STD 310 Primose" Spot="1" />
 <COLOR RGB="#ecc500" NAME="BRITISH STD 309 Canary Yellow" Spot="1" />
 <COLOR RGB="#eeb200" NAME="BRITISH STD 355 Lemon" Spot="1" />
 <COLOR RGB="#eda200" NAME="BRITISH STD 356 Golden Yellow" Spot="1" />
 <COLOR RGB="#da7e00" NAME="BRITISH STD 368 Traffic Yellow" Spot="1" />
 <COLOR RGB="#d56a0d" NAME="BRITISH STD 557 Light Orange" Spot="1" />
 <COLOR RGB="#c34117" NAME="BRITISH STD 592 International Orange" Spot="1" />
 <COLOR RGB="#cc3513" NAME="BRITISH STD 593 Rail Red" Spot="1" />
 <COLOR RGB="#b32417" NAME="BRITISH STD 537 Signal Red" Spot="1" />
 <COLOR RGB="#a41d1e" NAME="BRITISH STD 539 Red" Spot="1" />
 <COLOR RGB="#9a121d" NAME="BRITISH STD 538 Post Office Red" Spot="1" />
 <COLOR RGB="#50772f" NAME="BRITISH STD 218 Grass Green" Spot="1" />
 <COLOR RGB="#007c50" NAME="BRITISH STD 228 Emerald Green" Spot="1" />
 <COLOR RGB="#3b7cb0" NAME="BRITISH STD 175 Light French Blue" Spot="1" />
 <COLOR RGB="#036d91" NAME="BRITISH STD 107 Strong Blue " Spot="1" />
 <COLOR RGB="#2c5ea2" NAME="BRITISH STD 166 French Blue" Spot="1" />
 <COLOR RGB="#623f6b" NAME="BRITISH STD 796 Dark Violet" Spot="1" />
</SCRIBUSCOLORS>