<?xml version="1.0" encoding="UTF-8"?>
<SCRIBUSCOLORS Name="British Std 5252F 1976">
 <COLOR RGB="#ecebe4" NAME="10 A 01" Spot="1" />
 <COLOR RGB="#d5d4cd" NAME="00 A 01" Spot="1" />
 <COLOR RGB="#cecac8" NAME="02 A 03" Spot="1" />
 <COLOR RGB="#d0cbc2" NAME="06 A 03" Spot="1" />
 <COLOR RGB="#c9c7be" NAME="10 A 03" Spot="1" />
 <COLOR RGB="#c9ccc4" NAME="16 A 03" Spot="1" />
 <COLOR RGB="#cbcbc6" NAME="00 A 03" Spot="1" />
 <COLOR RGB="#b6b4aa" NAME="10 A 05" Spot="1" />
 <COLOR RGB="#b2b1af" NAME="00 A 05" Spot="1" />
 <COLOR RGB="#a09c9c" NAME="02 A 07" Spot="1" />
 <COLOR RGB="#999792" NAME="06 A 07" Spot="1" />
 <COLOR RGB="#9b9892" NAME="10 A 07" Spot="1" />
 <COLOR RGB="#929693" NAME="16 A 07" Spot="1" />
 <COLOR RGB="#9c9b9b" NAME="00 A 07" Spot="1" />
 <COLOR RGB="#86847d" NAME="10 A 09" Spot="1" />
 <COLOR RGB="#808182" NAME="00 A 09" Spot="1" />
 <COLOR RGB="#6f6a6b" NAME="02 A 11" Spot="1" />
 <COLOR RGB="#706d6b" NAME="06 A 11" Spot="1" />
 <COLOR RGB="#686663" NAME="10 A 11" Spot="1" />
 <COLOR RGB="#656a69" NAME="16 A 11" Spot="1" />
 <COLOR RGB="#686867" NAME="00 A 11" Spot="1" />
 <COLOR RGB="#58595a" NAME="00 A 13" Spot="1" />
 <COLOR RGB="#403e3c" NAME="08 A 14" Spot="1" />
 <COLOR RGB="#414549" NAME="18 A 14" Spot="1" />
 <COLOR RGB="#eee1d8" NAME="04 B 15" Spot="1" />
 <COLOR RGB="#f6ecd9" NAME="08 B 15" Spot="1" />
 <COLOR RGB="#f3ebd8" NAME="10 B 15" Spot="1" />
 <COLOR RGB="#e7e7d2" NAME="12 B 15" Spot="1" />
 <COLOR RGB="#e7eae5" NAME="18 B 15" Spot="1" />
 <COLOR RGB="#e7e6e2" NAME="22 B 15" Spot="1" />
 <COLOR RGB="#d9c5bc" NAME="04 B 17" Spot="1" />
 <COLOR RGB="#d9c8b4" NAME="08 B 17" Spot="1" />
 <COLOR RGB="#d5caad" NAME="10 B 17" Spot="1" />
 <COLOR RGB="#cbcbac" NAME="12 B 17" Spot="1" />
 <COLOR RGB="#c7d0ce" NAME="18 B 17" Spot="1" />
 <COLOR RGB="#c9c7cc" NAME="22 B 17" Spot="1" />
 <COLOR RGB="#c4aca3" NAME="04 B 19" Spot="1" />
 <COLOR RGB="#b8aa99" NAME="08 B 19" Spot="1" />
 <COLOR RGB="#bcb095" NAME="10 B 19" Spot="1" />
 <COLOR RGB="#b3b295" NAME="12 B 19" Spot="1" />
 <COLOR RGB="#b3bbba" NAME="18 B 19" Spot="1" />
 <COLOR RGB="#b3b4bd" NAME="22 B 19" Spot="1" />
 <COLOR RGB="#ab948c" NAME="04 B 21" Spot="1" />
 <COLOR RGB="#a59587" NAME="08 B 21" Spot="1" />
 <COLOR RGB="#a49a83" NAME="10 B 21" Spot="1" />
 <COLOR RGB="#999b80" NAME="12 B 21" Spot="1" />
 <COLOR RGB="#939c9c" NAME="18 B 21" Spot="1" />
 <COLOR RGB="#98959d" NAME="22 B 21" Spot="1" />
 <COLOR RGB="#917b74" NAME="04 B 23" Spot="1" />
 <COLOR RGB="#8b7c6f" NAME="08 B 23" Spot="1" />
 <COLOR RGB="#8c826b" NAME="10 B 23" Spot="1" />
 <COLOR RGB="#7f806a" NAME="12 B 23" Spot="1" />
 <COLOR RGB="#7b8383" NAME="18 B 23" Spot="1" />
 <COLOR RGB="#807f88" NAME="22 B 23" Spot="1" />
 <COLOR RGB="#7b6460" NAME="04 B 25" Spot="1" />
 <COLOR RGB="#756559" NAME="08 B 25" Spot="1" />
 <COLOR RGB="#726a57" NAME="10 B 25" Spot="1" />
 <COLOR RGB="#6a6a58" NAME="12 B 25" Spot="1" />
 <COLOR RGB="#666f73" NAME="18 B 25" Spot="1" />
 <COLOR RGB="#676571" NAME="22 B 25" Spot="1" />
 <COLOR RGB="#66504d" NAME="04 B 27" Spot="1" />
 <COLOR RGB="#5d4d43" NAME="08 B 27" Spot="1" />
 <COLOR RGB="#594f3e" NAME="10 B 27" Spot="1" />
 <COLOR RGB="#555748" NAME="12 B 27" Spot="1" />
 <COLOR RGB="#50585b" NAME="18 B 27" Spot="1" />
 <COLOR RGB="#585565" NAME="22 B 27" Spot="1" />
 <COLOR RGB="#4d3d3c" NAME="04 B 29" Spot="1" />
 <COLOR RGB="#4c423b" NAME="08 B 29" Spot="1" />
 <COLOR RGB="#434039" NAME="10 B 29" Spot="1" />
 <COLOR RGB="#414338" NAME="12 B 29" Spot="1" />
 <COLOR RGB="#3b4043" NAME="18 B 29" Spot="1" />
 <COLOR RGB="#41404c" NAME="22 B 29" Spot="1" />
 <COLOR RGB="#f5e8e1" NAME="04 C 31" Spot="1" />
 <COLOR RGB="#f2e2c6" NAME="08 C 31" Spot="1" />
 <COLOR RGB="#f1e3c1" NAME="10 C 31" Spot="1" />
 <COLOR RGB="#e8e8c0" NAME="12 C 31" Spot="1" />
 <COLOR RGB="#dae7d8" NAME="14 C 31" Spot="1" />
 <COLOR RGB="#e5e8e2" NAME="18 C 31" Spot="1" />
 <COLOR RGB="#e7e6e4" NAME="22 C 31" Spot="1" />
 <COLOR RGB="#e6c3c7" NAME="02 C 33" Spot="1" />
 <COLOR RGB="#e9beb6" NAME="04 C 33" Spot="1" />
 <COLOR RGB="#e3c09d" NAME="06 C 33" Spot="1" />
 <COLOR RGB="#dfc29b" NAME="08 C 33" Spot="1" />
 <COLOR RGB="#ddcc96" NAME="10 C 33" Spot="1" />
 <COLOR RGB="#cbcc95" NAME="12 C 33" Spot="1" />
 <COLOR RGB="#b9d0be" NAME="14 C 33" Spot="1" />
 <COLOR RGB="#b6cfca" NAME="16 C 33" Spot="1" />
 <COLOR RGB="#bfd0d1" NAME="18 C 33" Spot="1" />
 <COLOR RGB="#c0d2e1" NAME="20 C 33" Spot="1" />
 <COLOR RGB="#c5c5d4" NAME="22 C 33" Spot="1" />
 <COLOR RGB="#d5c4d1" NAME="24 C 33" Spot="1" />
 <COLOR RGB="#dda4b0" NAME="02 C 35" Spot="1" />
 <COLOR RGB="#e2a399" NAME="04 C 35" Spot="1" />
 <COLOR RGB="#dea47c" NAME="06 C 35" Spot="1" />
 <COLOR RGB="#d1a66e" NAME="08 C 35" Spot="1" />
 <COLOR RGB="#bfa763" NAME="10 C 35" Spot="1" />
 <COLOR RGB="#b0b47e" NAME="12 C 35" Spot="1" />
 <COLOR RGB="#a0b5a3" NAME="14 C 35" Spot="1" />
 <COLOR RGB="#9db6b0" NAME="16 C 35" Spot="1" />
 <COLOR RGB="#9eb4bc" NAME="18 C 35" Spot="1" />
 <COLOR RGB="#a6b6c7" NAME="20 C 35" Spot="1" />
 <COLOR RGB="#b2b2c5" NAME="22 C 35" Spot="1" />
 <COLOR RGB="#bfacbc" NAME="24 C 35" Spot="1" />
 <COLOR RGB="#a26d7c" NAME="02 C 37" Spot="1" />
 <COLOR RGB="#a56b64" NAME="04 C 37" Spot="1" />
 <COLOR RGB="#a77051" NAME="06 C 37" Spot="1" />
 <COLOR RGB="#9f7540" NAME="08 C 37" Spot="1" />
 <COLOR RGB="#957d3b" NAME="10 C 37" Spot="1" />
 <COLOR RGB="#7d8240" NAME="12 C 37" Spot="1" />
 <COLOR RGB="#658f76" NAME="14 C 37" Spot="1" />
 <COLOR RGB="#598986" NAME="16 C 37" Spot="1" />
 <COLOR RGB="#618590" NAME="18 C 37" Spot="1" />
 <COLOR RGB="#6d88a2" NAME="20 C 37" Spot="1" />
 <COLOR RGB="#7e7b9e" NAME="22 C 37" Spot="1" />
 <COLOR RGB="#997b99" NAME="24 C 37" Spot="1" />
 <COLOR RGB="#774453" NAME="02 C 39" Spot="1" />
 <COLOR RGB="#724441" NAME="04 C 39" Spot="1" />
 <COLOR RGB="#714d37" NAME="06 C 39" Spot="1" />
 <COLOR RGB="#6a5037" NAME="08 C 39" Spot="1" />
 <COLOR RGB="#64553b" NAME="10 C 39" Spot="1" />
 <COLOR RGB="#525638" NAME="12 C 39" Spot="1" />
 <COLOR RGB="#3e5c4c" NAME="14 C 39" Spot="1" />
 <COLOR RGB="#2c5e5c" NAME="16 C 39" Spot="1" />
 <COLOR RGB="#355968" NAME="18 C 39" Spot="1" />
 <COLOR RGB="#46566c" NAME="20 C 39" Spot="1" />
 <COLOR RGB="#514b71" NAME="22 C 39" Spot="1" />
 <COLOR RGB="#66496c" NAME="24 C 39" Spot="1" />
 <COLOR RGB="#513945" NAME="02 C 40" Spot="1" />
 <COLOR RGB="#543b3e" NAME="04 C 40" Spot="1" />
 <COLOR RGB="#573f38" NAME="06 C 40" Spot="1" />
 <COLOR RGB="#584a3e" NAME="08 C 40" Spot="1" />
 <COLOR RGB="#3c4136" NAME="12 C 40" Spot="1" />
 <COLOR RGB="#3d4741" NAME="14 C 40" Spot="1" />
 <COLOR RGB="#394545" NAME="16 C 40" Spot="1" />
 <COLOR RGB="#374248" NAME="18 C 40" Spot="1" />
 <COLOR RGB="#354052" NAME="20 C 40" Spot="1" />
 <COLOR RGB="#494255" NAME="22 C 40" Spot="1" />
 <COLOR RGB="#48394a" NAME="24 C 40" Spot="1" />
 <COLOR RGB="#e89eaa" NAME="02 D 41" Spot="1" />
 <COLOR RGB="#e79c8e" NAME="04 D 41" Spot="1" />
 <COLOR RGB="#f8be93" NAME="06 D 41" Spot="1" />
 <COLOR RGB="#f1c285" NAME="08 D 41" Spot="1" />
 <COLOR RGB="#f4d584" NAME="10 D 41" Spot="1" />
 <COLOR RGB="#cfd27a" NAME="12 D 41" Spot="1" />
 <COLOR RGB="#91bfa1" NAME="14 D 41" Spot="1" />
 <COLOR RGB="#88c0b9" NAME="16 D 41" Spot="1" />
 <COLOR RGB="#8fc1cc" NAME="18 D 41" Spot="1" />
 <COLOR RGB="#9ebad6" NAME="20 D 41" Spot="1" />
 <COLOR RGB="#b3b5d8" NAME="22 D 41" Spot="1" />
 <COLOR RGB="#ba647f" NAME="02 D 43" Spot="1" />
 <COLOR RGB="#ba5b52" NAME="04 D 43" Spot="1" />
 <COLOR RGB="#cb8543" NAME="06 D 43" Spot="1" />
 <COLOR RGB="#c68a33" NAME="08 D 43" Spot="1" />
 <COLOR RGB="#c8a635" NAME="10 D 43" Spot="1" />
 <COLOR RGB="#91953a" NAME="12 D 43" Spot="1" />
 <COLOR RGB="#4d8c6a" NAME="14 D 43" Spot="1" />
 <COLOR RGB="#3f938d" NAME="16 D 43" Spot="1" />
 <COLOR RGB="#488a9d" NAME="18 D 43" Spot="1" />
 <COLOR RGB="#6288b4" NAME="20 D 43" Spot="1" />
 <COLOR RGB="#8682b2" NAME="22 D 43" Spot="1" />
 <COLOR RGB="#a04d68" NAME="02 D 44" Spot="1" />
 <COLOR RGB="#a5524e" NAME="04 D 44" Spot="1" />
 <COLOR RGB="#b56d3e" NAME="06 D 44" Spot="1" />
 <COLOR RGB="#ab762f" NAME="08 D 44" Spot="1" />
 <COLOR RGB="#b69126" NAME="10 D 44" Spot="1" />
 <COLOR RGB="#828130" NAME="12 D 44" Spot="1" />
 <COLOR RGB="#3b7658" NAME="14 D 44" Spot="1" />
 <COLOR RGB="#1b7b74" NAME="16 D 44" Spot="1" />
 <COLOR RGB="#3a768c" NAME="18 D 44" Spot="1" />
 <COLOR RGB="#4b70a0" NAME="20 D 44" Spot="1" />
 <COLOR RGB="#746e9f" NAME="22 D 44" Spot="1" />
 <COLOR RGB="#803859" NAME="02 D 45" Spot="1" />
 <COLOR RGB="#863735" NAME="04 D 45" Spot="1" />
 <COLOR RGB="#90593a" NAME="06 D 45" Spot="1" />
 <COLOR RGB="#8a6032" NAME="08 D 45" Spot="1" />
 <COLOR RGB="#987c26" NAME="10 D 45" Spot="1" />
 <COLOR RGB="#6a6b35" NAME="12 D 45" Spot="1" />
 <COLOR RGB="#235c43" NAME="14 D 45" Spot="1" />
 <COLOR RGB="#005c59" NAME="16 D 45" Spot="1" />
 <COLOR RGB="#1a5e73" NAME="18 D 45" Spot="1" />
 <COLOR RGB="#355c82" NAME="20 D 45" Spot="1" />
 <COLOR RGB="#574c84" NAME="22 D 45" Spot="1" />
 <COLOR RGB="#f8ddd5" NAME="04 E 49" Spot="1" />
 <COLOR RGB="#f3dab9" NAME="08 E 49" Spot="1" />
 <COLOR RGB="#efe5a8" NAME="10 E 49" Spot="1" />
 <COLOR RGB="#d3edd8" NAME="14 E 49" Spot="1" />
 <COLOR RGB="#daebe7" NAME="18 E 49" Spot="1" />
 <COLOR RGB="#ffbdaf" NAME="04 E 50" Spot="1" />
 <COLOR RGB="#fcb877" NAME="06 E 50" Spot="1" />
 <COLOR RGB="#f5d367" NAME="10 E 51" Spot="1" />
 <COLOR RGB="#b1daba" NAME="04 E 56" Spot="1" />
 <COLOR RGB="#a1dcd3" NAME="06 E 50" Spot="1" />
 <COLOR RGB="#b2d9df" NAME="10 E 50" Spot="1" />
 <COLOR RGB="#bad7ec" NAME="14 E 50" Spot="1" />
 <COLOR RGB="#a2ddd4" NAME="16 E 50" Spot="1" />
 <COLOR RGB="#b4dae1" NAME="18 E 50" Spot="1" />
 <COLOR RGB="#bcd8ee" NAME="20 E 50" Spot="1" />
 <COLOR RGB="#e5c8df" NAME="24 E 50" Spot="1" />
 <COLOR RGB="#e97463" NAME="04 E 51" Spot="1" />
 <COLOR RGB="#ef8d58" NAME="06 E 51" Spot="1" />
 <COLOR RGB="#efa200" NAME="08 E 51" Spot="1" />
 <COLOR RGB="#eab90d" NAME="10 E 51" Spot="1" />
 <COLOR RGB="#cbcb3e" NAME="12 E 51" Spot="1" />
 <COLOR RGB="#5cae73" NAME="14 E 51" Spot="1" />
 <COLOR RGB="#44a7c0" NAME="18 E 51" Spot="1" />
 <COLOR RGB="#6aa5d5" NAME="20 E 51" Spot="1" />
 <COLOR RGB="#c45b7c" NAME="02 E 53" Spot="1" />
 <COLOR RGB="#bf3d34" NAME="04 E 53" Spot="1" />
 <COLOR RGB="#f28419" NAME="06 E 53" Spot="1" />
 <COLOR RGB="#ffab00" NAME="08 E 53" Spot="1" />
 <COLOR RGB="#eec600" NAME="10 E 53" Spot="1" />
 <COLOR RGB="#9db63b" NAME="12 E 53" Spot="1" />
 <COLOR RGB="#0c9265" NAME="14 E 53" Spot="1" />
 <COLOR RGB="#00948f" NAME="16 E 53" Spot="1" />
 <COLOR RGB="#007399" NAME="18 E 53" Spot="1" />
 <COLOR RGB="#2b73ab" NAME="20 E 53" Spot="1" />
 <COLOR RGB="#6b6196" NAME="22 E 53" Spot="1" />
 <COLOR RGB="#84568b" NAME="24 E 53" Spot="1" />
 <COLOR RGB="#c74430" NAME="04 E 55" Spot="1" />
 <COLOR RGB="#e05f24" NAME="06 E 55" Spot="1" />
 <COLOR RGB="#ff9a00" NAME="08 E 55" Spot="1" />
 <COLOR RGB="#fcc903" NAME="10 E 55" Spot="1" />
 <COLOR RGB="#7ca23e" NAME="12 E 55" Spot="1" />
 <COLOR RGB="#a4476a" NAME="02 E 56" Spot="1" />
 <COLOR RGB="#b43837" NAME="04 E 56" Spot="1" />
 <COLOR RGB="#bb6a35" NAME="06 E 56" Spot="1" />
 <COLOR RGB="#cd8920" NAME="08 E 56" Spot="1" />
 <COLOR RGB="#d6a814" NAME="10 E 56" Spot="1" />
 <COLOR RGB="#137f54" NAME="14 E 56" Spot="1" />
 <COLOR RGB="#008078" NAME="16 E 56" Spot="1" />
 <COLOR RGB="#186393" NAME="20 E 56" Spot="1" />
 <COLOR RGB="#835089" NAME="24 E 56" Spot="1" />
 <COLOR RGB="#623249" NAME="02 E 58" Spot="1" />
 <COLOR RGB="#673c40" NAME="04 E 58" Spot="1" />
 <COLOR RGB="#314c40" NAME="14 E 58" Spot="1" />
 <COLOR RGB="#1c4658" NAME="18 E 58" Spot="1" />
 <COLOR RGB="#443b62" NAME="22 E 58" Spot="1" />
 <COLOR RGB="#513252" NAME="24 E 58" Spot="1" />
 <COLOR RGB="#2f2f30" NAME="00 E 53" Spot="1" />
 <COLOR RGB="#f1f2ea" NAME="00 E 55" Spot="1" />
</SCRIBUSCOLORS>