<?xml version="1.0" encoding="UTF-8"?>
<SCRIBUSCOLORS Name="British Std Build+DecPaints">
 <COLOR RGB="#ecc800" NAME="BRITISH STD StrongColour 0-001" Spot="1" />
 <COLOR RGB="#f0b312" NAME="BRITISH STD StrongColour 0-002" Spot="1" />
 <COLOR RGB="#efa800" NAME="BRITISH STD StrongColour 0-003" Spot="1" />
 <COLOR RGB="#ec873d" NAME="BRITISH STD StrongColour 0-004" Spot="1" />
 <COLOR RGB="#c63d31" NAME="BRITISH STD StrongColour 0-005" Spot="1" />
 <COLOR RGB="#a23338" NAME="BRITISH STD StrongColour 0-006" Spot="1" />
 <COLOR RGB="#8d3d4b" NAME="BRITISH STD StrongColour 0-007" Spot="1" />
 <COLOR RGB="#c7cc29" NAME="BRITISH STD StrongColour 0-008" Spot="1" />
 <COLOR RGB="#abaf32" NAME="BRITISH STD StrongColour 0-009" Spot="1" />
 <COLOR RGB="#1b815a" NAME="BRITISH STD StrongColour 0-010" Spot="1" />
 <COLOR RGB="#006365" NAME="BRITISH STD StrongColour 0-011" Spot="1" />
 <COLOR RGB="#23769d" NAME="BRITISH STD StrongColour 0-012" Spot="1" />
 <COLOR RGB="#1a5d7a" NAME="BRITISH STD StrongColour 0-013" Spot="1" />
 <COLOR RGB="#594f62" NAME="BRITISH STD StrongColour 0-014" Spot="1" />
 <COLOR RGB="#e7d2c1" NAME="BRITISH STD Red 1-015" Spot="1" />
 <COLOR RGB="#c4aaa6" NAME="BRITISH STD Red 1-016" Spot="1" />
 <COLOR RGB="#a68f8d" NAME="BRITISH STD Red 1-017" Spot="1" />
 <COLOR RGB="#6d4645" NAME="BRITISH STD Red 1-018" Spot="1" />
 <COLOR RGB="#5a3839" NAME="BRITISH STD Red 1-019" Spot="1" />
 <COLOR RGB="#e1b9ad" NAME="BRITISH STD Red 1-020" Spot="1" />
 <COLOR RGB="#e49c96" NAME="BRITISH STD Red 1-021" Spot="1" />
 <COLOR RGB="#dd7d6a" NAME="BRITISH STD Red 1-022" Spot="1" />
 <COLOR RGB="#be6055" NAME="BRITISH STD Red 1-023" Spot="1" />
 <COLOR RGB="#843d36" NAME="BRITISH STD Red 1-024" Spot="1" />
 <COLOR RGB="#703036" NAME="BRITISH STD Red 1-025" Spot="1" />
 <COLOR RGB="#eec9a4" NAME="BRITISH STD Yellow Red 2-026" Spot="1" />
 <COLOR RGB="#c2aa98" NAME="BRITISH STD Yellow Red 2-027" Spot="1" />
 <COLOR RGB="#a98772" NAME="BRITISH STD Yellow Red 2-028" Spot="1" />
 <COLOR RGB="#84685a" NAME="BRITISH STD Yellow Red 2-029" Spot="1" />
 <COLOR RGB="#e4c1a5" NAME="BRITISH STD Yellow Red 2-030" Spot="1" />
 <COLOR RGB="#dd9f82" NAME="BRITISH STD Yellow Red 2-031" Spot="1" />
 <COLOR RGB="#986755" NAME="BRITISH STD Yellow Red 2-032" Spot="1" />
 <COLOR RGB="#f4e9d5" NAME="BRITISH STD Yellow Red 3-033" Spot="1" />
 <COLOR RGB="#f1dbc1" NAME="BRITISH STD Yellow Red 3-034" Spot="1" />
 <COLOR RGB="#ddccb5" NAME="BRITISH STD Yellow Red 3-035" Spot="1" />
 <COLOR RGB="#a28e7a" NAME="BRITISH STD Yellow Red 3-036" Spot="1" />
 <COLOR RGB="#908370" NAME="BRITISH STD Yellow Red 3-037" Spot="1" />
 <COLOR RGB="#665649" NAME="BRITISH STD Yellow Red 3-038" Spot="1" />
 <COLOR RGB="#473c3a" NAME="BRITISH STD Yellow Red 3-039" Spot="1" />
 <COLOR RGB="#efd9b4" NAME="BRITISH STD Yellow Red 3-040" Spot="1" />
 <COLOR RGB="#f5d1a4" NAME="BRITISH STD Yellow Red 3-041" Spot="1" />
 <COLOR RGB="#e4c89a" NAME="BRITISH STD Yellow Red 3-042" Spot="1" />
 <COLOR RGB="#c1a076" NAME="BRITISH STD Yellow Red 3-043" Spot="1" />
 <COLOR RGB="#995f35" NAME="BRITISH STD Yellow Red 3-044" Spot="1" />
 <COLOR RGB="#76543c" NAME="BRITISH STD Yellow Red 3-045" Spot="1" />
 <COLOR RGB="#f3e8cf" NAME="BRITISH STD Yellow 4-046" Spot="1" />
 <COLOR RGB="#d4caaf" NAME="BRITISH STD Yellow 4-047" Spot="1" />
 <COLOR RGB="#bab09a" NAME="BRITISH STD Yellow 4-048" Spot="1" />
 <COLOR RGB="#a2987e" NAME="BRITISH STD Yellow 4-049" Spot="1" />
 <COLOR RGB="#756745" NAME="BRITISH STD Yellow 4-050" Spot="1" />
 <COLOR RGB="#524e43" NAME="BRITISH STD Yellow 4-051" Spot="1" />
 <COLOR RGB="#f2e3be" NAME="BRITISH STD Yellow 4-052" Spot="1" />
 <COLOR RGB="#f3ebab" NAME="BRITISH STD Yellow 4-053" Spot="1" />
 <COLOR RGB="#f3df92" NAME="BRITISH STD Yellow 4-054" Spot="1" />
 <COLOR RGB="#f2db67" NAME="BRITISH STD Yellow 4-055" Spot="1" />
 <COLOR RGB="#c5a658" NAME="BRITISH STD Yellow 4-056" Spot="1" />
 <COLOR RGB="#d8a73d" NAME="BRITISH STD Yellow 4-057" Spot="1" />
 <COLOR RGB="#d1cdb0" NAME="BRITISH STD Green Yellow 5-058" Spot="1" />
 <COLOR RGB="#b3b69a" NAME="BRITISH STD Green Yellow 5-059" Spot="1" />
 <COLOR RGB="#9b9c7f" NAME="BRITISH STD Green Yellow 5-060" Spot="1" />
 <COLOR RGB="#495848" NAME="BRITISH STD Green Yellow 5-061" Spot="1" />
 <COLOR RGB="#cecf72" NAME="BRITISH STD Green Yellow 5-062" Spot="1" />
 <COLOR RGB="#918845" NAME="BRITISH STD Green Yellow 5-063" Spot="1" />
 <COLOR RGB="#74834b" NAME="BRITISH STD Green Yellow 5-064" Spot="1" />
 <COLOR RGB="#5f6a47" NAME="BRITISH STD Green Yellow 5-065" Spot="1" />
 <COLOR RGB="#8ca28d" NAME="BRITISH STD Green 6-066" Spot="1" />
 <COLOR RGB="#768772" NAME="BRITISH STD Green 6-067" Spot="1" />
 <COLOR RGB="#33433d" NAME="BRITISH STD Green 6-068" Spot="1" />
 <COLOR RGB="#d1ddc2" NAME="BRITISH STD Green 6-069" Spot="1" />
 <COLOR RGB="#d1ddb7" NAME="BRITISH STD Green 6-070" Spot="1" />
 <COLOR RGB="#9eb67a" NAME="BRITISH STD Green 6-071" Spot="1" />
 <COLOR RGB="#7a9e74" NAME="BRITISH STD Green 6-072" Spot="1" />
 <COLOR RGB="#2f5b4b" NAME="BRITISH STD Green 6-073" Spot="1" />
 <COLOR RGB="#264b34" NAME="BRITISH STD Green 6-074" Spot="1" />
 <COLOR RGB="#ccdfcb" NAME="BRITISH STD Green 7-075" Spot="1" />
 <COLOR RGB="#a8b4ac" NAME="BRITISH STD Green 7-076" Spot="1" />
 <COLOR RGB="#8ca8a5" NAME="BRITISH STD Green 7-077" Spot="1" />
 <COLOR RGB="#919d94" NAME="BRITISH STD Green 7-078" Spot="1" />
 <COLOR RGB="#8cbbac" NAME="BRITISH STD Green 7-079" Spot="1" />
 <COLOR RGB="#538a8c" NAME="BRITISH STD Green 7-080" Spot="1" />
 <COLOR RGB="#cfe0d4" NAME="BRITISH STD Blue 7-081" Spot="1" />
 <COLOR RGB="#a9ccc4" NAME="BRITISH STD Blue 7-082" Spot="1" />
 <COLOR RGB="#8fbbbe" NAME="BRITISH STD Blue 7-083" Spot="1" />
 <COLOR RGB="#5fa3b0" NAME="BRITISH STD Blue 7-084" Spot="1" />
 <COLOR RGB="#306270" NAME="BRITISH STD Blue 7-085" Spot="1" />
 <COLOR RGB="#2e4655" NAME="BRITISH STD Blue 7-086" Spot="1" />
 <COLOR RGB="#bcc9d0" NAME="BRITISH STD Purple Blue 8-087" Spot="1" />
 <COLOR RGB="#83a2b2" NAME="BRITISH STD Purple Blue 8-088" Spot="1" />
 <COLOR RGB="#8a8f96" NAME="BRITISH STD Purple Blue 8-089" Spot="1" />
 <COLOR RGB="#e3c9c6" NAME="BRITISH STD Red Purple 8-090" Spot="1" />
 <COLOR RGB="#bd6775" NAME="BRITISH STD Red Purple 8-091" Spot="1" />
 <COLOR RGB="#753d4f" NAME="BRITISH STD Red Purple 8-092" Spot="1" />
 <COLOR RGB="#dddbcd" NAME="BRITISH STD Grey 9-093" Spot="1" />
 <COLOR RGB="#c5c5bd" NAME="BRITISH STD Grey 9-094" Spot="1" />
 <COLOR RGB="#b6b4ac" NAME="BRITISH STD Grey 9-095" Spot="1" />
 <COLOR RGB="#95908c" NAME="BRITISH STD Grey 9-096" Spot="1" />
 <COLOR RGB="#656d6f" NAME="BRITISH STD Grey 9-097" Spot="1" />
 <COLOR RGB="#3f484d" NAME="BRITISH STD Grey 9-098" Spot="1" />
 <COLOR RGB="#d0cbbd" NAME="BRITISH STD Grey 9-099" Spot="1" />
 <COLOR RGB="#8f8a7e" NAME="BRITISH STD Grey 9-100" Spot="1" />
 <COLOR RGB="#6d6c68" NAME="BRITISH STD Grey 9-101" Spot="1" />
</SCRIBUSCOLORS>