<?xml version="1.0" encoding="UTF-8"?>
<SCRIBUSCOLORS Name="British Std IdCod+Special">
 <COLOR RGB="#5b83af" NAME="BRITISH STD 115 Cobald blue" Spot="1" />
 <COLOR RGB="#1f4971" NAME="BRITISH STD 104 Azure blue" Spot="1" />
 <COLOR RGB="#253767" NAME="BRITISH STD 110 Roundel blue" Spot="1" />
 <COLOR RGB="#192b4c" NAME="BRITISH STD 105 Oxford blue" Spot="1" />
 <COLOR RGB="#005574" NAME="BRITISH STD 106 Royal blue" Spot="1" />
 <COLOR RGB="#5ba0ad" NAME="BRITISH STD 109 Middle blue" Spot="1" />
 <COLOR RGB="#1d5c6a" NAME="BRITISH STD 112 Arctic blue" Spot="1" />
 <COLOR RGB="#00444e" NAME="BRITISH STD 113 Deep Saxe blue" Spot="1" />
 <COLOR RGB="#448581" NAME="BRITISH STD 114 Rail blue" Spot="1" />
 <COLOR RGB="#42837f" NAME="BRITISH STD 102 Turquoise blue" Spot="1" />
 <COLOR RGB="#82ac83" NAME="BRITISH STD 275 Opaline green" Spot="1" />
 <COLOR RGB="#1d442a" NAME="BRITISH STD 226 Middle Brunswick green" Spot="1" />
 <COLOR RGB="#2e5620" NAME="BRITISH STD 225 Light Brunswick green" Spot="1" />
 <COLOR RGB="#a0b67d" NAME="BRITISH STD 216 Eau-de-Nil" Spot="1" />
 <COLOR RGB="#829e54" NAME="BRITISH STD 217 Sea green" Spot="1" />
 <COLOR RGB="#2a301b" NAME="BRITISH STD 224 Deep bronze green" Spot="1" />
 <COLOR RGB="#adaf93" NAME="BRITISH STD 210 Sky" Spot="1" />
 <COLOR RGB="#5a5a1f" NAME="BRITISH STD 222 Light bronze green" Spot="1" />
 <COLOR RGB="#464536" NAME="BRITISH STD 641 Dark green" Spot="1" />
 <COLOR RGB="#545348" NAME="BRITISH STD 285 NATO green" Spot="1" />
 <COLOR RGB="#e0c685" NAME="BRITISH STD 352 Pale cream " Spot="1" />
 <COLOR RGB="#d4c092" NAME="BRITISH STD 384 Light straw" Spot="1" />
 <COLOR RGB="#dfc291" NAME="BRITISH STD 366 Light beige" Spot="1" />
 <COLOR RGB="#bd9c6e" NAME="BRITISH STD 361 Light stone" Spot="1" />
 <COLOR RGB="#6e5a44" NAME="BRITISH STD 450 Dark earth" Spot="1" />
 <COLOR RGB="#ab7a49" NAME="BRITISH STD 360 Deep buff" Spot="1" />
 <COLOR RGB="#8e6131" NAME="BRITISH STD 410 Light brown" Spot="1" />
 <COLOR RGB="#684121" NAME="BRITISH STD 411 Middle brown" Spot="1" />
 <COLOR RGB="#483626" NAME="BRITISH STD 499 Service brown" Spot="1" />
 <COLOR RGB="#935519" NAME="BRITISH STD 414 Golden brown" Spot="1" />
 <COLOR RGB="#77472d" NAME="BRITISH STD 489 Leaf brown" Spot="1" />
 <COLOR RGB="#4d2c1e" NAME="BRITISH STD 412 Dark brown" Spot="1" />
 <COLOR RGB="#d6987e" NAME="BRITISH STD 447 Salmon pink" Spot="1" />
 <COLOR RGB="#632d1f" NAME="BRITISH STD 446 Red oxide" Spot="1" />
 <COLOR RGB="#dfc4c0" NAME="BRITISH STD 453 Shell pink" Spot="1" />
 <COLOR RGB="#77244b" NAME="BRITISH STD 542 Ruby" Spot="1" />
 <COLOR RGB="#ad9ab8" NAME="BRITISH STD 797 Light violet" Spot="1" />
 <COLOR RGB="#a9a9a2" NAME="BRITISH STD 627 Light aircraft grey" Spot="1" />
 <COLOR RGB="#82898c" NAME="BRITISH STD 637 Medium sea grey" Spot="1" />
 <COLOR RGB="#5c6468" NAME="BRITISH STD 632 Dark Admirality grey" Spot="1" />
 <COLOR RGB="#9ca6a8" NAME="BRITISH STD 676 Light weatherwork grey" Spot="1" />
 <COLOR RGB="#5c646a" NAME="BRITISH STD 677 Dark weatherwork grey" Spot="1" />
 <COLOR RGB="#5b6065" NAME="BRITISH STD 638 Dark sea grey" Spot="1" />
 <COLOR RGB="#4c5258" NAME="BRITISH STD 640 Extra dark sea grey" Spot="1" />
 <COLOR RGB="#a6bdb7" NAME="BRITISH STD 697 Light Admirality grey " Spot="1" />
 <COLOR RGB="#526973" NAME="BRITISH STD 636 PRU blue" Spot="1" />
 <COLOR RGB="#313b40" NAME="BRITISH STD 633 RAF blue grey" Spot="1" />
 <COLOR RGB="#8c968d" NAME="BRITISH STD 631 Light grey " Spot="1" />
 <COLOR RGB="#787e79" NAME="BRITISH STD 693 Aircraft grey" Spot="1" />
 <COLOR RGB="#5c3d67" NAME="BRITISH STD 796 Dark violet" Spot="1" />
 <COLOR RGB="#2b5e9c" NAME="BRITISH STD 166 French blue" Spot="1" />
 <COLOR RGB="#3d7db2" NAME="BRITISH STD 175 Light French blue" Spot="1" />
 <COLOR RGB="#096e96" NAME="BRITISH STD 107 Strong blue" Spot="1" />
 <COLOR RGB="#027b52" NAME="BRITISH STD 228 Emerald green" Spot="1" />
 <COLOR RGB="#336626" NAME="BRITISH STD 221 Brilliant green" Spot="1" />
 <COLOR RGB="#4b752d" NAME="BRITISH STD 218 Grass green" Spot="1" />
 <COLOR RGB="#e0b900" NAME="BRITISH STD 309 Canary yellow" Spot="1" />
 <COLOR RGB="#e5ac00" NAME="BRITISH STD 355 Lemon" Spot="1" />
 <COLOR RGB="#eda100" NAME="BRITISH STD 356 Golden yellow" Spot="1" />
 <COLOR RGB="#d07800" NAME="BRITISH STD 368 Traffic yellow" Spot="1" />
 <COLOR RGB="#d3670e" NAME="BRITISH STD 557 Light orange" Spot="1" />
 <COLOR RGB="#be3e0f" NAME="BRITISH STD 592 International orange" Spot="1" />
 <COLOR RGB="#c4330c" NAME="BRITISH STD 593 Rail red" Spot="1" />
 <COLOR RGB="#b22213" NAME="BRITISH STD 537 Signal red" Spot="1" />
 <COLOR RGB="#a51a1a" NAME="BRITISH STD 539 Red" Spot="1" />
 <COLOR RGB="#941719" NAME="BRITISH STD 538 Post Office red" Spot="1" />
</SCRIBUSCOLORS>