<?xml version="1.0" encoding="UTF-8"?>
<SCRIBUSCOLORS Name="Caparol Capamix">
 <COLOR RGB="#d4bec1" NAME="Caparol 900 01-01" Spot="1" />
 <COLOR RGB="#d2b1bf" NAME="Caparol 900 01-02" Spot="1" />
 <COLOR RGB="#c9a2b1" NAME="Caparol 900 01-03" Spot="1" />
 <COLOR RGB="#b28096" NAME="Caparol 900 01-04" Spot="1" />
 <COLOR RGB="#8b536a" NAME="Caparol 900 01-05" Spot="1" />
 <COLOR RGB="#e2c8cc" NAME="Caparol 900 01-06" Spot="1" />
 <COLOR RGB="#d8b7c0" NAME="Caparol 900 01-07" Spot="1" />
 <COLOR RGB="#d2adb8" NAME="Caparol 900 01-08" Spot="1" />
 <COLOR RGB="#b98391" NAME="Caparol 900 01-09" Spot="1" />
 <COLOR RGB="#945c6b" NAME="Caparol 900 01-10" Spot="1" />
 <COLOR RGB="#d9c7c7" NAME="Caparol 900 01-11" Spot="1" />
 <COLOR RGB="#cfb7ba" NAME="Caparol 900 01-12" Spot="1" />
 <COLOR RGB="#bba1a7" NAME="Caparol 900 01-13" Spot="1" />
 <COLOR RGB="#98787f" NAME="Caparol 900 01-14" Spot="1" />
 <COLOR RGB="#755b61" NAME="Caparol 900 01-15" Spot="1" />
 <COLOR RGB="#d6d1d4" NAME="Caparol 900 01-16" Spot="1" />
 <COLOR RGB="#c3bdc6" NAME="Caparol 900 01-17" Spot="1" />
 <COLOR RGB="#aba3b0" NAME="Caparol 900 01-18" Spot="1" />
 <COLOR RGB="#8a8196" NAME="Caparol 900 01-19" Spot="1" />
 <COLOR RGB="#675e6e" NAME="Caparol 900 01-20" Spot="1" />
 <COLOR RGB="#e8cfcc" NAME="Caparol 900 02-01" Spot="1" />
 <COLOR RGB="#efc7c8" NAME="Caparol 900 02-02" Spot="1" />
 <COLOR RGB="#e8b9bb" NAME="Caparol 900 02-03" Spot="1" />
 <COLOR RGB="#c97d8c" NAME="Caparol 900 02-04" Spot="1" />
 <COLOR RGB="#b86472" NAME="Caparol 900 02-05" Spot="1" />
 <COLOR RGB="#eeddd6" NAME="Caparol 900 02-06" Spot="1" />
 <COLOR RGB="#ecc3c4" NAME="Caparol 900 02-07" Spot="1" />
 <COLOR RGB="#c58a9b" NAME="Caparol 900 02-08" Spot="1" />
 <COLOR RGB="#9b5f6b" NAME="Caparol 900 02-09" Spot="1" />
 <COLOR RGB="#8b5862" NAME="Caparol 900 02-10" Spot="1" />
 <COLOR RGB="#dbc1c3" NAME="Caparol 900 02-11" Spot="1" />
 <COLOR RGB="#c3a1a8" NAME="Caparol 900 02-12" Spot="1" />
 <COLOR RGB="#9e6b72" NAME="Caparol 900 02-13" Spot="1" />
 <COLOR RGB="#90686c" NAME="Caparol 900 02-14" Spot="1" />
 <COLOR RGB="#7c575c" NAME="Caparol 900 02-15" Spot="1" />
 <COLOR RGB="#d5ccce" NAME="Caparol 900 02-16" Spot="1" />
 <COLOR RGB="#beb5ba" NAME="Caparol 900 02-17" Spot="1" />
 <COLOR RGB="#a99fa7" NAME="Caparol 900 02-18" Spot="1" />
 <COLOR RGB="#847880" NAME="Caparol 900 02-19" Spot="1" />
 <COLOR RGB="#63595e" NAME="Caparol 900 02-20" Spot="1" />
 <COLOR RGB="#f0d9d7" NAME="Caparol 900 03-01" Spot="1" />
 <COLOR RGB="#f0cece" NAME="Caparol 900 03-02" Spot="1" />
 <COLOR RGB="#ecb9bd" NAME="Caparol 900 03-03" Spot="1" />
 <COLOR RGB="#eb929b" NAME="Caparol 900 03-04" Spot="1" />
 <COLOR RGB="#b56368" NAME="Caparol 900 03-05" Spot="1" />
 <COLOR RGB="#f1d2d0" NAME="Caparol 900 03-06" Spot="1" />
 <COLOR RGB="#e6bbc0" NAME="Caparol 900 03-07" Spot="1" />
 <COLOR RGB="#e1a5ad" NAME="Caparol 900 03-08" Spot="1" />
 <COLOR RGB="#d2858c" NAME="Caparol 900 03-09" Spot="1" />
 <COLOR RGB="#b85c5d" NAME="Caparol 900 03-10" Spot="1" />
 <COLOR RGB="#e2c7c2" NAME="Caparol 900 03-11" Spot="1" />
 <COLOR RGB="#e2bdbc" NAME="Caparol 900 03-12" Spot="1" />
 <COLOR RGB="#d4a1a0" NAME="Caparol 900 03-13" Spot="1" />
 <COLOR RGB="#b67d79" NAME="Caparol 900 03-14" Spot="1" />
 <COLOR RGB="#885651" NAME="Caparol 900 03-15" Spot="1" />
 <COLOR RGB="#d1beba" NAME="Caparol 900 03-16" Spot="1" />
 <COLOR RGB="#c3aea9" NAME="Caparol 900 03-17" Spot="1" />
 <COLOR RGB="#b69d9c" NAME="Caparol 900 03-18" Spot="1" />
 <COLOR RGB="#927471" NAME="Caparol 900 03-19" Spot="1" />
 <COLOR RGB="#7b5c55" NAME="Caparol 900 03-20" Spot="1" />
 <COLOR RGB="#eedcd7" NAME="Caparol 900 04-01" Spot="1" />
 <COLOR RGB="#f8d1ce" NAME="Caparol 900 04-02" Spot="1" />
 <COLOR RGB="#f0b4b9" NAME="Caparol 900 04-03" Spot="1" />
 <COLOR RGB="#e7818c" NAME="Caparol 900 04-04" Spot="1" />
 <COLOR RGB="#cf5d61" NAME="Caparol 900 04-05" Spot="1" />
 <COLOR RGB="#f1cec8" NAME="Caparol 900 04-06" Spot="1" />
 <COLOR RGB="#efbeb7" NAME="Caparol 900 04-07" Spot="1" />
 <COLOR RGB="#e09c98" NAME="Caparol 900 04-08" Spot="1" />
 <COLOR RGB="#c87370" NAME="Caparol 900 04-09" Spot="1" />
 <COLOR RGB="#c45953" NAME="Caparol 900 04-10" Spot="1" />
 <COLOR RGB="#f0d6d5" NAME="Caparol 900 04-11" Spot="1" />
 <COLOR RGB="#e5bfbe" NAME="Caparol 900 04-12" Spot="1" />
 <COLOR RGB="#d99fa1" NAME="Caparol 900 04-13" Spot="1" />
 <COLOR RGB="#cb8387" NAME="Caparol 900 04-14" Spot="1" />
 <COLOR RGB="#ac5d5d" NAME="Caparol 900 04-15" Spot="1" />
 <COLOR RGB="#e8dad2" NAME="Caparol 900 04-16" Spot="1" />
 <COLOR RGB="#dcc9c2" NAME="Caparol 900 04-17" Spot="1" />
 <COLOR RGB="#b19998" NAME="Caparol 900 04-18" Spot="1" />
 <COLOR RGB="#937574" NAME="Caparol 900 04-19" Spot="1" />
 <COLOR RGB="#755551" NAME="Caparol 900 04-20" Spot="1" />
 <COLOR RGB="#f7dcd8" NAME="Caparol 900 05-01" Spot="1" />
 <COLOR RGB="#f6c9c6" NAME="Caparol 900 05-02" Spot="1" />
 <COLOR RGB="#f5b0ae" NAME="Caparol 900 05-03" Spot="1" />
 <COLOR RGB="#e98986" NAME="Caparol 900 05-04" Spot="1" />
 <COLOR RGB="#e27069" NAME="Caparol 900 05-05" Spot="1" />
 <COLOR RGB="#f3cecb" NAME="Caparol 900 05-06" Spot="1" />
 <COLOR RGB="#f7c0b9" NAME="Caparol 900 05-07" Spot="1" />
 <COLOR RGB="#edada8" NAME="Caparol 900 05-08" Spot="1" />
 <COLOR RGB="#ea8884" NAME="Caparol 900 05-09" Spot="1" />
 <COLOR RGB="#d1655e" NAME="Caparol 900 05-10" Spot="1" />
 <COLOR RGB="#ebcec0" NAME="Caparol 900 05-11" Spot="1" />
 <COLOR RGB="#ebc2b4" NAME="Caparol 900 05-12" Spot="1" />
 <COLOR RGB="#c88a7b" NAME="Caparol 900 05-13" Spot="1" />
 <COLOR RGB="#ab6756" NAME="Caparol 900 05-14" Spot="1" />
 <COLOR RGB="#87584e" NAME="Caparol 900 05-15" Spot="1" />
 <COLOR RGB="#ddcac3" NAME="Caparol 900 05-16" Spot="1" />
 <COLOR RGB="#b59a94" NAME="Caparol 900 05-17" Spot="1" />
 <COLOR RGB="#8e6e67" NAME="Caparol 900 05-18" Spot="1" />
 <COLOR RGB="#715b56" NAME="Caparol 900 05-19" Spot="1" />
 <COLOR RGB="#69554d" NAME="Caparol 900 05-20" Spot="1" />
 <COLOR RGB="#f3d0c9" NAME="Caparol 900 06-01" Spot="1" />
 <COLOR RGB="#f3afa9" NAME="Caparol 900 06-02" Spot="1" />
 <COLOR RGB="#ec8b81" NAME="Caparol 900 06-03" Spot="1" />
 <COLOR RGB="#e26b53" NAME="Caparol 900 06-04" Spot="1" />
 <COLOR RGB="#d5543e" NAME="Caparol 900 06-05" Spot="1" />
 <COLOR RGB="#ecc9c2" NAME="Caparol 900 06-06" Spot="1" />
 <COLOR RGB="#f6c4c0" NAME="Caparol 900 06-07" Spot="1" />
 <COLOR RGB="#f5b7b0" NAME="Caparol 900 06-08" Spot="1" />
 <COLOR RGB="#e18d81" NAME="Caparol 900 06-09" Spot="1" />
 <COLOR RGB="#d46b58" NAME="Caparol 900 06-10" Spot="1" />
 <COLOR RGB="#eac7c1" NAME="Caparol 900 06-11" Spot="1" />
 <COLOR RGB="#e6aea9" NAME="Caparol 900 06-12" Spot="1" />
 <COLOR RGB="#dd837d" NAME="Caparol 900 06-13" Spot="1" />
 <COLOR RGB="#ba5c50" NAME="Caparol 900 06-14" Spot="1" />
 <COLOR RGB="#976056" NAME="Caparol 900 06-15" Spot="1" />
 <COLOR RGB="#d9c2b8" NAME="Caparol 900 06-16" Spot="1" />
 <COLOR RGB="#be9c94" NAME="Caparol 900 06-17" Spot="1" />
 <COLOR RGB="#997168" NAME="Caparol 900 06-18" Spot="1" />
 <COLOR RGB="#82615c" NAME="Caparol 900 06-19" Spot="1" />
 <COLOR RGB="#6c574b" NAME="Caparol 900 06-20" Spot="1" />
 <COLOR RGB="#f1ded1" NAME="Caparol 900 07-01" Spot="1" />
 <COLOR RGB="#fabcae" NAME="Caparol 900 07-02" Spot="1" />
 <COLOR RGB="#fa9d83" NAME="Caparol 900 07-03" Spot="1" />
 <COLOR RGB="#ef775a" NAME="Caparol 900 07-04" Spot="1" />
 <COLOR RGB="#dd593d" NAME="Caparol 900 07-05" Spot="1" />
 <COLOR RGB="#efc2b0" NAME="Caparol 900 07-06" Spot="1" />
 <COLOR RGB="#dc8b75" NAME="Caparol 900 07-07" Spot="1" />
 <COLOR RGB="#d07157" NAME="Caparol 900 07-08" Spot="1" />
 <COLOR RGB="#dd6952" NAME="Caparol 900 07-09" Spot="1" />
 <COLOR RGB="#bc5b3e" NAME="Caparol 900 07-10" Spot="1" />
 <COLOR RGB="#f3e2d7" NAME="Caparol 900 07-11" Spot="1" />
 <COLOR RGB="#eebeae" NAME="Caparol 900 07-12" Spot="1" />
 <COLOR RGB="#ce9b8c" NAME="Caparol 900 07-13" Spot="1" />
 <COLOR RGB="#a9685a" NAME="Caparol 900 07-14" Spot="1" />
 <COLOR RGB="#955e4b" NAME="Caparol 900 07-15" Spot="1" />
 <COLOR RGB="#e4d4c6" NAME="Caparol 900 07-16" Spot="1" />
 <COLOR RGB="#d5bcaf" NAME="Caparol 900 07-17" Spot="1" />
 <COLOR RGB="#bd9f95" NAME="Caparol 900 07-18" Spot="1" />
 <COLOR RGB="#725a50" NAME="Caparol 900 07-19" Spot="1" />
 <COLOR RGB="#6b564b" NAME="Caparol 900 07-20" Spot="1" />
 <COLOR RGB="#f1cfba" NAME="Caparol 900 08-01" Spot="1" />
 <COLOR RGB="#f7c8b2" NAME="Caparol 900 08-02" Spot="1" />
 <COLOR RGB="#f4b79c" NAME="Caparol 900 08-03" Spot="1" />
 <COLOR RGB="#fc9f76" NAME="Caparol 900 08-04" Spot="1" />
 <COLOR RGB="#e1623b" NAME="Caparol 900 08-05" Spot="1" />
 <COLOR RGB="#f6cdb8" NAME="Caparol 900 08-06" Spot="1" />
 <COLOR RGB="#efb199" NAME="Caparol 900 08-07" Spot="1" />
 <COLOR RGB="#f69f7b" NAME="Caparol 900 08-08" Spot="1" />
 <COLOR RGB="#e17e4f" NAME="Caparol 900 08-09" Spot="1" />
 <COLOR RGB="#d45d3c" NAME="Caparol 900 08-10" Spot="1" />
 <COLOR RGB="#eecdbb" NAME="Caparol 900 08-11" Spot="1" />
 <COLOR RGB="#e1a793" NAME="Caparol 900 08-12" Spot="1" />
 <COLOR RGB="#d78f78" NAME="Caparol 900 08-13" Spot="1" />
 <COLOR RGB="#ae5b43" NAME="Caparol 900 08-14" Spot="1" />
 <COLOR RGB="#a35644" NAME="Caparol 900 08-15" Spot="1" />
 <COLOR RGB="#dfc7b9" NAME="Caparol 900 08-16" Spot="1" />
 <COLOR RGB="#c39c8c" NAME="Caparol 900 08-17" Spot="1" />
 <COLOR RGB="#a07262" NAME="Caparol 900 08-18" Spot="1" />
 <COLOR RGB="#7b5346" NAME="Caparol 900 08-19" Spot="1" />
 <COLOR RGB="#6a564b" NAME="Caparol 900 08-20" Spot="1" />
 <COLOR RGB="#f6cfb1" NAME="Caparol 900 09-01" Spot="1" />
 <COLOR RGB="#fbbd90" NAME="Caparol 900 09-02" Spot="1" />
 <COLOR RGB="#ed894c" NAME="Caparol 900 09-03" Spot="1" />
 <COLOR RGB="#eb8650" NAME="Caparol 900 09-04" Spot="1" />
 <COLOR RGB="#ea7e44" NAME="Caparol 900 09-05" Spot="1" />
 <COLOR RGB="#f4e4d6" NAME="Caparol 900 09-06" Spot="1" />
 <COLOR RGB="#f6c6ad" NAME="Caparol 900 09-07" Spot="1" />
 <COLOR RGB="#f9bfa4" NAME="Caparol 900 09-08" Spot="1" />
 <COLOR RGB="#ec8656" NAME="Caparol 900 09-09" Spot="1" />
 <COLOR RGB="#de814e" NAME="Caparol 900 09-10" Spot="1" />
 <COLOR RGB="#e8bea3" NAME="Caparol 900 09-11" Spot="1" />
 <COLOR RGB="#dca187" NAME="Caparol 900 09-12" Spot="1" />
 <COLOR RGB="#c2866b" NAME="Caparol 900 09-13" Spot="1" />
 <COLOR RGB="#bb6f4e" NAME="Caparol 900 09-14" Spot="1" />
 <COLOR RGB="#bb724d" NAME="Caparol 900 09-15" Spot="1" />
 <COLOR RGB="#e5cfc1" NAME="Caparol 900 09-16" Spot="1" />
 <COLOR RGB="#d2b6a8" NAME="Caparol 900 09-17" Spot="1" />
 <COLOR RGB="#b99889" NAME="Caparol 900 09-18" Spot="1" />
 <COLOR RGB="#87604e" NAME="Caparol 900 09-19" Spot="1" />
 <COLOR RGB="#826554" NAME="Caparol 900 09-20" Spot="1" />
 <COLOR RGB="#f4e3c9" NAME="Caparol 900 10-01" Spot="1" />
 <COLOR RGB="#f3be8f" NAME="Caparol 900 10-02" Spot="1" />
 <COLOR RGB="#f7a760" NAME="Caparol 900 10-03" Spot="1" />
 <COLOR RGB="#f38d33" NAME="Caparol 900 10-04" Spot="1" />
 <COLOR RGB="#f28433" NAME="Caparol 900 10-05" Spot="1" />
 <COLOR RGB="#f3dbc4" NAME="Caparol 900 10-06" Spot="1" />
 <COLOR RGB="#f1ccb4" NAME="Caparol 900 10-07" Spot="1" />
 <COLOR RGB="#f1bb9b" NAME="Caparol 900 10-08" Spot="1" />
 <COLOR RGB="#cc7b4f" NAME="Caparol 900 10-09" Spot="1" />
 <COLOR RGB="#c0774b" NAME="Caparol 900 10-10" Spot="1" />
 <COLOR RGB="#eadec8" NAME="Caparol 900 10-11" Spot="1" />
 <COLOR RGB="#e9bd9e" NAME="Caparol 900 10-12" Spot="1" />
 <COLOR RGB="#d28049" NAME="Caparol 900 10-13" Spot="1" />
 <COLOR RGB="#c67845" NAME="Caparol 900 10-14" Spot="1" />
 <COLOR RGB="#ab6d4c" NAME="Caparol 900 10-15" Spot="1" />
 <COLOR RGB="#decab8" NAME="Caparol 900 10-16" Spot="1" />
 <COLOR RGB="#c2a793" NAME="Caparol 900 10-17" Spot="1" />
 <COLOR RGB="#a3816a" NAME="Caparol 900 10-18" Spot="1" />
 <COLOR RGB="#89654c" NAME="Caparol 900 10-19" Spot="1" />
 <COLOR RGB="#7e604d" NAME="Caparol 900 10-20" Spot="1" />
 <COLOR RGB="#efdfbe" NAME="Caparol 900 11-01" Spot="1" />
 <COLOR RGB="#f1c98f" NAME="Caparol 900 11-02" Spot="1" />
 <COLOR RGB="#eba85b" NAME="Caparol 900 11-03" Spot="1" />
 <COLOR RGB="#ed8f40" NAME="Caparol 900 11-04" Spot="1" />
 <COLOR RGB="#f9874b" NAME="Caparol 900 11-05" Spot="1" />
 <COLOR RGB="#f0e6d5" NAME="Caparol 900 11-06" Spot="1" />
 <COLOR RGB="#f0dbc4" NAME="Caparol 900 11-07" Spot="1" />
 <COLOR RGB="#f2bc95" NAME="Caparol 900 11-08" Spot="1" />
 <COLOR RGB="#e69e68" NAME="Caparol 900 11-09" Spot="1" />
 <COLOR RGB="#c07a4b" NAME="Caparol 900 11-10" Spot="1" />
 <COLOR RGB="#efcdad" NAME="Caparol 900 11-11" Spot="1" />
 <COLOR RGB="#f1bd95" NAME="Caparol 900 11-12" Spot="1" />
 <COLOR RGB="#de9968" NAME="Caparol 900 11-13" Spot="1" />
 <COLOR RGB="#b37650" NAME="Caparol 900 11-14" Spot="1" />
 <COLOR RGB="#8d694e" NAME="Caparol 900 11-15" Spot="1" />
 <COLOR RGB="#e5d5c1" NAME="Caparol 900 11-16" Spot="1" />
 <COLOR RGB="#c9ad94" NAME="Caparol 900 11-17" Spot="1" />
 <COLOR RGB="#987456" NAME="Caparol 900 11-18" Spot="1" />
 <COLOR RGB="#7d614b" NAME="Caparol 900 11-19" Spot="1" />
 <COLOR RGB="#7c6550" NAME="Caparol 900 11-20" Spot="1" />
 <COLOR RGB="#eee2c3" NAME="Caparol 900 12-01" Spot="1" />
 <COLOR RGB="#f8cf8b" NAME="Caparol 900 12-02" Spot="1" />
 <COLOR RGB="#eca74a" NAME="Caparol 900 12-03" Spot="1" />
 <COLOR RGB="#ea9d43" NAME="Caparol 900 12-04" Spot="1" />
 <COLOR RGB="#ee8e43" NAME="Caparol 900 12-05" Spot="1" />
 <COLOR RGB="#f6dcc1" NAME="Caparol 900 12-06" Spot="1" />
 <COLOR RGB="#efc194" NAME="Caparol 900 12-07" Spot="1" />
 <COLOR RGB="#e8a86c" NAME="Caparol 900 12-08" Spot="1" />
 <COLOR RGB="#cb8d50" NAME="Caparol 900 12-09" Spot="1" />
 <COLOR RGB="#b88151" NAME="Caparol 900 12-10" Spot="1" />
 <COLOR RGB="#efd3b0" NAME="Caparol 900 12-11" Spot="1" />
 <COLOR RGB="#e8c097" NAME="Caparol 900 12-12" Spot="1" />
 <COLOR RGB="#dca066" NAME="Caparol 900 12-13" Spot="1" />
 <COLOR RGB="#a6764f" NAME="Caparol 900 12-14" Spot="1" />
 <COLOR RGB="#8c6e51" NAME="Caparol 900 12-15" Spot="1" />
 <COLOR RGB="#dfd7cb" NAME="Caparol 900 12-16" Spot="1" />
 <COLOR RGB="#c2b7ab" NAME="Caparol 900 12-17" Spot="1" />
 <COLOR RGB="#98887a" NAME="Caparol 900 12-18" Spot="1" />
 <COLOR RGB="#706053" NAME="Caparol 900 12-19" Spot="1" />
 <COLOR RGB="#5f5750" NAME="Caparol 900 12-20" Spot="1" />
 <COLOR RGB="#f4e2ba" NAME="Caparol 900 13-01" Spot="1" />
 <COLOR RGB="#fbcb88" NAME="Caparol 900 13-02" Spot="1" />
 <COLOR RGB="#ffb75e" NAME="Caparol 900 13-03" Spot="1" />
 <COLOR RGB="#fba13d" NAME="Caparol 900 13-04" Spot="1" />
 <COLOR RGB="#ffa235" NAME="Caparol 900 13-05" Spot="1" />
 <COLOR RGB="#f4dfc6" NAME="Caparol 900 13-06" Spot="1" />
 <COLOR RGB="#f4d7b8" NAME="Caparol 900 13-07" Spot="1" />
 <COLOR RGB="#ebbf95" NAME="Caparol 900 13-08" Spot="1" />
 <COLOR RGB="#dda267" NAME="Caparol 900 13-09" Spot="1" />
 <COLOR RGB="#cb8f52" NAME="Caparol 900 13-10" Spot="1" />
 <COLOR RGB="#eed6b7" NAME="Caparol 900 13-11" Spot="1" />
 <COLOR RGB="#e6c6a3" NAME="Caparol 900 13-12" Spot="1" />
 <COLOR RGB="#cc9764" NAME="Caparol 900 13-13" Spot="1" />
 <COLOR RGB="#b37b46" NAME="Caparol 900 13-14" Spot="1" />
 <COLOR RGB="#8e6945" NAME="Caparol 900 13-15" Spot="1" />
 <COLOR RGB="#e8ddcb" NAME="Caparol 900 13-16" Spot="1" />
 <COLOR RGB="#dfcfbe" NAME="Caparol 900 13-17" Spot="1" />
 <COLOR RGB="#98887a" NAME="Caparol 900 13-18" Spot="1" />
 <COLOR RGB="#82705f" NAME="Caparol 900 13-19" Spot="1" />
 <COLOR RGB="#675e55" NAME="Caparol 900 13-20" Spot="1" />
 <COLOR RGB="#f3e5ca" NAME="Caparol 900 14-01" Spot="1" />
 <COLOR RGB="#f8cf8c" NAME="Caparol 900 14-02" Spot="1" />
 <COLOR RGB="#f3ba61" NAME="Caparol 900 14-03" Spot="1" />
 <COLOR RGB="#e2a146" NAME="Caparol 900 14-04" Spot="1" />
 <COLOR RGB="#d49242" NAME="Caparol 900 14-05" Spot="1" />
 <COLOR RGB="#efe3c9" NAME="Caparol 900 14-06" Spot="1" />
 <COLOR RGB="#edca95" NAME="Caparol 900 14-07" Spot="1" />
 <COLOR RGB="#e3b26c" NAME="Caparol 900 14-08" Spot="1" />
 <COLOR RGB="#c89147" NAME="Caparol 900 14-09" Spot="1" />
 <COLOR RGB="#d29948" NAME="Caparol 900 14-10" Spot="1" />
 <COLOR RGB="#ecd9be" NAME="Caparol 900 14-11" Spot="1" />
 <COLOR RGB="#d8b98d" NAME="Caparol 900 14-12" Spot="1" />
 <COLOR RGB="#c59b68" NAME="Caparol 900 14-13" Spot="1" />
 <COLOR RGB="#a77c4e" NAME="Caparol 900 14-14" Spot="1" />
 <COLOR RGB="#8a6e48" NAME="Caparol 900 14-15" Spot="1" />
 <COLOR RGB="#e8dbca" NAME="Caparol 900 14-16" Spot="1" />
 <COLOR RGB="#e2d0bd" NAME="Caparol 900 14-17" Spot="1" />
 <COLOR RGB="#c5aa91" NAME="Caparol 900 14-18" Spot="1" />
 <COLOR RGB="#977355" NAME="Caparol 900 14-19" Spot="1" />
 <COLOR RGB="#80644a" NAME="Caparol 900 14-20" Spot="1" />
 <COLOR RGB="#f2e5be" NAME="Caparol 900 15-01" Spot="1" />
 <COLOR RGB="#f5dfac" NAME="Caparol 900 15-02" Spot="1" />
 <COLOR RGB="#fecf74" NAME="Caparol 900 15-03" Spot="1" />
 <COLOR RGB="#f9ae39" NAME="Caparol 900 15-04" Spot="1" />
 <COLOR RGB="#ffb044" NAME="Caparol 900 15-05" Spot="1" />
 <COLOR RGB="#f0e3c7" NAME="Caparol 900 15-06" Spot="1" />
 <COLOR RGB="#f0ddb7" NAME="Caparol 900 15-07" Spot="1" />
 <COLOR RGB="#e9c28a" NAME="Caparol 900 15-08" Spot="1" />
 <COLOR RGB="#c99955" NAME="Caparol 900 15-09" Spot="1" />
 <COLOR RGB="#c1944b" NAME="Caparol 900 15-10" Spot="1" />
 <COLOR RGB="#f1e1c1" NAME="Caparol 900 15-11" Spot="1" />
 <COLOR RGB="#e2c38e" NAME="Caparol 900 15-12" Spot="1" />
 <COLOR RGB="#b38247" NAME="Caparol 900 15-13" Spot="1" />
 <COLOR RGB="#a37a49" NAME="Caparol 900 15-14" Spot="1" />
 <COLOR RGB="#936f4a" NAME="Caparol 900 15-15" Spot="1" />
 <COLOR RGB="#decbb2" NAME="Caparol 900 15-16" Spot="1" />
 <COLOR RGB="#cab396" NAME="Caparol 900 15-17" Spot="1" />
 <COLOR RGB="#b79c7b" NAME="Caparol 900 15-18" Spot="1" />
 <COLOR RGB="#9c7a56" NAME="Caparol 900 15-19" Spot="1" />
 <COLOR RGB="#8a694a" NAME="Caparol 900 15-20" Spot="1" />
 <COLOR RGB="#f1e6bc" NAME="Caparol 900 16-01" Spot="1" />
 <COLOR RGB="#f5d185" NAME="Caparol 900 16-02" Spot="1" />
 <COLOR RGB="#fabf4e" NAME="Caparol 900 16-03" Spot="1" />
 <COLOR RGB="#f7a62c" NAME="Caparol 900 16-04" Spot="1" />
 <COLOR RGB="#eda23a" NAME="Caparol 900 16-05" Spot="1" />
 <COLOR RGB="#f6e9c5" NAME="Caparol 900 16-06" Spot="1" />
 <COLOR RGB="#f2dba6" NAME="Caparol 900 16-07" Spot="1" />
 <COLOR RGB="#efce8b" NAME="Caparol 900 16-08" Spot="1" />
 <COLOR RGB="#e5b760" NAME="Caparol 900 16-09" Spot="1" />
 <COLOR RGB="#d09b48" NAME="Caparol 900 16-10" Spot="1" />
 <COLOR RGB="#ebd0a5" NAME="Caparol 900 16-11" Spot="1" />
 <COLOR RGB="#e3c491" NAME="Caparol 900 16-12" Spot="1" />
 <COLOR RGB="#d3a66d" NAME="Caparol 900 16-13" Spot="1" />
 <COLOR RGB="#c0924c" NAME="Caparol 900 16-14" Spot="1" />
 <COLOR RGB="#b08147" NAME="Caparol 900 16-15" Spot="1" />
 <COLOR RGB="#e2dacc" NAME="Caparol 900 16-16" Spot="1" />
 <COLOR RGB="#bbad9d" NAME="Caparol 900 16-17" Spot="1" />
 <COLOR RGB="#a2907d" NAME="Caparol 900 16-18" Spot="1" />
 <COLOR RGB="#907f6b" NAME="Caparol 900 16-19" Spot="1" />
 <COLOR RGB="#7d6850" NAME="Caparol 900 16-20" Spot="1" />
 <COLOR RGB="#f1e5b7" NAME="Caparol 900 17-01" Spot="1" />
 <COLOR RGB="#f6db90" NAME="Caparol 900 17-02" Spot="1" />
 <COLOR RGB="#f8c653" NAME="Caparol 900 17-03" Spot="1" />
 <COLOR RGB="#fbbb37" NAME="Caparol 900 17-04" Spot="1" />
 <COLOR RGB="#eba530" NAME="Caparol 900 17-05" Spot="1" />
 <COLOR RGB="#e6e0cb" NAME="Caparol 900 17-06" Spot="1" />
 <COLOR RGB="#f3e0be" NAME="Caparol 900 17-07" Spot="1" />
 <COLOR RGB="#e0bc80" NAME="Caparol 900 17-08" Spot="1" />
 <COLOR RGB="#c4954c" NAME="Caparol 900 17-09" Spot="1" />
 <COLOR RGB="#c5963f" NAME="Caparol 900 17-10" Spot="1" />
 <COLOR RGB="#eee0be" NAME="Caparol 900 17-11" Spot="1" />
 <COLOR RGB="#e6c98c" NAME="Caparol 900 17-12" Spot="1" />
 <COLOR RGB="#dab062" NAME="Caparol 900 17-13" Spot="1" />
 <COLOR RGB="#c69146" NAME="Caparol 900 17-14" Spot="1" />
 <COLOR RGB="#ad8547" NAME="Caparol 900 17-15" Spot="1" />
 <COLOR RGB="#ece5d6" NAME="Caparol 900 17-16" Spot="1" />
 <COLOR RGB="#d6cdb9" NAME="Caparol 900 17-17" Spot="1" />
 <COLOR RGB="#c7b89f" NAME="Caparol 900 17-18" Spot="1" />
 <COLOR RGB="#897659" NAME="Caparol 900 17-19" Spot="1" />
 <COLOR RGB="#715f4c" NAME="Caparol 900 17-20" Spot="1" />
 <COLOR RGB="#f2ebcb" NAME="Caparol 900 18-01" Spot="1" />
 <COLOR RGB="#f4e7bc" NAME="Caparol 900 18-02" Spot="1" />
 <COLOR RGB="#f3ca63" NAME="Caparol 900 18-03" Spot="1" />
 <COLOR RGB="#ecb33c" NAME="Caparol 900 18-04" Spot="1" />
 <COLOR RGB="#e4af33" NAME="Caparol 900 18-05" Spot="1" />
 <COLOR RGB="#f2d79e" NAME="Caparol 900 18-06" Spot="1" />
 <COLOR RGB="#ebcf8f" NAME="Caparol 900 18-07" Spot="1" />
 <COLOR RGB="#dfb663" NAME="Caparol 900 18-08" Spot="1" />
 <COLOR RGB="#cb9a3a" NAME="Caparol 900 18-09" Spot="1" />
 <COLOR RGB="#c49544" NAME="Caparol 900 18-10" Spot="1" />
 <COLOR RGB="#f4e6c8" NAME="Caparol 900 18-11" Spot="1" />
 <COLOR RGB="#e3c58f" NAME="Caparol 900 18-12" Spot="1" />
 <COLOR RGB="#d1ae6f" NAME="Caparol 900 18-13" Spot="1" />
 <COLOR RGB="#ba8e44" NAME="Caparol 900 18-14" Spot="1" />
 <COLOR RGB="#a57e47" NAME="Caparol 900 18-15" Spot="1" />
 <COLOR RGB="#ede8df" NAME="Caparol 900 18-16" Spot="1" />
 <COLOR RGB="#d8d2c7" NAME="Caparol 900 18-17" Spot="1" />
 <COLOR RGB="#c3bbae" NAME="Caparol 900 18-18" Spot="1" />
 <COLOR RGB="#988c7a" NAME="Caparol 900 18-19" Spot="1" />
 <COLOR RGB="#6f6559" NAME="Caparol 900 18-20" Spot="1" />
 <COLOR RGB="#f6eab5" NAME="Caparol 900 19-01" Spot="1" />
 <COLOR RGB="#f9e28f" NAME="Caparol 900 19-02" Spot="1" />
 <COLOR RGB="#f7d158" NAME="Caparol 900 19-03" Spot="1" />
 <COLOR RGB="#ebb628" NAME="Caparol 900 19-04" Spot="1" />
 <COLOR RGB="#fbc235" NAME="Caparol 900 19-05" Spot="1" />
 <COLOR RGB="#f2e9c0" NAME="Caparol 900 19-06" Spot="1" />
 <COLOR RGB="#f6e1a0" NAME="Caparol 900 19-07" Spot="1" />
 <COLOR RGB="#f1c857" NAME="Caparol 900 19-08" Spot="1" />
 <COLOR RGB="#dfa83f" NAME="Caparol 900 19-09" Spot="1" />
 <COLOR RGB="#c49a4b" NAME="Caparol 900 19-10" Spot="1" />
 <COLOR RGB="#efe3ce" NAME="Caparol 900 19-11" Spot="1" />
 <COLOR RGB="#e6d0ac" NAME="Caparol 900 19-12" Spot="1" />
 <COLOR RGB="#ac8646" NAME="Caparol 900 19-13" Spot="1" />
 <COLOR RGB="#ad8a54" NAME="Caparol 900 19-14" Spot="1" />
 <COLOR RGB="#90764d" NAME="Caparol 900 19-15" Spot="1" />
 <COLOR RGB="#deccaa" NAME="Caparol 900 19-16" Spot="1" />
 <COLOR RGB="#c5ab7f" NAME="Caparol 900 19-17" Spot="1" />
 <COLOR RGB="#b29468" NAME="Caparol 900 19-18" Spot="1" />
 <COLOR RGB="#a28153" NAME="Caparol 900 19-19" Spot="1" />
 <COLOR RGB="#7e694a" NAME="Caparol 900 19-20" Spot="1" />
 <COLOR RGB="#f2e7b5" NAME="Caparol 900 20-01" Spot="1" />
 <COLOR RGB="#f4df88" NAME="Caparol 900 20-02" Spot="1" />
 <COLOR RGB="#fbd85b" NAME="Caparol 900 20-03" Spot="1" />
 <COLOR RGB="#f7c52b" NAME="Caparol 900 20-04" Spot="1" />
 <COLOR RGB="#faca1d" NAME="Caparol 900 20-05" Spot="1" />
 <COLOR RGB="#eddcb8" NAME="Caparol 900 20-06" Spot="1" />
 <COLOR RGB="#f6e1a1" NAME="Caparol 900 20-07" Spot="1" />
 <COLOR RGB="#eac35c" NAME="Caparol 900 20-08" Spot="1" />
 <COLOR RGB="#d7a925" NAME="Caparol 900 20-09" Spot="1" />
 <COLOR RGB="#cda339" NAME="Caparol 900 20-10" Spot="1" />
 <COLOR RGB="#eadec0" NAME="Caparol 900 20-11" Spot="1" />
 <COLOR RGB="#ccb991" NAME="Caparol 900 20-12" Spot="1" />
 <COLOR RGB="#b29668" NAME="Caparol 900 20-13" Spot="1" />
 <COLOR RGB="#9f8248" NAME="Caparol 900 20-14" Spot="1" />
 <COLOR RGB="#7f6b4f" NAME="Caparol 900 20-15" Spot="1" />
 <COLOR RGB="#eee5d1" NAME="Caparol 900 20-16" Spot="1" />
 <COLOR RGB="#cebc9c" NAME="Caparol 900 20-17" Spot="1" />
 <COLOR RGB="#ac946d" NAME="Caparol 900 20-18" Spot="1" />
 <COLOR RGB="#9c8359" NAME="Caparol 900 20-19" Spot="1" />
 <COLOR RGB="#73644f" NAME="Caparol 900 20-20" Spot="1" />
 <COLOR RGB="#f2e8b1" NAME="Caparol 900 21-01" Spot="1" />
 <COLOR RGB="#f2e48d" NAME="Caparol 900 21-02" Spot="1" />
 <COLOR RGB="#f4d952" NAME="Caparol 900 21-03" Spot="1" />
 <COLOR RGB="#f9d129" NAME="Caparol 900 21-04" Spot="1" />
 <COLOR RGB="#f9ce16" NAME="Caparol 900 21-05" Spot="1" />
 <COLOR RGB="#ecdfa7" NAME="Caparol 900 21-06" Spot="1" />
 <COLOR RGB="#e8d79a" NAME="Caparol 900 21-07" Spot="1" />
 <COLOR RGB="#e5c767" NAME="Caparol 900 21-08" Spot="1" />
 <COLOR RGB="#dab340" NAME="Caparol 900 21-09" Spot="1" />
 <COLOR RGB="#c19f37" NAME="Caparol 900 21-10" Spot="1" />
 <COLOR RGB="#ddd1b3" NAME="Caparol 900 21-11" Spot="1" />
 <COLOR RGB="#cab68f" NAME="Caparol 900 21-12" Spot="1" />
 <COLOR RGB="#aa9464" NAME="Caparol 900 21-13" Spot="1" />
 <COLOR RGB="#9b8250" NAME="Caparol 900 21-14" Spot="1" />
 <COLOR RGB="#8c7445" NAME="Caparol 900 21-15" Spot="1" />
 <COLOR RGB="#e4dcc7" NAME="Caparol 900 21-16" Spot="1" />
 <COLOR RGB="#eadabc" NAME="Caparol 900 21-17" Spot="1" />
 <COLOR RGB="#d8c59e" NAME="Caparol 900 21-18" Spot="1" />
 <COLOR RGB="#9d8358" NAME="Caparol 900 21-19" Spot="1" />
 <COLOR RGB="#79674e" NAME="Caparol 900 21-20" Spot="1" />
 <COLOR RGB="#f2ebc3" NAME="Caparol 900 22-01" Spot="1" />
 <COLOR RGB="#eae3a5" NAME="Caparol 900 22-02" Spot="1" />
 <COLOR RGB="#f5d863" NAME="Caparol 900 22-03" Spot="1" />
 <COLOR RGB="#fad12d" NAME="Caparol 900 22-04" Spot="1" />
 <COLOR RGB="#f9ce2a" NAME="Caparol 900 22-05" Spot="1" />
 <COLOR RGB="#f6eab8" NAME="Caparol 900 22-06" Spot="1" />
 <COLOR RGB="#e9d897" NAME="Caparol 900 22-07" Spot="1" />
 <COLOR RGB="#d7bb61" NAME="Caparol 900 22-08" Spot="1" />
 <COLOR RGB="#cba547" NAME="Caparol 900 22-09" Spot="1" />
 <COLOR RGB="#aa8e51" NAME="Caparol 900 22-10" Spot="1" />
 <COLOR RGB="#f0e9cf" NAME="Caparol 900 22-11" Spot="1" />
 <COLOR RGB="#e7dcb9" NAME="Caparol 900 22-12" Spot="1" />
 <COLOR RGB="#ccba84" NAME="Caparol 900 22-13" Spot="1" />
 <COLOR RGB="#a78f4c" NAME="Caparol 900 22-14" Spot="1" />
 <COLOR RGB="#a48c4f" NAME="Caparol 900 22-15" Spot="1" />
 <COLOR RGB="#ded8c2" NAME="Caparol 900 22-16" Spot="1" />
 <COLOR RGB="#cdc4a8" NAME="Caparol 900 22-17" Spot="1" />
 <COLOR RGB="#b9af94" NAME="Caparol 900 22-18" Spot="1" />
 <COLOR RGB="#a49b82" NAME="Caparol 900 22-19" Spot="1" />
 <COLOR RGB="#746a57" NAME="Caparol 900 22-20" Spot="1" />
 <COLOR RGB="#f1e9b7" NAME="Caparol 900 23-01" Spot="1" />
 <COLOR RGB="#f1e59a" NAME="Caparol 900 23-02" Spot="1" />
 <COLOR RGB="#f6e581" NAME="Caparol 900 23-03" Spot="1" />
 <COLOR RGB="#e8d25c" NAME="Caparol 900 23-04" Spot="1" />
 <COLOR RGB="#d8bd38" NAME="Caparol 900 23-05" Spot="1" />
 <COLOR RGB="#ece3b9" NAME="Caparol 900 23-06" Spot="1" />
 <COLOR RGB="#e1d091" NAME="Caparol 900 23-07" Spot="1" />
 <COLOR RGB="#bda75d" NAME="Caparol 900 23-08" Spot="1" />
 <COLOR RGB="#b79a44" NAME="Caparol 900 23-09" Spot="1" />
 <COLOR RGB="#b19046" NAME="Caparol 900 23-10" Spot="1" />
 <COLOR RGB="#e9e1c0" NAME="Caparol 900 23-11" Spot="1" />
 <COLOR RGB="#e0d4a8" NAME="Caparol 900 23-12" Spot="1" />
 <COLOR RGB="#bfab70" NAME="Caparol 900 23-13" Spot="1" />
 <COLOR RGB="#b5a061" NAME="Caparol 900 23-14" Spot="1" />
 <COLOR RGB="#988348" NAME="Caparol 900 23-15" Spot="1" />
 <COLOR RGB="#e4dfcc" NAME="Caparol 900 23-16" Spot="1" />
 <COLOR RGB="#bdb496" NAME="Caparol 900 23-17" Spot="1" />
 <COLOR RGB="#a29673" NAME="Caparol 900 23-18" Spot="1" />
 <COLOR RGB="#827455" NAME="Caparol 900 23-19" Spot="1" />
 <COLOR RGB="#796d4c" NAME="Caparol 900 23-20" Spot="1" />
 <COLOR RGB="#f2e9b9" NAME="Caparol 900 24-01" Spot="1" />
 <COLOR RGB="#e3d78f" NAME="Caparol 900 24-02" Spot="1" />
 <COLOR RGB="#cfbd5c" NAME="Caparol 900 24-03" Spot="1" />
 <COLOR RGB="#bba236" NAME="Caparol 900 24-04" Spot="1" />
 <COLOR RGB="#caaf3d" NAME="Caparol 900 24-05" Spot="1" />
 <COLOR RGB="#e9e3c6" NAME="Caparol 900 24-06" Spot="1" />
 <COLOR RGB="#dfd7b2" NAME="Caparol 900 24-07" Spot="1" />
 <COLOR RGB="#d0c58e" NAME="Caparol 900 24-08" Spot="1" />
 <COLOR RGB="#bca859" NAME="Caparol 900 24-09" Spot="1" />
 <COLOR RGB="#a9964c" NAME="Caparol 900 24-10" Spot="1" />
 <COLOR RGB="#e2dcb7" NAME="Caparol 900 24-11" Spot="1" />
 <COLOR RGB="#dad2a4" NAME="Caparol 900 24-12" Spot="1" />
 <COLOR RGB="#cbbd8d" NAME="Caparol 900 24-13" Spot="1" />
 <COLOR RGB="#b5a76b" NAME="Caparol 900 24-14" Spot="1" />
 <COLOR RGB="#877a4b" NAME="Caparol 900 24-15" Spot="1" />
 <COLOR RGB="#ddd9ce" NAME="Caparol 900 24-16" Spot="1" />
 <COLOR RGB="#bfb9a7" NAME="Caparol 900 24-17" Spot="1" />
 <COLOR RGB="#8f8870" NAME="Caparol 900 24-18" Spot="1" />
 <COLOR RGB="#8b836d" NAME="Caparol 900 24-19" Spot="1" />
 <COLOR RGB="#706652" NAME="Caparol 900 24-20" Spot="1" />
 <COLOR RGB="#ebe7b2" NAME="Caparol 900 25-01" Spot="1" />
 <COLOR RGB="#dee292" NAME="Caparol 900 25-02" Spot="1" />
 <COLOR RGB="#d5d46d" NAME="Caparol 900 25-03" Spot="1" />
 <COLOR RGB="#d1c728" NAME="Caparol 900 25-04" Spot="1" />
 <COLOR RGB="#b3ae38" NAME="Caparol 900 25-05" Spot="1" />
 <COLOR RGB="#e8e4ca" NAME="Caparol 900 25-06" Spot="1" />
 <COLOR RGB="#e1dfbb" NAME="Caparol 900 25-07" Spot="1" />
 <COLOR RGB="#c1bb86" NAME="Caparol 900 25-08" Spot="1" />
 <COLOR RGB="#9f9552" NAME="Caparol 900 25-09" Spot="1" />
 <COLOR RGB="#6a6c4f" NAME="Caparol 900 25-10" Spot="1" />
 <COLOR RGB="#eae5ce" NAME="Caparol 900 25-11" Spot="1" />
 <COLOR RGB="#ded8b7" NAME="Caparol 900 25-12" Spot="1" />
 <COLOR RGB="#c7bf96" NAME="Caparol 900 25-13" Spot="1" />
 <COLOR RGB="#9e9069" NAME="Caparol 900 25-14" Spot="1" />
 <COLOR RGB="#857950" NAME="Caparol 900 25-15" Spot="1" />
 <COLOR RGB="#e1e2dd" NAME="Caparol 900 25-16" Spot="1" />
 <COLOR RGB="#d4d2cc" NAME="Caparol 900 25-17" Spot="1" />
 <COLOR RGB="#938f84" NAME="Caparol 900 25-18" Spot="1" />
 <COLOR RGB="#65625b" NAME="Caparol 900 25-19" Spot="1" />
 <COLOR RGB="#67665f" NAME="Caparol 900 25-20" Spot="1" />
 <COLOR RGB="#e4e7b2" NAME="Caparol 900 26-01" Spot="1" />
 <COLOR RGB="#d8dc88" NAME="Caparol 900 26-02" Spot="1" />
 <COLOR RGB="#c4cb54" NAME="Caparol 900 26-03" Spot="1" />
 <COLOR RGB="#bac53c" NAME="Caparol 900 26-04" Spot="1" />
 <COLOR RGB="#9eaa4d" NAME="Caparol 900 26-05" Spot="1" />
 <COLOR RGB="#e0e2ab" NAME="Caparol 900 26-06" Spot="1" />
 <COLOR RGB="#c5ca75" NAME="Caparol 900 26-07" Spot="1" />
 <COLOR RGB="#afb54d" NAME="Caparol 900 26-08" Spot="1" />
 <COLOR RGB="#98a04d" NAME="Caparol 900 26-09" Spot="1" />
 <COLOR RGB="#72724c" NAME="Caparol 900 26-10" Spot="1" />
 <COLOR RGB="#e5dfc5" NAME="Caparol 900 26-11" Spot="1" />
 <COLOR RGB="#c6bb8f" NAME="Caparol 900 26-12" Spot="1" />
 <COLOR RGB="#9c8a54" NAME="Caparol 900 26-13" Spot="1" />
 <COLOR RGB="#867b4c" NAME="Caparol 900 26-14" Spot="1" />
 <COLOR RGB="#7a734c" NAME="Caparol 900 26-15" Spot="1" />
 <COLOR RGB="#d0d0ca" NAME="Caparol 900 26-16" Spot="1" />
 <COLOR RGB="#c0baaf" NAME="Caparol 900 26-17" Spot="1" />
 <COLOR RGB="#bdbdba" NAME="Caparol 900 26-18" Spot="1" />
 <COLOR RGB="#9a968f" NAME="Caparol 900 26-19" Spot="1" />
 <COLOR RGB="#595853" NAME="Caparol 900 26-20" Spot="1" />
 <COLOR RGB="#e3eabb" NAME="Caparol 900 27-01" Spot="1" />
 <COLOR RGB="#d4df8c" NAME="Caparol 900 27-02" Spot="1" />
 <COLOR RGB="#c0d45f" NAME="Caparol 900 27-03" Spot="1" />
 <COLOR RGB="#a1b54b" NAME="Caparol 900 27-04" Spot="1" />
 <COLOR RGB="#8d9e42" NAME="Caparol 900 27-05" Spot="1" />
 <COLOR RGB="#e4e3c7" NAME="Caparol 900 27-06" Spot="1" />
 <COLOR RGB="#dddcbb" NAME="Caparol 900 27-07" Spot="1" />
 <COLOR RGB="#c8c790" NAME="Caparol 900 27-08" Spot="1" />
 <COLOR RGB="#a8a76a" NAME="Caparol 900 27-09" Spot="1" />
 <COLOR RGB="#7b7d49" NAME="Caparol 900 27-10" Spot="1" />
 <COLOR RGB="#dcd9c0" NAME="Caparol 900 27-11" Spot="1" />
 <COLOR RGB="#cac8a6" NAME="Caparol 900 27-12" Spot="1" />
 <COLOR RGB="#97946a" NAME="Caparol 900 27-13" Spot="1" />
 <COLOR RGB="#75734f" NAME="Caparol 900 27-14" Spot="1" />
 <COLOR RGB="#66664f" NAME="Caparol 900 27-15" Spot="1" />
 <COLOR RGB="#f0eee5" NAME="Caparol 900 27-16" Spot="1" />
 <COLOR RGB="#d3d2c5" NAME="Caparol 900 27-17" Spot="1" />
 <COLOR RGB="#b4b4aa" NAME="Caparol 900 27-18" Spot="1" />
 <COLOR RGB="#82857a" NAME="Caparol 900 27-19" Spot="1" />
 <COLOR RGB="#706f63" NAME="Caparol 900 27-20" Spot="1" />
 <COLOR RGB="#dbe8b8" NAME="Caparol 900 28-01" Spot="1" />
 <COLOR RGB="#d3e494" NAME="Caparol 900 28-02" Spot="1" />
 <COLOR RGB="#b1cc5c" NAME="Caparol 900 28-03" Spot="1" />
 <COLOR RGB="#9fc252" NAME="Caparol 900 28-04" Spot="1" />
 <COLOR RGB="#9ec041" NAME="Caparol 900 28-05" Spot="1" />
 <COLOR RGB="#dfe7bd" NAME="Caparol 900 28-06" Spot="1" />
 <COLOR RGB="#c0d091" NAME="Caparol 900 28-07" Spot="1" />
 <COLOR RGB="#a3b463" NAME="Caparol 900 28-08" Spot="1" />
 <COLOR RGB="#899d4a" NAME="Caparol 900 28-09" Spot="1" />
 <COLOR RGB="#849b4c" NAME="Caparol 900 28-10" Spot="1" />
 <COLOR RGB="#dad9b7" NAME="Caparol 900 28-11" Spot="1" />
 <COLOR RGB="#cfd1a4" NAME="Caparol 900 28-12" Spot="1" />
 <COLOR RGB="#c5c797" NAME="Caparol 900 28-13" Spot="1" />
 <COLOR RGB="#8d8f51" NAME="Caparol 900 28-14" Spot="1" />
 <COLOR RGB="#6c714b" NAME="Caparol 900 28-15" Spot="1" />
 <COLOR RGB="#e3e2cd" NAME="Caparol 900 28-16" Spot="1" />
 <COLOR RGB="#cecfb5" NAME="Caparol 900 28-17" Spot="1" />
 <COLOR RGB="#999b72" NAME="Caparol 900 28-18" Spot="1" />
 <COLOR RGB="#797353" NAME="Caparol 900 28-19" Spot="1" />
 <COLOR RGB="#65634d" NAME="Caparol 900 28-20" Spot="1" />
 <COLOR RGB="#e6ecc7" NAME="Caparol 900 29-01" Spot="1" />
 <COLOR RGB="#cfe4a0" NAME="Caparol 900 29-02" Spot="1" />
 <COLOR RGB="#9fc658" NAME="Caparol 900 29-03" Spot="1" />
 <COLOR RGB="#85b83d" NAME="Caparol 900 29-04" Spot="1" />
 <COLOR RGB="#80b350" NAME="Caparol 900 29-05" Spot="1" />
 <COLOR RGB="#d9e7b9" NAME="Caparol 900 29-06" Spot="1" />
 <COLOR RGB="#bbd595" NAME="Caparol 900 29-07" Spot="1" />
 <COLOR RGB="#93c066" NAME="Caparol 900 29-08" Spot="1" />
 <COLOR RGB="#70a648" NAME="Caparol 900 29-09" Spot="1" />
 <COLOR RGB="#72af48" NAME="Caparol 900 29-10" Spot="1" />
 <COLOR RGB="#dbdec6" NAME="Caparol 900 29-11" Spot="1" />
 <COLOR RGB="#ccd2b4" NAME="Caparol 900 29-12" Spot="1" />
 <COLOR RGB="#b9bf99" NAME="Caparol 900 29-13" Spot="1" />
 <COLOR RGB="#8e9463" NAME="Caparol 900 29-14" Spot="1" />
 <COLOR RGB="#686c49" NAME="Caparol 900 29-15" Spot="1" />
 <COLOR RGB="#bebea2" NAME="Caparol 900 29-16" Spot="1" />
 <COLOR RGB="#919279" NAME="Caparol 900 29-17" Spot="1" />
 <COLOR RGB="#767455" NAME="Caparol 900 29-18" Spot="1" />
 <COLOR RGB="#61644f" NAME="Caparol 900 29-19" Spot="1" />
 <COLOR RGB="#545d52" NAME="Caparol 900 29-20" Spot="1" />
 <COLOR RGB="#d5e8c2" NAME="Caparol 900 30-01" Spot="1" />
 <COLOR RGB="#aad68e" NAME="Caparol 900 30-02" Spot="1" />
 <COLOR RGB="#85c464" NAME="Caparol 900 30-03" Spot="1" />
 <COLOR RGB="#63af49" NAME="Caparol 900 30-04" Spot="1" />
 <COLOR RGB="#73a84e" NAME="Caparol 900 30-05" Spot="1" />
 <COLOR RGB="#dde8c7" NAME="Caparol 900 30-06" Spot="1" />
 <COLOR RGB="#c2d6a4" NAME="Caparol 900 30-07" Spot="1" />
 <COLOR RGB="#98b26e" NAME="Caparol 900 30-08" Spot="1" />
 <COLOR RGB="#7aa055" NAME="Caparol 900 30-09" Spot="1" />
 <COLOR RGB="#749056" NAME="Caparol 900 30-10" Spot="1" />
 <COLOR RGB="#e5e9d2" NAME="Caparol 900 30-11" Spot="1" />
 <COLOR RGB="#cfd7b2" NAME="Caparol 900 30-12" Spot="1" />
 <COLOR RGB="#b8c398" NAME="Caparol 900 30-13" Spot="1" />
 <COLOR RGB="#6b8154" NAME="Caparol 900 30-15" Spot="1" />
 <COLOR RGB="#d9dacc" NAME="Caparol 900 30-16" Spot="1" />
 <COLOR RGB="#d1d1c3" NAME="Caparol 900 30-17" Spot="1" />
 <COLOR RGB="#b4b6a2" NAME="Caparol 900 30-18" Spot="1" />
 <COLOR RGB="#7c7961" NAME="Caparol 900 30-19" Spot="1" />
 <COLOR RGB="#606453" NAME="Caparol 900 30-20" Spot="1" />
 <COLOR RGB="#d6eacc" NAME="Caparol 900 31-01" Spot="1" />
 <COLOR RGB="#acdfab" NAME="Caparol 900 31-02" Spot="1" />
 <COLOR RGB="#70bf6d" NAME="Caparol 900 31-03" Spot="1" />
 <COLOR RGB="#48aa4a" NAME="Caparol 900 31-04" Spot="1" />
 <COLOR RGB="#5da05b" NAME="Caparol 900 31-05" Spot="1" />
 <COLOR RGB="#d6e5c8" NAME="Caparol 900 31-06" Spot="1" />
 <COLOR RGB="#bfd6b3" NAME="Caparol 900 31-07" Spot="1" />
 <COLOR RGB="#adcf9a" NAME="Caparol 900 31-08" Spot="1" />
 <COLOR RGB="#7eae65" NAME="Caparol 900 31-09" Spot="1" />
 <COLOR RGB="#618d4c" NAME="Caparol 900 31-10" Spot="1" />
 <COLOR RGB="#d4e2c8" NAME="Caparol 900 31-11" Spot="1" />
 <COLOR RGB="#c1d3ac" NAME="Caparol 900 31-12" Spot="1" />
 <COLOR RGB="#90a973" NAME="Caparol 900 31-13" Spot="1" />
 <COLOR RGB="#659355" NAME="Caparol 900 31-14" Spot="1" />
 <COLOR RGB="#668251" NAME="Caparol 900 31-15" Spot="1" />
 <COLOR RGB="#dde0d4" NAME="Caparol 900 31-16" Spot="1" />
 <COLOR RGB="#b2b9a4" NAME="Caparol 900 31-17" Spot="1" />
 <COLOR RGB="#8f947b" NAME="Caparol 900 31-18" Spot="1" />
 <COLOR RGB="#6f7259" NAME="Caparol 900 31-19" Spot="1" />
 <COLOR RGB="#606655" NAME="Caparol 900 31-20" Spot="1" />
 <COLOR RGB="#e1ecda" NAME="Caparol 900 32-01" Spot="1" />
 <COLOR RGB="#ceeacc" NAME="Caparol 900 32-02" Spot="1" />
 <COLOR RGB="#94d39a" NAME="Caparol 900 32-03" Spot="1" />
 <COLOR RGB="#38a050" NAME="Caparol 900 32-04" Spot="1" />
 <COLOR RGB="#529854" NAME="Caparol 900 32-05" Spot="1" />
 <COLOR RGB="#cfe0c7" NAME="Caparol 900 32-06" Spot="1" />
 <COLOR RGB="#c0d6b9" NAME="Caparol 900 32-07" Spot="1" />
 <COLOR RGB="#a2be9b" NAME="Caparol 900 32-08" Spot="1" />
 <COLOR RGB="#688758" NAME="Caparol 900 32-09" Spot="1" />
 <COLOR RGB="#57835a" NAME="Caparol 900 32-10" Spot="1" />
 <COLOR RGB="#c7d0b8" NAME="Caparol 900 32-11" Spot="1" />
 <COLOR RGB="#abb99c" NAME="Caparol 900 32-12" Spot="1" />
 <COLOR RGB="#899977" NAME="Caparol 900 32-13" Spot="1" />
 <COLOR RGB="#6c7d5c" NAME="Caparol 900 32-14" Spot="1" />
 <COLOR RGB="#586051" NAME="Caparol 900 32-15" Spot="1" />
 <COLOR RGB="#d1d5c9" NAME="Caparol 900 32-16" Spot="1" />
 <COLOR RGB="#b3baad" NAME="Caparol 900 32-17" Spot="1" />
 <COLOR RGB="#747762" NAME="Caparol 900 32-18" Spot="1" />
 <COLOR RGB="#676956" NAME="Caparol 900 32-19" Spot="1" />
 <COLOR RGB="#55594f" NAME="Caparol 900 32-20" Spot="1" />
 <COLOR RGB="#d0e5c9" NAME="Caparol 900 33-01" Spot="1" />
 <COLOR RGB="#bbdbb5" NAME="Caparol 900 33-02" Spot="1" />
 <COLOR RGB="#9fcda0" NAME="Caparol 900 33-03" Spot="1" />
 <COLOR RGB="#56ad6b" NAME="Caparol 900 33-04" Spot="1" />
 <COLOR RGB="#4e9356" NAME="Caparol 900 33-05" Spot="1" />
 <COLOR RGB="#d8e9d4" NAME="Caparol 900 33-06" Spot="1" />
 <COLOR RGB="#b9d7b9" NAME="Caparol 900 33-07" Spot="1" />
 <COLOR RGB="#a2c8a2" NAME="Caparol 900 33-08" Spot="1" />
 <COLOR RGB="#6b9664" NAME="Caparol 900 33-09" Spot="1" />
 <COLOR RGB="#608163" NAME="Caparol 900 33-10" Spot="1" />
 <COLOR RGB="#c8ddc5" NAME="Caparol 900 33-11" Spot="1" />
 <COLOR RGB="#bfd5bc" NAME="Caparol 900 33-12" Spot="1" />
 <COLOR RGB="#afc9ad" NAME="Caparol 900 33-13" Spot="1" />
 <COLOR RGB="#617f58" NAME="Caparol 900 33-14" Spot="1" />
 <COLOR RGB="#58775e" NAME="Caparol 900 33-15" Spot="1" />
 <COLOR RGB="#c6cac1" NAME="Caparol 900 33-16" Spot="1" />
 <COLOR RGB="#7e7e74" NAME="Caparol 900 33-17" Spot="1" />
 <COLOR RGB="#686b66" NAME="Caparol 900 33-18" Spot="1" />
 <COLOR RGB="#5e5f57" NAME="Caparol 900 33-19" Spot="1" />
 <COLOR RGB="#5b5e59" NAME="Caparol 900 33-20" Spot="1" />
 <COLOR RGB="#d4eddc" NAME="Caparol 900 34-01" Spot="1" />
 <COLOR RGB="#bde6ce" NAME="Caparol 900 34-02" Spot="1" />
 <COLOR RGB="#80d3ab" NAME="Caparol 900 34-03" Spot="1" />
 <COLOR RGB="#4fbc86" NAME="Caparol 900 34-04" Spot="1" />
 <COLOR RGB="#0f9860" NAME="Caparol 900 34-05" Spot="1" />
 <COLOR RGB="#c5e4d3" NAME="Caparol 900 34-06" Spot="1" />
 <COLOR RGB="#c1e2cf" NAME="Caparol 900 34-07" Spot="1" />
 <COLOR RGB="#90cdb0" NAME="Caparol 900 34-08" Spot="1" />
 <COLOR RGB="#64ae89" NAME="Caparol 900 34-09" Spot="1" />
 <COLOR RGB="#488461" NAME="Caparol 900 34-10" Spot="1" />
 <COLOR RGB="#d0ddd0" NAME="Caparol 900 34-11" Spot="1" />
 <COLOR RGB="#c1cfbd" NAME="Caparol 900 34-12" Spot="1" />
 <COLOR RGB="#aabcab" NAME="Caparol 900 34-13" Spot="1" />
 <COLOR RGB="#83957e" NAME="Caparol 900 34-14" Spot="1" />
 <COLOR RGB="#5f705a" NAME="Caparol 900 34-15" Spot="1" />
 <COLOR RGB="#e1e5de" NAME="Caparol 900 34-16" Spot="1" />
 <COLOR RGB="#ced6d2" NAME="Caparol 900 34-17" Spot="1" />
 <COLOR RGB="#a2aeaa" NAME="Caparol 900 34-18" Spot="1" />
 <COLOR RGB="#808b85" NAME="Caparol 900 34-19" Spot="1" />
 <COLOR RGB="#5e6762" NAME="Caparol 900 34-20" Spot="1" />
 <COLOR RGB="#c3e4de" NAME="Caparol 900 35-01" Spot="1" />
 <COLOR RGB="#a0ddd3" NAME="Caparol 900 35-02" Spot="1" />
 <COLOR RGB="#72ccc5" NAME="Caparol 900 35-03" Spot="1" />
 <COLOR RGB="#2db2a6" NAME="Caparol 900 35-04" Spot="1" />
 <COLOR RGB="#009785" NAME="Caparol 900 35-05" Spot="1" />
 <COLOR RGB="#cde5dc" NAME="Caparol 900 35-06" Spot="1" />
 <COLOR RGB="#baded2" NAME="Caparol 900 35-07" Spot="1" />
 <COLOR RGB="#8acaba" NAME="Caparol 900 35-08" Spot="1" />
 <COLOR RGB="#5ca795" NAME="Caparol 900 35-09" Spot="1" />
 <COLOR RGB="#457560" NAME="Caparol 900 35-10" Spot="1" />
 <COLOR RGB="#d4e0d0" NAME="Caparol 900 35-11" Spot="1" />
 <COLOR RGB="#c2d9c7" NAME="Caparol 900 35-12" Spot="1" />
 <COLOR RGB="#9dbaa3" NAME="Caparol 900 35-13" Spot="1" />
 <COLOR RGB="#769c7d" NAME="Caparol 900 35-14" Spot="1" />
 <COLOR RGB="#4f7455" NAME="Caparol 900 35-15" Spot="1" />
 <COLOR RGB="#e0e7dc" NAME="Caparol 900 35-16" Spot="1" />
 <COLOR RGB="#d3ded6" NAME="Caparol 900 35-17" Spot="1" />
 <COLOR RGB="#9db4a1" NAME="Caparol 900 35-18" Spot="1" />
 <COLOR RGB="#849584" NAME="Caparol 900 35-19" Spot="1" />
 <COLOR RGB="#637260" NAME="Caparol 900 35-20" Spot="1" />
 <COLOR RGB="#d4e6e3" NAME="Caparol 900 36-01" Spot="1" />
 <COLOR RGB="#b8e0dc" NAME="Caparol 900 36-02" Spot="1" />
 <COLOR RGB="#8fd6d5" NAME="Caparol 900 36-03" Spot="1" />
 <COLOR RGB="#28b0aa" NAME="Caparol 900 36-04" Spot="1" />
 <COLOR RGB="#008c82" NAME="Caparol 900 36-05" Spot="1" />
 <COLOR RGB="#c6e5dc" NAME="Caparol 900 36-06" Spot="1" />
 <COLOR RGB="#b2dcd4" NAME="Caparol 900 36-07" Spot="1" />
 <COLOR RGB="#7cc3bb" NAME="Caparol 900 36-08" Spot="1" />
 <COLOR RGB="#50a196" NAME="Caparol 900 36-09" Spot="1" />
 <COLOR RGB="#337d6f" NAME="Caparol 900 36-10" Spot="1" />
 <COLOR RGB="#cbe1da" NAME="Caparol 900 36-11" Spot="1" />
 <COLOR RGB="#b6dad4" NAME="Caparol 900 36-12" Spot="1" />
 <COLOR RGB="#8cc1bc" NAME="Caparol 900 36-13" Spot="1" />
 <COLOR RGB="#689f97" NAME="Caparol 900 36-14" Spot="1" />
 <COLOR RGB="#437b71" NAME="Caparol 900 36-15" Spot="1" />
 <COLOR RGB="#c8dad1" NAME="Caparol 900 36-16" Spot="1" />
 <COLOR RGB="#afc7be" NAME="Caparol 900 36-17" Spot="1" />
 <COLOR RGB="#95b5aa" NAME="Caparol 900 36-18" Spot="1" />
 <COLOR RGB="#749487" NAME="Caparol 900 36-19" Spot="1" />
 <COLOR RGB="#547164" NAME="Caparol 900 36-20" Spot="1" />
 <COLOR RGB="#c5e5e4" NAME="Caparol 900 37-01" Spot="1" />
 <COLOR RGB="#94d1d7" NAME="Caparol 900 37-02" Spot="1" />
 <COLOR RGB="#75c6d2" NAME="Caparol 900 37-03" Spot="1" />
 <COLOR RGB="#30a6b0" NAME="Caparol 900 37-04" Spot="1" />
 <COLOR RGB="#008791" NAME="Caparol 900 37-05" Spot="1" />
 <COLOR RGB="#bfe1dd" NAME="Caparol 900 37-06" Spot="1" />
 <COLOR RGB="#a0cecd" NAME="Caparol 900 37-07" Spot="1" />
 <COLOR RGB="#7ec1bc" NAME="Caparol 900 37-08" Spot="1" />
 <COLOR RGB="#539f9a" NAME="Caparol 900 37-09" Spot="1" />
 <COLOR RGB="#317c77" NAME="Caparol 900 37-10" Spot="1" />
 <COLOR RGB="#d2e2db" NAME="Caparol 900 37-11" Spot="1" />
 <COLOR RGB="#bbd3d2" NAME="Caparol 900 37-12" Spot="1" />
 <COLOR RGB="#89b7b9" NAME="Caparol 900 37-13" Spot="1" />
 <COLOR RGB="#689e9c" NAME="Caparol 900 37-14" Spot="1" />
 <COLOR RGB="#3c7571" NAME="Caparol 900 37-15" Spot="1" />
 <COLOR RGB="#d5e4dc" NAME="Caparol 900 37-16" Spot="1" />
 <COLOR RGB="#b4ccc9" NAME="Caparol 900 37-17" Spot="1" />
 <COLOR RGB="#8eb1ac" NAME="Caparol 900 37-18" Spot="1" />
 <COLOR RGB="#668e8a" NAME="Caparol 900 37-19" Spot="1" />
 <COLOR RGB="#506e65" NAME="Caparol 900 37-20" Spot="1" />
 <COLOR RGB="#cce5e5" NAME="Caparol 900 38-01" Spot="1" />
 <COLOR RGB="#bbdfe3" NAME="Caparol 900 38-02" Spot="1" />
 <COLOR RGB="#9cd1df" NAME="Caparol 900 38-03" Spot="1" />
 <COLOR RGB="#44a1ba" NAME="Caparol 900 38-04" Spot="1" />
 <COLOR RGB="#0086a3" NAME="Caparol 900 38-05" Spot="1" />
 <COLOR RGB="#d1e7e0" NAME="Caparol 900 38-06" Spot="1" />
 <COLOR RGB="#b7dddb" NAME="Caparol 900 38-07" Spot="1" />
 <COLOR RGB="#88c7cc" NAME="Caparol 900 38-08" Spot="1" />
 <COLOR RGB="#1b8d8d" NAME="Caparol 900 38-09" Spot="1" />
 <COLOR RGB="#2e8084" NAME="Caparol 900 38-10" Spot="1" />
 <COLOR RGB="#c2dcdd" NAME="Caparol 900 38-11" Spot="1" />
 <COLOR RGB="#9fccd3" NAME="Caparol 900 38-12" Spot="1" />
 <COLOR RGB="#8bc1cc" NAME="Caparol 900 38-13" Spot="1" />
 <COLOR RGB="#62a0ab" NAME="Caparol 900 38-14" Spot="1" />
 <COLOR RGB="#337786" NAME="Caparol 900 38-15" Spot="1" />
 <COLOR RGB="#e2e7e1" NAME="Caparol 900 38-16" Spot="1" />
 <COLOR RGB="#cbdad8" NAME="Caparol 900 38-17" Spot="1" />
 <COLOR RGB="#a0b3bc" NAME="Caparol 900 38-18" Spot="1" />
 <COLOR RGB="#526b6f" NAME="Caparol 900 38-19" Spot="1" />
 <COLOR RGB="#575a58" NAME="Caparol 900 38-20" Spot="1" />
 <COLOR RGB="#bddfe5" NAME="Caparol 900 39-01" Spot="1" />
 <COLOR RGB="#a1d3e1" NAME="Caparol 900 39-02" Spot="1" />
 <COLOR RGB="#6eb9d8" NAME="Caparol 900 39-03" Spot="1" />
 <COLOR RGB="#2287b0" NAME="Caparol 900 39-04" Spot="1" />
 <COLOR RGB="#007aa1" NAME="Caparol 900 39-05" Spot="1" />
 <COLOR RGB="#bad7dc" NAME="Caparol 900 39-06" Spot="1" />
 <COLOR RGB="#a1c8d5" NAME="Caparol 900 39-07" Spot="1" />
 <COLOR RGB="#7fb1c5" NAME="Caparol 900 39-08" Spot="1" />
 <COLOR RGB="#4d8b9b" NAME="Caparol 900 39-09" Spot="1" />
 <COLOR RGB="#2c6980" NAME="Caparol 900 39-10" Spot="1" />
 <COLOR RGB="#d6e1de" NAME="Caparol 900 39-11" Spot="1" />
 <COLOR RGB="#b6cfd2" NAME="Caparol 900 39-12" Spot="1" />
 <COLOR RGB="#b0ccd3" NAME="Caparol 900 39-13" Spot="1" />
 <COLOR RGB="#8bb1bd" NAME="Caparol 900 39-14" Spot="1" />
 <COLOR RGB="#4f7681" NAME="Caparol 900 39-15" Spot="1" />
 <COLOR RGB="#dde5e1" NAME="Caparol 900 39-16" Spot="1" />
 <COLOR RGB="#cbd9d8" NAME="Caparol 900 39-17" Spot="1" />
 <COLOR RGB="#aabcc4" NAME="Caparol 900 39-18" Spot="1" />
 <COLOR RGB="#8ea3af" NAME="Caparol 900 39-19" Spot="1" />
 <COLOR RGB="#4c606a" NAME="Caparol 900 39-20" Spot="1" />
 <COLOR RGB="#cde1e1" NAME="Caparol 900 40-01" Spot="1" />
 <COLOR RGB="#a7d1e0" NAME="Caparol 900 40-02" Spot="1" />
 <COLOR RGB="#80bddc" NAME="Caparol 900 40-03" Spot="1" />
 <COLOR RGB="#83bfde" NAME="Caparol 900 40-04" Spot="1" />
 <COLOR RGB="#0079af" NAME="Caparol 900 40-05" Spot="1" />
 <COLOR RGB="#cbe3e6" NAME="Caparol 900 40-06" Spot="1" />
 <COLOR RGB="#b6d9e6" NAME="Caparol 900 40-07" Spot="1" />
 <COLOR RGB="#97c8e3" NAME="Caparol 900 40-08" Spot="1" />
 <COLOR RGB="#5ca0c4" NAME="Caparol 900 40-09" Spot="1" />
 <COLOR RGB="#306e95" NAME="Caparol 900 40-10" Spot="1" />
 <COLOR RGB="#c1dbe1" NAME="Caparol 900 40-11" Spot="1" />
 <COLOR RGB="#a7c7d4" NAME="Caparol 900 40-12" Spot="1" />
 <COLOR RGB="#92b9cb" NAME="Caparol 900 40-13" Spot="1" />
 <COLOR RGB="#538caa" NAME="Caparol 900 40-14" Spot="1" />
 <COLOR RGB="#3c7290" NAME="Caparol 900 40-15" Spot="1" />
 <COLOR RGB="#cccec7" NAME="Caparol 900 40-16" Spot="1" />
 <COLOR RGB="#979c9a" NAME="Caparol 900 40-17" Spot="1" />
 <COLOR RGB="#60676a" NAME="Caparol 900 40-18" Spot="1" />
 <COLOR RGB="#5a6163" NAME="Caparol 900 40-19" Spot="1" />
 <COLOR RGB="#53585c" NAME="Caparol 900 40-20" Spot="1" />
 <COLOR RGB="#d4e5e7" NAME="Caparol 900 41-01" Spot="1" />
 <COLOR RGB="#bad3e1" NAME="Caparol 900 41-02" Spot="1" />
 <COLOR RGB="#69a2d1" NAME="Caparol 900 41-03" Spot="1" />
 <COLOR RGB="#598fc4" NAME="Caparol 900 41-04" Spot="1" />
 <COLOR RGB="#346da7" NAME="Caparol 900 41-05" Spot="1" />
 <COLOR RGB="#c3dce5" NAME="Caparol 900 41-06" Spot="1" />
 <COLOR RGB="#afd1df" NAME="Caparol 900 41-07" Spot="1" />
 <COLOR RGB="#8ebbd9" NAME="Caparol 900 41-08" Spot="1" />
 <COLOR RGB="#5193c1" NAME="Caparol 900 41-09" Spot="1" />
 <COLOR RGB="#2b6fa4" NAME="Caparol 900 41-10" Spot="1" />
 <COLOR RGB="#c0d9df" NAME="Caparol 900 41-11" Spot="1" />
 <COLOR RGB="#b2d1dc" NAME="Caparol 900 41-12" Spot="1" />
 <COLOR RGB="#7fafc8" NAME="Caparol 900 41-13" Spot="1" />
 <COLOR RGB="#346985" NAME="Caparol 900 41-14" Spot="1" />
 <COLOR RGB="#3c6a8d" NAME="Caparol 900 41-15" Spot="1" />
 <COLOR RGB="#dce0db" NAME="Caparol 900 41-16" Spot="1" />
 <COLOR RGB="#b9c1bf" NAME="Caparol 900 41-17" Spot="1" />
 <COLOR RGB="#7f898e" NAME="Caparol 900 41-18" Spot="1" />
 <COLOR RGB="#4d5053" NAME="Caparol 900 41-19" Spot="1" />
 <COLOR RGB="#4c5052" NAME="Caparol 900 41-20" Spot="1" />
 <COLOR RGB="#c7d7e2" NAME="Caparol 900 42-01" Spot="1" />
 <COLOR RGB="#b3c8e3" NAME="Caparol 900 42-02" Spot="1" />
 <COLOR RGB="#92b0d9" NAME="Caparol 900 42-03" Spot="1" />
 <COLOR RGB="#6f8bc3" NAME="Caparol 900 42-04" Spot="1" />
 <COLOR RGB="#4f68a4" NAME="Caparol 900 42-05" Spot="1" />
 <COLOR RGB="#bdd6e4" NAME="Caparol 900 42-06" Spot="1" />
 <COLOR RGB="#a5c8dd" NAME="Caparol 900 42-07" Spot="1" />
 <COLOR RGB="#89b3d7" NAME="Caparol 900 42-08" Spot="1" />
 <COLOR RGB="#6191bf" NAME="Caparol 900 42-09" Spot="1" />
 <COLOR RGB="#4572a3" NAME="Caparol 900 42-10" Spot="1" />
 <COLOR RGB="#d2dedd" NAME="Caparol 900 42-11" Spot="1" />
 <COLOR RGB="#c3d7e2" NAME="Caparol 900 42-12" Spot="1" />
 <COLOR RGB="#8cafcd" NAME="Caparol 900 42-13" Spot="1" />
 <COLOR RGB="#677f9e" NAME="Caparol 900 42-14" Spot="1" />
 <COLOR RGB="#506c92" NAME="Caparol 900 42-15" Spot="1" />
 <COLOR RGB="#d8dfdf" NAME="Caparol 900 42-16" Spot="1" />
 <COLOR RGB="#b5bec7" NAME="Caparol 900 42-17" Spot="1" />
 <COLOR RGB="#95a1ad" NAME="Caparol 900 42-18" Spot="1" />
 <COLOR RGB="#74808e" NAME="Caparol 900 42-19" Spot="1" />
 <COLOR RGB="#4f555e" NAME="Caparol 900 42-20" Spot="1" />
 <COLOR RGB="#dee0e5" NAME="Caparol 900 43-01" Spot="1" />
 <COLOR RGB="#c8cfdf" NAME="Caparol 900 43-02" Spot="1" />
 <COLOR RGB="#b1badb" NAME="Caparol 900 43-03" Spot="1" />
 <COLOR RGB="#7a81bb" NAME="Caparol 900 43-04" Spot="1" />
 <COLOR RGB="#5c60a1" NAME="Caparol 900 43-05" Spot="1" />
 <COLOR RGB="#cad8e1" NAME="Caparol 900 43-06" Spot="1" />
 <COLOR RGB="#b6c8df" NAME="Caparol 900 43-07" Spot="1" />
 <COLOR RGB="#95acce" NAME="Caparol 900 43-08" Spot="1" />
 <COLOR RGB="#6c84b3" NAME="Caparol 900 43-09" Spot="1" />
 <COLOR RGB="#52639a" NAME="Caparol 900 43-10" Spot="1" />
 <COLOR RGB="#e2e7e1" NAME="Caparol 900 43-11" Spot="1" />
 <COLOR RGB="#cfd6dc" NAME="Caparol 900 43-12" Spot="1" />
 <COLOR RGB="#a1adc5" NAME="Caparol 900 43-13" Spot="1" />
 <COLOR RGB="#78839f" NAME="Caparol 900 43-14" Spot="1" />
 <COLOR RGB="#5a607f" NAME="Caparol 900 43-15" Spot="1" />
 <COLOR RGB="#dcdbd7" NAME="Caparol 900 43-16" Spot="1" />
 <COLOR RGB="#c8c7c6" NAME="Caparol 900 43-17" Spot="1" />
 <COLOR RGB="#9c9ba0" NAME="Caparol 900 43-18" Spot="1" />
 <COLOR RGB="#848287" NAME="Caparol 900 43-19" Spot="1" />
 <COLOR RGB="#595659" NAME="Caparol 900 43-20" Spot="1" />
 <COLOR RGB="#e4dfe4" NAME="Caparol 900 44-01" Spot="1" />
 <COLOR RGB="#d5cedd" NAME="Caparol 900 44-02" Spot="1" />
 <COLOR RGB="#c2b8d9" NAME="Caparol 900 44-03" Spot="1" />
 <COLOR RGB="#897ead" NAME="Caparol 900 44-04" Spot="1" />
 <COLOR RGB="#6e5b85" NAME="Caparol 900 44-05" Spot="1" />
 <COLOR RGB="#e2dce0" NAME="Caparol 900 44-06" Spot="1" />
 <COLOR RGB="#d2cae0" NAME="Caparol 900 44-07" Spot="1" />
 <COLOR RGB="#bbb2d8" NAME="Caparol 900 44-08" Spot="1" />
 <COLOR RGB="#998ac2" NAME="Caparol 900 44-09" Spot="1" />
 <COLOR RGB="#6f5e9c" NAME="Caparol 900 44-10" Spot="1" />
 <COLOR RGB="#d9d4db" NAME="Caparol 900 44-11" Spot="1" />
 <COLOR RGB="#c9c3d4" NAME="Caparol 900 44-12" Spot="1" />
 <COLOR RGB="#b0a9c7" NAME="Caparol 900 44-13" Spot="1" />
 <COLOR RGB="#7e789c" NAME="Caparol 900 44-14" Spot="1" />
 <COLOR RGB="#655c7d" NAME="Caparol 900 44-15" Spot="1" />
 <COLOR RGB="#e7e5e0" NAME="Caparol 900 44-16" Spot="1" />
 <COLOR RGB="#c9c4c4" NAME="Caparol 900 44-17" Spot="1" />
 <COLOR RGB="#919097" NAME="Caparol 900 44-18" Spot="1" />
 <COLOR RGB="#5e5a65" NAME="Caparol 900 44-19" Spot="1" />
 <COLOR RGB="#595862" NAME="Caparol 900 44-20" Spot="1" />
 <COLOR RGB="#e0d4e0" NAME="Caparol 900 45-01" Spot="1" />
 <COLOR RGB="#cdb9c4" NAME="Caparol 900 45-02" Spot="1" />
 <COLOR RGB="#c7b3cf" NAME="Caparol 900 45-03" Spot="1" />
 <COLOR RGB="#bea7ca" NAME="Caparol 900 45-04" Spot="1" />
 <COLOR RGB="#7f5f7e" NAME="Caparol 900 45-05" Spot="1" />
 <COLOR RGB="#e0d7df" NAME="Caparol 900 45-06" Spot="1" />
 <COLOR RGB="#d5c8dc" NAME="Caparol 900 45-07" Spot="1" />
 <COLOR RGB="#b6a5cc" NAME="Caparol 900 45-08" Spot="1" />
 <COLOR RGB="#9883b0" NAME="Caparol 900 45-09" Spot="1" />
 <COLOR RGB="#806c9e" NAME="Caparol 900 45-10" Spot="1" />
 <COLOR RGB="#e8e1e2" NAME="Caparol 900 45-11" Spot="1" />
 <COLOR RGB="#cdc0cc" NAME="Caparol 900 45-12" Spot="1" />
 <COLOR RGB="#b3a6ba" NAME="Caparol 900 45-13" Spot="1" />
 <COLOR RGB="#98849b" NAME="Caparol 900 45-14" Spot="1" />
 <COLOR RGB="#735f72" NAME="Caparol 900 45-15" Spot="1" />
 <COLOR RGB="#c1c3bb" NAME="Caparol 900 45-16" Spot="1" />
 <COLOR RGB="#adadab" NAME="Caparol 900 45-17" Spot="1" />
 <COLOR RGB="#9d9b9a" NAME="Caparol 900 45-18" Spot="1" />
 <COLOR RGB="#82817f" NAME="Caparol 900 45-19" Spot="1" />
 <COLOR RGB="#525252" NAME="Caparol 900 45-20" Spot="1" />
</SCRIBUSCOLORS>