<?xml version="1.0" encoding="UTF-8"?>
<SCRIBUSCOLORS Name="Caparol Panorama">
 <COLOR RGB="#a46b5b" NAME="Caparol Burgund 01" Spot="1" />
 <COLOR RGB="#a26954" NAME="Caparol Burgund 02" Spot="1" />
 <COLOR RGB="#946c5f" NAME="Caparol Burgund 03" Spot="1" />
 <COLOR RGB="#a77b65" NAME="Caparol Burgund 04" Spot="1" />
 <COLOR RGB="#a28373" NAME="Caparol Burgund 05" Spot="1" />
 <COLOR RGB="#ae9080" NAME="Caparol Burgund 06" Spot="1" />
 <COLOR RGB="#c8a898" NAME="Caparol Burgund 07" Spot="1" />
 <COLOR RGB="#c0a894" NAME="Caparol Burgund 08" Spot="1" />
 <COLOR RGB="#b8a491" NAME="Caparol Burgund 09" Spot="1" />
 <COLOR RGB="#9e8f7c" NAME="Caparol Burgund 10" Spot="1" />
 <COLOR RGB="#b09485" NAME="Caparol Burgund 11" Spot="1" />
 <COLOR RGB="#957f6f" NAME="Caparol Burgund 12" Spot="1" />
 <COLOR RGB="#a9755c" NAME="Caparol Burgund 13" Spot="1" />
 <COLOR RGB="#cb9478" NAME="Caparol Burgund 14" Spot="1" />
 <COLOR RGB="#889d9d" NAME="Caparol Flandern 01" Spot="1" />
 <COLOR RGB="#687f82" NAME="Caparol Flandern 02" Spot="1" />
 <COLOR RGB="#92a09e" NAME="Caparol Flandern 03" Spot="1" />
 <COLOR RGB="#afb4ad" NAME="Caparol Flandern 04" Spot="1" />
 <COLOR RGB="#b4b6b1" NAME="Caparol Flandern 05" Spot="1" />
 <COLOR RGB="#a5a5a3" NAME="Caparol Flandern 06" Spot="1" />
 <COLOR RGB="#d0c8c3" NAME="Caparol Flandern 07" Spot="1" />
 <COLOR RGB="#cfc9be" NAME="Caparol Flandern 08" Spot="1" />
 <COLOR RGB="#ddd5c7" NAME="Caparol Flandern 09" Spot="1" />
 <COLOR RGB="#e6d7c7" NAME="Caparol Flandern 10" Spot="1" />
 <COLOR RGB="#ddcfbd" NAME="Caparol Flandern 11" Spot="1" />
 <COLOR RGB="#c7bdaf" NAME="Caparol Flandern 12" Spot="1" />
 <COLOR RGB="#b2aea2" NAME="Caparol Flandern 13" Spot="1" />
 <COLOR RGB="#a29d90" NAME="Caparol Flandern 14" Spot="1" />
 <COLOR RGB="#aaa396" NAME="Caparol Flandern 15" Spot="1" />
 <COLOR RGB="#89877f" NAME="Caparol Flandern 16" Spot="1" />
 <COLOR RGB="#918b81" NAME="Caparol Flandern 17" Spot="1" />
 <COLOR RGB="#a29b93" NAME="Caparol Flandern 18" Spot="1" />
 <COLOR RGB="#a69a8c" NAME="Caparol Flandern 19" Spot="1" />
 <COLOR RGB="#e2d0ba" NAME="Caparol Navarra 01" Spot="1" />
 <COLOR RGB="#d4c5af" NAME="Caparol Navarra 02" Spot="1" />
 <COLOR RGB="#b6a893" NAME="Caparol Navarra 03" Spot="1" />
 <COLOR RGB="#c0aa95" NAME="Caparol Navarra 04" Spot="1" />
 <COLOR RGB="#ac947f" NAME="Caparol Navarra 05" Spot="1" />
 <COLOR RGB="#9c8470" NAME="Caparol Navarra 06" Spot="1" />
 <COLOR RGB="#a3816a" NAME="Caparol Navarra 07" Spot="1" />
 <COLOR RGB="#ba9a81" NAME="Caparol Navarra 08" Spot="1" />
 <COLOR RGB="#cfb291" NAME="Caparol Navarra 09" Spot="1" />
 <COLOR RGB="#b29070" NAME="Caparol Navarra 10" Spot="1" />
 <COLOR RGB="#b59675" NAME="Caparol Navarra 11" Spot="1" />
 <COLOR RGB="#baa387" NAME="Caparol Navarra 12" Spot="1" />
 <COLOR RGB="#d4bda2" NAME="Caparol Navarra 13" Spot="1" />
 <COLOR RGB="#af9d81" NAME="Caparol Navarra 14" Spot="1" />
 <COLOR RGB="#d3c1a3" NAME="Caparol Navarra 15" Spot="1" />
 <COLOR RGB="#ceab7c" NAME="Caparol Provence 01" Spot="1" />
 <COLOR RGB="#bda580" NAME="Caparol Provence 02" Spot="1" />
 <COLOR RGB="#d1ad80" NAME="Caparol Provence 03" Spot="1" />
 <COLOR RGB="#d09e74" NAME="Caparol Provence 04" Spot="1" />
 <COLOR RGB="#e4c098" NAME="Caparol Provence 05" Spot="1" />
 <COLOR RGB="#e4b483" NAME="Caparol Provence 06" Spot="1" />
 <COLOR RGB="#d4a064" NAME="Caparol Provence 07" Spot="1" />
 <COLOR RGB="#d4a568" NAME="Caparol Provence 08" Spot="1" />
 <COLOR RGB="#e2b371" NAME="Caparol Provence 09" Spot="1" />
 <COLOR RGB="#f0c27f" NAME="Caparol Provence 10" Spot="1" />
 <COLOR RGB="#dab679" NAME="Caparol Provence 11" Spot="1" />
 <COLOR RGB="#e0c695" NAME="Caparol Provence 12" Spot="1" />
 <COLOR RGB="#e9d29a" NAME="Caparol Provence 13" Spot="1" />
 <COLOR RGB="#d7bd83" NAME="Caparol Provence 14" Spot="1" />
 <COLOR RGB="#987263" NAME="Caparol Rotsandstein" Spot="1" />
 <COLOR RGB="#aa998d" NAME="Caparol Tessin 01" Spot="1" />
 <COLOR RGB="#d8cab7" NAME="Caparol Tessin 02" Spot="1" />
 <COLOR RGB="#cdbcac" NAME="Caparol Tessin 03" Spot="1" />
 <COLOR RGB="#c9b8ab" NAME="Caparol Tessin 04" Spot="1" />
 <COLOR RGB="#b0a297" NAME="Caparol Tessin 05" Spot="1" />
 <COLOR RGB="#9e8e8b" NAME="Caparol Tessin 06" Spot="1" />
 <COLOR RGB="#b7a59d" NAME="Caparol Tessin 07" Spot="1" />
 <COLOR RGB="#b7aaa6" NAME="Caparol Tessin 08" Spot="1" />
 <COLOR RGB="#d3c5bb" NAME="Caparol Tessin 09" Spot="1" />
 <COLOR RGB="#9f8b85" NAME="Caparol Tessin 10" Spot="1" />
 <COLOR RGB="#c5aca7" NAME="Caparol Tessin 11" Spot="1" />
 <COLOR RGB="#b6a1a2" NAME="Caparol Tessin 12" Spot="1" />
 <COLOR RGB="#a3837f" NAME="Caparol Tessin 13" Spot="1" />
 <COLOR RGB="#b18f89" NAME="Caparol Tessin 14" Spot="1" />
 <COLOR RGB="#b7887a" NAME="Caparol Tessin 15" Spot="1" />
 <COLOR RGB="#ab7c6d" NAME="Caparol Tessin 16" Spot="1" />
 <COLOR RGB="#c2ae80" NAME="Caparol Toscana 01" Spot="1" />
 <COLOR RGB="#a4957a" NAME="Caparol Toscana 02" Spot="1" />
 <COLOR RGB="#b4a17e" NAME="Caparol Toscana 03" Spot="1" />
 <COLOR RGB="#d1c09f" NAME="Caparol Toscana 04" Spot="1" />
 <COLOR RGB="#c5b491" NAME="Caparol Toscana 05" Spot="1" />
 <COLOR RGB="#dbd0b9" NAME="Caparol Toscana 06" Spot="1" />
 <COLOR RGB="#c2b19a" NAME="Caparol Toscana 07" Spot="1" />
 <COLOR RGB="#c1b49d" NAME="Caparol Toscana 08" Spot="1" />
 <COLOR RGB="#aca089" NAME="Caparol Toscana 09" Spot="1" />
 <COLOR RGB="#8e816f" NAME="Caparol Toscana 10" Spot="1" />
 <COLOR RGB="#bfb4a0" NAME="Caparol Toscana 11" Spot="1" />
 <COLOR RGB="#bbbaa9" NAME="Caparol Toscana 12" Spot="1" />
 <COLOR RGB="#9c9886" NAME="Caparol Toscana 13" Spot="1" />
 <COLOR RGB="#8f8e7b" NAME="Caparol Toscana 14" Spot="1" />
 <COLOR RGB="#b7b496" NAME="Caparol Toscana 15" Spot="1" />
 <COLOR RGB="#bbb28b" NAME="Caparol Toscana 16" Spot="1" />
 <COLOR RGB="#83815f" NAME="Caparol Toscana 17" Spot="1" />
 <COLOR RGB="#9a9e78" NAME="Caparol Toscana 18" Spot="1" />
 <COLOR RGB="#9ea083" NAME="Caparol Toscana 19" Spot="1" />
 <COLOR RGB="#a4a48a" NAME="Caparol Toscana 20" Spot="1" />
 <COLOR RGB="#96a591" NAME="Caparol Toscana 21" Spot="1" />
 <COLOR RGB="#a3ae9f" NAME="Caparol Toscana 22" Spot="1" />
 <COLOR RGB="#8c998f" NAME="Caparol Toscana 23" Spot="1" />
</SCRIBUSCOLORS>