<?xml version="1.0" encoding="UTF-8"?>
<SCRIBUSCOLORS Name="Caparol Histolith">
 <COLOR RGB="#f2dd00" NAME="Histolith SI Volltonfarbe Gelb" Spot="1" />
 <COLOR RGB="#c68b3a" NAME="Histolith SI Volltonfarbe Ocker" Spot="1" />
 <COLOR RGB="#873d2b" NAME="Histolith SI Volltonfarbe Oxidorange" Spot="1" />
 <COLOR RGB="#854031" NAME="Histolith SI Volltonfarbe Oxidrot" Spot="1" />
 <COLOR RGB="#604b39" NAME="Histolith SI Volltonfarbe Oxidbraun" Spot="1" />
 <COLOR RGB="#695539" NAME="Histolith SI Volltonfarbe Umbra" Spot="1" />
 <COLOR RGB="#536e47" NAME="Histolith SI Volltonfarbe Grün" Spot="1" />
 <COLOR RGB="#00769b" NAME="Histolith SI Volltonfarbe Kobaltblau" Spot="1" />
 <COLOR RGB="#4462bc" NAME="Histolith SI Volltonfarbe Ultramarineblau" Spot="1" />
 <COLOR RGB="#302f2e" NAME="Histolith SI Volltonfarbe Schwarz" Spot="1" />
 <COLOR RGB="#f6f4ea" NAME="Weiß 0" Spot="1" />
 <COLOR RGB="#f7f3e5" NAME="Altweiß 0" Spot="1" />
 <COLOR RGB="#f0ece1" NAME="Weiß 10" Spot="1" />
 <COLOR RGB="#f6efdf" NAME="Weiß 20" Spot="1" />
 <COLOR RGB="#f5eddc" NAME="Weiß 30" Spot="1" />
 <COLOR RGB="#f5eadc" NAME="Weiß 40" Spot="1" />
 <COLOR RGB="#f3eadf" NAME="Weiß 50" Spot="1" />
 <COLOR RGB="#ece5d7" NAME="Weiß 65" Spot="1" />
 <COLOR RGB="#f6f3e6" NAME="Weiß 70" Spot="1" />
 <COLOR RGB="#f0ede2" NAME="Weiß 80" Spot="1" />
 <COLOR RGB="#f5f1e8" NAME="Weiß 90" Spot="1" />
 <COLOR RGB="#ede9e1" NAME="Weiß 95" Spot="1" />
 <COLOR RGB="#f1efe3" NAME="Weiß 100" Spot="1" />
 <COLOR RGB="#f1f0e3" NAME="Weiß 110" Spot="1" />
 <COLOR RGB="#eff1e6" NAME="Weiß 120" Spot="1" />
 <COLOR RGB="#eeeee5" NAME="Weiß 130" Spot="1" />
 <COLOR RGB="#f1eee7" NAME="Weiß 140" Spot="1" />
 <COLOR RGB="#eceae3" NAME="Weiß 150" Spot="1" />
 <COLOR RGB="#ede8e0" NAME="Weiß 160" Spot="1" />
 <COLOR RGB="#eae6d9" NAME="Weiß 170" Spot="1" />
 <COLOR RGB="#ede476" NAME="Nickeltitangelb 0" Spot="1" />
 <COLOR RGB="#f3eda5" NAME="Nickeltitangelb 10" Spot="1" />
 <COLOR RGB="#f3f0b9" NAME="Nickeltitangelb 20" Spot="1" />
 <COLOR RGB="#f3f1cb" NAME="Nickeltitangelb 30" Spot="1" />
 <COLOR RGB="#f6f5db" NAME="Nickeltitangelb 40" Spot="1" />
 <COLOR RGB="#f6f4e4" NAME="Nickeltitangelb 50" Spot="1" />
 <COLOR RGB="#d6b967" NAME="Neapelgelb 0" Spot="1" />
 <COLOR RGB="#dac276" NAME="Neapelgelb 10" Spot="1" />
 <COLOR RGB="#e3d193" NAME="Neapelgelb 20" Spot="1" />
 <COLOR RGB="#eadbaa" NAME="Neapelgelb 30" Spot="1" />
 <COLOR RGB="#f1e7c4" NAME="Neapelgelb 40" Spot="1" />
 <COLOR RGB="#f3ecd2" NAME="Neapelgelb 50" Spot="1" />
 <COLOR RGB="#f4f0e0" NAME="Neapelgelb 60" Spot="1" />
 <COLOR RGB="#e8c162" NAME="Lichter Ocker 0" Spot="1" />
 <COLOR RGB="#ebc976" NAME="Lichter Ocker 10" Spot="1" />
 <COLOR RGB="#f0d894" NAME="Lichter Ocker 20" Spot="1" />
 <COLOR RGB="#f1e0ab" NAME="Lichter Ocker 30" Spot="1" />
 <COLOR RGB="#f2e8c4" NAME="Lichter Ocker 40" Spot="1" />
 <COLOR RGB="#ca8d3a" NAME="Goldocker 0" Spot="1" />
 <COLOR RGB="#e0ab5d" NAME="Goldocker 10" Spot="1" />
 <COLOR RGB="#e8ba73" NAME="Goldocker 20" Spot="1" />
 <COLOR RGB="#deb87d" NAME="Goldocker 25" Spot="1" />
 <COLOR RGB="#f0cb92" NAME="Goldocker 30" Spot="1" />
 <COLOR RGB="#f4daae" NAME="Goldocker 40" Spot="1" />
 <COLOR RGB="#f6e8ce" NAME="Goldocker 50" Spot="1" />
 <COLOR RGB="#f7eedc" NAME="Goldocker 60" Spot="1" />
 <COLOR RGB="#b0773e" NAME="Amberger Gelb 0" Spot="1" />
 <COLOR RGB="#bd8344" NAME="Amberger Gelb 10" Spot="1" />
 <COLOR RGB="#cf9859" NAME="Amberger Gelb 20" Spot="1" />
 <COLOR RGB="#dcaa69" NAME="Amberger Gelb 25" Spot="1" />
 <COLOR RGB="#deac71" NAME="Amberger Gelb 30" Spot="1" />
 <COLOR RGB="#eac594" NAME="Amberger Gelb 40" Spot="1" />
 <COLOR RGB="#f0d4ae" NAME="Amberger Gelb 50" Spot="1" />
 <COLOR RGB="#ca7b34" NAME="Französischer Ocker 0" Spot="1" />
 <COLOR RGB="#d5873f" NAME="Französischer Ocker 10" Spot="1" />
 <COLOR RGB="#e39b55" NAME="Französischer Ocker 20" Spot="1" />
 <COLOR RGB="#d09157" NAME="Französischer Ocker 25" Spot="1" />
 <COLOR RGB="#eaac6b" NAME="Französischer Ocker 30" Spot="1" />
 <COLOR RGB="#f5c38c" NAME="Französischer Ocker 40" Spot="1" />
 <COLOR RGB="#f8e5cc" NAME="Französischer Ocker 50" Spot="1" />
 <COLOR RGB="#f7eddd" NAME="Französischer Ocker 60" Spot="1" />
 <COLOR RGB="#aa5f3c" NAME="Terra di Pozzuoli 0" Spot="1" />
 <COLOR RGB="#b96942" NAME="Terra di Pozzuoli 10" Spot="1" />
 <COLOR RGB="#cc7f53" NAME="Terra di Pozzuoli 20" Spot="1" />
 <COLOR RGB="#db9467" NAME="Terra di Pozzuoli 30" Spot="1" />
 <COLOR RGB="#e8af87" NAME="Terra di Pozzuoli 40" Spot="1" />
 <COLOR RGB="#e4cab2" NAME="Terra di Pozzuoli 45" Spot="1" />
 <COLOR RGB="#f6ddc7" NAME="Terra di Pozzuoli 50" Spot="1" />
 <COLOR RGB="#915740" NAME="Roter Odenwälder Ocker 0" Spot="1" />
 <COLOR RGB="#a76143" NAME="Roter Odenwälder Ocker 5" Spot="1" />
 <COLOR RGB="#c38261" NAME="Roter Odenwälder Ocker 20" Spot="1" />
 <COLOR RGB="#d99f7e" NAME="Roter Odenwälder Ocker 30" Spot="1" />
 <COLOR RGB="#e7b99c" NAME="Roter Odenwälder Ocker 40" Spot="1" />
 <COLOR RGB="#f1d5c1" NAME="Roter Odenwälder Ocker 50" Spot="1" />
 <COLOR RGB="#825342" NAME="Siena gebrannt 0" Spot="1" />
 <COLOR RGB="#a37360" NAME="Siena gebrannt 10" Spot="1" />
 <COLOR RGB="#b58875" NAME="Siena gebrannt 20" Spot="1" />
 <COLOR RGB="#cba694" NAME="Siena gebrannt 30" Spot="1" />
 <COLOR RGB="#ddbfb0" NAME="Siena gebrannt 40" Spot="1" />
 <COLOR RGB="#e2cabc" NAME="Siena gebrannt 50" Spot="1" />
 <COLOR RGB="#e8d5c4" NAME="Siena gebrannt 60" Spot="1" />
 <COLOR RGB="#734f43" NAME="Ocker gebrannt 0" Spot="1" />
 <COLOR RGB="#957063" NAME="Ocker gebrannt 10" Spot="1" />
 <COLOR RGB="#9e7d74" NAME="Ocker gebrannt 15" Spot="1" />
 <COLOR RGB="#a98579" NAME="Ocker gebrannt 20" Spot="1" />
 <COLOR RGB="#c5a69a" NAME="Ocker gebrannt 30" Spot="1" />
 <COLOR RGB="#d7c0b6" NAME="Ocker gebrannt 40" Spot="1" />
 <COLOR RGB="#e9d9d0" NAME="Ocker gebrannt 50" Spot="1" />
 <COLOR RGB="#9d523a" NAME="Roter Bolus 0" Spot="1" />
 <COLOR RGB="#a55943" NAME="Roter Bolus 10" Spot="1" />
 <COLOR RGB="#b96e55" NAME="Roter Bolus 20" Spot="1" />
 <COLOR RGB="#c9846a" NAME="Roter Bolus 30" Spot="1" />
 <COLOR RGB="#dca38b" NAME="Roter Bolus 40" Spot="1" />
 <COLOR RGB="#e9bba7" NAME="Roter Bolus 50" Spot="1" />
 <COLOR RGB="#f2c5b0" NAME="Roter Bolus 55" Spot="1" />
 <COLOR RGB="#f3d8c8" NAME="Roter Bolus 60" Spot="1" />
 <COLOR RGB="#924936" NAME="Venezianisch Rot 0" Spot="1" />
 <COLOR RGB="#a1523d" NAME="Venezianisch Rot 10" Spot="1" />
 <COLOR RGB="#b76045" NAME="Venezianisch Rot 20" Spot="1" />
 <COLOR RGB="#c97251" NAME="Venezianisch Rot 30" Spot="1" />
 <COLOR RGB="#df8f6b" NAME="Venezianisch Rot 40" Spot="1" />
 <COLOR RGB="#eead8b" NAME="Venezianisch Rot 50" Spot="1" />
 <COLOR RGB="#f7cfb6" NAME="Venezianisch Rot 60" Spot="1" />
 <COLOR RGB="#f9e1d0" NAME="Venezianisch Rot 70" Spot="1" />
 <COLOR RGB="#8c473a" NAME="Pompejanisch Rot 0" Spot="1" />
 <COLOR RGB="#964d41" NAME="Pompejanisch Rot 10" Spot="1" />
 <COLOR RGB="#aa5e51" NAME="Pompejanisch Rot 20" Spot="1" />
 <COLOR RGB="#af6655" NAME="Pompejanisch Rot 25" Spot="1" />
 <COLOR RGB="#bc7265" NAME="Pompejanisch Rot 30" Spot="1" />
 <COLOR RGB="#d19084" NAME="Pompejanisch Rot 40" Spot="1" />
 <COLOR RGB="#e1aba1" NAME="Pompejanisch Rot 50" Spot="1" />
 <COLOR RGB="#eecdc6" NAME="Pompejanisch Rot 60" Spot="1" />
 <COLOR RGB="#f2e0d9" NAME="Pompejanisch Rot 70" Spot="1" />
 <COLOR RGB="#85423b" NAME="Englischrot 0" Spot="1" />
 <COLOR RGB="#8e4943" NAME="Englischrot 10" Spot="1" />
 <COLOR RGB="#a05c58" NAME="Englischrot 20" Spot="1" />
 <COLOR RGB="#b2716d" NAME="Englischrot 30" Spot="1" />
 <COLOR RGB="#c88f8b" NAME="Englischrot 40" Spot="1" />
 <COLOR RGB="#dbada9" NAME="Englischrot 50" Spot="1" />
 <COLOR RGB="#ebceca" NAME="Englischrot 60" Spot="1" />
 <COLOR RGB="#f2e1d9" NAME="Englischrot 70" Spot="1" />
 <COLOR RGB="#7c4646" NAME="Oxidrot dunkel 0" Spot="1" />
 <COLOR RGB="#7d4f4c" NAME="Oxidrot dunkel 10" Spot="1" />
 <COLOR RGB="#9c6961" NAME="Oxidrot dunkel 15" Spot="1" />
 <COLOR RGB="#956664" NAME="Oxidrot dunkel 20" Spot="1" />
 <COLOR RGB="#a97e7c" NAME="Oxidrot dunkel 30" Spot="1" />
 <COLOR RGB="#c09a99" NAME="Oxidrot dunkel 40" Spot="1" />
 <COLOR RGB="#d6bbb8" NAME="Oxidrot dunkel 50" Spot="1" />
 <COLOR RGB="#e7d8d3" NAME="Oxidrot dunkel 60" Spot="1" />
 <COLOR RGB="#f1e6e2" NAME="Oxidrot dunkel 70" Spot="1" />
 <COLOR RGB="#714e48" NAME="Caput mortuum 0" Spot="1" />
 <COLOR RGB="#7d5954" NAME="Caput mortuum 10" Spot="1" />
 <COLOR RGB="#74504e" NAME="Caput mortuum 15" Spot="1" />
 <COLOR RGB="#92726e" NAME="Caput mortuum 20" Spot="1" />
 <COLOR RGB="#a78a85" NAME="Caput mortuum 30" Spot="1" />
 <COLOR RGB="#c0a8a4" NAME="Caput mortuum 40" Spot="1" />
 <COLOR RGB="#d5c2bd" NAME="Caput mortuum 50" Spot="1" />
 <COLOR RGB="#e7dcd6" NAME="Caput mortuum 60" Spot="1" />
 <COLOR RGB="#5e4b44" NAME="Umbra gebrannt 0" Spot="1" />
 <COLOR RGB="#6b5852" NAME="Umbra gebrannt 10" Spot="1" />
 <COLOR RGB="#83716b" NAME="Umbra gebrannt 20" Spot="1" />
 <COLOR RGB="#9a8984" NAME="Umbra gebrannt 30" Spot="1" />
 <COLOR RGB="#b7a9a3" NAME="Umbra gebrannt 40" Spot="1" />
 <COLOR RGB="#cec2bd" NAME="Umbra gebrannt 50" Spot="1" />
 <COLOR RGB="#e2dad4" NAME="Umbra gebrannt 60" Spot="1" />
 <COLOR RGB="#644f42" NAME="Oxidbraun 00" Spot="1" />
 <COLOR RGB="#6e523e" NAME="Oxidbraun 0" Spot="1" />
 <COLOR RGB="#957a65" NAME="Oxidbraun 10" Spot="1" />
 <COLOR RGB="#ad937d" NAME="Oxidbraun 20" Spot="1" />
 <COLOR RGB="#9c8975" NAME="Oxidbraun 23" Spot="1" />
 <COLOR RGB="#b9a590" NAME="Oxidbraun 25" Spot="1" />
 <COLOR RGB="#c5b09d" NAME="Oxidbraun 30" Spot="1" />
 <COLOR RGB="#d7c7b8" NAME="Oxidbraun 40" Spot="1" />
 <COLOR RGB="#ebddca" NAME="Oxidbraun 55" Spot="1" />
 <COLOR RGB="#7f6247" NAME="Brauner Ocker 0" Spot="1" />
 <COLOR RGB="#8b6f52" NAME="Brauner Ocker 10" Spot="1" />
 <COLOR RGB="#a58a6c" NAME="Brauner Ocker 20" Spot="1" />
 <COLOR RGB="#baa083" NAME="Brauner Ocker 30" Spot="1" />
 <COLOR RGB="#cfbaa2" NAME="Brauner Ocker 40" Spot="1" />
 <COLOR RGB="#e1d1bd" NAME="Brauner Ocker 50" Spot="1" />
 <COLOR RGB="#e7dccb" NAME="Brauner Ocker 65" Spot="1" />
 <COLOR RGB="#926a3e" NAME="Dunkler Ocker 0" Spot="1" />
 <COLOR RGB="#aa8657" NAME="Dunkler Ocker 5" Spot="1" />
 <COLOR RGB="#bb9561" NAME="Dunkler Ocker 10" Spot="1" />
 <COLOR RGB="#cca978" NAME="Dunkler Ocker 20" Spot="1" />
 <COLOR RGB="#e4c697" NAME="Dunkler Ocker 35" Spot="1" />
 <COLOR RGB="#e8d2b2" NAME="Dunkler Ocker 40" Spot="1" />
 <COLOR RGB="#f2e5ce" NAME="Dunkler Ocker 50" Spot="1" />
 <COLOR RGB="#5e5145" NAME="Umbra dunkel 0" Spot="1" />
 <COLOR RGB="#7a7168" NAME="Umbra dunkel 5" Spot="1" />
 <COLOR RGB="#8a7c6d" NAME="Umbra dunkel 10" Spot="1" />
 <COLOR RGB="#9f9384" NAME="Umbra dunkel 20" Spot="1" />
 <COLOR RGB="#baafa1" NAME="Umbra dunkel 30" Spot="1" />
 <COLOR RGB="#d0c8bd" NAME="Umbra dunkel 40" Spot="1" />
 <COLOR RGB="#e5ded5" NAME="Umbra dunkel 50" Spot="1" />
 <COLOR RGB="#645847" NAME="Umbra natürlich 0" Spot="1" />
 <COLOR RGB="#706656" NAME="Umbra natürlich 5" Spot="1" />
 <COLOR RGB="#746754" NAME="Umbra natürlich 10" Spot="1" />
 <COLOR RGB="#8e826d" NAME="Umbra natürlich 20" Spot="1" />
 <COLOR RGB="#a59b86" NAME="Umbra natürlich 30" Spot="1" />
 <COLOR RGB="#968d7c" NAME="Umbra natürlich 35" Spot="1" />
 <COLOR RGB="#bfb5a3" NAME="Umbra natürlich 40" Spot="1" />
 <COLOR RGB="#d3cbbc" NAME="Umbra natürlich 50" Spot="1" />
 <COLOR RGB="#756347" NAME="Umbra italienisch 0" Spot="1" />
 <COLOR RGB="#a4956e" NAME="Umbra italienisch 5" Spot="1" />
 <COLOR RGB="#9e8d70" NAME="Umbra italienisch 10" Spot="1" />
 <COLOR RGB="#b3a286" NAME="Umbra italienisch 15" Spot="1" />
 <COLOR RGB="#c8bca6" NAME="Umbra italienisch 30" Spot="1" />
 <COLOR RGB="#dbd1c0" NAME="Umbra italienisch 40" Spot="1" />
 <COLOR RGB="#e6decf" NAME="Umbra italienisch 45" Spot="1" />
 <COLOR RGB="#eae4d8" NAME="Umbra italienisch 50" Spot="1" />
 <COLOR RGB="#876c41" NAME="Umbra gelblich 0" Spot="1" />
 <COLOR RGB="#ae9669" NAME="Umbra gelblich 10" Spot="1" />
 <COLOR RGB="#c0a980" NAME="Umbra gelblich 20" Spot="1" />
 <COLOR RGB="#d3c19d" NAME="Umbra gelblich 30" Spot="1" />
 <COLOR RGB="#bda683" NAME="Umbra gelblich 35" Spot="1" />
 <COLOR RGB="#e0d4b8" NAME="Umbra gelblich 40" Spot="1" />
 <COLOR RGB="#ece3d0" NAME="Umbra gelblich 50" Spot="1" />
 <COLOR RGB="#615b49" NAME="Umbra grünlich 0" Spot="1" />
 <COLOR RGB="#666257" NAME="Umbra grünlich 5" Spot="1" />
 <COLOR RGB="#736a55" NAME="Umbra grünlich 8" Spot="1" />
 <COLOR RGB="#6f6a58" NAME="Umbra grünlich 10" Spot="1" />
 <COLOR RGB="#8b8672" NAME="Umbra grünlich 20" Spot="1" />
 <COLOR RGB="#a19d89" NAME="Umbra grünlich 30" Spot="1" />
 <COLOR RGB="#bcb7a0" NAME="Umbra grünlich 33" Spot="1" />
 <COLOR RGB="#98978a" NAME="Umbra grünlich 36" Spot="1" />
 <COLOR RGB="#bcb8ab" NAME="Umbra grünlich 38" Spot="1" />
 <COLOR RGB="#bcb8a7" NAME="Umbra grünlich 40" Spot="1" />
 <COLOR RGB="#d1cdbf" NAME="Umbra grünlich 50" Spot="1" />
 <COLOR RGB="#e6e3d7" NAME="Umbra grünlich 60" Spot="1" />
 <COLOR RGB="#60604f" NAME="Grüne Erde dunkel 0" Spot="1" />
 <COLOR RGB="#6b6d5b" NAME="Grüne Erde dunkel 10" Spot="1" />
 <COLOR RGB="#868876" NAME="Grüne Erde dunkel 20" Spot="1" />
 <COLOR RGB="#7e8675" NAME="Grüne Erde dunkel 25" Spot="1" />
 <COLOR RGB="#9e9f8e" NAME="Grüne Erde dunkel 30" Spot="1" />
 <COLOR RGB="#b9baab" NAME="Grüne Erde dunkel 40" Spot="1" />
 <COLOR RGB="#c7c6b4" NAME="Grüne Erde dunkel 45" Spot="1" />
 <COLOR RGB="#d1d1c4" NAME="Grüne Erde dunkel 50" Spot="1" />
 <COLOR RGB="#e4e4d9" NAME="Grüne Erde dunkel 60" Spot="1" />
 <COLOR RGB="#877c44" NAME="Olivin 0" Spot="1" />
 <COLOR RGB="#958b52" NAME="Olivin 10" Spot="1" />
 <COLOR RGB="#aba069" NAME="Olivin 20" Spot="1" />
 <COLOR RGB="#beb481" NAME="Olivin 30" Spot="1" />
 <COLOR RGB="#d1c9a0" NAME="Olivin 40" Spot="1" />
 <COLOR RGB="#e1daba" NAME="Olivin 50" Spot="1" />
 <COLOR RGB="#efe9d4" NAME="Olivin 60" Spot="1" />
 <COLOR RGB="#76744a" NAME="Veroneser Grün 0" Spot="1" />
 <COLOR RGB="#9d9a6e" NAME="Veroneser Grün 10" Spot="1" />
 <COLOR RGB="#b1ae86" NAME="Veroneser Grün 20" Spot="1" />
 <COLOR RGB="#c8c5a3" NAME="Veroneser Grün 30" Spot="1" />
 <COLOR RGB="#dad8bd" NAME="Veroneser Grün 40" Spot="1" />
 <COLOR RGB="#e8e5d2" NAME="Veroneser Grün 50" Spot="1" />
 <COLOR RGB="#84a36d" NAME="Zinkgrün 0" Spot="1" />
 <COLOR RGB="#93b080" NAME="Zinkgrün 10" Spot="1" />
 <COLOR RGB="#acc59c" NAME="Zinkgrün 20" Spot="1" />
 <COLOR RGB="#bfd3b1" NAME="Zinkgrün 30" Spot="1" />
 <COLOR RGB="#d4e1c8" NAME="Zinkgrün 40" Spot="1" />
 <COLOR RGB="#e1e8d6" NAME="Zinkgrün 50" Spot="1" />
 <COLOR RGB="#eeefe1" NAME="Zinkgrün 60" Spot="1" />
 <COLOR RGB="#637c53" NAME="Chromgrün 0" Spot="1" />
 <COLOR RGB="#7c9372" NAME="Chromgrün 5" Spot="1" />
 <COLOR RGB="#889f7c" NAME="Chromgrün 10" Spot="1" />
 <COLOR RGB="#a6ac93" NAME="Chromgrün 13" Spot="1" />
 <COLOR RGB="#bec4a2" NAME="Chromgrün 16" Spot="1" />
 <COLOR RGB="#9eb292" NAME="Chromgrün 20" Spot="1" />
 <COLOR RGB="#bac9af" NAME="Chromgrün 30" Spot="1" />
 <COLOR RGB="#cfd9c6" NAME="Chromgrün 40" Spot="1" />
 <COLOR RGB="#e5e8da" NAME="Chromgrün 50" Spot="1" />
 <COLOR RGB="#617467" NAME="Malachitgrün dunkel 00" Spot="1" />
 <COLOR RGB="#5c7a63" NAME="Malachitgrün dunkel 0" Spot="1" />
 <COLOR RGB="#6c8a75" NAME="Malachitgrün dunkel 10" Spot="1" />
 <COLOR RGB="#87a390" NAME="Malachitgrün dunkel 20" Spot="1" />
 <COLOR RGB="#a0b8a7" NAME="Malachitgrün dunkel 30" Spot="1" />
 <COLOR RGB="#bbcdc0" NAME="Malachitgrün dunkel 40" Spot="1" />
 <COLOR RGB="#d1ded2" NAME="Malachitgrün dunkel 50" Spot="1" />
 <COLOR RGB="#d8eada" NAME="Malachitgrün dunkel 55" Spot="1" />
 <COLOR RGB="#e4eae0" NAME="Malachitgrün dunkel 60" Spot="1" />
 <COLOR RGB="#547065" NAME="Schweinfurter Grün 0" Spot="1" />
 <COLOR RGB="#4c736b" NAME="Schweinfurter Grün 5" Spot="1" />
 <COLOR RGB="#617f76" NAME="Schweinfurter Grün 10" Spot="1" />
 <COLOR RGB="#5f8475" NAME="Schweinfurter Grün 15" Spot="1" />
 <COLOR RGB="#6e928a" NAME="Schweinfurter Grün 18" Spot="1" />
 <COLOR RGB="#7b9991" NAME="Schweinfurter Grün 20" Spot="1" />
 <COLOR RGB="#94a49c" NAME="Schweinfurter Grün 25" Spot="1" />
 <COLOR RGB="#8ab0a6" NAME="Schweinfurter Grün 28" Spot="1" />
 <COLOR RGB="#94afa8" NAME="Schweinfurter Grün 30" Spot="1" />
 <COLOR RGB="#b1c6bf" NAME="Schweinfurter Grün 40" Spot="1" />
 <COLOR RGB="#ccdad3" NAME="Schweinfurter Grün 50" Spot="1" />
 <COLOR RGB="#4f7775" NAME="Spanisches Grün 0" Spot="1" />
 <COLOR RGB="#79a1a1" NAME="Spanisches Grün 10" Spot="1" />
 <COLOR RGB="#93b6b6" NAME="Spanisches Grün 20" Spot="1" />
 <COLOR RGB="#b1cbcb" NAME="Spanisches Grün 30" Spot="1" />
 <COLOR RGB="#c9dbd8" NAME="Spanisches Grün 40" Spot="1" />
 <COLOR RGB="#e0ebe6" NAME="Spanisches Grün 50" Spot="1" />
 <COLOR RGB="#697376" NAME="Aquamarin 00" Spot="1" />
 <COLOR RGB="#5c7073" NAME="Aquamarin 0" Spot="1" />
 <COLOR RGB="#6d8286" NAME="Aquamarin 10" Spot="1" />
 <COLOR RGB="#8c9fa2" NAME="Aquamarin 20" Spot="1" />
 <COLOR RGB="#a3b4b6" NAME="Aquamarin 30" Spot="1" />
 <COLOR RGB="#c0cbcb" NAME="Aquamarin 40" Spot="1" />
 <COLOR RGB="#d4dcd9" NAME="Aquamarin 50" Spot="1" />
 <COLOR RGB="#e7ebe5" NAME="Aquamarin 60" Spot="1" />
 <COLOR RGB="#506f7b" NAME="Grüner Amphibol 5" Spot="1" />
 <COLOR RGB="#557b86" NAME="Grüner Amphibol 10" Spot="1" />
 <COLOR RGB="#6c929c" NAME="Grüner Amphibol 30" Spot="1" />
 <COLOR RGB="#526675" NAME="Feldspat Blau 0" Spot="1" />
 <COLOR RGB="#6d8794" NAME="Feldspat Blau 20" Spot="1" />
 <COLOR RGB="#2886a7" NAME="Kobaltblau 0" Spot="1" />
 <COLOR RGB="#3495b6" NAME="Kobaltblau 10" Spot="1" />
 <COLOR RGB="#5eacc9" NAME="Kobaltblau 20" Spot="1" />
 <COLOR RGB="#81bfd6" NAME="Kobaltblau 30" Spot="1" />
 <COLOR RGB="#77adb8" NAME="Kobaltblau 35" Spot="1" />
 <COLOR RGB="#c2dfe5" NAME="Kobaltblau 40" Spot="1" />
 <COLOR RGB="#dbeae7" NAME="Kobaltblau 50" Spot="1" />
 <COLOR RGB="#5670c4" NAME="Ultramarinblau 0" Spot="1" />
 <COLOR RGB="#6a87d3" NAME="Ultramarinblau 10" Spot="1" />
 <COLOR RGB="#89a4e0" NAME="Ultramarinblau 20" Spot="1" />
 <COLOR RGB="#a2bae6" NAME="Ultramarinblau 30" Spot="1" />
 <COLOR RGB="#bacde9" NAME="Ultramarinblau 40" Spot="1" />
 <COLOR RGB="#d4dfeb" NAME="Ultramarinblau 50" Spot="1" />
 <COLOR RGB="#4f5564" NAME="Berliner Blau 0" Spot="1" />
 <COLOR RGB="#616b7c" NAME="Berliner Blau 10" Spot="1" />
 <COLOR RGB="#6f8196" NAME="Berliner Blau 13" Spot="1" />
 <COLOR RGB="#64829f" NAME="Berliner Blau 15" Spot="1" />
 <COLOR RGB="#7988a0" NAME="Berliner Blau 18" Spot="1" />
 <COLOR RGB="#7f8a9b" NAME="Berliner Blau 20" Spot="1" />
 <COLOR RGB="#99a3b1" NAME="Berliner Blau 30" Spot="1" />
 <COLOR RGB="#b5bdc8" NAME="Berliner Blau 40" Spot="1" />
 <COLOR RGB="#cdd3d7" NAME="Berliner Blau 50" Spot="1" />
 <COLOR RGB="#e5e7e3" NAME="Berliner Blau 60" Spot="1" />
 <COLOR RGB="#928dab" NAME="Ultramarinviolett hell 0" Spot="1" />
 <COLOR RGB="#b1adc6" NAME="Ultramarinviolett hell 10" Spot="1" />
 <COLOR RGB="#c4c2d4" NAME="Ultramarinviolett hell 20" Spot="1" />
 <COLOR RGB="#d5d3de" NAME="Ultramarinviolett hell 30" Spot="1" />
 <COLOR RGB="#dfdfe5" NAME="Ultramarinviolett hell 40" Spot="1" />
 <COLOR RGB="#957cb2" NAME="Ultramarinviolett brillant 0" Spot="1" />
 <COLOR RGB="#d2c6df" NAME="Ultramarinviolett brillant 10" Spot="1" />
 <COLOR RGB="#e1d8e6" NAME="Ultramarinviolett brillant 20" Spot="1" />
 <COLOR RGB="#e8e4ea" NAME="Ultramarinviolett brillant 30" Spot="1" />
 <COLOR RGB="#6b5e6d" NAME="Ultramarinviolett dunkel 0" Spot="1" />
 <COLOR RGB="#7d7281" NAME="Ultramarinviolett dunkel 10" Spot="1" />
 <COLOR RGB="#9d94a2" NAME="Ultramarinviolett dunkel 20" Spot="1" />
 <COLOR RGB="#b4abb6" NAME="Ultramarinviolett dunkel 30" Spot="1" />
 <COLOR RGB="#cbc5cc" NAME="Ultramarinviolett dunkel 40" Spot="1" />
 <COLOR RGB="#dbd6d9" NAME="Ultramarinviolett dunkel 50" Spot="1" />
 <COLOR RGB="#eae7e3" NAME="Ultramarinviolett dunkel 60" Spot="1" />
 <COLOR RGB="#574d4c" NAME="Purpurit 0" Spot="1" />
 <COLOR RGB="#645a5c" NAME="Purpurit 10" Spot="1" />
 <COLOR RGB="#7c7577" NAME="Purpurit 20" Spot="1" />
 <COLOR RGB="#948d8f" NAME="Purpurit 30" Spot="1" />
 <COLOR RGB="#b3adaf" NAME="Purpurit 40" Spot="1" />
 <COLOR RGB="#cac6c5" NAME="Purpurit 50" Spot="1" />
 <COLOR RGB="#e3dfdc" NAME="Purpurit 60" Spot="1" />
 <COLOR RGB="#58504b" NAME="Kassler Braun 0" Spot="1" />
 <COLOR RGB="#807973" NAME="Kassler Braun 10" Spot="1" />
 <COLOR RGB="#98938e" NAME="Kassler Braun 20" Spot="1" />
 <COLOR RGB="#b8b6b0" NAME="Kassler Braun 25" Spot="1" />
 <COLOR RGB="#b5afaa" NAME="Kassler Braun 30" Spot="1" />
 <COLOR RGB="#bdb8af" NAME="Kassler Braun 35" Spot="1" />
 <COLOR RGB="#cbc7c2" NAME="Kassler Braun 40" Spot="1" />
 <COLOR RGB="#e1ded8" NAME="Kassler Braun 50" Spot="1" />
 <COLOR RGB="#4b4949" NAME="Eisenoxidschwarz 0" Spot="1" />
 <COLOR RGB="#59575b" NAME="Eisenoxidschwarz 10" Spot="1" />
 <COLOR RGB="#727378" NAME="Eisenoxidschwarz 20" Spot="1" />
 <COLOR RGB="#8d8e93" NAME="Eisenoxidschwarz 30" Spot="1" />
 <COLOR RGB="#a5a4a2" NAME="Eisenoxidschwarz 33" Spot="1" />
 <COLOR RGB="#aaabad" NAME="Eisenoxidschwarz 35" Spot="1" />
 <COLOR RGB="#bfbfc1" NAME="Eisenoxidschwarz 40" Spot="1" />
 <COLOR RGB="#dcdcdb" NAME="Eisenoxidschwarz 50" Spot="1" />
</SCRIBUSCOLORS>