<?xml version="1.0" encoding="UTF-8"?>
<SCRIBUSCOLORS Name="Caparol 3D Lack">
 <COLOR RGB="#21376b" NAME="diva 05" Spot="1" />
 <COLOR RGB="#404f80" NAME="diva 10" Spot="1" />
 <COLOR RGB="#493872" NAME="diva 15" Spot="1" />
 <COLOR RGB="#534c5f" NAME="diva 20" Spot="1" />
 <COLOR RGB="#693870" NAME="diva 25" Spot="1" />
 <COLOR RGB="#813263" NAME="diva 30" Spot="1" />
 <COLOR RGB="#004855" NAME="blu 05" Spot="1" />
 <COLOR RGB="#3799a9" NAME="blu 10" Spot="1" />
 <COLOR RGB="#03364c" NAME="blu 15" Spot="1" />
 <COLOR RGB="#005c7d" NAME="blu 20" Spot="1" />
 <COLOR RGB="#2a445e" NAME="blu 25" Spot="1" />
 <COLOR RGB="#3c668e" NAME="blu 30" Spot="1" />
 <COLOR RGB="#004a3e" NAME="peru 05" Spot="1" />
 <COLOR RGB="#005a49" NAME="peru 10" Spot="1" />
 <COLOR RGB="#00403b" NAME="peru 15" Spot="1" />
 <COLOR RGB="#007e72" NAME="peru 20" Spot="1" />
 <COLOR RGB="#00474e" NAME="peru 25" Spot="1" />
 <COLOR RGB="#006e78" NAME="peru 30" Spot="1" />
 <COLOR RGB="#395229" NAME="verdo 05" Spot="1" />
 <COLOR RGB="#44851d" NAME="verdo 10" Spot="1" />
 <COLOR RGB="#15472b" NAME="verdo 15" Spot="1" />
 <COLOR RGB="#006631" NAME="verdo 20" Spot="1" />
 <COLOR RGB="#2c4d45" NAME="verdo 25" Spot="1" />
 <COLOR RGB="#008662" NAME="verdo 30" Spot="1" />
 <COLOR RGB="#212222" NAME="oliv 05" Spot="1" />
 <COLOR RGB="#d79d00" NAME="oliv 10" Spot="1" />
 <COLOR RGB="#5e5836" NAME="oliv 15" Spot="1" />
 <COLOR RGB="#cdad00" NAME="oliv 20" Spot="1" />
 <COLOR RGB="#918616" NAME="oliv 25" Spot="1" />
 <COLOR RGB="#cdcb20" NAME="oliv 30" Spot="1" />
 <COLOR RGB="#512e2a" NAME="brasil 05" Spot="1" />
 <COLOR RGB="#f57b00" NAME="brasil 10" Spot="1" />
 <COLOR RGB="#5d3d24" NAME="brasil 15" Spot="1" />
 <COLOR RGB="#bd7733" NAME="brasil 20" Spot="1" />
 <COLOR RGB="#4d4232" NAME="brasil 25" Spot="1" />
 <COLOR RGB="#ffbc00" NAME="brasil 30" Spot="1" />
 <COLOR RGB="#52222b" NAME="rubin 05" Spot="1" />
 <COLOR RGB="#af2b34" NAME="rubin 10" Spot="1" />
 <COLOR RGB="#802e22" NAME="rubin 15" Spot="1" />
 <COLOR RGB="#af2f1a" NAME="rubin 20" Spot="1" />
 <COLOR RGB="#643724" NAME="rubin 25" Spot="1" />
 <COLOR RGB="#c1431b" NAME="rubin 30" Spot="1" />
 <COLOR RGB="#573e71" NAME="laser 05" Spot="1" />
 <COLOR RGB="#7a3669" NAME="laser 10" Spot="1" />
 <COLOR RGB="#a22f56" NAME="laser 15" Spot="1" />
 <COLOR RGB="#ab223c" NAME="laser 20" Spot="1" />
 <COLOR RGB="#c8333a" NAME="laser 25" Spot="1" />
 <COLOR RGB="#ef5816" NAME="laser 30" Spot="1" />
 <COLOR RGB="#fd8900" NAME="laser 35" Spot="1" />
 <COLOR RGB="#fca200" NAME="laser 40" Spot="1" />
 <COLOR RGB="#ffc000" NAME="laser 45" Spot="1" />
 <COLOR RGB="#f1db12" NAME="laser 50" Spot="1" />
 <COLOR RGB="#c6c900" NAME="laser 55" Spot="1" />
 <COLOR RGB="#78b31a" NAME="laser 60" Spot="1" />
 <COLOR RGB="#29902f" NAME="laser 65" Spot="1" />
 <COLOR RGB="#00815e" NAME="laser 70" Spot="1" />
 <COLOR RGB="#006875" NAME="laser 75" Spot="1" />
 <COLOR RGB="#005889" NAME="laser 80" Spot="1" />
 <COLOR RGB="#0d497f" NAME="laser 85" Spot="1" />
 <COLOR RGB="#37457e" NAME="laser 90" Spot="1" />
</SCRIBUSCOLORS>