<?xml version="1.0" encoding="UTF-8"?>
<SCRIBUSCOLORS Name="Caparol Alpinacolor">
 <COLOR RGB="#666f48" NAME="Caparol Amazonas-0" Spot="1" />
 <COLOR RGB="#758055" NAME="Caparol Amazonas-11" Spot="1" />
 <COLOR RGB="#8a9563" NAME="Caparol Amazonas-12" Spot="1" />
 <COLOR RGB="#a8b384" NAME="Caparol Amazonas-13" Spot="1" />
 <COLOR RGB="#b8c299" NAME="Caparol Amazonas-14" Spot="1" />
 <COLOR RGB="#cad2ae" NAME="Caparol Amazonas-15" Spot="1" />
 <COLOR RGB="#d4ddc1" NAME="Caparol Amazonas-16" Spot="1" />
 <COLOR RGB="#dde1cc" NAME="Caparol Amazonas-17" Spot="1" />
 <COLOR RGB="#e6e8d7" NAME="Caparol Amazonas-18" Spot="1" />
 <COLOR RGB="#ce7936" NAME="Caparol Aprikose-0" Spot="1" />
 <COLOR RGB="#db843b" NAME="Caparol Aprikose-11" Spot="1" />
 <COLOR RGB="#e89644" NAME="Caparol Aprikose-12" Spot="1" />
 <COLOR RGB="#eeae5f" NAME="Caparol Aprikose-13" Spot="1" />
 <COLOR RGB="#f2be7c" NAME="Caparol Aprikose-14" Spot="1" />
 <COLOR RGB="#f3cc96" NAME="Caparol Aprikose-15" Spot="1" />
 <COLOR RGB="#f4d7aa" NAME="Caparol Aprikose-16" Spot="1" />
 <COLOR RGB="#f6dfbb" NAME="Caparol Aprikose-17" Spot="1" />
 <COLOR RGB="#f3e4c9" NAME="Caparol Aprikose-18" Spot="1" />
 <COLOR RGB="#524f4f" NAME="Caparol Basalt-0" Spot="1" />
 <COLOR RGB="#6b686a" NAME="Caparol Basalt-11" Spot="1" />
 <COLOR RGB="#868283" NAME="Caparol Basalt-12" Spot="1" />
 <COLOR RGB="#a4a3a1" NAME="Caparol Basalt-13" Spot="1" />
 <COLOR RGB="#b7b9b7" NAME="Caparol Basalt-14" Spot="1" />
 <COLOR RGB="#cbc8c5" NAME="Caparol Basalt-15" Spot="1" />
 <COLOR RGB="#d4d3d0" NAME="Caparol Basalt-16" Spot="1" />
 <COLOR RGB="#dedcd6" NAME="Caparol Basalt-17" Spot="1" />
 <COLOR RGB="#e6e3dc" NAME="Caparol Basalt-18" Spot="1" />
 <COLOR RGB="#665547" NAME="Caparol Bison-0" Spot="1" />
 <COLOR RGB="#786552" NAME="Caparol Bison-11" Spot="1" />
 <COLOR RGB="#907c64" NAME="Caparol Bison-12" Spot="1" />
 <COLOR RGB="#b19d85" NAME="Caparol Bison-13" Spot="1" />
 <COLOR RGB="#c1b099" NAME="Caparol Bison-14" Spot="1" />
 <COLOR RGB="#d0c1ae" NAME="Caparol Bison-15" Spot="1" />
 <COLOR RGB="#dcd1c2" NAME="Caparol Bison-16" Spot="1" />
 <COLOR RGB="#e5dccf" NAME="Caparol Bison-17" Spot="1" />
 <COLOR RGB="#e9e3d7" NAME="Caparol Bison-18" Spot="1" />
 <COLOR RGB="#b3763e" NAME="Caparol Cognac-0" Spot="1" />
 <COLOR RGB="#ca8a49" NAME="Caparol Cognac-11" Spot="1" />
 <COLOR RGB="#dea25c" NAME="Caparol Cognac-12" Spot="1" />
 <COLOR RGB="#eebc79" NAME="Caparol Cognac-13" Spot="1" />
 <COLOR RGB="#efc892" NAME="Caparol Cognac-14" Spot="1" />
 <COLOR RGB="#f1d3aa" NAME="Caparol Cognac-15" Spot="1" />
 <COLOR RGB="#f3ddb9" NAME="Caparol Cognac-16" Spot="1" />
 <COLOR RGB="#f3e3c8" NAME="Caparol Cognac-17" Spot="1" />
 <COLOR RGB="#f5e9d4" NAME="Caparol Cognac-18" Spot="1" />
 <COLOR RGB="#bf8935" NAME="Caparol Gobi-0" Spot="1" />
 <COLOR RGB="#cf9841" NAME="Caparol Gobi-11" Spot="1" />
 <COLOR RGB="#dca84b" NAME="Caparol Gobi-12" Spot="1" />
 <COLOR RGB="#ecc16f" NAME="Caparol Gobi-13" Spot="1" />
 <COLOR RGB="#f1ce8b" NAME="Caparol Gobi-14" Spot="1" />
 <COLOR RGB="#f2d9a3" NAME="Caparol Gobi-15" Spot="1" />
 <COLOR RGB="#f5e0b6" NAME="Caparol Gobi-16" Spot="1" />
 <COLOR RGB="#f2e3c2" NAME="Caparol Gobi-17" Spot="1" />
 <COLOR RGB="#f2e9d2" NAME="Caparol Gobi-18" Spot="1" />
 <COLOR RGB="#8b5346" NAME="Caparol Granat-0" Spot="1" />
 <COLOR RGB="#9c6154" NAME="Caparol Granat-11" Spot="1" />
 <COLOR RGB="#ae7364" NAME="Caparol Granat-12" Spot="1" />
 <COLOR RGB="#ca9587" NAME="Caparol Granat-13" Spot="1" />
 <COLOR RGB="#d9aea1" NAME="Caparol Granat-14" Spot="1" />
 <COLOR RGB="#e2beb0" NAME="Caparol Granat-15" Spot="1" />
 <COLOR RGB="#eacfc1" NAME="Caparol Granat-16" Spot="1" />
 <COLOR RGB="#eed8ce" NAME="Caparol Granat-17" Spot="1" />
 <COLOR RGB="#f1e1d7" NAME="Caparol Granat-18" Spot="1" />
 <COLOR RGB="#7e6044" NAME="Caparol Havanna-0" Spot="1" />
 <COLOR RGB="#8e6f50" NAME="Caparol Havanna-11" Spot="1" />
 <COLOR RGB="#a4805a" NAME="Caparol Havanna-12" Spot="1" />
 <COLOR RGB="#c09f7c" NAME="Caparol Havanna-13" Spot="1" />
 <COLOR RGB="#d1b393" NAME="Caparol Havanna-14" Spot="1" />
 <COLOR RGB="#d9c1a7" NAME="Caparol Havanna-15" Spot="1" />
 <COLOR RGB="#e5d1b9" NAME="Caparol Havanna-16" Spot="1" />
 <COLOR RGB="#eadac7" NAME="Caparol Havanna-17" Spot="1" />
 <COLOR RGB="#eee0d2" NAME="Caparol Havanna-18" Spot="1" />
 <COLOR RGB="#4a6575" NAME="Caparol Iris-0" Spot="1" />
 <COLOR RGB="#55798d" NAME="Caparol Iris-11" Spot="1" />
 <COLOR RGB="#678fa5" NAME="Caparol Iris-12" Spot="1" />
 <COLOR RGB="#84acbe" NAME="Caparol Iris-13" Spot="1" />
 <COLOR RGB="#9bbcca" NAME="Caparol Iris-14" Spot="1" />
 <COLOR RGB="#b1ccd6" NAME="Caparol Iris-15" Spot="1" />
 <COLOR RGB="#c2d5dc" NAME="Caparol Iris-16" Spot="1" />
 <COLOR RGB="#d1dedf" NAME="Caparol Iris-17" Spot="1" />
 <COLOR RGB="#dce4e2" NAME="Caparol Iris-18" Spot="1" />
 <COLOR RGB="#676a53" NAME="Caparol Island-0" Spot="1" />
 <COLOR RGB="#7a7d63" NAME="Caparol Island-11" Spot="1" />
 <COLOR RGB="#949578" NAME="Caparol Island-12" Spot="1" />
 <COLOR RGB="#b2b196" NAME="Caparol Island-13" Spot="1" />
 <COLOR RGB="#c3c4ad" NAME="Caparol Island-14" Spot="1" />
 <COLOR RGB="#d0d1bd" NAME="Caparol Island-15" Spot="1" />
 <COLOR RGB="#dbdaca" NAME="Caparol Island-16" Spot="1" />
 <COLOR RGB="#e2e2d5" NAME="Caparol Island-17" Spot="1" />
 <COLOR RGB="#e9e6d9" NAME="Caparol Island-18" Spot="1" />
 <COLOR RGB="#625848" NAME="Caparol Lava-0" Spot="1" />
 <COLOR RGB="#776c58" NAME="Caparol Lava-11" Spot="1" />
 <COLOR RGB="#93856d" NAME="Caparol Lava-12" Spot="1" />
 <COLOR RGB="#b1a38c" NAME="Caparol Lava-13" Spot="1" />
 <COLOR RGB="#c4b9a3" NAME="Caparol Lava-14" Spot="1" />
 <COLOR RGB="#d4cab9" NAME="Caparol Lava-15" Spot="1" />
 <COLOR RGB="#e0d7c7" NAME="Caparol Lava-16" Spot="1" />
 <COLOR RGB="#e6dfd2" NAME="Caparol Lava-17" Spot="1" />
 <COLOR RGB="#ebe5d9" NAME="Caparol Lava-18" Spot="1" />
 <COLOR RGB="#eaa531" NAME="Caparol Mais-0" Spot="1" />
 <COLOR RGB="#f1b340" NAME="Caparol Mais-11" Spot="1" />
 <COLOR RGB="#f5c257" NAME="Caparol Mais-12" Spot="1" />
 <COLOR RGB="#f7d071" NAME="Caparol Mais-13" Spot="1" />
 <COLOR RGB="#f6da8d" NAME="Caparol Mais-14" Spot="1" />
 <COLOR RGB="#f6e2a7" NAME="Caparol Mais-15" Spot="1" />
 <COLOR RGB="#f7e7b9" NAME="Caparol Mais-16" Spot="1" />
 <COLOR RGB="#f6ecc8" NAME="Caparol Mais-17" Spot="1" />
 <COLOR RGB="#f4ebd0" NAME="Caparol Mais-18" Spot="1" />
 <COLOR RGB="#875c46" NAME="Caparol Mallaga-0" Spot="1" />
 <COLOR RGB="#9b6f57" NAME="Caparol Mallaga-11" Spot="1" />
 <COLOR RGB="#b08569" NAME="Caparol Mallaga-12" Spot="1" />
 <COLOR RGB="#caa58a" NAME="Caparol Mallaga-13" Spot="1" />
 <COLOR RGB="#d5b49c" NAME="Caparol Mallaga-14" Spot="1" />
 <COLOR RGB="#e4cab6" NAME="Caparol Mallaga-15" Spot="1" />
 <COLOR RGB="#e9d5c5" NAME="Caparol Mallaga-16" Spot="1" />
 <COLOR RGB="#edddcf" NAME="Caparol Mallaga-17" Spot="1" />
 <COLOR RGB="#f0e3d6" NAME="Caparol Mallaga-18" Spot="1" />
 <COLOR RGB="#de9237" NAME="Caparol Mandarin-0" Spot="1" />
 <COLOR RGB="#e79f3f" NAME="Caparol Mandarin-11" Spot="1" />
 <COLOR RGB="#edad50" NAME="Caparol Mandarin-12" Spot="1" />
 <COLOR RGB="#f0c06d" NAME="Caparol Mandarin-13" Spot="1" />
 <COLOR RGB="#f6cf8c" NAME="Caparol Mandarin-14" Spot="1" />
 <COLOR RGB="#f6dba3" NAME="Caparol Mandarin-15" Spot="1" />
 <COLOR RGB="#f5e1b8" NAME="Caparol Mandarin-16" Spot="1" />
 <COLOR RGB="#f4e7c6" NAME="Caparol Mandarin-17" Spot="1" />
 <COLOR RGB="#f4e9d0" NAME="Caparol Mandarin-18" Spot="1" />
 <COLOR RGB="#8e6845" NAME="Caparol Maroc-0" Spot="1" />
 <COLOR RGB="#a67c50" NAME="Caparol Maroc-11" Spot="1" />
 <COLOR RGB="#bc8f5f" NAME="Caparol Maroc-12" Spot="1" />
 <COLOR RGB="#d5ae7f" NAME="Caparol Maroc-13" Spot="1" />
 <COLOR RGB="#debe94" NAME="Caparol Maroc-14" Spot="1" />
 <COLOR RGB="#e6ccad" NAME="Caparol Maroc-15" Spot="1" />
 <COLOR RGB="#ecd7bc" NAME="Caparol Maroc-16" Spot="1" />
 <COLOR RGB="#eee1cb" NAME="Caparol Maroc-17" Spot="1" />
 <COLOR RGB="#eee5d3" NAME="Caparol Maroc-18" Spot="1" />
 <COLOR RGB="#725341" NAME="Caparol Marone-0" Spot="1" />
 <COLOR RGB="#8a6850" NAME="Caparol Marone-11" Spot="1" />
 <COLOR RGB="#9e7b61" NAME="Caparol Marone-12" Spot="1" />
 <COLOR RGB="#bb9a7d" NAME="Caparol Marone-13" Spot="1" />
 <COLOR RGB="#ccb097" NAME="Caparol Marone-14" Spot="1" />
 <COLOR RGB="#d8bfaa" NAME="Caparol Marone-15" Spot="1" />
 <COLOR RGB="#e3cebd" NAME="Caparol Marone-16" Spot="1" />
 <COLOR RGB="#e9daca" NAME="Caparol Marone-17" Spot="1" />
 <COLOR RGB="#e8ded2" NAME="Caparol Marone-18" Spot="1" />
 <COLOR RGB="#9f763f" NAME="Caparol Mistral-0" Spot="1" />
 <COLOR RGB="#b2884d" NAME="Caparol Mistral-11" Spot="1" />
 <COLOR RGB="#cca15f" NAME="Caparol Mistral-12" Spot="1" />
 <COLOR RGB="#dfba7f" NAME="Caparol Mistral-13" Spot="1" />
 <COLOR RGB="#e6c897" NAME="Caparol Mistral-14" Spot="1" />
 <COLOR RGB="#ebd4ac" NAME="Caparol Mistral-15" Spot="1" />
 <COLOR RGB="#f1dec0" NAME="Caparol Mistral-16" Spot="1" />
 <COLOR RGB="#f0e1c9" NAME="Caparol Mistral-17" Spot="1" />
 <COLOR RGB="#f1e7d3" NAME="Caparol Mistral-18" Spot="1" />
 <COLOR RGB="#6d5746" NAME="Caparol Nutria-0" Spot="1" />
 <COLOR RGB="#806a57" NAME="Caparol Nutria-11" Spot="1" />
 <COLOR RGB="#977c65" NAME="Caparol Nutria-12" Spot="1" />
 <COLOR RGB="#b69c83" NAME="Caparol Nutria-13" Spot="1" />
 <COLOR RGB="#c6b29c" NAME="Caparol Nutria-14" Spot="1" />
 <COLOR RGB="#d4c1ae" NAME="Caparol Nutria-15" Spot="1" />
 <COLOR RGB="#dfd0bf" NAME="Caparol Nutria-16" Spot="1" />
 <COLOR RGB="#e7dacd" NAME="Caparol Nutria-17" Spot="1" />
 <COLOR RGB="#ebe1d6" NAME="Caparol Nutria-18" Spot="1" />
 <COLOR RGB="#857b46" NAME="Caparol Olive-0" Spot="1" />
 <COLOR RGB="#978a4d" NAME="Caparol Olive-11" Spot="1" />
 <COLOR RGB="#ad9f5e" NAME="Caparol Olive-12" Spot="1" />
 <COLOR RGB="#c6b87b" NAME="Caparol Olive-13" Spot="1" />
 <COLOR RGB="#d2c796" NAME="Caparol Olive-14" Spot="1" />
 <COLOR RGB="#dbd2aa" NAME="Caparol Olive-15" Spot="1" />
 <COLOR RGB="#e5ddbb" NAME="Caparol Olive-16" Spot="1" />
 <COLOR RGB="#e9e2c8" NAME="Caparol Olive-17" Spot="1" />
 <COLOR RGB="#ece6d3" NAME="Caparol Olive-18" Spot="1" />
 <COLOR RGB="#6e6748" NAME="Caparol Palma-0" Spot="1" />
 <COLOR RGB="#7f7752" NAME="Caparol Palma-11" Spot="1" />
 <COLOR RGB="#978b60" NAME="Caparol Palma-12" Spot="1" />
 <COLOR RGB="#b6a97c" NAME="Caparol Palma-13" Spot="1" />
 <COLOR RGB="#c7bd95" NAME="Caparol Palma-14" Spot="1" />
 <COLOR RGB="#d5cdac" NAME="Caparol Palma-15" Spot="1" />
 <COLOR RGB="#ddd6bb" NAME="Caparol Palma-16" Spot="1" />
 <COLOR RGB="#e6e0ca" NAME="Caparol Palma-17" Spot="1" />
 <COLOR RGB="#ece6d3" NAME="Caparol Palma-18" Spot="1" />
 <COLOR RGB="#54514b" NAME="Caparol Schiefer-0" Spot="1" />
 <COLOR RGB="#5d5950" NAME="Caparol Schiefer-11" Spot="1" />
 <COLOR RGB="#726e64" NAME="Caparol Schiefer-12" Spot="1" />
 <COLOR RGB="#918d82" NAME="Caparol Schiefer-13" Spot="1" />
 <COLOR RGB="#a7a297" NAME="Caparol Schiefer-14" Spot="1" />
 <COLOR RGB="#bcb7ac" NAME="Caparol Schiefer-15" Spot="1" />
 <COLOR RGB="#cbc7be" NAME="Caparol Schiefer-16" Spot="1" />
 <COLOR RGB="#d6d3cc" NAME="Caparol Schiefer-17" Spot="1" />
 <COLOR RGB="#dcdad3" NAME="Caparol Schiefer-18" Spot="1" />
 <COLOR RGB="#a89148" NAME="Caparol Schilf-0" Spot="1" />
 <COLOR RGB="#b49c4f" NAME="Caparol Schilf-11" Spot="1" />
 <COLOR RGB="#c4b167" NAME="Caparol Schilf-12" Spot="1" />
 <COLOR RGB="#d7c384" NAME="Caparol Schilf-13" Spot="1" />
 <COLOR RGB="#e1d098" NAME="Caparol Schilf-14" Spot="1" />
 <COLOR RGB="#e4d9ad" NAME="Caparol Schilf-15" Spot="1" />
 <COLOR RGB="#ebe2c2" NAME="Caparol Schilf-16" Spot="1" />
 <COLOR RGB="#ede7cd" NAME="Caparol Schilf-17" Spot="1" />
 <COLOR RGB="#f0e9d2" NAME="Caparol Schilf-18" Spot="1" />
 <COLOR RGB="#5e4e45" NAME="Caparol Siam-0" Spot="1" />
 <COLOR RGB="#76655b" NAME="Caparol Siam-11" Spot="1" />
 <COLOR RGB="#8e7c71" NAME="Caparol Siam-12" Spot="1" />
 <COLOR RGB="#ae9d91" NAME="Caparol Siam-13" Spot="1" />
 <COLOR RGB="#c2b3a7" NAME="Caparol Siam-14" Spot="1" />
 <COLOR RGB="#cfc3b8" NAME="Caparol Siam-15" Spot="1" />
 <COLOR RGB="#dcd2c9" NAME="Caparol Siam-16" Spot="1" />
 <COLOR RGB="#e4dbd1" NAME="Caparol Siam-17" Spot="1" />
 <COLOR RGB="#e7dfd6" NAME="Caparol Siam-18" Spot="1" />
 <COLOR RGB="#796848" NAME="Caparol Taiga-0" Spot="1" />
 <COLOR RGB="#8d7954" NAME="Caparol Taiga-11" Spot="1" />
 <COLOR RGB="#a28d63" NAME="Caparol Taiga-12" Spot="1" />
 <COLOR RGB="#bfaa81" NAME="Caparol Taiga-13" Spot="1" />
 <COLOR RGB="#cebd98" NAME="Caparol Taiga-14" Spot="1" />
 <COLOR RGB="#dccbab" NAME="Caparol Taiga-15" Spot="1" />
 <COLOR RGB="#e5d7be" NAME="Caparol Taiga-16" Spot="1" />
 <COLOR RGB="#e6ddc9" NAME="Caparol Taiga-17" Spot="1" />
 <COLOR RGB="#ede5d5" NAME="Caparol Taiga-18" Spot="1" />
 <COLOR RGB="#966444" NAME="Caparol Terra-0" Spot="1" />
 <COLOR RGB="#a77450" NAME="Caparol Terra-11" Spot="1" />
 <COLOR RGB="#bf8a5f" NAME="Caparol Terra-12" Spot="1" />
 <COLOR RGB="#d3a57b" NAME="Caparol Terra-13" Spot="1" />
 <COLOR RGB="#e0ba96" NAME="Caparol Terra-14" Spot="1" />
 <COLOR RGB="#e8c8aa" NAME="Caparol Terra-15" Spot="1" />
 <COLOR RGB="#edd4bd" NAME="Caparol Terra-16" Spot="1" />
 <COLOR RGB="#f3ddc3" NAME="Caparol Terra-17" Spot="1" />
 <COLOR RGB="#f3e3d0" NAME="Caparol Terra-18" Spot="1" />
 <COLOR RGB="#626f6d" NAME="Caparol Tibet-0" Spot="1" />
 <COLOR RGB="#70807f" NAME="Caparol Tibet-11" Spot="1" />
 <COLOR RGB="#849290" NAME="Caparol Tibet-12" Spot="1" />
 <COLOR RGB="#a3adab" NAME="Caparol Tibet-13" Spot="1" />
 <COLOR RGB="#b5bfbc" NAME="Caparol Tibet-14" Spot="1" />
 <COLOR RGB="#c6cdcb" NAME="Caparol Tibet-15" Spot="1" />
 <COLOR RGB="#d3d8d3" NAME="Caparol Tibet-16" Spot="1" />
 <COLOR RGB="#e0e2dc" NAME="Caparol Tibet-17" Spot="1" />
 <COLOR RGB="#e5e6de" NAME="Caparol Tibet-18" Spot="1" />
</SCRIBUSCOLORS>