<?xml version="1.0" encoding="UTF-8"?>
<SCRIBUSCOLORS Name="Caparol Color">
 <COLOR RGB="#993d60" NAME="Caparol AVA Magenta" Spot="1" />
 <COLOR RGB="#bb373a" NAME="Caparol AVA Rot" Spot="1" />
 <COLOR RGB="#ed5d30" NAME="Caparol AVA Orange" Spot="1" />
 <COLOR RGB="#fdce00" NAME="Caparol AVA Gelb" Spot="1" />
 <COLOR RGB="#f2df1d" NAME="Caparol AVA Gruengelb" Spot="1" />
 <COLOR RGB="#0c6756" NAME="Caparol AVA Gruen" Spot="1" />
 <COLOR RGB="#344d77" NAME="Caparol AVA Blau" Spot="1" />
 <COLOR RGB="#514873" NAME="Caparol AVA Violett" Spot="1" />
 <COLOR RGB="#3f3e3f" NAME="Caparol AVA Schwarz" Spot="1" />
 <COLOR RGB="#86473e" NAME="Caparol AVA Rotbraun" Spot="1" />
 <COLOR RGB="#b68340" NAME="Caparol AVA Ocker" Spot="1" />
 <COLOR RGB="#665944" NAME="Caparol AVA Umbra" Spot="1" />
 <COLOR RGB="#7b3f37" NAME="Caparol Oxidrot" Spot="1" />
 <COLOR RGB="#a14a31" NAME="Caparol Oxidorange" Spot="1" />
 <COLOR RGB="#d1963b" NAME="Caparol Ocker" Spot="1" />
 <COLOR RGB="#f1df0a" NAME="Caparol Gelb" Spot="1" />
 <COLOR RGB="#566f48" NAME="Caparol Gruen" Spot="1" />
 <COLOR RGB="#0082a7" NAME="Caparol Kobaltblau" Spot="1" />
 <COLOR RGB="#425db2" NAME="Caparol Ultramarin" Spot="1" />
 <COLOR RGB="#333130" NAME="Caparol Schwarz" Spot="1" />
 <COLOR RGB="#76543c" NAME="Caparol Oxidbraun" Spot="1" />
 <COLOR RGB="#79633c" NAME="Caparol Umbra" Spot="1" />
 <COLOR RGB="#905548" NAME="Caparol Granat 0" Spot="1" />
 <COLOR RGB="#cb9484" NAME="Caparol Granat 13" Spot="1" />
 <COLOR RGB="#b47767" NAME="Caparol Granat 12" Spot="1" />
 <COLOR RGB="#e4bfb3" NAME="Caparol Granat 15" Spot="1" />
 <COLOR RGB="#dcad9f" NAME="Caparol Granat 14" Spot="1" />
 <COLOR RGB="#f3e2da" NAME="Caparol Granat 18" Spot="1" />
 <COLOR RGB="#ecd0c6" NAME="Caparol Granat 16" Spot="1" />
 <COLOR RGB="#a45b45" NAME="Caparol Madeira 0" Spot="1" />
 <COLOR RGB="#e29d77" NAME="Caparol Madeira 13" Spot="1" />
 <COLOR RGB="#cc7f5c" NAME="Caparol Madeira 12" Spot="1" />
 <COLOR RGB="#f3c6a8" NAME="Caparol Madeira 15" Spot="1" />
 <COLOR RGB="#ecb391" NAME="Caparol Madeira 14" Spot="1" />
 <COLOR RGB="#f9e5d4" NAME="Caparol Madeira 18" Spot="1" />
 <COLOR RGB="#f7d6bd" NAME="Caparol Madeira 16" Spot="1" />
 <COLOR RGB="#d57d3d" NAME="Caparol Aprikose 0" Spot="1" />
 <COLOR RGB="#f7b56a" NAME="Caparol Aprikose 13" Spot="1" />
 <COLOR RGB="#e8994e" NAME="Caparol Aprikose 12" Spot="1" />
 <COLOR RGB="#fad39d" NAME="Caparol Aprikose 15" Spot="1" />
 <COLOR RGB="#f9c485" NAME="Caparol Aprikose 14" Spot="1" />
 <COLOR RGB="#f9e9ce" NAME="Caparol Aprikose 18" Spot="1" />
 <COLOR RGB="#fadeb4" NAME="Caparol Aprikose 16" Spot="1" />
 <COLOR RGB="#c68146" NAME="Caparol Cognas 0" Spot="1" />
 <COLOR RGB="#efbf7f" NAME="Caparol Cognas 13" Spot="1" />
 <COLOR RGB="#e3a762" NAME="Caparol Cognas 12" Spot="1" />
 <COLOR RGB="#f8dcb0" NAME="Caparol Cognas 15" Spot="1" />
 <COLOR RGB="#f5cf97" NAME="Caparol Cognas 14" Spot="1" />
 <COLOR RGB="#f7edd7" NAME="Caparol Cognas 18" Spot="1" />
 <COLOR RGB="#f8e5c3" NAME="Caparol Cognas 16" Spot="1" />
 <COLOR RGB="#e49a3d" NAME="Caparol Mandarin 0" Spot="1" />
 <COLOR RGB="#fac878" NAME="Caparol Mandarin 13" Spot="1" />
 <COLOR RGB="#f4b459" NAME="Caparol Mandarin 12" Spot="1" />
 <COLOR RGB="#fce0ac" NAME="Caparol Mandarin 15" Spot="1" />
 <COLOR RGB="#fbd593" NAME="Caparol Mandarin 14" Spot="1" />
 <COLOR RGB="#f9efd7" NAME="Caparol Mandarin 18" Spot="1" />
 <COLOR RGB="#fae7bf" NAME="Caparol Mandarin 16" Spot="1" />
 <COLOR RGB="#c6903d" NAME="Caparol Gobi 0" Spot="1" />
 <COLOR RGB="#efc577" NAME="Caparol Gobi 13" Spot="1" />
 <COLOR RGB="#e1ae57" NAME="Caparol Gobi 12" Spot="1" />
 <COLOR RGB="#f8dfaa" NAME="Caparol Gobi 15" Spot="1" />
 <COLOR RGB="#f5d392" NAME="Caparol Gobi 14" Spot="1" />
 <COLOR RGB="#f7eed5" NAME="Caparol Gobi 18" Spot="1" />
 <COLOR RGB="#f9e7bf" NAME="Caparol Gobi 16" Spot="1" />
 <COLOR RGB="#ecaa33" NAME="Caparol Mais 0" Spot="1" />
 <COLOR RGB="#fad984" NAME="Caparol Mais 13" Spot="1" />
 <COLOR RGB="#f5c75f" NAME="Caparol Mais 12" Spot="1" />
 <COLOR RGB="#fbeab6" NAME="Caparol Mais 15" Spot="1" />
 <COLOR RGB="#fbe29e" NAME="Caparol Mais 14" Spot="1" />
 <COLOR RGB="#f8f2db" NAME="Caparol Mais 18" Spot="1" />
 <COLOR RGB="#faefc8" NAME="Caparol Mais 16" Spot="1" />
 <COLOR RGB="#c09d40" NAME="Caparol Ingwer 0" Spot="1" />
 <COLOR RGB="#eeda92" NAME="Caparol Ingwer 13" Spot="1" />
 <COLOR RGB="#e2c56e" NAME="Caparol Ingwer 12" Spot="1" />
 <COLOR RGB="#f5ebbe" NAME="Caparol Ingwer 15" Spot="1" />
 <COLOR RGB="#f3e4aa" NAME="Caparol Ingwer 14" Spot="1" />
 <COLOR RGB="#f6f3df" NAME="Caparol Ingwer 18" Spot="1" />
 <COLOR RGB="#f6f0ce" NAME="Caparol Ingwer 16" Spot="1" />
 <COLOR RGB="#697049" NAME="Caparol Amazonas 0" Spot="1" />
 <COLOR RGB="#aab684" NAME="Caparol Amazonas 13" Spot="1" />
 <COLOR RGB="#8f9b69" NAME="Caparol Amazonas 12" Spot="1" />
 <COLOR RGB="#cdd6b3" NAME="Caparol Amazonas 15" Spot="1" />
 <COLOR RGB="#bcc69b" NAME="Caparol Amazonas 14" Spot="1" />
 <COLOR RGB="#e6ead7" NAME="Caparol Amazonas 18" Spot="1" />
 <COLOR RGB="#d9e0c4" NAME="Caparol Amazonas 16" Spot="1" />
 <COLOR RGB="#4e697b" NAME="Caparol Iris 0" Spot="1" />
 <COLOR RGB="#8fb1c3" NAME="Caparol Iris 13" Spot="1" />
 <COLOR RGB="#6e93a8" NAME="Caparol Iris 12" Spot="1" />
 <COLOR RGB="#bed5de" NAME="Caparol Iris 15" Spot="1" />
 <COLOR RGB="#a7c3d2" NAME="Caparol Iris 14" Spot="1" />
 <COLOR RGB="#e0ebed" NAME="Caparol Iris 18" Spot="1" />
 <COLOR RGB="#cedfe5" NAME="Caparol Iris 16" Spot="1" />
 <COLOR RGB="#475690" NAME="Caparol Lapis 0" Spot="1" />
 <COLOR RGB="#8bade0" NAME="Caparol Lapis 13" Spot="1" />
 <COLOR RGB="#6a90cf" NAME="Caparol Lapis 12" Spot="1" />
 <COLOR RGB="#bad0ec" NAME="Caparol Lapis 15" Spot="1" />
 <COLOR RGB="#a4c0e6" NAME="Caparol Lapis 14" Spot="1" />
 <COLOR RGB="#dfe8f1" NAME="Caparol Lapis 18" Spot="1" />
 <COLOR RGB="#ccdcef" NAME="Caparol Lapis 16" Spot="1" />
 <COLOR RGB="#657394" NAME="Caparol Cosmos 0" Spot="1" />
 <COLOR RGB="#b3bdd6" NAME="Caparol Cosmos 13" Spot="1" />
 <COLOR RGB="#95a2c2" NAME="Caparol Cosmos 12" Spot="1" />
 <COLOR RGB="#d6dbe8" NAME="Caparol Cosmos 15" Spot="1" />
 <COLOR RGB="#c6cee0" NAME="Caparol Cosmos 14" Spot="1" />
 <COLOR RGB="#eceef0" NAME="Caparol Cosmos 18" Spot="1" />
 <COLOR RGB="#e0e4eb" NAME="Caparol Cosmos 16" Spot="1" />
 <COLOR RGB="#4f4c49" NAME="Caparol Kiesel 0" Spot="1" />
 <COLOR RGB="#a8a5a0" NAME="Caparol Kiesel 13" Spot="1" />
 <COLOR RGB="#85827e" NAME="Caparol Kiesel 12" Spot="1" />
 <COLOR RGB="#d0cec8" NAME="Caparol Kiesel 15" Spot="1" />
 <COLOR RGB="#bebbb5" NAME="Caparol Kiesel 14" Spot="1" />
 <COLOR RGB="#eae9e4" NAME="Caparol Kiesel 18" Spot="1" />
 <COLOR RGB="#dddbd6" NAME="Caparol Kiesel 16" Spot="1" />
 <COLOR RGB="#585752" NAME="Caparol Schiefer 0" Spot="1" />
 <COLOR RGB="#939085" NAME="Caparol Schiefer 13" Spot="1" />
 <COLOR RGB="#737068" NAME="Caparol Schiefer 12" Spot="1" />
 <COLOR RGB="#bebbb1" NAME="Caparol Schiefer 15" Spot="1" />
 <COLOR RGB="#aaa79c" NAME="Caparol Schiefer 14" Spot="1" />
 <COLOR RGB="#e1e0d8" NAME="Caparol Schiefer 18" Spot="1" />
 <COLOR RGB="#d0ccc4" NAME="Caparol Schiefer 16" Spot="1" />
 <COLOR RGB="#515251" NAME="Caparol Graphit 0" Spot="1" />
 <COLOR RGB="#a8aba9" NAME="Caparol Graphit 13" Spot="1" />
 <COLOR RGB="#848787" NAME="Caparol Graphit 12" Spot="1" />
 <COLOR RGB="#d0d2d0" NAME="Caparol Graphit 15" Spot="1" />
 <COLOR RGB="#bdbfbd" NAME="Caparol Graphit 14" Spot="1" />
 <COLOR RGB="#eaebe7" NAME="Caparol Graphit 18" Spot="1" />
 <COLOR RGB="#dcdedb" NAME="Caparol Graphit 16" Spot="1" />
 <COLOR RGB="#55504f" NAME="Caparol Basalt 0" Spot="1" />
 <COLOR RGB="#aaa4a2" NAME="Caparol Basalt 13" Spot="1" />
 <COLOR RGB="#878281" NAME="Caparol Basalt 12" Spot="1" />
 <COLOR RGB="#cfccc9" NAME="Caparol Basalt 15" Spot="1" />
 <COLOR RGB="#bfbab8" NAME="Caparol Basalt 14" Spot="1" />
 <COLOR RGB="#eae8e4" NAME="Caparol Basalt 18" Spot="1" />
 <COLOR RGB="#dcd9d5" NAME="Caparol Basalt 16" Spot="1" />
 <COLOR RGB="#5c4a45" NAME="Caparol Mocca 0" Spot="1" />
 <COLOR RGB="#ad9891" NAME="Caparol Mocca 13" Spot="1" />
 <COLOR RGB="#8a7670" NAME="Caparol Mocca 12" Spot="1" />
 <COLOR RGB="#d4c5bf" NAME="Caparol Mocca 15" Spot="1" />
 <COLOR RGB="#c3b1aa" NAME="Caparol Mocca 14" Spot="1" />
 <COLOR RGB="#ebe5e0" NAME="Caparol Mocca 18" Spot="1" />
 <COLOR RGB="#dfd4cf" NAME="Caparol Mocca 16" Spot="1" />
 <COLOR RGB="#7a5743" NAME="Caparol Marone 0" Spot="1" />
 <COLOR RGB="#c5a288" NAME="Caparol Marone 13" Spot="1" />
 <COLOR RGB="#a88368" NAME="Caparol Marone 12" Spot="1" />
 <COLOR RGB="#e1cab6" NAME="Caparol Marone 15" Spot="1" />
 <COLOR RGB="#d5b8a1" NAME="Caparol Marone 14" Spot="1" />
 <COLOR RGB="#f2e7dc" NAME="Caparol Marone 18" Spot="1" />
 <COLOR RGB="#e9d8c8" NAME="Caparol Marone 16" Spot="1" />
 <COLOR RGB="#715a4a" NAME="Caparol Nutria 0" Spot="1" />
 <COLOR RGB="#baa188" NAME="Caparol Nutria 13" Spot="1" />
 <COLOR RGB="#9c826b" NAME="Caparol Nutria 12" Spot="1" />
 <COLOR RGB="#d9c8b4" NAME="Caparol Nutria 15" Spot="1" />
 <COLOR RGB="#ccb69f" NAME="Caparol Nutria 14" Spot="1" />
 <COLOR RGB="#eee6da" NAME="Caparol Nutria 18" Spot="1" />
 <COLOR RGB="#e5d7c7" NAME="Caparol Nutria 16" Spot="1" />
 <COLOR RGB="#996544" NAME="Caparol Terra 0" Spot="1" />
 <COLOR RGB="#d6a47b" NAME="Caparol Terra 13" Spot="1" />
 <COLOR RGB="#be875e" NAME="Caparol Terra 12" Spot="1" />
 <COLOR RGB="#ebc9a9" NAME="Caparol Terra 15" Spot="1" />
 <COLOR RGB="#e3b993" NAME="Caparol Terra 14" Spot="1" />
 <COLOR RGB="#f6e7d5" NAME="Caparol Terra 18" Spot="1" />
 <COLOR RGB="#f0d7bd" NAME="Caparol Terra 16" Spot="1" />
 <COLOR RGB="#846245" NAME="Caparol Havanna 0" Spot="1" />
 <COLOR RGB="#c9a680" NAME="Caparol Havanna 13" Spot="1" />
 <COLOR RGB="#ae8862" NAME="Caparol Havanna 12" Spot="1" />
 <COLOR RGB="#e4cbae" NAME="Caparol Havanna 15" Spot="1" />
 <COLOR RGB="#d8b896" NAME="Caparol Havanna 14" Spot="1" />
 <COLOR RGB="#f3e7d8" NAME="Caparol Havanna 18" Spot="1" />
 <COLOR RGB="#ebd8c1" NAME="Caparol Havanna 16" Spot="1" />
 <COLOR RGB="#72624f" NAME="Caparol Muskat 0" Spot="1" />
 <COLOR RGB="#c2b096" NAME="Caparol Muskat 13" Spot="1" />
 <COLOR RGB="#a19076" NAME="Caparol Muskat 12" Spot="1" />
 <COLOR RGB="#e0d5c0" NAME="Caparol Muskat 15" Spot="1" />
 <COLOR RGB="#d3c4ac" NAME="Caparol Muskat 14" Spot="1" />
 <COLOR RGB="#f1ede2" NAME="Caparol Muskat 18" Spot="1" />
 <COLOR RGB="#e8e0d1" NAME="Caparol Muskat 16" Spot="1" />
 <COLOR RGB="#7a6547" NAME="Caparol Savanne 0" Spot="1" />
 <COLOR RGB="#cfb48a" NAME="Caparol Savanne 13" Spot="1" />
 <COLOR RGB="#b09368" NAME="Caparol Savanne 12" Spot="1" />
 <COLOR RGB="#e8d8b9" NAME="Caparol Savanne 15" Spot="1" />
 <COLOR RGB="#dec8a3" NAME="Caparol Savanne 14" Spot="1" />
 <COLOR RGB="#f3ecdc" NAME="Caparol Savanne 18" Spot="1" />
 <COLOR RGB="#ece1ca" NAME="Caparol Savanne 16" Spot="1" />
 <COLOR RGB="#5d6859" NAME="Caparol Salbei 0" Spot="1" />
 <COLOR RGB="#b3bcae" NAME="Caparol Salbei 13" Spot="1" />
 <COLOR RGB="#929c8e" NAME="Caparol Salbei 12" Spot="1" />
 <COLOR RGB="#d7dcd3" NAME="Caparol Salbei 15" Spot="1" />
 <COLOR RGB="#c6cec1" NAME="Caparol Salbei 14" Spot="1" />
 <COLOR RGB="#eceee8" NAME="Caparol Salbei 18" Spot="1" />
 <COLOR RGB="#e2e6dd" NAME="Caparol Salbei 16" Spot="1" />
 <COLOR RGB="#667372" NAME="Caparol Tibet 0" Spot="1" />
 <COLOR RGB="#abb7b4" NAME="Caparol Tibet 13" Spot="1" />
 <COLOR RGB="#8c9998" NAME="Caparol Tibet 12" Spot="1" />
 <COLOR RGB="#d0d7d5" NAME="Caparol Tibet 15" Spot="1" />
 <COLOR RGB="#bfc8c6" NAME="Caparol Tibet 14" Spot="1" />
 <COLOR RGB="#e9ede9" NAME="Caparol Tibet 18" Spot="1" />
 <COLOR RGB="#dce2de" NAME="Caparol Tibet 16" Spot="1" />
 <COLOR RGB="#4f575d" NAME="Caparol Atlantis 0" Spot="1" />
 <COLOR RGB="#95a6af" NAME="Caparol Atlantis 13" Spot="1" />
 <COLOR RGB="#748690" NAME="Caparol Atlantis 12" Spot="1" />
 <COLOR RGB="#c2ced3" NAME="Caparol Atlantis 15" Spot="1" />
 <COLOR RGB="#abbbc2" NAME="Caparol Atlantis 14" Spot="1" />
 <COLOR RGB="#e1e8e8" NAME="Caparol Atlantis 18" Spot="1" />
 <COLOR RGB="#cfd9dc" NAME="Caparol Atlantis 16" Spot="1" />
</SCRIBUSCOLORS>