<?xml version="1.0" encoding="UTF-8"?>
<SCRIBUSCOLORS Name="Caparol Capacryl">
 <COLOR RGB="#f4f3e9" NAME="Caparol 251 Reinweiss" Spot="1" />
 <COLOR RGB="#f5e8d0" NAME="Caparol 252 Elfenbein" Spot="1" />
 <COLOR RGB="#d7d5ca" NAME="Caparol 253 Grauweiss" Spot="1" />
 <COLOR RGB="#c8c9c5" NAME="Caparol 254 Lichtgrau" Spot="1" />
 <COLOR RGB="#919a9d" NAME="Caparol 255 Silbergrau" Spot="1" />
 <COLOR RGB="#dea41d" NAME="Caparol 256 Verkehrsgelb" Spot="1" />
 <COLOR RGB="#be822d" NAME="Caparol 257 Ocker" Spot="1" />
 <COLOR RGB="#d27121" NAME="Caparol 258 Gelborange" Spot="1" />
 <COLOR RGB="#99352e" NAME="Caparol 259 Feuerrot" Spot="1" />
 <COLOR RGB="#6b372f" NAME="Caparol 260 Oxidrot" Spot="1" />
 <COLOR RGB="#7f5234" NAME="Caparol 261 Lehmbraun" Spot="1" />
 <COLOR RGB="#5d4132" NAME="Caparol 262 Nussbraun" Spot="1" />
 <COLOR RGB="#473630" NAME="Caparol 263 Schokobraun" Spot="1" />
 <COLOR RGB="#4a4737" NAME="Caparol 264 Umbra" Spot="1" />
 <COLOR RGB="#366b39" NAME="Caparol 265 Smaragdgruen" Spot="1" />
 <COLOR RGB="#22463a" NAME="Caparol 266 Moosgruen" Spot="1" />
 <COLOR RGB="#105483" NAME="Caparol 267 Enzianblau" Spot="1" />
 <COLOR RGB="#232527" NAME="Caparol 268 Tiefschwarz" Spot="1" />
 <COLOR RGB="#392f2b" NAME="Caparol 269" Spot="1" />
 <COLOR RGB="#2a3840" NAME="Caparol 270" Spot="1" />
 <COLOR RGB="#2f3340" NAME="Caparol 271" Spot="1" />
 <COLOR RGB="#3b90b9" NAME="Caparol 272" Spot="1" />
 <COLOR RGB="#d9d9cf" NAME="Caparol 273" Spot="1" />
 <COLOR RGB="#ccd0cb" NAME="Caparol 274" Spot="1" />
 <COLOR RGB="#65676a" NAME="Caparol 275" Spot="1" />
 <COLOR RGB="#1f4a4f" NAME="Caparol 276" Spot="1" />
 <COLOR RGB="#16524b" NAME="Caparol 277" Spot="1" />
 <COLOR RGB="#20563c" NAME="Caparol 278" Spot="1" />
 <COLOR RGB="#5d7c38" NAME="Caparol 279" Spot="1" />
 <COLOR RGB="#375038" NAME="Caparol 280" Spot="1" />
 <COLOR RGB="#565b3a" NAME="Caparol 281" Spot="1" />
 <COLOR RGB="#353f34" NAME="Caparol 282" Spot="1" />
 <COLOR RGB="#6d6539" NAME="Caparol 283" Spot="1" />
 <COLOR RGB="#928d77" NAME="Caparol 284" Spot="1" />
 <COLOR RGB="#ecc562" NAME="Caparol 285" Spot="1" />
 <COLOR RGB="#c79026" NAME="Caparol 286" Spot="1" />
 <COLOR RGB="#996d34" NAME="Caparol 287" Spot="1" />
 <COLOR RGB="#6c533b" NAME="Caparol 288" Spot="1" />
 <COLOR RGB="#463c30" NAME="Caparol 289" Spot="1" />
 <COLOR RGB="#5c4434" NAME="Caparol 290" Spot="1" />
 <COLOR RGB="#684732" NAME="Caparol 291" Spot="1" />
 <COLOR RGB="#8c5136" NAME="Caparol 292" Spot="1" />
 <COLOR RGB="#703e30" NAME="Caparol 293" Spot="1" />
 <COLOR RGB="#965b2d" NAME="Caparol 294" Spot="1" />
 <COLOR RGB="#c2782c" NAME="Caparol 295" Spot="1" />
 <COLOR RGB="#a24833" NAME="Caparol 296" Spot="1" />
 <COLOR RGB="#753429" NAME="Caparol 297" Spot="1" />
 <COLOR RGB="#5b382f" NAME="Caparol 298" Spot="1" />
 <COLOR RGB="#9a9f7f" NAME="Caparol Resedagruen" Spot="1" />
 <COLOR RGB="#8b4d3e" NAME="Caparol Rotbraun" Spot="1" />
 <COLOR RGB="#eae7db" NAME="Caparol Weiss" Spot="1" />
</SCRIBUSCOLORS>