<?xml version="1.0" encoding="UTF-8"?>
<SCRIBUSCOLORS Name="Capalac_Metallic+Pearl">
 <COLOR RGB="#a6a8a7" NAME="Silber ca. RAL 9006 - glänzend" Spot="1" />
 <COLOR RGB="#a9aba8" NAME="Silber ca. RAL 9006 - seidenmatt" Spot="1" />
 <COLOR RGB="#bc9a25" NAME="Gold - glänzend" Spot="1" />
 <COLOR RGB="#ac7d58" NAME="Kupfer - glänzend" Spot="1" />
 <COLOR RGB="#938772" NAME="RAL 1035 Perlbeige" Spot="1" />
 <COLOR RGB="#8f7651" NAME="RAL 1036 Perlgold" Spot="1" />
 <COLOR RGB="#823b1e" NAME="RAL 2013 Perlorange" Spot="1" />
 <COLOR RGB="#762f33" NAME="RAL 3032 Perlrubinrot" Spot="1" />
 <COLOR RGB="#a0312b" NAME="RAL 3033 Perlrosa" Spot="1" />
 <COLOR RGB="#766684" NAME="RAL 4011 Perlviolett" Spot="1" />
 <COLOR RGB="#626174" NAME="RAL 4012 Perlbrombeer" Spot="1" />
 <COLOR RGB="#305e70" NAME="RAL 5025 Perlenzian" Spot="1" />
 <COLOR RGB="#1e2d50" NAME="RAL 5026 Perlnachtblau" Spot="1" />
 <COLOR RGB="#26572f" NAME="RAL 6035 Perlgrün" Spot="1" />
 <COLOR RGB="#0b594b" NAME="RAL 6036 Perlopalgrün" Spot="1" />
 <COLOR RGB="#787061" NAME="RAL 7048 Perlmausgrau" Spot="1" />
 <COLOR RGB="#7d3d28" NAME="RAL 8029 Perlkupfer" Spot="1" />
 <COLOR RGB="#9c9b93" NAME="RAL 9022 Perlhellgrau" Spot="1" />
 <COLOR RGB="#7a7b78" NAME="RAL 9023 Perldunkelgrau" Spot="1" />
</SCRIBUSCOLORS>