<?xml version="1.0" encoding="UTF-8"?>
<SCRIBUSCOLORS Name="Capalac Glimmer">
 <COLOR RGB="#8a5555" NAME="DB 301" Spot="1" />
 <COLOR RGB="#915452" NAME="DB 310" Spot="1" />
 <COLOR RGB="#778589" NAME="DB 501" Spot="1" />
 <COLOR RGB="#61787e" NAME="DB 502" Spot="1" />
 <COLOR RGB="#5d6e76" NAME="DB 503" Spot="1" />
 <COLOR RGB="#57788c" NAME="DB 510" Spot="1" />
 <COLOR RGB="#757a6a" NAME="DB 601" Spot="1" />
 <COLOR RGB="#79927a" NAME="DB 602" Spot="1" />
 <COLOR RGB="#677168" NAME="DB 603" Spot="1" />
 <COLOR RGB="#4e7f74" NAME="DB 610" Spot="1" />
 <COLOR RGB="#969088" NAME="DB 701" Spot="1" />
 <COLOR RGB="#8a8780" NAME="DB 702" Spot="1" />
 <COLOR RGB="#615f5f" NAME="DB 703" Spot="1" />
 <COLOR RGB="#908b82" NAME="DB 704" Spot="1" />
 <COLOR RGB="#b0b0ad" NAME="RAL 9006" Spot="1" />
 <COLOR RGB="#9c9b99" NAME="RAL 9007" Spot="1" />
 <COLOR RGB="#946954" NAME="Kupfer" Spot="1" />
 <COLOR RGB="#906c59" NAME="Altkupfer" Spot="1" />
</SCRIBUSCOLORS>