<?xml version="1.0" encoding="UTF-8"?>
<SCRIBUSCOLORS Name="Caparol 3D plus">
 <COLOR RGB="#ebeae6" NAME="Caparol Kuehl-Weiss" Spot="1" />
 <COLOR RGB="#e9e8e2" NAME="Caparol Grau-Weiss" Spot="1" />
 <COLOR RGB="#f6f5f0" NAME="Caparol Hell-Weiss" Spot="1" />
 <COLOR RGB="#f0ede5" NAME="Caparol Natur-Weiss" Spot="1" />
 <COLOR RGB="#eeebe0" NAME="Caparol Umbra-Weiss" Spot="1" />
 <COLOR RGB="#eeeae3" NAME="Caparol Warm-Weiss" Spot="1" />
 <COLOR RGB="#f1f3f0" NAME="Caparol Off White 50" Spot="1" />
 <COLOR RGB="#edf5ef" NAME="Caparol Off White 40" Spot="1" />
 <COLOR RGB="#f6f8eb" NAME="Caparol Off White 30" Spot="1" />
 <COLOR RGB="#f8f6e6" NAME="Caparol Off White 25" Spot="1" />
 <COLOR RGB="#f9f4e4" NAME="Caparol Off White 20" Spot="1" />
 <COLOR RGB="#faf2eb" NAME="Caparol Off White 15" Spot="1" />
 <COLOR RGB="#939392" NAME="Caparol Granit 30" Spot="1" />
 <COLOR RGB="#868685" NAME="Caparol Granit 25" Spot="1" />
 <COLOR RGB="#797979" NAME="Caparol Granit 20" Spot="1" />
 <COLOR RGB="#6a6a6a" NAME="Caparol Granit 15" Spot="1" />
 <COLOR RGB="#575757" NAME="Caparol Granit 10" Spot="1" />
 <COLOR RGB="#464646" NAME="Caparol Granit 5" Spot="1" />
 <COLOR RGB="#e3e2df" NAME="Caparol Granit 60" Spot="1" />
 <COLOR RGB="#d8d6d4" NAME="Caparol Granit 55" Spot="1" />
 <COLOR RGB="#cccac8" NAME="Caparol Granit 50" Spot="1" />
 <COLOR RGB="#bdbdbc" NAME="Caparol Granit 45" Spot="1" />
 <COLOR RGB="#afafad" NAME="Caparol Granit 40" Spot="1" />
 <COLOR RGB="#a3a2a1" NAME="Caparol Granit 35" Spot="1" />
 <COLOR RGB="#989390" NAME="Caparol Ferro 30" Spot="1" />
 <COLOR RGB="#8a8684" NAME="Caparol Ferro 25" Spot="1" />
 <COLOR RGB="#7d7977" NAME="Caparol Ferro 20" Spot="1" />
 <COLOR RGB="#706b6a" NAME="Caparol Ferro 15" Spot="1" />
 <COLOR RGB="#5b5755" NAME="Caparol Ferro 10" Spot="1" />
 <COLOR RGB="#4c4747" NAME="Caparol Ferro 5" Spot="1" />
 <COLOR RGB="#e5e2df" NAME="Caparol Ferro 60" Spot="1" />
 <COLOR RGB="#dad6d3" NAME="Caparol Ferro 55" Spot="1" />
 <COLOR RGB="#d0cbc8" NAME="Caparol Ferro 50" Spot="1" />
 <COLOR RGB="#c0bbb9" NAME="Caparol Ferro 45" Spot="1" />
 <COLOR RGB="#b4aeac" NAME="Caparol Ferro 40" Spot="1" />
 <COLOR RGB="#a5a19f" NAME="Caparol Ferro 35" Spot="1" />
 <COLOR RGB="#94938e" NAME="Caparol Jura 30" Spot="1" />
 <COLOR RGB="#868581" NAME="Caparol Jura 25" Spot="1" />
 <COLOR RGB="#777772" NAME="Caparol Jura 20" Spot="1" />
 <COLOR RGB="#6b6a67" NAME="Caparol Jura 15" Spot="1" />
 <COLOR RGB="#595754" NAME="Caparol Jura 10" Spot="1" />
 <COLOR RGB="#464543" NAME="Caparol Jura 5" Spot="1" />
 <COLOR RGB="#e3e1de" NAME="Caparol Jura 60" Spot="1" />
 <COLOR RGB="#d8d6d2" NAME="Caparol Jura 55" Spot="1" />
 <COLOR RGB="#cdcac6" NAME="Caparol Jura 50" Spot="1" />
 <COLOR RGB="#bdbcb7" NAME="Caparol Jura 45" Spot="1" />
 <COLOR RGB="#b1afab" NAME="Caparol Jura 40" Spot="1" />
 <COLOR RGB="#a2a19c" NAME="Caparol Jura 35" Spot="1" />
 <COLOR RGB="#909495" NAME="Caparol Venato 30" Spot="1" />
 <COLOR RGB="#838688" NAME="Caparol Venato 25" Spot="1" />
 <COLOR RGB="#777b7c" NAME="Caparol Venato 20" Spot="1" />
 <COLOR RGB="#6c6f71" NAME="Caparol Venato 15" Spot="1" />
 <COLOR RGB="#57595c" NAME="Caparol Venato 10" Spot="1" />
 <COLOR RGB="#494b4c" NAME="Caparol Venato 5" Spot="1" />
 <COLOR RGB="#e1e2e1" NAME="Caparol Venato 60" Spot="1" />
 <COLOR RGB="#d6d7d6" NAME="Caparol Venato 55" Spot="1" />
 <COLOR RGB="#c9cbcb" NAME="Caparol Venato 50" Spot="1" />
 <COLOR RGB="#bbbdbe" NAME="Caparol Venato 45" Spot="1" />
 <COLOR RGB="#adb0b2" NAME="Caparol Venato 40" Spot="1" />
 <COLOR RGB="#a0a3a5" NAME="Caparol Venato 35" Spot="1" />
 <COLOR RGB="#f0eee9" NAME="Caparol Rose 30" Spot="1" />
 <COLOR RGB="#eee8e4" NAME="Caparol Rose 25" Spot="1" />
 <COLOR RGB="#efe6e3" NAME="Caparol Rose 20" Spot="1" />
 <COLOR RGB="#efe2e0" NAME="Caparol Rose 15" Spot="1" />
 <COLOR RGB="#dcd6d3" NAME="Caparol Rose 10" Spot="1" />
 <COLOR RGB="#c7bfbd" NAME="Caparol Rose 5" Spot="1" />
 <COLOR RGB="#f8e9e8" NAME="Caparol Rose 60" Spot="1" />
 <COLOR RGB="#e4d0cf" NAME="Caparol Rose 55" Spot="1" />
 <COLOR RGB="#cdbbbe" NAME="Caparol Rose 50" Spot="1" />
 <COLOR RGB="#bfafb1" NAME="Caparol Rose 45" Spot="1" />
 <COLOR RGB="#bfa7a9" NAME="Caparol Rose 40" Spot="1" />
 <COLOR RGB="#a28f91" NAME="Caparol Rose 35" Spot="1" />
 <COLOR RGB="#fae2e3" NAME="Caparol Rose 90" Spot="1" />
 <COLOR RGB="#d9b6bc" NAME="Caparol Rose 85" Spot="1" />
 <COLOR RGB="#c0979d" NAME="Caparol Rose 80" Spot="1" />
 <COLOR RGB="#a67b82" NAME="Caparol Rose 75" Spot="1" />
 <COLOR RGB="#897376" NAME="Caparol Rose 70" Spot="1" />
 <COLOR RGB="#745d61" NAME="Caparol Rose 65" Spot="1" />
 <COLOR RGB="#e1b3b9" NAME="Caparol Rose 120" Spot="1" />
 <COLOR RGB="#db8a98" NAME="Caparol Rose 115" Spot="1" />
 <COLOR RGB="#b0727d" NAME="Caparol Rose 110" Spot="1" />
 <COLOR RGB="#8f5f69" NAME="Caparol Rose 105" Spot="1" />
 <COLOR RGB="#ae516b" NAME="Caparol Rose 100" Spot="1" />
 <COLOR RGB="#ae4964" NAME="Caparol Rose 95" Spot="1" />
 <COLOR RGB="#f9d7d9" NAME="Caparol Baccara 30" Spot="1" />
 <COLOR RGB="#f2a9b3" NAME="Caparol Baccara 25" Spot="1" />
 <COLOR RGB="#e38392" NAME="Caparol Baccara 20" Spot="1" />
 <COLOR RGB="#c76979" NAME="Caparol Baccara 15" Spot="1" />
 <COLOR RGB="#8a5059" NAME="Caparol Baccara 10" Spot="1" />
 <COLOR RGB="#6c484a" NAME="Caparol Baccara 5" Spot="1" />
 <COLOR RGB="#dad1cf" NAME="Caparol Barolo 30" Spot="1" />
 <COLOR RGB="#c0b2b1" NAME="Caparol Barolo 25" Spot="1" />
 <COLOR RGB="#a49493" NAME="Caparol Barolo 20" Spot="1" />
 <COLOR RGB="#8b7877" NAME="Caparol Barolo 15" Spot="1" />
 <COLOR RGB="#715c5b" NAME="Caparol Barolo 10" Spot="1" />
 <COLOR RGB="#5c4444" NAME="Caparol Barolo 5" Spot="1" />
 <COLOR RGB="#e2d6d4" NAME="Caparol Barolo 60" Spot="1" />
 <COLOR RGB="#cab6b4" NAME="Caparol Barolo 55" Spot="1" />
 <COLOR RGB="#b19795" NAME="Caparol Barolo 50" Spot="1" />
 <COLOR RGB="#997877" NAME="Caparol Barolo 45" Spot="1" />
 <COLOR RGB="#825b5b" NAME="Caparol Barolo 40" Spot="1" />
 <COLOR RGB="#6b4243" NAME="Caparol Barolo 35" Spot="1" />
 <COLOR RGB="#eadbd9" NAME="Caparol Barolo 90" Spot="1" />
 <COLOR RGB="#d3b8b6" NAME="Caparol Barolo 85" Spot="1" />
 <COLOR RGB="#be9897" NAME="Caparol Barolo 80" Spot="1" />
 <COLOR RGB="#a87878" NAME="Caparol Barolo 75" Spot="1" />
 <COLOR RGB="#945b5b" NAME="Caparol Barolo 70" Spot="1" />
 <COLOR RGB="#7d4144" NAME="Caparol Barolo 65" Spot="1" />
 <COLOR RGB="#f1dfdc" NAME="Caparol Barolo 120" Spot="1" />
 <COLOR RGB="#debcb9" NAME="Caparol Barolo 115" Spot="1" />
 <COLOR RGB="#ca9998" NAME="Caparol Barolo 110" Spot="1" />
 <COLOR RGB="#b97b7b" NAME="Caparol Barolo 105" Spot="1" />
 <COLOR RGB="#a35a5d" NAME="Caparol Barolo 100" Spot="1" />
 <COLOR RGB="#8a3e42" NAME="Caparol Barolo 95" Spot="1" />
 <COLOR RGB="#f7e1e0" NAME="Caparol Barolo 150" Spot="1" />
 <COLOR RGB="#e8bebd" NAME="Caparol Barolo 145" Spot="1" />
 <COLOR RGB="#d69d9c" NAME="Caparol Barolo 140" Spot="1" />
 <COLOR RGB="#c77b7a" NAME="Caparol Barolo 135" Spot="1" />
 <COLOR RGB="#b3575c" NAME="Caparol Barolo 130" Spot="1" />
 <COLOR RGB="#a23843" NAME="Caparol Barolo 125" Spot="1" />
 <COLOR RGB="#fce4e0" NAME="Caparol Venezia 30" Spot="1" />
 <COLOR RGB="#fde1df" NAME="Caparol Venezia 25" Spot="1" />
 <COLOR RGB="#fab7b8" NAME="Caparol Venezia 20" Spot="1" />
 <COLOR RGB="#e98b8d" NAME="Caparol Venezia 15" Spot="1" />
 <COLOR RGB="#e08081" NAME="Caparol Venezia 10" Spot="1" />
 <COLOR RGB="#d25e65" NAME="Caparol Venezia 5" Spot="1" />
 <COLOR RGB="#dad1ce" NAME="Caparol Grenadin 30" Spot="1" />
 <COLOR RGB="#beb2af" NAME="Caparol Grenadin 25" Spot="1" />
 <COLOR RGB="#a49390" NAME="Caparol Grenadin 20" Spot="1" />
 <COLOR RGB="#8b7975" NAME="Caparol Grenadin 15" Spot="1" />
 <COLOR RGB="#735e5a" NAME="Caparol Grenadin 10" Spot="1" />
 <COLOR RGB="#5b4543" NAME="Caparol Grenadin 5" Spot="1" />
 <COLOR RGB="#e1d5d2" NAME="Caparol Grenadin 60" Spot="1" />
 <COLOR RGB="#cbb7b3" NAME="Caparol Grenadin 55" Spot="1" />
 <COLOR RGB="#b39895" NAME="Caparol Grenadin 50" Spot="1" />
 <COLOR RGB="#9e7c78" NAME="Caparol Grenadin 45" Spot="1" />
 <COLOR RGB="#87605c" NAME="Caparol Grenadin 40" Spot="1" />
 <COLOR RGB="#6d4440" NAME="Caparol Grenadin 35" Spot="1" />
 <COLOR RGB="#ebdcd7" NAME="Caparol Grenadin 90" Spot="1" />
 <COLOR RGB="#d6bab6" NAME="Caparol Grenadin 85" Spot="1" />
 <COLOR RGB="#c19a95" NAME="Caparol Grenadin 80" Spot="1" />
 <COLOR RGB="#af7f79" NAME="Caparol Grenadin 75" Spot="1" />
 <COLOR RGB="#995e5a" NAME="Caparol Grenadin 70" Spot="1" />
 <COLOR RGB="#864641" NAME="Caparol Grenadin 65" Spot="1" />
 <COLOR RGB="#efdeda" NAME="Caparol Grenadin 120" Spot="1" />
 <COLOR RGB="#e0bdb7" NAME="Caparol Grenadin 115" Spot="1" />
 <COLOR RGB="#cf9d97" NAME="Caparol Grenadin 110" Spot="1" />
 <COLOR RGB="#be8079" NAME="Caparol Grenadin 105" Spot="1" />
 <COLOR RGB="#a85f59" NAME="Caparol Grenadin 100" Spot="1" />
 <COLOR RGB="#974642" NAME="Caparol Grenadin 95" Spot="1" />
 <COLOR RGB="#f7e2dd" NAME="Caparol Grenadin 150" Spot="1" />
 <COLOR RGB="#eac0ba" NAME="Caparol Grenadin 145" Spot="1" />
 <COLOR RGB="#dd9f98" NAME="Caparol Grenadin 140" Spot="1" />
 <COLOR RGB="#cf8178" NAME="Caparol Grenadin 135" Spot="1" />
 <COLOR RGB="#bf615b" NAME="Caparol Grenadin 130" Spot="1" />
 <COLOR RGB="#af4846" NAME="Caparol Grenadin 125" Spot="1" />
 <COLOR RGB="#f1e7e3" NAME="Caparol Bordeaux 30" Spot="1" />
 <COLOR RGB="#e1d8d5" NAME="Caparol Bordeaux 25" Spot="1" />
 <COLOR RGB="#ccb9b5" NAME="Caparol Bordeaux 20" Spot="1" />
 <COLOR RGB="#c1a9a5" NAME="Caparol Bordeaux 15" Spot="1" />
 <COLOR RGB="#bd9c94" NAME="Caparol Bordeaux 10" Spot="1" />
 <COLOR RGB="#ad8e88" NAME="Caparol Bordeaux 5" Spot="1" />
 <COLOR RGB="#ebc6bf" NAME="Caparol Bordeaux 60" Spot="1" />
 <COLOR RGB="#d4a59e" NAME="Caparol Bordeaux 55" Spot="1" />
 <COLOR RGB="#bb847b" NAME="Caparol Bordeaux 50" Spot="1" />
 <COLOR RGB="#b4736a" NAME="Caparol Bordeaux 45" Spot="1" />
 <COLOR RGB="#9f6b63" NAME="Caparol Bordeaux 40" Spot="1" />
 <COLOR RGB="#845650" NAME="Caparol Bordeaux 35" Spot="1" />
 <COLOR RGB="#ffdcd5" NAME="Caparol Bordeaux 90" Spot="1" />
 <COLOR RGB="#ffa097" NAME="Caparol Bordeaux 85" Spot="1" />
 <COLOR RGB="#d3796c" NAME="Caparol Bordeaux 80" Spot="1" />
 <COLOR RGB="#ae6057" NAME="Caparol Bordeaux 75" Spot="1" />
 <COLOR RGB="#af5f56" NAME="Caparol Bordeaux 70" Spot="1" />
 <COLOR RGB="#a94842" NAME="Caparol Bordeaux 65" Spot="1" />
 <COLOR RGB="#dbd2ce" NAME="Caparol Magma 30" Spot="1" />
 <COLOR RGB="#c1b4b0" NAME="Caparol Magma 25" Spot="1" />
 <COLOR RGB="#a69893" NAME="Caparol Magma 20" Spot="1" />
 <COLOR RGB="#8e7c77" NAME="Caparol Magma 15" Spot="1" />
 <COLOR RGB="#76615c" NAME="Caparol Magma 10" Spot="1" />
 <COLOR RGB="#5e4944" NAME="Caparol Magma 5" Spot="1" />
 <COLOR RGB="#e4d6d1" NAME="Caparol Magma 60" Spot="1" />
 <COLOR RGB="#cdb8b2" NAME="Caparol Magma 55" Spot="1" />
 <COLOR RGB="#b49891" NAME="Caparol Magma 50" Spot="1" />
 <COLOR RGB="#a07f77" NAME="Caparol Magma 45" Spot="1" />
 <COLOR RGB="#866259" NAME="Caparol Magma 40" Spot="1" />
 <COLOR RGB="#734b42" NAME="Caparol Magma 35" Spot="1" />
 <COLOR RGB="#ebd9d3" NAME="Caparol Magma 90" Spot="1" />
 <COLOR RGB="#d9bcb4" NAME="Caparol Magma 85" Spot="1" />
 <COLOR RGB="#c49d92" NAME="Caparol Magma 80" Spot="1" />
 <COLOR RGB="#b08175" NAME="Caparol Magma 75" Spot="1" />
 <COLOR RGB="#9b665b" NAME="Caparol Magma 70" Spot="1" />
 <COLOR RGB="#884a3e" NAME="Caparol Magma 65" Spot="1" />
 <COLOR RGB="#f4ddd5" NAME="Caparol Magma 120" Spot="1" />
 <COLOR RGB="#e4beb4" NAME="Caparol Magma 115" Spot="1" />
 <COLOR RGB="#d29f93" NAME="Caparol Magma 110" Spot="1" />
 <COLOR RGB="#c18475" NAME="Caparol Magma 105" Spot="1" />
 <COLOR RGB="#ae6657" NAME="Caparol Magma 100" Spot="1" />
 <COLOR RGB="#99493b" NAME="Caparol Magma 95" Spot="1" />
 <COLOR RGB="#fde0d7" NAME="Caparol Magma 150" Spot="1" />
 <COLOR RGB="#f2c4b8" NAME="Caparol Magma 145" Spot="1" />
 <COLOR RGB="#e3a798" NAME="Caparol Magma 140" Spot="1" />
 <COLOR RGB="#d48878" NAME="Caparol Magma 135" Spot="1" />
 <COLOR RGB="#c26b58" NAME="Caparol Magma 130" Spot="1" />
 <COLOR RGB="#a94d3f" NAME="Caparol Magma 125" Spot="1" />
 <COLOR RGB="#f1eee8" NAME="Caparol Cameo 30" Spot="1" />
 <COLOR RGB="#ede9e5" NAME="Caparol Cameo 25" Spot="1" />
 <COLOR RGB="#e1d4cf" NAME="Caparol Cameo 20" Spot="1" />
 <COLOR RGB="#d2cbc8" NAME="Caparol Cameo 15" Spot="1" />
 <COLOR RGB="#bbafac" NAME="Caparol Cameo 10" Spot="1" />
 <COLOR RGB="#9f908c" NAME="Caparol Cameo 5" Spot="1" />
 <COLOR RGB="#faf0ec" NAME="Caparol Cameo 60" Spot="1" />
 <COLOR RGB="#e8d8d4" NAME="Caparol Cameo 55" Spot="1" />
 <COLOR RGB="#cbb7b0" NAME="Caparol Cameo 50" Spot="1" />
 <COLOR RGB="#c0a79f" NAME="Caparol Cameo 45" Spot="1" />
 <COLOR RGB="#aa9690" NAME="Caparol Cameo 40" Spot="1" />
 <COLOR RGB="#897671" NAME="Caparol Cameo 35" Spot="1" />
 <COLOR RGB="#fce5de" NAME="Caparol Cameo 90" Spot="1" />
 <COLOR RGB="#efd7d0" NAME="Caparol Cameo 85" Spot="1" />
 <COLOR RGB="#e0c2b8" NAME="Caparol Cameo 80" Spot="1" />
 <COLOR RGB="#cca298" NAME="Caparol Cameo 75" Spot="1" />
 <COLOR RGB="#ad8c83" NAME="Caparol Cameo 70" Spot="1" />
 <COLOR RGB="#94736a" NAME="Caparol Cameo 65" Spot="1" />
 <COLOR RGB="#fde2d8" NAME="Caparol Cameo 120" Spot="1" />
 <COLOR RGB="#f2ccc3" NAME="Caparol Cameo 115" Spot="1" />
 <COLOR RGB="#e2b2a6" NAME="Caparol Cameo 110" Spot="1" />
 <COLOR RGB="#e19e91" NAME="Caparol Cameo 105" Spot="1" />
 <COLOR RGB="#af7d6e" NAME="Caparol Cameo 100" Spot="1" />
 <COLOR RGB="#8c574a" NAME="Caparol Cameo 95" Spot="1" />
 <COLOR RGB="#fde7df" NAME="Caparol Cameo 150" Spot="1" />
 <COLOR RGB="#f6bcad" NAME="Caparol Cameo 145" Spot="1" />
 <COLOR RGB="#f5a998" NAME="Caparol Cameo 140" Spot="1" />
 <COLOR RGB="#c78170" NAME="Caparol Cameo 135" Spot="1" />
 <COLOR RGB="#ae695c" NAME="Caparol Cameo 130" Spot="1" />
 <COLOR RGB="#a25545" NAME="Caparol Cameo 125" Spot="1" />
 <COLOR RGB="#ffc9bb" NAME="Caparol Cameo 180" Spot="1" />
 <COLOR RGB="#ffa492" NAME="Caparol Cameo 175" Spot="1" />
 <COLOR RGB="#eb7f68" NAME="Caparol Cameo 170" Spot="1" />
 <COLOR RGB="#e35b42" NAME="Caparol Cameo 165" Spot="1" />
 <COLOR RGB="#da5946" NAME="Caparol Cameo 160" Spot="1" />
 <COLOR RGB="#d05f4c" NAME="Caparol Cameo 155" Spot="1" />
 <COLOR RGB="#feebe2" NAME="Caparol Lachs 30" Spot="1" />
 <COLOR RGB="#fce5db" NAME="Caparol Lachs 25" Spot="1" />
 <COLOR RGB="#f2d4c8" NAME="Caparol Lachs 20" Spot="1" />
 <COLOR RGB="#e6c5b8" NAME="Caparol Lachs 15" Spot="1" />
 <COLOR RGB="#d6b4a6" NAME="Caparol Lachs 10" Spot="1" />
 <COLOR RGB="#c3a295" NAME="Caparol Lachs 5" Spot="1" />
 <COLOR RGB="#fbdcce" NAME="Caparol Lachs 60" Spot="1" />
 <COLOR RGB="#eec2b4" NAME="Caparol Lachs 55" Spot="1" />
 <COLOR RGB="#dfa996" NAME="Caparol Lachs 50" Spot="1" />
 <COLOR RGB="#d0a89a" NAME="Caparol Lachs 45" Spot="1" />
 <COLOR RGB="#c29788" NAME="Caparol Lachs 40" Spot="1" />
 <COLOR RGB="#ba8573" NAME="Caparol Lachs 35" Spot="1" />
 <COLOR RGB="#ffd4c1" NAME="Caparol Lachs 90" Spot="1" />
 <COLOR RGB="#ffc5b0" NAME="Caparol Lachs 85" Spot="1" />
 <COLOR RGB="#e79a82" NAME="Caparol Lachs 80" Spot="1" />
 <COLOR RGB="#da8f70" NAME="Caparol Lachs 75" Spot="1" />
 <COLOR RGB="#d18163" NAME="Caparol Lachs 70" Spot="1" />
 <COLOR RGB="#ac6a53" NAME="Caparol Lachs 65" Spot="1" />
 <COLOR RGB="#fea489" NAME="Caparol Lachs 120" Spot="1" />
 <COLOR RGB="#e88465" NAME="Caparol Lachs 115" Spot="1" />
 <COLOR RGB="#df6441" NAME="Caparol Lachs 110" Spot="1" />
 <COLOR RGB="#cf7555" NAME="Caparol Lachs 105" Spot="1" />
 <COLOR RGB="#bd664c" NAME="Caparol Lachs 100" Spot="1" />
 <COLOR RGB="#c05b40" NAME="Caparol Lachs 95" Spot="1" />
 <COLOR RGB="#f1ede8" NAME="Caparol Aprico 30" Spot="1" />
 <COLOR RGB="#f1eae5" NAME="Caparol Aprico 25" Spot="1" />
 <COLOR RGB="#e3d9d2" NAME="Caparol Aprico 20" Spot="1" />
 <COLOR RGB="#daccc3" NAME="Caparol Aprico 15" Spot="1" />
 <COLOR RGB="#c3ada3" NAME="Caparol Aprico 10" Spot="1" />
 <COLOR RGB="#b7a094" NAME="Caparol Aprico 5" Spot="1" />
 <COLOR RGB="#fce5d7" NAME="Caparol Aprico 60" Spot="1" />
 <COLOR RGB="#f3d5c8" NAME="Caparol Aprico 55" Spot="1" />
 <COLOR RGB="#e4c9bb" NAME="Caparol Aprico 50" Spot="1" />
 <COLOR RGB="#dab5a6" NAME="Caparol Aprico 45" Spot="1" />
 <COLOR RGB="#aa8d7e" NAME="Caparol Aprico 40" Spot="1" />
 <COLOR RGB="#957669" NAME="Caparol Aprico 35" Spot="1" />
 <COLOR RGB="#f6d0bf" NAME="Caparol Aprico 90" Spot="1" />
 <COLOR RGB="#e8c1b2" NAME="Caparol Aprico 85" Spot="1" />
 <COLOR RGB="#edc1ae" NAME="Caparol Aprico 80" Spot="1" />
 <COLOR RGB="#e7b299" NAME="Caparol Aprico 75" Spot="1" />
 <COLOR RGB="#c09b89" NAME="Caparol Aprico 70" Spot="1" />
 <COLOR RGB="#b58d7b" NAME="Caparol Aprico 65" Spot="1" />
 <COLOR RGB="#eaae92" NAME="Caparol Aprico 120" Spot="1" />
 <COLOR RGB="#f1ac8b" NAME="Caparol Aprico 115" Spot="1" />
 <COLOR RGB="#e39e7d" NAME="Caparol Aprico 110" Spot="1" />
 <COLOR RGB="#c6927a" NAME="Caparol Aprico 105" Spot="1" />
 <COLOR RGB="#d59272" NAME="Caparol Aprico 100" Spot="1" />
 <COLOR RGB="#a57660" NAME="Caparol Aprico 95" Spot="1" />
 <COLOR RGB="#ffb593" NAME="Caparol Aprico 150" Spot="1" />
 <COLOR RGB="#fd864f" NAME="Caparol Aprico 145" Spot="1" />
 <COLOR RGB="#f17e4d" NAME="Caparol Aprico 140" Spot="1" />
 <COLOR RGB="#ca7f5e" NAME="Caparol Aprico 135" Spot="1" />
 <COLOR RGB="#d58258" NAME="Caparol Aprico 130" Spot="1" />
 <COLOR RGB="#c66c46" NAME="Caparol Aprico 125" Spot="1" />
 <COLOR RGB="#fce9dc" NAME="Caparol Aprico 180" Spot="1" />
 <COLOR RGB="#ffdecd" NAME="Caparol Aprico 175" Spot="1" />
 <COLOR RGB="#ffc4a5" NAME="Caparol Aprico 170" Spot="1" />
 <COLOR RGB="#f8ab84" NAME="Caparol Aprico 165" Spot="1" />
 <COLOR RGB="#eb9166" NAME="Caparol Aprico 160" Spot="1" />
 <COLOR RGB="#d87240" NAME="Caparol Aprico 155" Spot="1" />
 <COLOR RGB="#ddd3ca" NAME="Caparol Papaya 30" Spot="1" />
 <COLOR RGB="#c7b9b1" NAME="Caparol Papaya 25" Spot="1" />
 <COLOR RGB="#b0a097" NAME="Caparol Papaya 20" Spot="1" />
 <COLOR RGB="#97877d" NAME="Caparol Papaya 15" Spot="1" />
 <COLOR RGB="#806f64" NAME="Caparol Papaya 10" Spot="1" />
 <COLOR RGB="#68554a" NAME="Caparol Papaya 5" Spot="1" />
 <COLOR RGB="#e7d6cb" NAME="Caparol Papaya 60" Spot="1" />
 <COLOR RGB="#d6beaf" NAME="Caparol Papaya 55" Spot="1" />
 <COLOR RGB="#c4a796" NAME="Caparol Papaya 50" Spot="1" />
 <COLOR RGB="#b3907c" NAME="Caparol Papaya 45" Spot="1" />
 <COLOR RGB="#a07862" NAME="Caparol Papaya 40" Spot="1" />
 <COLOR RGB="#895f47" NAME="Caparol Papaya 35" Spot="1" />
 <COLOR RGB="#f3ddcf" NAME="Caparol Papaya 90" Spot="1" />
 <COLOR RGB="#e6c4b0" NAME="Caparol Papaya 85" Spot="1" />
 <COLOR RGB="#dbb096" NAME="Caparol Papaya 80" Spot="1" />
 <COLOR RGB="#cd9978" NAME="Caparol Papaya 75" Spot="1" />
 <COLOR RGB="#ba805e" NAME="Caparol Papaya 70" Spot="1" />
 <COLOR RGB="#b37048" NAME="Caparol Papaya 65" Spot="1" />
 <COLOR RGB="#fddfce" NAME="Caparol Papaya 120" Spot="1" />
 <COLOR RGB="#f6caaf" NAME="Caparol Papaya 115" Spot="1" />
 <COLOR RGB="#ecb391" NAME="Caparol Papaya 110" Spot="1" />
 <COLOR RGB="#e59f75" NAME="Caparol Papaya 105" Spot="1" />
 <COLOR RGB="#d78858" NAME="Caparol Papaya 100" Spot="1" />
 <COLOR RGB="#c9733e" NAME="Caparol Papaya 95" Spot="1" />
 <COLOR RGB="#ffe1cd" NAME="Caparol Papaya 150" Spot="1" />
 <COLOR RGB="#ffceaf" NAME="Caparol Papaya 145" Spot="1" />
 <COLOR RGB="#ffb88f" NAME="Caparol Papaya 140" Spot="1" />
 <COLOR RGB="#fca571" NAME="Caparol Papaya 135" Spot="1" />
 <COLOR RGB="#f99355" NAME="Caparol Papaya 130" Spot="1" />
 <COLOR RGB="#ef7f39" NAME="Caparol Papaya 125" Spot="1" />
 <COLOR RGB="#d9cbc3" NAME="Caparol Ceramic 30" Spot="1" />
 <COLOR RGB="#cdbdb2" NAME="Caparol Ceramic 25" Spot="1" />
 <COLOR RGB="#bfaca0" NAME="Caparol Ceramic 20" Spot="1" />
 <COLOR RGB="#c3aa98" NAME="Caparol Ceramic 15" Spot="1" />
 <COLOR RGB="#aa8f7c" NAME="Caparol Ceramic 10" Spot="1" />
 <COLOR RGB="#947a68" NAME="Caparol Ceramic 5" Spot="1" />
 <COLOR RGB="#fbe4d4" NAME="Caparol Ceramic 60" Spot="1" />
 <COLOR RGB="#e3cbba" NAME="Caparol Ceramic 55" Spot="1" />
 <COLOR RGB="#e5c4ad" NAME="Caparol Ceramic 50" Spot="1" />
 <COLOR RGB="#e3c0a9" NAME="Caparol Ceramic 45" Spot="1" />
 <COLOR RGB="#d6b7a4" NAME="Caparol Ceramic 40" Spot="1" />
 <COLOR RGB="#cbaa94" NAME="Caparol Ceramic 35" Spot="1" />
 <COLOR RGB="#fbf0e7" NAME="Caparol Ceramic 90" Spot="1" />
 <COLOR RGB="#fee6d6" NAME="Caparol Ceramic 85" Spot="1" />
 <COLOR RGB="#ffdac1" NAME="Caparol Ceramic 80" Spot="1" />
 <COLOR RGB="#f7d1b6" NAME="Caparol Ceramic 75" Spot="1" />
 <COLOR RGB="#e2b392" NAME="Caparol Ceramic 70" Spot="1" />
 <COLOR RGB="#c99d7e" NAME="Caparol Ceramic 65" Spot="1" />
 <COLOR RGB="#ded4cb" NAME="Caparol Amber 30" Spot="1" />
 <COLOR RGB="#c6baaf" NAME="Caparol Amber 25" Spot="1" />
 <COLOR RGB="#b0a195" NAME="Caparol Amber 20" Spot="1" />
 <COLOR RGB="#99897b" NAME="Caparol Amber 15" Spot="1" />
 <COLOR RGB="#837162" NAME="Caparol Amber 10" Spot="1" />
 <COLOR RGB="#604f41" NAME="Caparol Amber 5" Spot="1" />
 <COLOR RGB="#e9d9cc" NAME="Caparol Amber 60" Spot="1" />
 <COLOR RGB="#d8c0af" NAME="Caparol Amber 55" Spot="1" />
 <COLOR RGB="#c7aa93" NAME="Caparol Amber 50" Spot="1" />
 <COLOR RGB="#b49278" NAME="Caparol Amber 45" Spot="1" />
 <COLOR RGB="#a47e60" NAME="Caparol Amber 40" Spot="1" />
 <COLOR RGB="#8f6645" NAME="Caparol Amber 35" Spot="1" />
 <COLOR RGB="#f3dcc9" NAME="Caparol Amber 90" Spot="1" />
 <COLOR RGB="#e6c5aa" NAME="Caparol Amber 85" Spot="1" />
 <COLOR RGB="#dbb08d" NAME="Caparol Amber 80" Spot="1" />
 <COLOR RGB="#ce9b73" NAME="Caparol Amber 75" Spot="1" />
 <COLOR RGB="#c18757" NAME="Caparol Amber 70" Spot="1" />
 <COLOR RGB="#b4753d" NAME="Caparol Amber 65" Spot="1" />
 <COLOR RGB="#fcdfc8" NAME="Caparol Amber 120" Spot="1" />
 <COLOR RGB="#f7cba8" NAME="Caparol Amber 115" Spot="1" />
 <COLOR RGB="#f0b98a" NAME="Caparol Amber 110" Spot="1" />
 <COLOR RGB="#e8a76d" NAME="Caparol Amber 105" Spot="1" />
 <COLOR RGB="#df944f" NAME="Caparol Amber 100" Spot="1" />
 <COLOR RGB="#d98234" NAME="Caparol Amber 95" Spot="1" />
 <COLOR RGB="#ffe2c6" NAME="Caparol Amber 150" Spot="1" />
 <COLOR RGB="#ffd0a6" NAME="Caparol Amber 145" Spot="1" />
 <COLOR RGB="#ffc288" NAME="Caparol Amber 140" Spot="1" />
 <COLOR RGB="#ffaf66" NAME="Caparol Amber 135" Spot="1" />
 <COLOR RGB="#ff9f45" NAME="Caparol Amber 130" Spot="1" />
 <COLOR RGB="#fc8e28" NAME="Caparol Amber 125" Spot="1" />
 <COLOR RGB="#eeeae5" NAME="Caparol Siena 30" Spot="1" />
 <COLOR RGB="#e2dbd6" NAME="Caparol Siena 25" Spot="1" />
 <COLOR RGB="#c8beb7" NAME="Caparol Siena 20" Spot="1" />
 <COLOR RGB="#ac9f96" NAME="Caparol Siena 15" Spot="1" />
 <COLOR RGB="#93857a" NAME="Caparol Siena 10" Spot="1" />
 <COLOR RGB="#827163" NAME="Caparol Siena 5" Spot="1" />
 <COLOR RGB="#fbf0e4" NAME="Caparol Siena 60" Spot="1" />
 <COLOR RGB="#eadac9" NAME="Caparol Siena 55" Spot="1" />
 <COLOR RGB="#e0d1c4" NAME="Caparol Siena 50" Spot="1" />
 <COLOR RGB="#c4b2a3" NAME="Caparol Siena 45" Spot="1" />
 <COLOR RGB="#ac9887" NAME="Caparol Siena 40" Spot="1" />
 <COLOR RGB="#907c6b" NAME="Caparol Siena 35" Spot="1" />
 <COLOR RGB="#e9cfb8" NAME="Caparol Siena 90" Spot="1" />
 <COLOR RGB="#d3baa6" NAME="Caparol Siena 85" Spot="1" />
 <COLOR RGB="#b79a80" NAME="Caparol Siena 80" Spot="1" />
 <COLOR RGB="#b18c6c" NAME="Caparol Siena 75" Spot="1" />
 <COLOR RGB="#a17e60" NAME="Caparol Siena 70" Spot="1" />
 <COLOR RGB="#876b53" NAME="Caparol Siena 65" Spot="1" />
 <COLOR RGB="#fbe6d5" NAME="Caparol Siena 120" Spot="1" />
 <COLOR RGB="#fadec8" NAME="Caparol Siena 115" Spot="1" />
 <COLOR RGB="#f2ceb2" NAME="Caparol Siena 110" Spot="1" />
 <COLOR RGB="#dfbfa4" NAME="Caparol Siena 105" Spot="1" />
 <COLOR RGB="#dbb89e" NAME="Caparol Siena 100" Spot="1" />
 <COLOR RGB="#c7a78b" NAME="Caparol Siena 95" Spot="1" />
 <COLOR RGB="#ffe9d9" NAME="Caparol Siena 150" Spot="1" />
 <COLOR RGB="#ffdfc4" NAME="Caparol Siena 145" Spot="1" />
 <COLOR RGB="#ffd0a7" NAME="Caparol Siena 140" Spot="1" />
 <COLOR RGB="#e4b286" NAME="Caparol Siena 135" Spot="1" />
 <COLOR RGB="#c6986e" NAME="Caparol Siena 130" Spot="1" />
 <COLOR RGB="#cf9760" NAME="Caparol Siena 125" Spot="1" />
 <COLOR RGB="#ffd09c" NAME="Caparol Siena 180" Spot="1" />
 <COLOR RGB="#ffc794" NAME="Caparol Siena 175" Spot="1" />
 <COLOR RGB="#ffb874" NAME="Caparol Siena 170" Spot="1" />
 <COLOR RGB="#efb07e" NAME="Caparol Siena 165" Spot="1" />
 <COLOR RGB="#e99e5c" NAME="Caparol Siena 160" Spot="1" />
 <COLOR RGB="#ca8547" NAME="Caparol Siena 155" Spot="1" />
 <COLOR RGB="#e4e2de" NAME="Caparol Onyx 30" Spot="1" />
 <COLOR RGB="#dad4ce" NAME="Caparol Onyx 25" Spot="1" />
 <COLOR RGB="#dbd3cc" NAME="Caparol Onyx 20" Spot="1" />
 <COLOR RGB="#ccc7c1" NAME="Caparol Onyx 15" Spot="1" />
 <COLOR RGB="#c7c0b8" NAME="Caparol Onyx 10" Spot="1" />
 <COLOR RGB="#b4aea7" NAME="Caparol Onyx 5" Spot="1" />
 <COLOR RGB="#f7efe8" NAME="Caparol Onyx 60" Spot="1" />
 <COLOR RGB="#e9e1d8" NAME="Caparol Onyx 55" Spot="1" />
 <COLOR RGB="#e2d8ce" NAME="Caparol Onyx 50" Spot="1" />
 <COLOR RGB="#bdb3aa" NAME="Caparol Onyx 45" Spot="1" />
 <COLOR RGB="#988f84" NAME="Caparol Onyx 40" Spot="1" />
 <COLOR RGB="#80776e" NAME="Caparol Onyx 35" Spot="1" />
 <COLOR RGB="#faefe1" NAME="Caparol Onyx 90" Spot="1" />
 <COLOR RGB="#f3e8db" NAME="Caparol Onyx 85" Spot="1" />
 <COLOR RGB="#ead8c7" NAME="Caparol Onyx 80" Spot="1" />
 <COLOR RGB="#e4d0bc" NAME="Caparol Onyx 75" Spot="1" />
 <COLOR RGB="#d3c3b3" NAME="Caparol Onyx 70" Spot="1" />
 <COLOR RGB="#b39b84" NAME="Caparol Onyx 65" Spot="1" />
 <COLOR RGB="#fdeedc" NAME="Caparol Onyx 120" Spot="1" />
 <COLOR RGB="#eed7c1" NAME="Caparol Onyx 115" Spot="1" />
 <COLOR RGB="#e3c8ab" NAME="Caparol Onyx 110" Spot="1" />
 <COLOR RGB="#dab793" NAME="Caparol Onyx 105" Spot="1" />
 <COLOR RGB="#b69c80" NAME="Caparol Onyx 100" Spot="1" />
 <COLOR RGB="#9d866e" NAME="Caparol Onyx 95" Spot="1" />
 <COLOR RGB="#ffe8d2" NAME="Caparol Onyx 150" Spot="1" />
 <COLOR RGB="#f9dcbf" NAME="Caparol Onyx 145" Spot="1" />
 <COLOR RGB="#f1cfab" NAME="Caparol Onyx 140" Spot="1" />
 <COLOR RGB="#e5bd93" NAME="Caparol Onyx 135" Spot="1" />
 <COLOR RGB="#d7aa7c" NAME="Caparol Onyx 130" Spot="1" />
 <COLOR RGB="#c09a77" NAME="Caparol Onyx 125" Spot="1" />
 <COLOR RGB="#ffe3c3" NAME="Caparol Onyx 180" Spot="1" />
 <COLOR RGB="#fcd0a4" NAME="Caparol Onyx 175" Spot="1" />
 <COLOR RGB="#f4c28b" NAME="Caparol Onyx 170" Spot="1" />
 <COLOR RGB="#e6b07c" NAME="Caparol Onyx 165" Spot="1" />
 <COLOR RGB="#c59764" NAME="Caparol Onyx 160" Spot="1" />
 <COLOR RGB="#c18d54" NAME="Caparol Onyx 155" Spot="1" />
 <COLOR RGB="#fcf2e9" NAME="Caparol Onyx 210" Spot="1" />
 <COLOR RGB="#ffd4a3" NAME="Caparol Onyx 205" Spot="1" />
 <COLOR RGB="#ffc488" NAME="Caparol Onyx 200" Spot="1" />
 <COLOR RGB="#f5b46f" NAME="Caparol Onyx 195" Spot="1" />
 <COLOR RGB="#e9a45d" NAME="Caparol Onyx 190" Spot="1" />
 <COLOR RGB="#dea05f" NAME="Caparol Onyx 185" Spot="1" />
 <COLOR RGB="#ffd197" NAME="Caparol Onyx 240" Spot="1" />
 <COLOR RGB="#ffc67a" NAME="Caparol Onyx 235" Spot="1" />
 <COLOR RGB="#ffb961" NAME="Caparol Onyx 230" Spot="1" />
 <COLOR RGB="#ffb857" NAME="Caparol Onyx 225" Spot="1" />
 <COLOR RGB="#ee9a33" NAME="Caparol Onyx 220" Spot="1" />
 <COLOR RGB="#df8e27" NAME="Caparol Onyx 215" Spot="1" />
 <COLOR RGB="#e0d8ce" NAME="Caparol Marill 30" Spot="1" />
 <COLOR RGB="#c6bcb0" NAME="Caparol Marill 25" Spot="1" />
 <COLOR RGB="#b0a699" NAME="Caparol Marill 20" Spot="1" />
 <COLOR RGB="#998e7f" NAME="Caparol Marill 15" Spot="1" />
 <COLOR RGB="#7d7160" NAME="Caparol Marill 10" Spot="1" />
 <COLOR RGB="#6b5e4b" NAME="Caparol Marill 5" Spot="1" />
 <COLOR RGB="#e7dbcb" NAME="Caparol Marill 60" Spot="1" />
 <COLOR RGB="#d2c0aa" NAME="Caparol Marill 55" Spot="1" />
 <COLOR RGB="#c0ac91" NAME="Caparol Marill 50" Spot="1" />
 <COLOR RGB="#af997a" NAME="Caparol Marill 45" Spot="1" />
 <COLOR RGB="#9c8362" NAME="Caparol Marill 40" Spot="1" />
 <COLOR RGB="#8d734f" NAME="Caparol Marill 35" Spot="1" />
 <COLOR RGB="#f0e0c9" NAME="Caparol Marill 90" Spot="1" />
 <COLOR RGB="#e4caa7" NAME="Caparol Marill 85" Spot="1" />
 <COLOR RGB="#dab98f" NAME="Caparol Marill 80" Spot="1" />
 <COLOR RGB="#cda877" NAME="Caparol Marill 75" Spot="1" />
 <COLOR RGB="#c19a62" NAME="Caparol Marill 70" Spot="1" />
 <COLOR RGB="#b48849" NAME="Caparol Marill 65" Spot="1" />
 <COLOR RGB="#fce5c6" NAME="Caparol Marill 120" Spot="1" />
 <COLOR RGB="#f5d1a3" NAME="Caparol Marill 115" Spot="1" />
 <COLOR RGB="#f0c589" NAME="Caparol Marill 110" Spot="1" />
 <COLOR RGB="#efbd76" NAME="Caparol Marill 105" Spot="1" />
 <COLOR RGB="#e4ad5a" NAME="Caparol Marill 100" Spot="1" />
 <COLOR RGB="#dfa340" NAME="Caparol Marill 95" Spot="1" />
 <COLOR RGB="#ffe6bc" NAME="Caparol Marill 150" Spot="1" />
 <COLOR RGB="#ffdca0" NAME="Caparol Marill 145" Spot="1" />
 <COLOR RGB="#ffd48d" NAME="Caparol Marill 140" Spot="1" />
 <COLOR RGB="#ffcb6f" NAME="Caparol Marill 135" Spot="1" />
 <COLOR RGB="#ffc255" NAME="Caparol Marill 130" Spot="1" />
 <COLOR RGB="#ffbd3d" NAME="Caparol Marill 125" Spot="1" />
 <COLOR RGB="#ece9e3" NAME="Caparol Palazzo 30" Spot="1" />
 <COLOR RGB="#dddbd6" NAME="Caparol Palazzo 25" Spot="1" />
 <COLOR RGB="#cfccc6" NAME="Caparol Palazzo 20" Spot="1" />
 <COLOR RGB="#c2beb9" NAME="Caparol Palazzo 15" Spot="1" />
 <COLOR RGB="#b3b0ab" NAME="Caparol Palazzo 10" Spot="1" />
 <COLOR RGB="#a8a4a0" NAME="Caparol Palazzo 5" Spot="1" />
 <COLOR RGB="#f0e9e1" NAME="Caparol Palazzo 60" Spot="1" />
 <COLOR RGB="#e5ddd3" NAME="Caparol Palazzo 55" Spot="1" />
 <COLOR RGB="#d6d0c5" NAME="Caparol Palazzo 50" Spot="1" />
 <COLOR RGB="#c3beb5" NAME="Caparol Palazzo 45" Spot="1" />
 <COLOR RGB="#b2aca4" NAME="Caparol Palazzo 40" Spot="1" />
 <COLOR RGB="#8a867e" NAME="Caparol Palazzo 35" Spot="1" />
 <COLOR RGB="#f7f0e3" NAME="Caparol Palazzo 90" Spot="1" />
 <COLOR RGB="#cac1b3" NAME="Caparol Palazzo 85" Spot="1" />
 <COLOR RGB="#a59e92" NAME="Caparol Palazzo 80" Spot="1" />
 <COLOR RGB="#817c74" NAME="Caparol Palazzo 75" Spot="1" />
 <COLOR RGB="#645f58" NAME="Caparol Palazzo 70" Spot="1" />
 <COLOR RGB="#4c4840" NAME="Caparol Palazzo 65" Spot="1" />
 <COLOR RGB="#efe3d1" NAME="Caparol Palazzo 120" Spot="1" />
 <COLOR RGB="#ded5c8" NAME="Caparol Palazzo 115" Spot="1" />
 <COLOR RGB="#bab1a3" NAME="Caparol Palazzo 110" Spot="1" />
 <COLOR RGB="#aca293" NAME="Caparol Palazzo 105" Spot="1" />
 <COLOR RGB="#9a8e7d" NAME="Caparol Palazzo 100" Spot="1" />
 <COLOR RGB="#8c8478" NAME="Caparol Palazzo 95" Spot="1" />
 <COLOR RGB="#e1d1ba" NAME="Caparol Palazzo 150" Spot="1" />
 <COLOR RGB="#c9bba6" NAME="Caparol Palazzo 145" Spot="1" />
 <COLOR RGB="#b2a28c" NAME="Caparol Palazzo 140" Spot="1" />
 <COLOR RGB="#8e7f6b" NAME="Caparol Palazzo 135" Spot="1" />
 <COLOR RGB="#73695a" NAME="Caparol Palazzo 130" Spot="1" />
 <COLOR RGB="#5c5447" NAME="Caparol Palazzo 125" Spot="1" />
 <COLOR RGB="#fcedd5" NAME="Caparol Palazzo 180" Spot="1" />
 <COLOR RGB="#eed8b8" NAME="Caparol Palazzo 175" Spot="1" />
 <COLOR RGB="#d3c1a3" NAME="Caparol Palazzo 170" Spot="1" />
 <COLOR RGB="#9c8d74" NAME="Caparol Palazzo 165" Spot="1" />
 <COLOR RGB="#7e725b" NAME="Caparol Palazzo 160" Spot="1" />
 <COLOR RGB="#6f604c" NAME="Caparol Palazzo 155" Spot="1" />
 <COLOR RGB="#fae7c8" NAME="Caparol Palazzo 210" Spot="1" />
 <COLOR RGB="#e4c79f" NAME="Caparol Palazzo 205" Spot="1" />
 <COLOR RGB="#c9b08b" NAME="Caparol Palazzo 200" Spot="1" />
 <COLOR RGB="#b9a279" NAME="Caparol Palazzo 195" Spot="1" />
 <COLOR RGB="#967d55" NAME="Caparol Palazzo 190" Spot="1" />
 <COLOR RGB="#7b6343" NAME="Caparol Palazzo 185" Spot="1" />
 <COLOR RGB="#fdf2e0" NAME="Caparol Palazzo 240" Spot="1" />
 <COLOR RGB="#ffe3b7" NAME="Caparol Palazzo 235" Spot="1" />
 <COLOR RGB="#f7d5a3" NAME="Caparol Palazzo 230" Spot="1" />
 <COLOR RGB="#d8b98b" NAME="Caparol Palazzo 225" Spot="1" />
 <COLOR RGB="#cdb082" NAME="Caparol Palazzo 220" Spot="1" />
 <COLOR RGB="#b18f55" NAME="Caparol Palazzo 215" Spot="1" />
 <COLOR RGB="#ffdfa3" NAME="Caparol Palazzo 270" Spot="1" />
 <COLOR RGB="#fbd290" NAME="Caparol Palazzo 265" Spot="1" />
 <COLOR RGB="#e2bc80" NAME="Caparol Palazzo 260" Spot="1" />
 <COLOR RGB="#d5ab66" NAME="Caparol Palazzo 255" Spot="1" />
 <COLOR RGB="#b38d48" NAME="Caparol Palazzo 250" Spot="1" />
 <COLOR RGB="#9f7f4b" NAME="Caparol Palazzo 245" Spot="1" />
 <COLOR RGB="#ffdb92" NAME="Caparol Palazzo 300" Spot="1" />
 <COLOR RGB="#f1c276" NAME="Caparol Palazzo 295" Spot="1" />
 <COLOR RGB="#e1b05c" NAME="Caparol Palazzo 290" Spot="1" />
 <COLOR RGB="#d4a54e" NAME="Caparol Palazzo 285" Spot="1" />
 <COLOR RGB="#9b7436" NAME="Caparol Palazzo 280" Spot="1" />
 <COLOR RGB="#936e38" NAME="Caparol Palazzo 275" Spot="1" />
 <COLOR RGB="#ffd67c" NAME="Caparol Palazzo 330" Spot="1" />
 <COLOR RGB="#ffcf7a" NAME="Caparol Palazzo 325" Spot="1" />
 <COLOR RGB="#e8b145" NAME="Caparol Palazzo 320" Spot="1" />
 <COLOR RGB="#c99943" NAME="Caparol Palazzo 315" Spot="1" />
 <COLOR RGB="#c69237" NAME="Caparol Palazzo 310" Spot="1" />
 <COLOR RGB="#b6873e" NAME="Caparol Palazzo 305" Spot="1" />
 <COLOR RGB="#ffd365" NAME="Caparol Palazzo 360" Spot="1" />
 <COLOR RGB="#febe32" NAME="Caparol Palazzo 355" Spot="1" />
 <COLOR RGB="#ffbd00" NAME="Caparol Palazzo 350" Spot="1" />
 <COLOR RGB="#e9af2a" NAME="Caparol Palazzo 345" Spot="1" />
 <COLOR RGB="#d2992d" NAME="Caparol Palazzo 340" Spot="1" />
 <COLOR RGB="#c28e26" NAME="Caparol Palazzo 335" Spot="1" />
 <COLOR RGB="#e2ddd2" NAME="Caparol Curcuma 30" Spot="1" />
 <COLOR RGB="#ccc3b3" NAME="Caparol Curcuma 25" Spot="1" />
 <COLOR RGB="#b4a994" NAME="Caparol Curcuma 20" Spot="1" />
 <COLOR RGB="#9d9077" NAME="Caparol Curcuma 15" Spot="1" />
 <COLOR RGB="#86775a" NAME="Caparol Curcuma 10" Spot="1" />
 <COLOR RGB="#726244" NAME="Caparol Curcuma 5" Spot="1" />
 <COLOR RGB="#ebe0cd" NAME="Caparol Curcuma 60" Spot="1" />
 <COLOR RGB="#dbccb0" NAME="Caparol Curcuma 55" Spot="1" />
 <COLOR RGB="#ccb78f" NAME="Caparol Curcuma 50" Spot="1" />
 <COLOR RGB="#baa270" NAME="Caparol Curcuma 45" Spot="1" />
 <COLOR RGB="#ac9155" NAME="Caparol Curcuma 40" Spot="1" />
 <COLOR RGB="#9c7f3b" NAME="Caparol Curcuma 35" Spot="1" />
 <COLOR RGB="#f1e3cb" NAME="Caparol Curcuma 90" Spot="1" />
 <COLOR RGB="#edd6ac" NAME="Caparol Curcuma 85" Spot="1" />
 <COLOR RGB="#e8c98a" NAME="Caparol Curcuma 80" Spot="1" />
 <COLOR RGB="#e0ba69" NAME="Caparol Curcuma 75" Spot="1" />
 <COLOR RGB="#d8ae4c" NAME="Caparol Curcuma 70" Spot="1" />
 <COLOR RGB="#cd9e25" NAME="Caparol Curcuma 65" Spot="1" />
 <COLOR RGB="#feeac4" NAME="Caparol Curcuma 120" Spot="1" />
 <COLOR RGB="#ffe2a4" NAME="Caparol Curcuma 115" Spot="1" />
 <COLOR RGB="#ffd882" NAME="Caparol Curcuma 110" Spot="1" />
 <COLOR RGB="#ffcf61" NAME="Caparol Curcuma 105" Spot="1" />
 <COLOR RGB="#fcc637" NAME="Caparol Curcuma 100" Spot="1" />
 <COLOR RGB="#febc00" NAME="Caparol Curcuma 95" Spot="1" />
 <COLOR RGB="#f3efe8" NAME="Caparol Ginster 30" Spot="1" />
 <COLOR RGB="#f0ebe2" NAME="Caparol Ginster 25" Spot="1" />
 <COLOR RGB="#e2dbcf" NAME="Caparol Ginster 20" Spot="1" />
 <COLOR RGB="#cfc7b9" NAME="Caparol Ginster 15" Spot="1" />
 <COLOR RGB="#c4b9a8" NAME="Caparol Ginster 10" Spot="1" />
 <COLOR RGB="#b8ad99" NAME="Caparol Ginster 5" Spot="1" />
 <COLOR RGB="#f6e8d1" NAME="Caparol Ginster 60" Spot="1" />
 <COLOR RGB="#e8dbc4" NAME="Caparol Ginster 55" Spot="1" />
 <COLOR RGB="#d9cbb3" NAME="Caparol Ginster 50" Spot="1" />
 <COLOR RGB="#baad94" NAME="Caparol Ginster 45" Spot="1" />
 <COLOR RGB="#9c8f76" NAME="Caparol Ginster 40" Spot="1" />
 <COLOR RGB="#8c7c61" NAME="Caparol Ginster 35" Spot="1" />
 <COLOR RGB="#fef0d5" NAME="Caparol Ginster 90" Spot="1" />
 <COLOR RGB="#f5e2be" NAME="Caparol Ginster 85" Spot="1" />
 <COLOR RGB="#e4d0aa" NAME="Caparol Ginster 80" Spot="1" />
 <COLOR RGB="#d2c09f" NAME="Caparol Ginster 75" Spot="1" />
 <COLOR RGB="#c4ae83" NAME="Caparol Ginster 70" Spot="1" />
 <COLOR RGB="#aa9467" NAME="Caparol Ginster 65" Spot="1" />
 <COLOR RGB="#ffecc6" NAME="Caparol Ginster 120" Spot="1" />
 <COLOR RGB="#f8dfb1" NAME="Caparol Ginster 115" Spot="1" />
 <COLOR RGB="#f4d695" NAME="Caparol Ginster 110" Spot="1" />
 <COLOR RGB="#fad58f" NAME="Caparol Ginster 105" Spot="1" />
 <COLOR RGB="#e8c782" NAME="Caparol Ginster 100" Spot="1" />
 <COLOR RGB="#dbc18e" NAME="Caparol Ginster 95" Spot="1" />
 <COLOR RGB="#ffe19a" NAME="Caparol Ginster 150" Spot="1" />
 <COLOR RGB="#ffd661" NAME="Caparol Ginster 145" Spot="1" />
 <COLOR RGB="#fad06f" NAME="Caparol Ginster 140" Spot="1" />
 <COLOR RGB="#fecf4c" NAME="Caparol Ginster 135" Spot="1" />
 <COLOR RGB="#f8c100" NAME="Caparol Ginster 130" Spot="1" />
 <COLOR RGB="#eeb408" NAME="Caparol Ginster 125" Spot="1" />
 <COLOR RGB="#fdf5e3" NAME="Caparol Curry 30" Spot="1" />
 <COLOR RGB="#f7f0e1" NAME="Caparol Curry 25" Spot="1" />
 <COLOR RGB="#ede5d5" NAME="Caparol Curry 20" Spot="1" />
 <COLOR RGB="#e2dac8" NAME="Caparol Curry 15" Spot="1" />
 <COLOR RGB="#d2c9b0" NAME="Caparol Curry 10" Spot="1" />
 <COLOR RGB="#c0b499" NAME="Caparol Curry 5" Spot="1" />
 <COLOR RGB="#fcf5de" NAME="Caparol Curry 60" Spot="1" />
 <COLOR RGB="#faf0d5" NAME="Caparol Curry 55" Spot="1" />
 <COLOR RGB="#eee0be" NAME="Caparol Curry 50" Spot="1" />
 <COLOR RGB="#decc9f" NAME="Caparol Curry 45" Spot="1" />
 <COLOR RGB="#c4b281" NAME="Caparol Curry 40" Spot="1" />
 <COLOR RGB="#a59364" NAME="Caparol Curry 35" Spot="1" />
 <COLOR RGB="#fff1ca" NAME="Caparol Curry 90" Spot="1" />
 <COLOR RGB="#fdedc4" NAME="Caparol Curry 85" Spot="1" />
 <COLOR RGB="#f3e0b3" NAME="Caparol Curry 80" Spot="1" />
 <COLOR RGB="#e6d19d" NAME="Caparol Curry 75" Spot="1" />
 <COLOR RGB="#d8c283" NAME="Caparol Curry 70" Spot="1" />
 <COLOR RGB="#c2ae76" NAME="Caparol Curry 65" Spot="1" />
 <COLOR RGB="#feeab1" NAME="Caparol Curry 120" Spot="1" />
 <COLOR RGB="#f9e094" NAME="Caparol Curry 115" Spot="1" />
 <COLOR RGB="#f2d894" NAME="Caparol Curry 110" Spot="1" />
 <COLOR RGB="#e7ca7a" NAME="Caparol Curry 105" Spot="1" />
 <COLOR RGB="#c7af66" NAME="Caparol Curry 100" Spot="1" />
 <COLOR RGB="#b79c3e" NAME="Caparol Curry 95" Spot="1" />
 <COLOR RGB="#ffec9e" NAME="Caparol Curry 150" Spot="1" />
 <COLOR RGB="#fde38b" NAME="Caparol Curry 145" Spot="1" />
 <COLOR RGB="#fcdb60" NAME="Caparol Curry 140" Spot="1" />
 <COLOR RGB="#f0d169" NAME="Caparol Curry 135" Spot="1" />
 <COLOR RGB="#eac430" NAME="Caparol Curry 130" Spot="1" />
 <COLOR RGB="#dab62f" NAME="Caparol Curry 125" Spot="1" />
 <COLOR RGB="#e5e0d3" NAME="Caparol Citrus 30" Spot="1" />
 <COLOR RGB="#cbc5b3" NAME="Caparol Citrus 25" Spot="1" />
 <COLOR RGB="#b1ab94" NAME="Caparol Citrus 20" Spot="1" />
 <COLOR RGB="#999176" NAME="Caparol Citrus 15" Spot="1" />
 <COLOR RGB="#7f7759" NAME="Caparol Citrus 10" Spot="1" />
 <COLOR RGB="#6a6344" NAME="Caparol Citrus 5" Spot="1" />
 <COLOR RGB="#ece4c8" NAME="Caparol Citrus 60" Spot="1" />
 <COLOR RGB="#ddd2a9" NAME="Caparol Citrus 55" Spot="1" />
 <COLOR RGB="#cdc08b" NAME="Caparol Citrus 50" Spot="1" />
 <COLOR RGB="#bdae6f" NAME="Caparol Citrus 45" Spot="1" />
 <COLOR RGB="#ac9c51" NAME="Caparol Citrus 40" Spot="1" />
 <COLOR RGB="#9b8c3c" NAME="Caparol Citrus 35" Spot="1" />
 <COLOR RGB="#f9ecbf" NAME="Caparol Citrus 90" Spot="1" />
 <COLOR RGB="#f4e3a2" NAME="Caparol Citrus 85" Spot="1" />
 <COLOR RGB="#ecd987" NAME="Caparol Citrus 80" Spot="1" />
 <COLOR RGB="#e6d069" NAME="Caparol Citrus 75" Spot="1" />
 <COLOR RGB="#dec84c" NAME="Caparol Citrus 70" Spot="1" />
 <COLOR RGB="#ccb42b" NAME="Caparol Citrus 65" Spot="1" />
 <COLOR RGB="#ffefb2" NAME="Caparol Citrus 120" Spot="1" />
 <COLOR RGB="#fde996" NAME="Caparol Citrus 115" Spot="1" />
 <COLOR RGB="#fee778" NAME="Caparol Citrus 110" Spot="1" />
 <COLOR RGB="#fce559" NAME="Caparol Citrus 105" Spot="1" />
 <COLOR RGB="#fce23c" NAME="Caparol Citrus 100" Spot="1" />
 <COLOR RGB="#fee016" NAME="Caparol Citrus 95" Spot="1" />
 <COLOR RGB="#faf5e0" NAME="Caparol Melisse 30" Spot="1" />
 <COLOR RGB="#f6efdf" NAME="Caparol Melisse 25" Spot="1" />
 <COLOR RGB="#f2efe8" NAME="Caparol Melisse 20" Spot="1" />
 <COLOR RGB="#edeae1" NAME="Caparol Melisse 15" Spot="1" />
 <COLOR RGB="#dfdcd2" NAME="Caparol Melisse 10" Spot="1" />
 <COLOR RGB="#d1cec3" NAME="Caparol Melisse 5" Spot="1" />
 <COLOR RGB="#fbf6e8" NAME="Caparol Melisse 60" Spot="1" />
 <COLOR RGB="#f7f0da" NAME="Caparol Melisse 55" Spot="1" />
 <COLOR RGB="#ece5cc" NAME="Caparol Melisse 50" Spot="1" />
 <COLOR RGB="#e3dbc3" NAME="Caparol Melisse 45" Spot="1" />
 <COLOR RGB="#d3ccb2" NAME="Caparol Melisse 40" Spot="1" />
 <COLOR RGB="#b9b190" NAME="Caparol Melisse 35" Spot="1" />
 <COLOR RGB="#faf4d6" NAME="Caparol Melisse 90" Spot="1" />
 <COLOR RGB="#fcedb6" NAME="Caparol Melisse 85" Spot="1" />
 <COLOR RGB="#e0d39c" NAME="Caparol Melisse 80" Spot="1" />
 <COLOR RGB="#bcae79" NAME="Caparol Melisse 75" Spot="1" />
 <COLOR RGB="#9d9676" NAME="Caparol Melisse 70" Spot="1" />
 <COLOR RGB="#857c56" NAME="Caparol Melisse 65" Spot="1" />
 <COLOR RGB="#fbf2c6" NAME="Caparol Melisse 120" Spot="1" />
 <COLOR RGB="#faea75" NAME="Caparol Melisse 115" Spot="1" />
 <COLOR RGB="#f5e050" NAME="Caparol Melisse 110" Spot="1" />
 <COLOR RGB="#ebd54c" NAME="Caparol Melisse 105" Spot="1" />
 <COLOR RGB="#d4bf37" NAME="Caparol Melisse 100" Spot="1" />
 <COLOR RGB="#ceb73d" NAME="Caparol Melisse 95" Spot="1" />
 <COLOR RGB="#f9f5e2" NAME="Caparol Soja 30" Spot="1" />
 <COLOR RGB="#fbf5df" NAME="Caparol Soja 25" Spot="1" />
 <COLOR RGB="#faf4d6" NAME="Caparol Soja 20" Spot="1" />
 <COLOR RGB="#eee8d1" NAME="Caparol Soja 15" Spot="1" />
 <COLOR RGB="#d2cdbe" NAME="Caparol Soja 10" Spot="1" />
 <COLOR RGB="#c1bca5" NAME="Caparol Soja 5" Spot="1" />
 <COLOR RGB="#f3efe2" NAME="Caparol Tundra 30" Spot="1" />
 <COLOR RGB="#e7e4d5" NAME="Caparol Tundra 25" Spot="1" />
 <COLOR RGB="#c2beb1" NAME="Caparol Tundra 20" Spot="1" />
 <COLOR RGB="#918e82" NAME="Caparol Tundra 15" Spot="1" />
 <COLOR RGB="#79776b" NAME="Caparol Tundra 10" Spot="1" />
 <COLOR RGB="#61615d" NAME="Caparol Tundra 5" Spot="1" />
 <COLOR RGB="#f9f7e9" NAME="Caparol Tundra 60" Spot="1" />
 <COLOR RGB="#f4efda" NAME="Caparol Tundra 55" Spot="1" />
 <COLOR RGB="#dedbca" NAME="Caparol Tundra 50" Spot="1" />
 <COLOR RGB="#d1cdb5" NAME="Caparol Tundra 45" Spot="1" />
 <COLOR RGB="#c4bfa0" NAME="Caparol Tundra 40" Spot="1" />
 <COLOR RGB="#aea78d" NAME="Caparol Tundra 35" Spot="1" />
 <COLOR RGB="#e2dcbb" NAME="Caparol Tundra 90" Spot="1" />
 <COLOR RGB="#b8b18e" NAME="Caparol Tundra 85" Spot="1" />
 <COLOR RGB="#9c9469" NAME="Caparol Tundra 80" Spot="1" />
 <COLOR RGB="#888661" NAME="Caparol Tundra 75" Spot="1" />
 <COLOR RGB="#7b7a5f" NAME="Caparol Tundra 70" Spot="1" />
 <COLOR RGB="#676250" NAME="Caparol Tundra 65" Spot="1" />
 <COLOR RGB="#d7cf94" NAME="Caparol Tundra 120" Spot="1" />
 <COLOR RGB="#c9c090" NAME="Caparol Tundra 115" Spot="1" />
 <COLOR RGB="#aaa265" NAME="Caparol Tundra 110" Spot="1" />
 <COLOR RGB="#9a9458" NAME="Caparol Tundra 105" Spot="1" />
 <COLOR RGB="#89824f" NAME="Caparol Tundra 100" Spot="1" />
 <COLOR RGB="#827e52" NAME="Caparol Tundra 95" Spot="1" />
 <COLOR RGB="#f8f2bb" NAME="Caparol Tundra 150" Spot="1" />
 <COLOR RGB="#f5ec6e" NAME="Caparol Tundra 145" Spot="1" />
 <COLOR RGB="#eae24f" NAME="Caparol Tundra 140" Spot="1" />
 <COLOR RGB="#d7cf45" NAME="Caparol Tundra 135" Spot="1" />
 <COLOR RGB="#c8c149" NAME="Caparol Tundra 130" Spot="1" />
 <COLOR RGB="#a8a04b" NAME="Caparol Tundra 125" Spot="1" />
 <COLOR RGB="#f7f4e8" NAME="Caparol Mai 30" Spot="1" />
 <COLOR RGB="#e2dfd3" NAME="Caparol Mai 25" Spot="1" />
 <COLOR RGB="#cbc8bc" NAME="Caparol Mai 20" Spot="1" />
 <COLOR RGB="#aeaba1" NAME="Caparol Mai 15" Spot="1" />
 <COLOR RGB="#88857f" NAME="Caparol Mai 10" Spot="1" />
 <COLOR RGB="#75746d" NAME="Caparol Mai 05" Spot="1" />
 <COLOR RGB="#f9f6dd" NAME="Caparol Mai 60" Spot="1" />
 <COLOR RGB="#ebe5cc" NAME="Caparol Mai 55" Spot="1" />
 <COLOR RGB="#d1ceb6" NAME="Caparol Mai 50" Spot="1" />
 <COLOR RGB="#bdbaa2" NAME="Caparol Mai 45" Spot="1" />
 <COLOR RGB="#9c9982" NAME="Caparol Mai 40" Spot="1" />
 <COLOR RGB="#8b876f" NAME="Caparol Mai 35" Spot="1" />
 <COLOR RGB="#eae681" NAME="Caparol Mai 90" Spot="1" />
 <COLOR RGB="#dde08f" NAME="Caparol Mai 85" Spot="1" />
 <COLOR RGB="#cecf5d" NAME="Caparol Mai 80" Spot="1" />
 <COLOR RGB="#c0c744" NAME="Caparol Mai 75" Spot="1" />
 <COLOR RGB="#b3b751" NAME="Caparol Mai 70" Spot="1" />
 <COLOR RGB="#b2b47e" NAME="Caparol Mai 65" Spot="1" />
 <COLOR RGB="#f1efe9" NAME="Caparol Jade 30" Spot="1" />
 <COLOR RGB="#e5e3dd" NAME="Caparol Jade 25" Spot="1" />
 <COLOR RGB="#dddbd5" NAME="Caparol Jade 20" Spot="1" />
 <COLOR RGB="#d7d5ce" NAME="Caparol Jade 15" Spot="1" />
 <COLOR RGB="#c1c0b9" NAME="Caparol Jade 10" Spot="1" />
 <COLOR RGB="#b3b4ae" NAME="Caparol Jade 5" Spot="1" />
 <COLOR RGB="#f2f0e5" NAME="Caparol Jade 60" Spot="1" />
 <COLOR RGB="#deddd5" NAME="Caparol Jade 55" Spot="1" />
 <COLOR RGB="#d0cfc5" NAME="Caparol Jade 50" Spot="1" />
 <COLOR RGB="#c2c2b4" NAME="Caparol Jade 45" Spot="1" />
 <COLOR RGB="#b5b4a8" NAME="Caparol Jade 40" Spot="1" />
 <COLOR RGB="#959690" NAME="Caparol Jade 35" Spot="1" />
 <COLOR RGB="#f3f1dc" NAME="Caparol Jade 90" Spot="1" />
 <COLOR RGB="#e5e4ca" NAME="Caparol Jade 85" Spot="1" />
 <COLOR RGB="#d5d6b4" NAME="Caparol Jade 80" Spot="1" />
 <COLOR RGB="#bebfa6" NAME="Caparol Jade 75" Spot="1" />
 <COLOR RGB="#a6a58f" NAME="Caparol Jade 70" Spot="1" />
 <COLOR RGB="#87896b" NAME="Caparol Jade 65" Spot="1" />
 <COLOR RGB="#e6eca6" NAME="Caparol Jade 120" Spot="1" />
 <COLOR RGB="#dfe6af" NAME="Caparol Jade 115" Spot="1" />
 <COLOR RGB="#dddfad" NAME="Caparol Jade 110" Spot="1" />
 <COLOR RGB="#bcc290" NAME="Caparol Jade 105" Spot="1" />
 <COLOR RGB="#a2a781" NAME="Caparol Jade 100" Spot="1" />
 <COLOR RGB="#737854" NAME="Caparol Jade 95" Spot="1" />
 <COLOR RGB="#dcded2" NAME="Caparol Pinie 30" Spot="1" />
 <COLOR RGB="#c3c5b6" NAME="Caparol Pinie 25" Spot="1" />
 <COLOR RGB="#a7a998" NAME="Caparol Pinie 20" Spot="1" />
 <COLOR RGB="#8a8e7a" NAME="Caparol Pinie 15" Spot="1" />
 <COLOR RGB="#6f745e" NAME="Caparol Pinie 10" Spot="1" />
 <COLOR RGB="#5b604a" NAME="Caparol Pinie 5" Spot="1" />
 <COLOR RGB="#e1e5ce" NAME="Caparol Pinie 60" Spot="1" />
 <COLOR RGB="#c9cdb0" NAME="Caparol Pinie 55" Spot="1" />
 <COLOR RGB="#aeb692" NAME="Caparol Pinie 50" Spot="1" />
 <COLOR RGB="#959f73" NAME="Caparol Pinie 45" Spot="1" />
 <COLOR RGB="#7c8859" NAME="Caparol Pinie 40" Spot="1" />
 <COLOR RGB="#687440" NAME="Caparol Pinie 35" Spot="1" />
 <COLOR RGB="#e2e9ca" NAME="Caparol Pinie 90" Spot="1" />
 <COLOR RGB="#ced7ac" NAME="Caparol Pinie 85" Spot="1" />
 <COLOR RGB="#b7c58d" NAME="Caparol Pinie 80" Spot="1" />
 <COLOR RGB="#a0b16e" NAME="Caparol Pinie 75" Spot="1" />
 <COLOR RGB="#8ca153" NAME="Caparol Pinie 70" Spot="1" />
 <COLOR RGB="#7b8e3e" NAME="Caparol Pinie 65" Spot="1" />
 <COLOR RGB="#e5edc2" NAME="Caparol Pinie 120" Spot="1" />
 <COLOR RGB="#d4e1a5" NAME="Caparol Pinie 115" Spot="1" />
 <COLOR RGB="#bfd186" NAME="Caparol Pinie 110" Spot="1" />
 <COLOR RGB="#aec468" NAME="Caparol Pinie 105" Spot="1" />
 <COLOR RGB="#9ab546" NAME="Caparol Pinie 100" Spot="1" />
 <COLOR RGB="#84a72d" NAME="Caparol Pinie 95" Spot="1" />
 <COLOR RGB="#ecebe5" NAME="Caparol Moos 30" Spot="1" />
 <COLOR RGB="#d9dad4" NAME="Caparol Moos 25" Spot="1" />
 <COLOR RGB="#a9a9a5" NAME="Caparol Moos 20" Spot="1" />
 <COLOR RGB="#8c8d86" NAME="Caparol Moos 15" Spot="1" />
 <COLOR RGB="#74746d" NAME="Caparol Moos 10" Spot="1" />
 <COLOR RGB="#60615a" NAME="Caparol Moos 5" Spot="1" />
 <COLOR RGB="#e0e3d6" NAME="Caparol Moos 60" Spot="1" />
 <COLOR RGB="#d5d5cd" NAME="Caparol Moos 55" Spot="1" />
 <COLOR RGB="#c1c2b6" NAME="Caparol Moos 50" Spot="1" />
 <COLOR RGB="#bdbdb7" NAME="Caparol Moos 45" Spot="1" />
 <COLOR RGB="#abad9f" NAME="Caparol Moos 40" Spot="1" />
 <COLOR RGB="#989d89" NAME="Caparol Moos 35" Spot="1" />
 <COLOR RGB="#eff2e0" NAME="Caparol Moos 90" Spot="1" />
 <COLOR RGB="#d7ddc3" NAME="Caparol Moos 85" Spot="1" />
 <COLOR RGB="#cbd0ba" NAME="Caparol Moos 80" Spot="1" />
 <COLOR RGB="#b2b7a0" NAME="Caparol Moos 75" Spot="1" />
 <COLOR RGB="#9ca87c" NAME="Caparol Moos 70" Spot="1" />
 <COLOR RGB="#838c70" NAME="Caparol Moos 65" Spot="1" />
 <COLOR RGB="#e9eae2" NAME="Caparol Oase 30" Spot="1" />
 <COLOR RGB="#dbddd3" NAME="Caparol Oase 25" Spot="1" />
 <COLOR RGB="#c9cfc4" NAME="Caparol Oase 20" Spot="1" />
 <COLOR RGB="#acb2a4" NAME="Caparol Oase 15" Spot="1" />
 <COLOR RGB="#a0a798" NAME="Caparol Oase 10" Spot="1" />
 <COLOR RGB="#8c9383" NAME="Caparol Oase 5" Spot="1" />
 <COLOR RGB="#eef1e9" NAME="Caparol Oase 60" Spot="1" />
 <COLOR RGB="#dadfd3" NAME="Caparol Oase 55" Spot="1" />
 <COLOR RGB="#b6c2aa" NAME="Caparol Oase 50" Spot="1" />
 <COLOR RGB="#7a8569" NAME="Caparol Oase 45" Spot="1" />
 <COLOR RGB="#5c6454" NAME="Caparol Oase 40" Spot="1" />
 <COLOR RGB="#4e564a" NAME="Caparol Oase 35" Spot="1" />
 <COLOR RGB="#eaede1" NAME="Caparol Oase 90" Spot="1" />
 <COLOR RGB="#d8e0ce" NAME="Caparol Oase 85" Spot="1" />
 <COLOR RGB="#c8d1bc" NAME="Caparol Oase 80" Spot="1" />
 <COLOR RGB="#96a486" NAME="Caparol Oase 75" Spot="1" />
 <COLOR RGB="#5d6f55" NAME="Caparol Oase 70" Spot="1" />
 <COLOR RGB="#51614a" NAME="Caparol Oase 65" Spot="1" />
 <COLOR RGB="#e9f5da" NAME="Caparol Oase 120" Spot="1" />
 <COLOR RGB="#b5c7a1" NAME="Caparol Oase 115" Spot="1" />
 <COLOR RGB="#aac992" NAME="Caparol Oase 110" Spot="1" />
 <COLOR RGB="#83916d" NAME="Caparol Oase 105" Spot="1" />
 <COLOR RGB="#627e52" NAME="Caparol Oase 100" Spot="1" />
 <COLOR RGB="#4c6943" NAME="Caparol Oase 95" Spot="1" />
 <COLOR RGB="#b4da93" NAME="Caparol Oase 150" Spot="1" />
 <COLOR RGB="#93cb6c" NAME="Caparol Oase 145" Spot="1" />
 <COLOR RGB="#84bc55" NAME="Caparol Oase 140" Spot="1" />
 <COLOR RGB="#87aa6a" NAME="Caparol Oase 135" Spot="1" />
 <COLOR RGB="#6a9d4d" NAME="Caparol Oase 130" Spot="1" />
 <COLOR RGB="#5d834c" NAME="Caparol Oase 125" Spot="1" />
 <COLOR RGB="#f2f1e9" NAME="Caparol Agave 30" Spot="1" />
 <COLOR RGB="#dbdcd5" NAME="Caparol Agave 25" Spot="1" />
 <COLOR RGB="#cccec7" NAME="Caparol Agave 20" Spot="1" />
 <COLOR RGB="#b2b2ac" NAME="Caparol Agave 15" Spot="1" />
 <COLOR RGB="#979993" NAME="Caparol Agave 10" Spot="1" />
 <COLOR RGB="#7b7b77" NAME="Caparol Agave 5" Spot="1" />
 <COLOR RGB="#f7f7f0" NAME="Caparol Agave 60" Spot="1" />
 <COLOR RGB="#edf1e8" NAME="Caparol Agave 55" Spot="1" />
 <COLOR RGB="#e2e5db" NAME="Caparol Agave 50" Spot="1" />
 <COLOR RGB="#c9cfc4" NAME="Caparol Agave 45" Spot="1" />
 <COLOR RGB="#adb6a8" NAME="Caparol Agave 40" Spot="1" />
 <COLOR RGB="#8f9888" NAME="Caparol Agave 35" Spot="1" />
 <COLOR RGB="#e7ece5" NAME="Caparol Agave 90" Spot="1" />
 <COLOR RGB="#d7dfd0" NAME="Caparol Agave 85" Spot="1" />
 <COLOR RGB="#cce2c7" NAME="Caparol Agave 80" Spot="1" />
 <COLOR RGB="#b6c4ae" NAME="Caparol Agave 75" Spot="1" />
 <COLOR RGB="#a9c59d" NAME="Caparol Agave 70" Spot="1" />
 <COLOR RGB="#96a88c" NAME="Caparol Agave 65" Spot="1" />
 <COLOR RGB="#ecf7e8" NAME="Caparol Agave 120" Spot="1" />
 <COLOR RGB="#e5f5dc" NAME="Caparol Agave 115" Spot="1" />
 <COLOR RGB="#d1edc6" NAME="Caparol Agave 110" Spot="1" />
 <COLOR RGB="#b1e3b0" NAME="Caparol Agave 105" Spot="1" />
 <COLOR RGB="#83ac7b" NAME="Caparol Agave 100" Spot="1" />
 <COLOR RGB="#649457" NAME="Caparol Agave 95" Spot="1" />
 <COLOR RGB="#c6efbc" NAME="Caparol Agave 150" Spot="1" />
 <COLOR RGB="#a3db99" NAME="Caparol Agave 145" Spot="1" />
 <COLOR RGB="#9cd08c" NAME="Caparol Agave 140" Spot="1" />
 <COLOR RGB="#81c771" NAME="Caparol Agave 135" Spot="1" />
 <COLOR RGB="#7fbd74" NAME="Caparol Agave 130" Spot="1" />
 <COLOR RGB="#63b05b" NAME="Caparol Agave 125" Spot="1" />
 <COLOR RGB="#d4d9d3" NAME="Caparol Malachit 30" Spot="1" />
 <COLOR RGB="#b8c0b8" NAME="Caparol Malachit 25" Spot="1" />
 <COLOR RGB="#9aa49b" NAME="Caparol Malachit 20" Spot="1" />
 <COLOR RGB="#7e897f" NAME="Caparol Malachit 15" Spot="1" />
 <COLOR RGB="#616f65" NAME="Caparol Malachit 10" Spot="1" />
 <COLOR RGB="#4b594f" NAME="Caparol Malachit 5" Spot="1" />
 <COLOR RGB="#d4e1d6" NAME="Caparol Malachit 60" Spot="1" />
 <COLOR RGB="#b4c7b9" NAME="Caparol Malachit 55" Spot="1" />
 <COLOR RGB="#95ae9b" NAME="Caparol Malachit 50" Spot="1" />
 <COLOR RGB="#74927d" NAME="Caparol Malachit 45" Spot="1" />
 <COLOR RGB="#53765e" NAME="Caparol Malachit 40" Spot="1" />
 <COLOR RGB="#3c6149" NAME="Caparol Malachit 35" Spot="1" />
 <COLOR RGB="#d5e8d9" NAME="Caparol Malachit 90" Spot="1" />
 <COLOR RGB="#b2cdb8" NAME="Caparol Malachit 85" Spot="1" />
 <COLOR RGB="#92b49b" NAME="Caparol Malachit 80" Spot="1" />
 <COLOR RGB="#6f9c7e" NAME="Caparol Malachit 75" Spot="1" />
 <COLOR RGB="#4d815e" NAME="Caparol Malachit 70" Spot="1" />
 <COLOR RGB="#2f6847" NAME="Caparol Malachit 65" Spot="1" />
 <COLOR RGB="#d4efdc" NAME="Caparol Malachit 120" Spot="1" />
 <COLOR RGB="#afd5b9" NAME="Caparol Malachit 115" Spot="1" />
 <COLOR RGB="#8aba98" NAME="Caparol Malachit 110" Spot="1" />
 <COLOR RGB="#66a179" NAME="Caparol Malachit 105" Spot="1" />
 <COLOR RGB="#40885c" NAME="Caparol Malachit 100" Spot="1" />
 <COLOR RGB="#1c7043" NAME="Caparol Malachit 95" Spot="1" />
 <COLOR RGB="#f0eee9" NAME="Caparol Mint 30" Spot="1" />
 <COLOR RGB="#e4e6e1" NAME="Caparol Mint 25" Spot="1" />
 <COLOR RGB="#d5dad3" NAME="Caparol Mint 20" Spot="1" />
 <COLOR RGB="#c5cdc6" NAME="Caparol Mint 15" Spot="1" />
 <COLOR RGB="#a6ada7" NAME="Caparol Mint 10" Spot="1" />
 <COLOR RGB="#8b918b" NAME="Caparol Mint 5" Spot="1" />
 <COLOR RGB="#e3eae0" NAME="Caparol Mint 60" Spot="1" />
 <COLOR RGB="#c0d0c3" NAME="Caparol Mint 55" Spot="1" />
 <COLOR RGB="#a6b7ad" NAME="Caparol Mint 50" Spot="1" />
 <COLOR RGB="#8da592" NAME="Caparol Mint 45" Spot="1" />
 <COLOR RGB="#718f78" NAME="Caparol Mint 40" Spot="1" />
 <COLOR RGB="#728072" NAME="Caparol Mint 35" Spot="1" />
 <COLOR RGB="#eff0eb" NAME="Caparol Patina 30" Spot="1" />
 <COLOR RGB="#d5dbd7" NAME="Caparol Patina 25" Spot="1" />
 <COLOR RGB="#c2cec9" NAME="Caparol Patina 20" Spot="1" />
 <COLOR RGB="#b2c0bb" NAME="Caparol Patina 15" Spot="1" />
 <COLOR RGB="#a0b3ac" NAME="Caparol Patina 10" Spot="1" />
 <COLOR RGB="#7e9890" NAME="Caparol Patina 5" Spot="1" />
 <COLOR RGB="#c8dcd5" NAME="Caparol Patina 60" Spot="1" />
 <COLOR RGB="#afc4be" NAME="Caparol Patina 55" Spot="1" />
 <COLOR RGB="#8a9b95" NAME="Caparol Patina 50" Spot="1" />
 <COLOR RGB="#5c716a" NAME="Caparol Patina 45" Spot="1" />
 <COLOR RGB="#41554f" NAME="Caparol Patina 40" Spot="1" />
 <COLOR RGB="#505856" NAME="Caparol Patina 35" Spot="1" />
 <COLOR RGB="#eaf1ea" NAME="Caparol Patina 90" Spot="1" />
 <COLOR RGB="#a9d7c9" NAME="Caparol Patina 85" Spot="1" />
 <COLOR RGB="#a9c6bc" NAME="Caparol Patina 80" Spot="1" />
 <COLOR RGB="#88a89d" NAME="Caparol Patina 75" Spot="1" />
 <COLOR RGB="#617f75" NAME="Caparol Patina 70" Spot="1" />
 <COLOR RGB="#315d53" NAME="Caparol Patina 65" Spot="1" />
 <COLOR RGB="#83baaa" NAME="Caparol Patina 120" Spot="1" />
 <COLOR RGB="#6abfa9" NAME="Caparol Patina 115" Spot="1" />
 <COLOR RGB="#5d9d8c" NAME="Caparol Patina 110" Spot="1" />
 <COLOR RGB="#3aa08b" NAME="Caparol Patina 105" Spot="1" />
 <COLOR RGB="#338573" NAME="Caparol Patina 100" Spot="1" />
 <COLOR RGB="#2b7869" NAME="Caparol Patina 95" Spot="1" />
 <COLOR RGB="#f1f1ec" NAME="Caparol Verona 30" Spot="1" />
 <COLOR RGB="#ebeae5" NAME="Caparol Verona 25" Spot="1" />
 <COLOR RGB="#dcdcd9" NAME="Caparol Verona 20" Spot="1" />
 <COLOR RGB="#d5d7d3" NAME="Caparol Verona 15" Spot="1" />
 <COLOR RGB="#cccdca" NAME="Caparol Verona 10" Spot="1" />
 <COLOR RGB="#b0b3b1" NAME="Caparol Verona 5" Spot="1" />
 <COLOR RGB="#e2e8e5" NAME="Caparol Verona 60" Spot="1" />
 <COLOR RGB="#d8dfdd" NAME="Caparol Verona 55" Spot="1" />
 <COLOR RGB="#c4c8c5" NAME="Caparol Verona 50" Spot="1" />
 <COLOR RGB="#b4bbb9" NAME="Caparol Verona 45" Spot="1" />
 <COLOR RGB="#919998" NAME="Caparol Verona 40" Spot="1" />
 <COLOR RGB="#606868" NAME="Caparol Verona 35" Spot="1" />
 <COLOR RGB="#e4f2ee" NAME="Caparol Verona 90" Spot="1" />
 <COLOR RGB="#cfddd9" NAME="Caparol Verona 85" Spot="1" />
 <COLOR RGB="#a9b5b4" NAME="Caparol Verona 80" Spot="1" />
 <COLOR RGB="#849492" NAME="Caparol Verona 75" Spot="1" />
 <COLOR RGB="#667d7c" NAME="Caparol Verona 70" Spot="1" />
 <COLOR RGB="#3b6162" NAME="Caparol Verona 65" Spot="1" />
 <COLOR RGB="#d6eeea" NAME="Caparol Verona 120" Spot="1" />
 <COLOR RGB="#b5d6d3" NAME="Caparol Verona 115" Spot="1" />
 <COLOR RGB="#9cb9b8" NAME="Caparol Verona 110" Spot="1" />
 <COLOR RGB="#679c9c" NAME="Caparol Verona 105" Spot="1" />
 <COLOR RGB="#5d8080" NAME="Caparol Verona 100" Spot="1" />
 <COLOR RGB="#428384" NAME="Caparol Verona 95" Spot="1" />
 <COLOR RGB="#b1e2e1" NAME="Caparol Verona 150" Spot="1" />
 <COLOR RGB="#86cbc8" NAME="Caparol Verona 145" Spot="1" />
 <COLOR RGB="#61afae" NAME="Caparol Verona 140" Spot="1" />
 <COLOR RGB="#239396" NAME="Caparol Verona 135" Spot="1" />
 <COLOR RGB="#007c7f" NAME="Caparol Verona 130" Spot="1" />
 <COLOR RGB="#007272" NAME="Caparol Verona 125" Spot="1" />
 <COLOR RGB="#e6e8e6" NAME="Caparol Arctis 30" Spot="1" />
 <COLOR RGB="#d3d9d8" NAME="Caparol Arctis 25" Spot="1" />
 <COLOR RGB="#b9c2c2" NAME="Caparol Arctis 20" Spot="1" />
 <COLOR RGB="#9fa6a9" NAME="Caparol Arctis 15" Spot="1" />
 <COLOR RGB="#80878b" NAME="Caparol Arctis 10" Spot="1" />
 <COLOR RGB="#697073" NAME="Caparol Arctis 5" Spot="1" />
 <COLOR RGB="#e6edeb" NAME="Caparol Arctis 60" Spot="1" />
 <COLOR RGB="#c7d0cf" NAME="Caparol Arctis 55" Spot="1" />
 <COLOR RGB="#a7b3b4" NAME="Caparol Arctis 50" Spot="1" />
 <COLOR RGB="#879598" NAME="Caparol Arctis 45" Spot="1" />
 <COLOR RGB="#6f7d81" NAME="Caparol Arctis 40" Spot="1" />
 <COLOR RGB="#688088" NAME="Caparol Arctis 35" Spot="1" />
 <COLOR RGB="#cedfe1" NAME="Caparol Arctis 90" Spot="1" />
 <COLOR RGB="#c4e0e5" NAME="Caparol Arctis 85" Spot="1" />
 <COLOR RGB="#becfd3" NAME="Caparol Arctis 80" Spot="1" />
 <COLOR RGB="#a4c5cc" NAME="Caparol Arctis 75" Spot="1" />
 <COLOR RGB="#9cb5ba" NAME="Caparol Arctis 70" Spot="1" />
 <COLOR RGB="#809ba2" NAME="Caparol Arctis 65" Spot="1" />
 <COLOR RGB="#c1e4ee" NAME="Caparol Arctis 120" Spot="1" />
 <COLOR RGB="#acd4dc" NAME="Caparol Arctis 115" Spot="1" />
 <COLOR RGB="#83c7d6" NAME="Caparol Arctis 110" Spot="1" />
 <COLOR RGB="#85a9b2" NAME="Caparol Arctis 105" Spot="1" />
 <COLOR RGB="#698c96" NAME="Caparol Arctis 100" Spot="1" />
 <COLOR RGB="#487581" NAME="Caparol Arctis 95" Spot="1" />
 <COLOR RGB="#f3f6f5" NAME="Caparol Coelin 30" Spot="1" />
 <COLOR RGB="#edf0ee" NAME="Caparol Coelin 25" Spot="1" />
 <COLOR RGB="#e4e4e2" NAME="Caparol Coelin 20" Spot="1" />
 <COLOR RGB="#d3d6d5" NAME="Caparol Coelin 15" Spot="1" />
 <COLOR RGB="#c5c9ca" NAME="Caparol Coelin 10" Spot="1" />
 <COLOR RGB="#b7bcbf" NAME="Caparol Coelin 5" Spot="1" />
 <COLOR RGB="#eaf3f6" NAME="Caparol Coelin 60" Spot="1" />
 <COLOR RGB="#e4ecec" NAME="Caparol Coelin 55" Spot="1" />
 <COLOR RGB="#d5dddf" NAME="Caparol Coelin 50" Spot="1" />
 <COLOR RGB="#c5d0d4" NAME="Caparol Coelin 45" Spot="1" />
 <COLOR RGB="#b8c4c8" NAME="Caparol Coelin 40" Spot="1" />
 <COLOR RGB="#a7b6bc" NAME="Caparol Coelin 35" Spot="1" />
 <COLOR RGB="#d7edf1" NAME="Caparol Coelin 90" Spot="1" />
 <COLOR RGB="#c0e0ea" NAME="Caparol Coelin 85" Spot="1" />
 <COLOR RGB="#b2d4e0" NAME="Caparol Coelin 80" Spot="1" />
 <COLOR RGB="#a3c8d6" NAME="Caparol Coelin 75" Spot="1" />
 <COLOR RGB="#90b9c8" NAME="Caparol Coelin 70" Spot="1" />
 <COLOR RGB="#89b0be" NAME="Caparol Coelin 65" Spot="1" />
 <COLOR RGB="#b7dae8" NAME="Caparol Coelin 120" Spot="1" />
 <COLOR RGB="#9bd8ec" NAME="Caparol Coelin 115" Spot="1" />
 <COLOR RGB="#86cae3" NAME="Caparol Coelin 110" Spot="1" />
 <COLOR RGB="#6bb0c7" NAME="Caparol Coelin 105" Spot="1" />
 <COLOR RGB="#4194ae" NAME="Caparol Coelin 100" Spot="1" />
 <COLOR RGB="#267894" NAME="Caparol Coelin 95" Spot="1" />
 <COLOR RGB="#dee2e0" NAME="Caparol Pacific 30" Spot="1" />
 <COLOR RGB="#cccece" NAME="Caparol Pacific 25" Spot="1" />
 <COLOR RGB="#b9bfbf" NAME="Caparol Pacific 20" Spot="1" />
 <COLOR RGB="#9aa4a9" NAME="Caparol Pacific 15" Spot="1" />
 <COLOR RGB="#5b6267" NAME="Caparol Pacific 10" Spot="1" />
 <COLOR RGB="#454d52" NAME="Caparol Pacific 5" Spot="1" />
 <COLOR RGB="#e3e7e6" NAME="Caparol Pacific 60" Spot="1" />
 <COLOR RGB="#d2d7d8" NAME="Caparol Pacific 55" Spot="1" />
 <COLOR RGB="#c1c8ca" NAME="Caparol Pacific 50" Spot="1" />
 <COLOR RGB="#7a888f" NAME="Caparol Pacific 45" Spot="1" />
 <COLOR RGB="#647079" NAME="Caparol Pacific 40" Spot="1" />
 <COLOR RGB="#566570" NAME="Caparol Pacific 35" Spot="1" />
 <COLOR RGB="#e9f1f0" NAME="Caparol Pacific 90" Spot="1" />
 <COLOR RGB="#e2eae9" NAME="Caparol Pacific 85" Spot="1" />
 <COLOR RGB="#c3d0d6" NAME="Caparol Pacific 80" Spot="1" />
 <COLOR RGB="#a7b5bd" NAME="Caparol Pacific 75" Spot="1" />
 <COLOR RGB="#a3b3bd" NAME="Caparol Pacific 70" Spot="1" />
 <COLOR RGB="#9ca8ae" NAME="Caparol Pacific 65" Spot="1" />
 <COLOR RGB="#bed1da" NAME="Caparol Pacific 120" Spot="1" />
 <COLOR RGB="#bad2df" NAME="Caparol Pacific 115" Spot="1" />
 <COLOR RGB="#8598a4" NAME="Caparol Pacific 110" Spot="1" />
 <COLOR RGB="#859eac" NAME="Caparol Pacific 105" Spot="1" />
 <COLOR RGB="#476473" NAME="Caparol Pacific 100" Spot="1" />
 <COLOR RGB="#32495b" NAME="Caparol Pacific 95" Spot="1" />
 <COLOR RGB="#b4d2e1" NAME="Caparol Pacific 150" Spot="1" />
 <COLOR RGB="#9cb6c4" NAME="Caparol Pacific 145" Spot="1" />
 <COLOR RGB="#809aab" NAME="Caparol Pacific 140" Spot="1" />
 <COLOR RGB="#628091" NAME="Caparol Pacific 135" Spot="1" />
 <COLOR RGB="#3b697d" NAME="Caparol Pacific 130" Spot="1" />
 <COLOR RGB="#365a6d" NAME="Caparol Pacific 125" Spot="1" />
 <COLOR RGB="#a3d4ec" NAME="Caparol Pacific 180" Spot="1" />
 <COLOR RGB="#74acc9" NAME="Caparol Pacific 175" Spot="1" />
 <COLOR RGB="#729bb1" NAME="Caparol Pacific 170" Spot="1" />
 <COLOR RGB="#4d91b1" NAME="Caparol Pacific 165" Spot="1" />
 <COLOR RGB="#588197" NAME="Caparol Pacific 160" Spot="1" />
 <COLOR RGB="#2c7695" NAME="Caparol Pacific 155" Spot="1" />
 <COLOR RGB="#d2d5d6" NAME="Caparol Lago 30" Spot="1" />
 <COLOR RGB="#b1b7ba" NAME="Caparol Lago 25" Spot="1" />
 <COLOR RGB="#939a9f" NAME="Caparol Lago 20" Spot="1" />
 <COLOR RGB="#757e84" NAME="Caparol Lago 15" Spot="1" />
 <COLOR RGB="#58636b" NAME="Caparol Lago 10" Spot="1" />
 <COLOR RGB="#3e4952" NAME="Caparol Lago 5" Spot="1" />
 <COLOR RGB="#d3dce2" NAME="Caparol Lago 60" Spot="1" />
 <COLOR RGB="#b4c1c9" NAME="Caparol Lago 55" Spot="1" />
 <COLOR RGB="#93a3ae" NAME="Caparol Lago 50" Spot="1" />
 <COLOR RGB="#748695" NAME="Caparol Lago 45" Spot="1" />
 <COLOR RGB="#526879" NAME="Caparol Lago 40" Spot="1" />
 <COLOR RGB="#335063" NAME="Caparol Lago 35" Spot="1" />
 <COLOR RGB="#d6e2eb" NAME="Caparol Lago 90" Spot="1" />
 <COLOR RGB="#b4c8d6" NAME="Caparol Lago 85" Spot="1" />
 <COLOR RGB="#93abbd" NAME="Caparol Lago 80" Spot="1" />
 <COLOR RGB="#7490a5" NAME="Caparol Lago 75" Spot="1" />
 <COLOR RGB="#55778f" NAME="Caparol Lago 70" Spot="1" />
 <COLOR RGB="#2d5a76" NAME="Caparol Lago 65" Spot="1" />
 <COLOR RGB="#d9e9f5" NAME="Caparol Lago 120" Spot="1" />
 <COLOR RGB="#b5cfe2" NAME="Caparol Lago 115" Spot="1" />
 <COLOR RGB="#93b4cc" NAME="Caparol Lago 110" Spot="1" />
 <COLOR RGB="#7099b8" NAME="Caparol Lago 105" Spot="1" />
 <COLOR RGB="#4b7ea0" NAME="Caparol Lago 100" Spot="1" />
 <COLOR RGB="#25658b" NAME="Caparol Lago 95" Spot="1" />
 <COLOR RGB="#eaeae7" NAME="Caparol Lazur 30" Spot="1" />
 <COLOR RGB="#dadada" NAME="Caparol Lazur 25" Spot="1" />
 <COLOR RGB="#cccdce" NAME="Caparol Lazur 20" Spot="1" />
 <COLOR RGB="#adb2b8" NAME="Caparol Lazur 15" Spot="1" />
 <COLOR RGB="#969ca3" NAME="Caparol Lazur 10" Spot="1" />
 <COLOR RGB="#818892" NAME="Caparol Lazur 5" Spot="1" />
 <COLOR RGB="#f2f3f1" NAME="Caparol Lazur 60" Spot="1" />
 <COLOR RGB="#eff0ef" NAME="Caparol Lazur 55" Spot="1" />
 <COLOR RGB="#ecebeb" NAME="Caparol Lazur 50" Spot="1" />
 <COLOR RGB="#e4e9ec" NAME="Caparol Lazur 45" Spot="1" />
 <COLOR RGB="#d5dce3" NAME="Caparol Lazur 40" Spot="1" />
 <COLOR RGB="#c9d0d9" NAME="Caparol Lazur 35" Spot="1" />
 <COLOR RGB="#c6d1dc" NAME="Caparol Lazur 90" Spot="1" />
 <COLOR RGB="#a8b2bf" NAME="Caparol Lazur 85" Spot="1" />
 <COLOR RGB="#8895a6" NAME="Caparol Lazur 80" Spot="1" />
 <COLOR RGB="#737c89" NAME="Caparol Lazur 75" Spot="1" />
 <COLOR RGB="#576270" NAME="Caparol Lazur 70" Spot="1" />
 <COLOR RGB="#4e5b68" NAME="Caparol Lazur 65" Spot="1" />
 <COLOR RGB="#c1d0e0" NAME="Caparol Lazur 120" Spot="1" />
 <COLOR RGB="#b0c1d3" NAME="Caparol Lazur 115" Spot="1" />
 <COLOR RGB="#8a99ab" NAME="Caparol Lazur 110" Spot="1" />
 <COLOR RGB="#697b94" NAME="Caparol Lazur 105" Spot="1" />
 <COLOR RGB="#5b6d83" NAME="Caparol Lazur 100" Spot="1" />
 <COLOR RGB="#44566b" NAME="Caparol Lazur 95" Spot="1" />
 <COLOR RGB="#a3b3c7" NAME="Caparol Lazur 150" Spot="1" />
 <COLOR RGB="#a0b5cf" NAME="Caparol Lazur 145" Spot="1" />
 <COLOR RGB="#8698af" NAME="Caparol Lazur 140" Spot="1" />
 <COLOR RGB="#7c98b9" NAME="Caparol Lazur 135" Spot="1" />
 <COLOR RGB="#576f8c" NAME="Caparol Lazur 130" Spot="1" />
 <COLOR RGB="#3e5c78" NAME="Caparol Lazur 125" Spot="1" />
 <COLOR RGB="#a9c1dc" NAME="Caparol Lazur 180" Spot="1" />
 <COLOR RGB="#94b7dd" NAME="Caparol Lazur 175" Spot="1" />
 <COLOR RGB="#799bc0" NAME="Caparol Lazur 170" Spot="1" />
 <COLOR RGB="#5e7fa3" NAME="Caparol Lazur 165" Spot="1" />
 <COLOR RGB="#4c6f93" NAME="Caparol Lazur 160" Spot="1" />
 <COLOR RGB="#335e81" NAME="Caparol Lazur 155" Spot="1" />
 <COLOR RGB="#80a4cc" NAME="Caparol Lazur 210" Spot="1" />
 <COLOR RGB="#739bc6" NAME="Caparol Lazur 205" Spot="1" />
 <COLOR RGB="#649ace" NAME="Caparol Lazur 200" Spot="1" />
 <COLOR RGB="#5581ac" NAME="Caparol Lazur 195" Spot="1" />
 <COLOR RGB="#2f648f" NAME="Caparol Lazur 190" Spot="1" />
 <COLOR RGB="#225f8f" NAME="Caparol Lazur 185" Spot="1" />
 <COLOR RGB="#d4d6d9" NAME="Caparol Saphir 30" Spot="1" />
 <COLOR RGB="#b4b7bc" NAME="Caparol Saphir 25" Spot="1" />
 <COLOR RGB="#969ba2" NAME="Caparol Saphir 20" Spot="1" />
 <COLOR RGB="#797e87" NAME="Caparol Saphir 15" Spot="1" />
 <COLOR RGB="#595f6b" NAME="Caparol Saphir 10" Spot="1" />
 <COLOR RGB="#434956" NAME="Caparol Saphir 5" Spot="1" />
 <COLOR RGB="#d8dce1" NAME="Caparol Saphir 60" Spot="1" />
 <COLOR RGB="#b8bdc7" NAME="Caparol Saphir 55" Spot="1" />
 <COLOR RGB="#99a0ad" NAME="Caparol Saphir 50" Spot="1" />
 <COLOR RGB="#7a8496" NAME="Caparol Saphir 45" Spot="1" />
 <COLOR RGB="#5b687b" NAME="Caparol Saphir 40" Spot="1" />
 <COLOR RGB="#3e4f67" NAME="Caparol Saphir 35" Spot="1" />
 <COLOR RGB="#dce2ea" NAME="Caparol Saphir 90" Spot="1" />
 <COLOR RGB="#bcc5d5" NAME="Caparol Saphir 85" Spot="1" />
 <COLOR RGB="#9eabc0" NAME="Caparol Saphir 80" Spot="1" />
 <COLOR RGB="#7b8ca5" NAME="Caparol Saphir 75" Spot="1" />
 <COLOR RGB="#5b7191" NAME="Caparol Saphir 70" Spot="1" />
 <COLOR RGB="#39577a" NAME="Caparol Saphir 65" Spot="1" />
 <COLOR RGB="#e0e7f4" NAME="Caparol Saphir 120" Spot="1" />
 <COLOR RGB="#bfcce0" NAME="Caparol Saphir 115" Spot="1" />
 <COLOR RGB="#9eb0cb" NAME="Caparol Saphir 110" Spot="1" />
 <COLOR RGB="#8198ba" NAME="Caparol Saphir 105" Spot="1" />
 <COLOR RGB="#5e7aa3" NAME="Caparol Saphir 100" Spot="1" />
 <COLOR RGB="#3a608d" NAME="Caparol Saphir 95" Spot="1" />
 <COLOR RGB="#f1efeb" NAME="Caparol Aquarell 30" Spot="1" />
 <COLOR RGB="#ecebe9" NAME="Caparol Aquarell 25" Spot="1" />
 <COLOR RGB="#dbdbdc" NAME="Caparol Aquarell 20" Spot="1" />
 <COLOR RGB="#cecfd3" NAME="Caparol Aquarell 15" Spot="1" />
 <COLOR RGB="#bfc0c5" NAME="Caparol Aquarell 10" Spot="1" />
 <COLOR RGB="#a0a5af" NAME="Caparol Aquarell 5" Spot="1" />
 <COLOR RGB="#eeeff0" NAME="Caparol Aquarell 60" Spot="1" />
 <COLOR RGB="#e8eaed" NAME="Caparol Aquarell 55" Spot="1" />
 <COLOR RGB="#dbdce0" NAME="Caparol Aquarell 50" Spot="1" />
 <COLOR RGB="#cacfd6" NAME="Caparol Aquarell 45" Spot="1" />
 <COLOR RGB="#b4b8c2" NAME="Caparol Aquarell 40" Spot="1" />
 <COLOR RGB="#abb2c2" NAME="Caparol Aquarell 35" Spot="1" />
 <COLOR RGB="#e7ecf1" NAME="Caparol Aquarell 90" Spot="1" />
 <COLOR RGB="#d3daeb" NAME="Caparol Aquarell 85" Spot="1" />
 <COLOR RGB="#c5cee0" NAME="Caparol Aquarell 80" Spot="1" />
 <COLOR RGB="#a9b3c8" NAME="Caparol Aquarell 75" Spot="1" />
 <COLOR RGB="#8c96ad" NAME="Caparol Aquarell 70" Spot="1" />
 <COLOR RGB="#747d94" NAME="Caparol Aquarell 65" Spot="1" />
 <COLOR RGB="#f0f1f1" NAME="Caparol Aquarell 120" Spot="1" />
 <COLOR RGB="#e6ebf1" NAME="Caparol Aquarell 115" Spot="1" />
 <COLOR RGB="#bdcdea" NAME="Caparol Aquarell 110" Spot="1" />
 <COLOR RGB="#a6bfe8" NAME="Caparol Aquarell 105" Spot="1" />
 <COLOR RGB="#789bcf" NAME="Caparol Aquarell 100" Spot="1" />
 <COLOR RGB="#6487be" NAME="Caparol Aquarell 95" Spot="1" />
 <COLOR RGB="#e8e6e8" NAME="Caparol Lavendel 30" Spot="1" />
 <COLOR RGB="#dcdbdf" NAME="Caparol Lavendel 25" Spot="1" />
 <COLOR RGB="#ceced3" NAME="Caparol Lavendel 20" Spot="1" />
 <COLOR RGB="#bebfc9" NAME="Caparol Lavendel 15" Spot="1" />
 <COLOR RGB="#b1b1bb" NAME="Caparol Lavendel 10" Spot="1" />
 <COLOR RGB="#9899a1" NAME="Caparol Lavendel 5" Spot="1" />
 <COLOR RGB="#e9eaf0" NAME="Caparol Lavendel 60" Spot="1" />
 <COLOR RGB="#cfd0db" NAME="Caparol Lavendel 55" Spot="1" />
 <COLOR RGB="#a3a5b0" NAME="Caparol Lavendel 50" Spot="1" />
 <COLOR RGB="#777881" NAME="Caparol Lavendel 45" Spot="1" />
 <COLOR RGB="#5c5e67" NAME="Caparol Lavendel 40" Spot="1" />
 <COLOR RGB="#494a52" NAME="Caparol Lavendel 35" Spot="1" />
 <COLOR RGB="#acb0c7" NAME="Caparol Lavendel 90" Spot="1" />
 <COLOR RGB="#a2a5bd" NAME="Caparol Lavendel 85" Spot="1" />
 <COLOR RGB="#9ba2bc" NAME="Caparol Lavendel 80" Spot="1" />
 <COLOR RGB="#7e839e" NAME="Caparol Lavendel 75" Spot="1" />
 <COLOR RGB="#656c84" NAME="Caparol Lavendel 70" Spot="1" />
 <COLOR RGB="#50566d" NAME="Caparol Lavendel 65" Spot="1" />
 <COLOR RGB="#e5e6f0" NAME="Caparol Lavendel 120" Spot="1" />
 <COLOR RGB="#d9dae8" NAME="Caparol Lavendel 115" Spot="1" />
 <COLOR RGB="#bbbecf" NAME="Caparol Lavendel 110" Spot="1" />
 <COLOR RGB="#b7bbd6" NAME="Caparol Lavendel 105" Spot="1" />
 <COLOR RGB="#7c84a7" NAME="Caparol Lavendel 100" Spot="1" />
 <COLOR RGB="#5f6584" NAME="Caparol Lavendel 95" Spot="1" />
 <COLOR RGB="#d2d6ef" NAME="Caparol Lavendel 150" Spot="1" />
 <COLOR RGB="#d0d4ea" NAME="Caparol Lavendel 145" Spot="1" />
 <COLOR RGB="#c6cceb" NAME="Caparol Lavendel 140" Spot="1" />
 <COLOR RGB="#b3bbdd" NAME="Caparol Lavendel 135" Spot="1" />
 <COLOR RGB="#acb2d0" NAME="Caparol Lavendel 130" Spot="1" />
 <COLOR RGB="#99a1c3" NAME="Caparol Lavendel 125" Spot="1" />
 <COLOR RGB="#8c97c3" NAME="Caparol Lavendel 180" Spot="1" />
 <COLOR RGB="#6d7aad" NAME="Caparol Lavendel 175" Spot="1" />
 <COLOR RGB="#515d86" NAME="Caparol Lavendel 170" Spot="1" />
 <COLOR RGB="#4c5c8b" NAME="Caparol Lavendel 165" Spot="1" />
 <COLOR RGB="#41517c" NAME="Caparol Lavendel 160" Spot="1" />
 <COLOR RGB="#3f4664" NAME="Caparol Lavendel 155" Spot="1" />
 <COLOR RGB="#d6d4d8" NAME="Caparol Velvet 30" Spot="1" />
 <COLOR RGB="#b9b7bc" NAME="Caparol Velvet 25" Spot="1" />
 <COLOR RGB="#9a97a1" NAME="Caparol Velvet 20" Spot="1" />
 <COLOR RGB="#7e7a86" NAME="Caparol Velvet 15" Spot="1" />
 <COLOR RGB="#5f5b6a" NAME="Caparol Velvet 10" Spot="1" />
 <COLOR RGB="#413e4e" NAME="Caparol Velvet 5" Spot="1" />
 <COLOR RGB="#dcd9df" NAME="Caparol Velvet 60" Spot="1" />
 <COLOR RGB="#c1bdc7" NAME="Caparol Velvet 55" Spot="1" />
 <COLOR RGB="#a29dad" NAME="Caparol Velvet 50" Spot="1" />
 <COLOR RGB="#878196" NAME="Caparol Velvet 45" Spot="1" />
 <COLOR RGB="#69627b" NAME="Caparol Velvet 40" Spot="1" />
 <COLOR RGB="#46425c" NAME="Caparol Velvet 35" Spot="1" />
 <COLOR RGB="#e3dfe8" NAME="Caparol Velvet 90" Spot="1" />
 <COLOR RGB="#c5c2d1" NAME="Caparol Velvet 85" Spot="1" />
 <COLOR RGB="#a8a3b9" NAME="Caparol Velvet 80" Spot="1" />
 <COLOR RGB="#8f89a5" NAME="Caparol Velvet 75" Spot="1" />
 <COLOR RGB="#736c8e" NAME="Caparol Velvet 70" Spot="1" />
 <COLOR RGB="#524c70" NAME="Caparol Velvet 65" Spot="1" />
 <COLOR RGB="#e9e4ee" NAME="Caparol Velvet 120" Spot="1" />
 <COLOR RGB="#cdc7da" NAME="Caparol Velvet 115" Spot="1" />
 <COLOR RGB="#b2aac7" NAME="Caparol Velvet 110" Spot="1" />
 <COLOR RGB="#998fb3" NAME="Caparol Velvet 105" Spot="1" />
 <COLOR RGB="#78709d" NAME="Caparol Velvet 100" Spot="1" />
 <COLOR RGB="#5b5386" NAME="Caparol Velvet 95" Spot="1" />
 <COLOR RGB="#f2efeb" NAME="Caparol Viola 30" Spot="1" />
 <COLOR RGB="#ece8e5" NAME="Caparol Viola 25" Spot="1" />
 <COLOR RGB="#dddadb" NAME="Caparol Viola 20" Spot="1" />
 <COLOR RGB="#c2bec2" NAME="Caparol Viola 15" Spot="1" />
 <COLOR RGB="#a8a1a9" NAME="Caparol Viola 10" Spot="1" />
 <COLOR RGB="#8b828d" NAME="Caparol Viola 5" Spot="1" />
 <COLOR RGB="#f7eff0" NAME="Caparol Viola 60" Spot="1" />
 <COLOR RGB="#e3d9e0" NAME="Caparol Viola 55" Spot="1" />
 <COLOR RGB="#c8bcc6" NAME="Caparol Viola 50" Spot="1" />
 <COLOR RGB="#ac9ead" NAME="Caparol Viola 45" Spot="1" />
 <COLOR RGB="#8d7f8d" NAME="Caparol Viola 40" Spot="1" />
 <COLOR RGB="#6c5f6f" NAME="Caparol Viola 35" Spot="1" />
 <COLOR RGB="#e7d6e4" NAME="Caparol Viola 90" Spot="1" />
 <COLOR RGB="#ceb8d0" NAME="Caparol Viola 85" Spot="1" />
 <COLOR RGB="#b09bb3" NAME="Caparol Viola 80" Spot="1" />
 <COLOR RGB="#847388" NAME="Caparol Viola 75" Spot="1" />
 <COLOR RGB="#7b6380" NAME="Caparol Viola 70" Spot="1" />
 <COLOR RGB="#6e5970" NAME="Caparol Viola 65" Spot="1" />
 <COLOR RGB="#c3a8c5" NAME="Caparol Viola 120" Spot="1" />
 <COLOR RGB="#a88daf" NAME="Caparol Viola 115" Spot="1" />
 <COLOR RGB="#8b6c8f" NAME="Caparol Viola 110" Spot="1" />
 <COLOR RGB="#946b9a" NAME="Caparol Viola 105" Spot="1" />
 <COLOR RGB="#745179" NAME="Caparol Viola 100" Spot="1" />
 <COLOR RGB="#58425e" NAME="Caparol Viola 95" Spot="1" />
 <COLOR RGB="#f2eeea" NAME="Caparol Flamenco 30" Spot="1" />
 <COLOR RGB="#e7e3e2" NAME="Caparol Flamenco 25" Spot="1" />
 <COLOR RGB="#e2dbd9" NAME="Caparol Flamenco 20" Spot="1" />
 <COLOR RGB="#d5cccc" NAME="Caparol Flamenco 15" Spot="1" />
 <COLOR RGB="#bab0b2" NAME="Caparol Flamenco 10" Spot="1" />
 <COLOR RGB="#847c7e" NAME="Caparol Flamenco 5" Spot="1" />
 <COLOR RGB="#f1e8e5" NAME="Caparol Flamenco 60" Spot="1" />
 <COLOR RGB="#dacccf" NAME="Caparol Flamenco 55" Spot="1" />
 <COLOR RGB="#bfb1b4" NAME="Caparol Flamenco 50" Spot="1" />
 <COLOR RGB="#b29fa3" NAME="Caparol Flamenco 45" Spot="1" />
 <COLOR RGB="#9e9094" NAME="Caparol Flamenco 40" Spot="1" />
 <COLOR RGB="#8a797d" NAME="Caparol Flamenco 35" Spot="1" />
 <COLOR RGB="#f8ecea" NAME="Caparol Flamenco 90" Spot="1" />
 <COLOR RGB="#ddc9cb" NAME="Caparol Flamenco 85" Spot="1" />
 <COLOR RGB="#c4acb0" NAME="Caparol Flamenco 80" Spot="1" />
 <COLOR RGB="#a88d95" NAME="Caparol Flamenco 75" Spot="1" />
 <COLOR RGB="#8c6e77" NAME="Caparol Flamenco 70" Spot="1" />
 <COLOR RGB="#725c63" NAME="Caparol Flamenco 65" Spot="1" />
 <COLOR RGB="#fae4e6" NAME="Caparol Flamenco 120" Spot="1" />
 <COLOR RGB="#e5c5cc" NAME="Caparol Flamenco 115" Spot="1" />
 <COLOR RGB="#cba8b1" NAME="Caparol Flamenco 110" Spot="1" />
 <COLOR RGB="#af8a96" NAME="Caparol Flamenco 105" Spot="1" />
 <COLOR RGB="#8c616e" NAME="Caparol Flamenco 100" Spot="1" />
 <COLOR RGB="#7d5a65" NAME="Caparol Flamenco 95" Spot="1" />
 <COLOR RGB="#f8d2de" NAME="Caparol Flamenco 150" Spot="1" />
 <COLOR RGB="#ecafc3" NAME="Caparol Flamenco 145" Spot="1" />
 <COLOR RGB="#cd90a4" NAME="Caparol Flamenco 140" Spot="1" />
 <COLOR RGB="#b47487" NAME="Caparol Flamenco 135" Spot="1" />
 <COLOR RGB="#9b5a70" NAME="Caparol Flamenco 130" Spot="1" />
 <COLOR RGB="#8a4a60" NAME="Caparol Flamenco 125" Spot="1" />
 <COLOR RGB="#832c64" NAME="Caparol Diva 30" Spot="1" />
 <COLOR RGB="#67376d" NAME="Caparol Diva 25" Spot="1" />
 <COLOR RGB="#534d5f" NAME="Caparol Diva 20" Spot="1" />
 <COLOR RGB="#46386e" NAME="Caparol Diva 15" Spot="1" />
 <COLOR RGB="#404e81" NAME="Caparol Diva 10" Spot="1" />
 <COLOR RGB="#1c366a" NAME="Caparol Diva 5" Spot="1" />
 <COLOR RGB="#366289" NAME="Caparol Blu 30" Spot="1" />
 <COLOR RGB="#27435c" NAME="Caparol Blu 25" Spot="1" />
 <COLOR RGB="#005a7b" NAME="Caparol Blu 20" Spot="1" />
 <COLOR RGB="#07364c" NAME="Caparol Blu 15" Spot="1" />
 <COLOR RGB="#3498a8" NAME="Caparol Blu 10" Spot="1" />
 <COLOR RGB="#004351" NAME="Caparol Blu 5" Spot="1" />
 <COLOR RGB="#006a74" NAME="Caparol Peru 30" Spot="1" />
 <COLOR RGB="#00474e" NAME="Caparol Peru 25" Spot="1" />
 <COLOR RGB="#007d72" NAME="Caparol Peru 20" Spot="1" />
 <COLOR RGB="#00403b" NAME="Caparol Peru 15" Spot="1" />
 <COLOR RGB="#005949" NAME="Caparol Peru 10" Spot="1" />
 <COLOR RGB="#004a3e" NAME="Caparol Peru 5" Spot="1" />
 <COLOR RGB="#00835e" NAME="Caparol Verdo 30" Spot="1" />
 <COLOR RGB="#2b4c44" NAME="Caparol Verdo 25" Spot="1" />
 <COLOR RGB="#00642f" NAME="Caparol Verdo 20" Spot="1" />
 <COLOR RGB="#13462c" NAME="Caparol Verdo 15" Spot="1" />
 <COLOR RGB="#468320" NAME="Caparol Verdo 10" Spot="1" />
 <COLOR RGB="#365129" NAME="Caparol Verdo 5" Spot="1" />
 <COLOR RGB="#cbc700" NAME="Caparol Oliv 30" Spot="1" />
 <COLOR RGB="#8e8418" NAME="Caparol Oliv 25" Spot="1" />
 <COLOR RGB="#c8aa00" NAME="Caparol Oliv 20" Spot="1" />
 <COLOR RGB="#595534" NAME="Caparol Oliv 15" Spot="1" />
 <COLOR RGB="#d49a00" NAME="Caparol Oliv 10" Spot="1" />
 <COLOR RGB="#1e1f21" NAME="Caparol Oliv 5" Spot="1" />
 <COLOR RGB="#ffb700" NAME="Caparol Brasil 30" Spot="1" />
 <COLOR RGB="#4c4333" NAME="Caparol Brasil 25" Spot="1" />
 <COLOR RGB="#ba7631" NAME="Caparol Brasil 20" Spot="1" />
 <COLOR RGB="#5b3c26" NAME="Caparol Brasil 15" Spot="1" />
 <COLOR RGB="#f17900" NAME="Caparol Brasil 10" Spot="1" />
 <COLOR RGB="#4f2b28" NAME="Caparol Brasil 5" Spot="1" />
 <COLOR RGB="#c04117" NAME="Caparol Rubin 30" Spot="1" />
 <COLOR RGB="#623624" NAME="Caparol Rubin 25" Spot="1" />
 <COLOR RGB="#a82a1b" NAME="Caparol Rubin 20" Spot="1" />
 <COLOR RGB="#7b2b21" NAME="Caparol Rubin 15" Spot="1" />
 <COLOR RGB="#af2331" NAME="Caparol Rubin 10" Spot="1" />
 <COLOR RGB="#4f212b" NAME="Caparol Rubin 5" Spot="1" />
 <COLOR RGB="#a85f9b" NAME="Caparol Pink 30" Spot="1" />
 <COLOR RGB="#603556" NAME="Caparol Pink 25" Spot="1" />
 <COLOR RGB="#b54f88" NAME="Caparol Pink 20" Spot="1" />
 <COLOR RGB="#55203e" NAME="Caparol Pink 15" Spot="1" />
 <COLOR RGB="#be4c77" NAME="Caparol Pink 10" Spot="1" />
 <COLOR RGB="#7e1e42" NAME="Caparol Pink 5" Spot="1" />
 <COLOR RGB="#ec5509" NAME="Caparol Laser 30" Spot="1" />
 <COLOR RGB="#c82f37" NAME="Caparol Laser 25" Spot="1" />
 <COLOR RGB="#ac1c38" NAME="Caparol Laser 20" Spot="1" />
 <COLOR RGB="#a22c58" NAME="Caparol Laser 15" Spot="1" />
 <COLOR RGB="#773468" NAME="Caparol Laser 10" Spot="1" />
 <COLOR RGB="#593d71" NAME="Caparol Laser 5" Spot="1" />
 <COLOR RGB="#79b31c" NAME="Caparol Laser 60" Spot="1" />
 <COLOR RGB="#c3c700" NAME="Caparol Laser 55" Spot="1" />
 <COLOR RGB="#eed913" NAME="Caparol Laser 50" Spot="1" />
 <COLOR RGB="#fdc000" NAME="Caparol Laser 45" Spot="1" />
 <COLOR RGB="#fca200" NAME="Caparol Laser 40" Spot="1" />
 <COLOR RGB="#fc8700" NAME="Caparol Laser 35" Spot="1" />
 <COLOR RGB="#33417d" NAME="Caparol Laser 90" Spot="1" />
 <COLOR RGB="#124880" NAME="Caparol Laser 85" Spot="1" />
 <COLOR RGB="#005686" NAME="Caparol Laser 80" Spot="1" />
 <COLOR RGB="#006977" NAME="Caparol Laser 75" Spot="1" />
 <COLOR RGB="#00805f" NAME="Caparol Laser 70" Spot="1" />
 <COLOR RGB="#248d2f" NAME="Caparol Laser 65" Spot="1" />
 <COLOR RGB="#9e8954" NAME="Caparol Curcuma 45 MET" Spot="1" />
 <COLOR RGB="#786a55" NAME="Caparol Palazzo 160 MET" Spot="1" />
 <COLOR RGB="#524a41" NAME="Caparol Palazzo 125 MET" Spot="1" />
 <COLOR RGB="#8f9398" NAME="Caparol Venato 45 MET" Spot="1" />
 <COLOR RGB="#686a6d" NAME="Caparol Venato 20 MET" Spot="1" />
 <COLOR RGB="#48474a" NAME="Caparol Venato 10 MET" Spot="1" />
 <COLOR RGB="#343642" NAME="Caparol Saphir 5 MET" Spot="1" />
 <COLOR RGB="#546768" NAME="Caparol Patina 45 MET" Spot="1" />
 <COLOR RGB="#99a340" NAME="Caparol Mai 70 MET" Spot="1" />
 <COLOR RGB="#b26931" NAME="Caparol Amber 95 MET" Spot="1" />
 <COLOR RGB="#7a3a35" NAME="Caparol Grenadin 95 MET" Spot="1" />
 <COLOR RGB="#87394d" NAME="Caparol Rose 95 MET" Spot="1" />
</SCRIBUSCOLORS>