<?xml version="1.0" encoding="UTF-8"?>
<SCRIBUSCOLORS Name="Caparol AmphiSilan">
 <COLOR RGB="#8f7a3e" NAME="Caparol Chromoxidgruen 25S" Spot="1" />
 <COLOR RGB="#96834f" NAME="Caparol Chromoxidgruen 25S 1" Spot="1" />
 <COLOR RGB="#af9d6c" NAME="Caparol Chromoxidgruen 25S 2" Spot="1" />
 <COLOR RGB="#cdbf98" NAME="Caparol Chromoxidgruen 25S 3" Spot="1" />
 <COLOR RGB="#e2d8bd" NAME="Caparol Chromoxidgruen 25S 4" Spot="1" />
 <COLOR RGB="#eae4d0" NAME="Caparol Chromoxidgruen 25S 5" Spot="1" />
 <COLOR RGB="#908149" NAME="Caparol Chromoxidgruen 26S" Spot="1" />
 <COLOR RGB="#988a55" NAME="Caparol Chromoxidgruen 26S 1" Spot="1" />
 <COLOR RGB="#ada16e" NAME="Caparol Chromoxidgruen 26S 2" Spot="1" />
 <COLOR RGB="#cbc197" NAME="Caparol Chromoxidgruen 26S 3" Spot="1" />
 <COLOR RGB="#e6dec3" NAME="Caparol Chromoxidgruen 26S 4" Spot="1" />
 <COLOR RGB="#ede8d4" NAME="Caparol Chromoxidgruen 26S 5" Spot="1" />
 <COLOR RGB="#888651" NAME="Caparol Chromoxidgruen 27S" Spot="1" />
 <COLOR RGB="#92915e" NAME="Caparol Chromoxidgruen 27S 1" Spot="1" />
 <COLOR RGB="#aca97d" NAME="Caparol Chromoxidgruen 27S 2" Spot="1" />
 <COLOR RGB="#c7c6a6" NAME="Caparol Chromoxidgruen 27S 3" Spot="1" />
 <COLOR RGB="#dbdac4" NAME="Caparol Chromoxidgruen 27S 4" Spot="1" />
 <COLOR RGB="#e9e9d9" NAME="Caparol Chromoxidgruen 27S 5" Spot="1" />
 <COLOR RGB="#6d7d56" NAME="Caparol Chromoxidgruen 28S" Spot="1" />
 <COLOR RGB="#7c8a66" NAME="Caparol Chromoxidgruen 28S 1" Spot="1" />
 <COLOR RGB="#909c7d" NAME="Caparol Chromoxidgruen 28S 2" Spot="1" />
 <COLOR RGB="#b9c2a9" NAME="Caparol Chromoxidgruen 28S 3" Spot="1" />
 <COLOR RGB="#d6daca" NAME="Caparol Chromoxidgruen 28S 4" Spot="1" />
 <COLOR RGB="#e0e4d6" NAME="Caparol Chromoxidgruen 28S 5" Spot="1" />
 <COLOR RGB="#707459" NAME="Caparol Chromoxidgruen 29S" Spot="1" />
 <COLOR RGB="#787d64" NAME="Caparol Chromoxidgruen 29S 1" Spot="1" />
 <COLOR RGB="#929781" NAME="Caparol Chromoxidgruen 29S 2" Spot="1" />
 <COLOR RGB="#bcc0ad" NAME="Caparol Chromoxidgruen 29S 3" Spot="1" />
 <COLOR RGB="#d8d9cb" NAME="Caparol Chromoxidgruen 29S 4" Spot="1" />
 <COLOR RGB="#e4e4d7" NAME="Caparol Chromoxidgruen 29S 5" Spot="1" />
 <COLOR RGB="#5d7261" NAME="Caparol Chromoxidgruen 30S" Spot="1" />
 <COLOR RGB="#6e8371" NAME="Caparol Chromoxidgruen 30S 1" Spot="1" />
 <COLOR RGB="#899c8e" NAME="Caparol Chromoxidgruen 30S 2" Spot="1" />
 <COLOR RGB="#b0c0b6" NAME="Caparol Chromoxidgruen 30S 3" Spot="1" />
 <COLOR RGB="#cfd8d0" NAME="Caparol Chromoxidgruen 30S 4" Spot="1" />
 <COLOR RGB="#dfe4db" NAME="Caparol Chromoxidgruen 30S 5" Spot="1" />
 <COLOR RGB="#7a7a6b" NAME="Caparol Chromoxidgruen 37S" Spot="1" />
 <COLOR RGB="#838374" NAME="Caparol Chromoxidgruen 37S 1" Spot="1" />
 <COLOR RGB="#98998b" NAME="Caparol Chromoxidgruen 37S 2" Spot="1" />
 <COLOR RGB="#bbbcae" NAME="Caparol Chromoxidgruen 37S 3" Spot="1" />
 <COLOR RGB="#d8d7cd" NAME="Caparol Chromoxidgruen 37S 4" Spot="1" />
 <COLOR RGB="#e9e8dd" NAME="Caparol Chromoxidgruen 37S 5" Spot="1" />
 <COLOR RGB="#efe276" NAME="Caparol Gelb" Spot="1" />
 <COLOR RGB="#5b7550" NAME="Caparol Gruen" Spot="1" />
 <COLOR RGB="#1e86ae" NAME="Caparol Kobaltblau" Spot="1" />
 <COLOR RGB="#4e7080" NAME="Caparol Kobaltblau 31S" Spot="1" />
 <COLOR RGB="#5f7f8f" NAME="Caparol Kobaltblau 31S 1" Spot="1" />
 <COLOR RGB="#7e9baa" NAME="Caparol Kobaltblau 31S 2" Spot="1" />
 <COLOR RGB="#adc2ca" NAME="Caparol Kobaltblau 31S 3" Spot="1" />
 <COLOR RGB="#cbd8db" NAME="Caparol Kobaltblau 31S 4" Spot="1" />
 <COLOR RGB="#d8e1e2" NAME="Caparol Kobaltblau 31S 5" Spot="1" />
 <COLOR RGB="#dec36b" NAME="Caparol Nickeltitangelb 1S" Spot="1" />
 <COLOR RGB="#e1c875" NAME="Caparol Nickeltitangelb 1S 1" Spot="1" />
 <COLOR RGB="#e9d691" NAME="Caparol Nickeltitangelb 1S 2" Spot="1" />
 <COLOR RGB="#f3e7bd" NAME="Caparol Nickeltitangelb 1S 3" Spot="1" />
 <COLOR RGB="#f3eed8" NAME="Caparol Nickeltitangelb 1S 4" Spot="1" />
 <COLOR RGB="#f1eede" NAME="Caparol Nickeltitangelb 1S 5" Spot="1" />
 <COLOR RGB="#cf9542" NAME="Caparol Ocker" Spot="1" />
 <COLOR RGB="#7c6046" NAME="Caparol Oxidbraun" Spot="1" />
 <COLOR RGB="#8e583c" NAME="Caparol Oxidbraun 13S" Spot="1" />
 <COLOR RGB="#9b6951" NAME="Caparol Oxidbraun 13S 1" Spot="1" />
 <COLOR RGB="#af7f68" NAME="Caparol Oxidbraun 13S 2" Spot="1" />
 <COLOR RGB="#cfa997" NAME="Caparol Oxidbraun 13S 3" Spot="1" />
 <COLOR RGB="#e4cabc" NAME="Caparol Oxidbraun 13S 4" Spot="1" />
 <COLOR RGB="#e8d7cc" NAME="Caparol Oxidbraun 13S 5" Spot="1" />
 <COLOR RGB="#82533e" NAME="Caparol Oxidbraun 14S" Spot="1" />
 <COLOR RGB="#895d4b" NAME="Caparol Oxidbraun 14S 1" Spot="1" />
 <COLOR RGB="#a27767" NAME="Caparol Oxidbraun 14S 2" Spot="1" />
 <COLOR RGB="#c2a194" NAME="Caparol Oxidbraun 14S 3" Spot="1" />
 <COLOR RGB="#dcc4b8" NAME="Caparol Oxidbraun 14S 4" Spot="1" />
 <COLOR RGB="#e7d4ca" NAME="Caparol Oxidbraun 14S 5" Spot="1" />
 <COLOR RGB="#78554b" NAME="Caparol Oxidbraun 15S" Spot="1" />
 <COLOR RGB="#826158" NAME="Caparol Oxidbraun 15S 1" Spot="1" />
 <COLOR RGB="#9b7d76" NAME="Caparol Oxidbraun 15S 2" Spot="1" />
 <COLOR RGB="#bfa8a3" NAME="Caparol Oxidbraun 15S 3" Spot="1" />
 <COLOR RGB="#d8cac5" NAME="Caparol Oxidbraun 15S 4" Spot="1" />
 <COLOR RGB="#e2d6d2" NAME="Caparol Oxidbraun 15S 5" Spot="1" />
 <COLOR RGB="#6c4a3d" NAME="Caparol Oxidbraun 16S" Spot="1" />
 <COLOR RGB="#735347" NAME="Caparol Oxidbraun 16S 1" Spot="1" />
 <COLOR RGB="#8d6f65" NAME="Caparol Oxidbraun 16S 2" Spot="1" />
 <COLOR RGB="#b39d95" NAME="Caparol Oxidbraun 16S 3" Spot="1" />
 <COLOR RGB="#d2c2bc" NAME="Caparol Oxidbraun 16S 4" Spot="1" />
 <COLOR RGB="#e2d7d1" NAME="Caparol Oxidbraun 16S 5" Spot="1" />
 <COLOR RGB="#614c3d" NAME="Caparol Oxidbraun 17S" Spot="1" />
 <COLOR RGB="#6c584a" NAME="Caparol Oxidbraun 17S 1" Spot="1" />
 <COLOR RGB="#8a786c" NAME="Caparol Oxidbraun 17S 2" Spot="1" />
 <COLOR RGB="#b3a398" NAME="Caparol Oxidbraun 17S 3" Spot="1" />
 <COLOR RGB="#d0c7c0" NAME="Caparol Oxidbraun 17S 4" Spot="1" />
 <COLOR RGB="#e1d9d2" NAME="Caparol Oxidbraun 17S 5" Spot="1" />
 <COLOR RGB="#715f4c" NAME="Caparol Oxidbraun 18S" Spot="1" />
 <COLOR RGB="#7c6a59" NAME="Caparol Oxidbraun 18S 1" Spot="1" />
 <COLOR RGB="#928272" NAME="Caparol Oxidbraun 18S 2" Spot="1" />
 <COLOR RGB="#b6aa9d" NAME="Caparol Oxidbraun 18S 3" Spot="1" />
 <COLOR RGB="#d3cbc1" NAME="Caparol Oxidbraun 18S 4" Spot="1" />
 <COLOR RGB="#e4ded6" NAME="Caparol Oxidbraun 18S 5" Spot="1" />
 <COLOR RGB="#846043" NAME="Caparol Oxidbraun 19S" Spot="1" />
 <COLOR RGB="#8e6a4e" NAME="Caparol Oxidbraun 19S 1" Spot="1" />
 <COLOR RGB="#a28066" NAME="Caparol Oxidbraun 19S 2" Spot="1" />
 <COLOR RGB="#c7ac97" NAME="Caparol Oxidbraun 19S 3" Spot="1" />
 <COLOR RGB="#ddccbf" NAME="Caparol Oxidbraun 19S 4" Spot="1" />
 <COLOR RGB="#e7dbcf" NAME="Caparol Oxidbraun 19S 5" Spot="1" />
 <COLOR RGB="#7b5f48" NAME="Caparol Oxidbraun 20S" Spot="1" />
 <COLOR RGB="#83664e" NAME="Caparol Oxidbraun 20S 1" Spot="1" />
 <COLOR RGB="#987d66" NAME="Caparol Oxidbraun 20S 2" Spot="1" />
 <COLOR RGB="#bca593" NAME="Caparol Oxidbraun 20S 3" Spot="1" />
 <COLOR RGB="#dbcec1" NAME="Caparol Oxidbraun 20S 4" Spot="1" />
 <COLOR RGB="#e2dad0" NAME="Caparol Oxidbraun 20S 5" Spot="1" />
 <COLOR RGB="#675a51" NAME="Caparol Oxidbraun 36S" Spot="1" />
 <COLOR RGB="#6a5d52" NAME="Caparol Oxidbraun 36S 1" Spot="1" />
 <COLOR RGB="#7e7368" NAME="Caparol Oxidbraun 36S 2" Spot="1" />
 <COLOR RGB="#a79c92" NAME="Caparol Oxidbraun 36S 3" Spot="1" />
 <COLOR RGB="#cbc2b9" NAME="Caparol Oxidbraun 36S 4" Spot="1" />
 <COLOR RGB="#e3dcd3" NAME="Caparol Oxidbraun 36S 5" Spot="1" />
 <COLOR RGB="#d5a957" NAME="Caparol Oxidgelb 2S" Spot="1" />
 <COLOR RGB="#dbb163" NAME="Caparol Oxidgelb 2S 1" Spot="1" />
 <COLOR RGB="#e2c180" NAME="Caparol Oxidgelb 2S 2" Spot="1" />
 <COLOR RGB="#edd8ae" NAME="Caparol Oxidgelb 2S 3" Spot="1" />
 <COLOR RGB="#f0e6cb" NAME="Caparol Oxidgelb 2S 4" Spot="1" />
 <COLOR RGB="#f2ead7" NAME="Caparol Oxidgelb 2S 5" Spot="1" />
 <COLOR RGB="#c78642" NAME="Caparol Oxidgelb 35S" Spot="1" />
 <COLOR RGB="#d0904b" NAME="Caparol Oxidgelb 35S 1" Spot="1" />
 <COLOR RGB="#d69a57" NAME="Caparol Oxidgelb 35S 2" Spot="1" />
 <COLOR RGB="#e7b77d" NAME="Caparol Oxidgelb 35S 3" Spot="1" />
 <COLOR RGB="#f0d3ac" NAME="Caparol Oxidgelb 35S 4" Spot="1" />
 <COLOR RGB="#f0dcc0" NAME="Caparol Oxidgelb 35S 5" Spot="1" />
 <COLOR RGB="#d29d4c" NAME="Caparol Oxidgelb 3S" Spot="1" />
 <COLOR RGB="#d5a359" NAME="Caparol Oxidgelb 3S 1" Spot="1" />
 <COLOR RGB="#e3b877" NAME="Caparol Oxidgelb 3S 2" Spot="1" />
 <COLOR RGB="#ebcfa1" NAME="Caparol Oxidgelb 3S 3" Spot="1" />
 <COLOR RGB="#f0e1c1" NAME="Caparol Oxidgelb 3S 4" Spot="1" />
 <COLOR RGB="#eee6d1" NAME="Caparol Oxidgelb 3S 5" Spot="1" />
 <COLOR RGB="#ca8d39" NAME="Caparol Oxidgelb 4S" Spot="1" />
 <COLOR RGB="#d49847" NAME="Caparol Oxidgelb 4S 1" Spot="1" />
 <COLOR RGB="#dba85c" NAME="Caparol Oxidgelb 4S 2" Spot="1" />
 <COLOR RGB="#ecc58c" NAME="Caparol Oxidgelb 4S 3" Spot="1" />
 <COLOR RGB="#f4deb8" NAME="Caparol Oxidgelb 4S 4" Spot="1" />
 <COLOR RGB="#f1e2c8" NAME="Caparol Oxidgelb 4S 5" Spot="1" />
 <COLOR RGB="#ab7940" NAME="Caparol Oxidgelb 5S" Spot="1" />
 <COLOR RGB="#b48249" NAME="Caparol Oxidgelb 5S 1" Spot="1" />
 <COLOR RGB="#c59764" NAME="Caparol Oxidgelb 5S 2" Spot="1" />
 <COLOR RGB="#dab88f" NAME="Caparol Oxidgelb 5S 3" Spot="1" />
 <COLOR RGB="#ecd5b7" NAME="Caparol Oxidgelb 5S 4" Spot="1" />
 <COLOR RGB="#f4e5cf" NAME="Caparol Oxidgelb 5S 5" Spot="1" />
 <COLOR RGB="#b87a43" NAME="Caparol Oxidgelb 6S" Spot="1" />
 <COLOR RGB="#bf834b" NAME="Caparol Oxidgelb 6S 1" Spot="1" />
 <COLOR RGB="#cd9764" NAME="Caparol Oxidgelb 6S 2" Spot="1" />
 <COLOR RGB="#e1b98f" NAME="Caparol Oxidgelb 6S 3" Spot="1" />
 <COLOR RGB="#edd4b7" NAME="Caparol Oxidgelb 6S 4" Spot="1" />
 <COLOR RGB="#f3e2cb" NAME="Caparol Oxidgelb 6S 5" Spot="1" />
 <COLOR RGB="#904b3a" NAME="Caparol Oxidorange" Spot="1" />
 <COLOR RGB="#7f443e" NAME="Caparol Oxidrot" Spot="1" />
 <COLOR RGB="#9f573e" NAME="Caparol Oxidrot 10S" Spot="1" />
 <COLOR RGB="#a45f46" NAME="Caparol Oxidrot 10S 1" Spot="1" />
 <COLOR RGB="#b8765f" NAME="Caparol Oxidrot 10S 2" Spot="1" />
 <COLOR RGB="#d4a18e" NAME="Caparol Oxidrot 10S 3" Spot="1" />
 <COLOR RGB="#e3c1b4" NAME="Caparol Oxidrot 10S 4" Spot="1" />
 <COLOR RGB="#ecd4c7" NAME="Caparol Oxidrot 10S 5" Spot="1" />
 <COLOR RGB="#a0533f" NAME="Caparol Oxidrot 11S" Spot="1" />
 <COLOR RGB="#a35440" NAME="Caparol Oxidrot 11S 1" Spot="1" />
 <COLOR RGB="#bd715e" NAME="Caparol Oxidrot 11S 2" Spot="1" />
 <COLOR RGB="#d79683" NAME="Caparol Oxidrot 11S 3" Spot="1" />
 <COLOR RGB="#eac1b5" NAME="Caparol Oxidrot 11S 4" Spot="1" />
 <COLOR RGB="#f0d3c8" NAME="Caparol Oxidrot 11S 5" Spot="1" />
 <COLOR RGB="#924e3f" NAME="Caparol Oxidrot 12S" Spot="1" />
 <COLOR RGB="#995749" NAME="Caparol Oxidrot 12S 1" Spot="1" />
 <COLOR RGB="#a96b5c" NAME="Caparol Oxidrot 12S 2" Spot="1" />
 <COLOR RGB="#c8968b" NAME="Caparol Oxidrot 12S 3" Spot="1" />
 <COLOR RGB="#debbb1" NAME="Caparol Oxidrot 12S 4" Spot="1" />
 <COLOR RGB="#ead1c7" NAME="Caparol Oxidrot 12S 5" Spot="1" />
 <COLOR RGB="#ad6b3d" NAME="Caparol Oxidrot 7S" Spot="1" />
 <COLOR RGB="#b37347" NAME="Caparol Oxidrot 7S 1" Spot="1" />
 <COLOR RGB="#c58b60" NAME="Caparol Oxidrot 7S 2" Spot="1" />
 <COLOR RGB="#dbaf8d" NAME="Caparol Oxidrot 7S 3" Spot="1" />
 <COLOR RGB="#ecd1ba" NAME="Caparol Oxidrot 7S 4" Spot="1" />
 <COLOR RGB="#f2e1d0" NAME="Caparol Oxidrot 7S 5" Spot="1" />
 <COLOR RGB="#a5643c" NAME="Caparol Oxidrot 8S" Spot="1" />
 <COLOR RGB="#ac6d4a" NAME="Caparol Oxidrot 8S 1" Spot="1" />
 <COLOR RGB="#bd8364" NAME="Caparol Oxidrot 8S 2" Spot="1" />
 <COLOR RGB="#d5a88f" NAME="Caparol Oxidrot 8S 3" Spot="1" />
 <COLOR RGB="#e9cbb9" NAME="Caparol Oxidrot 8S 4" Spot="1" />
 <COLOR RGB="#f0dccc" NAME="Caparol Oxidrot 8S 5" Spot="1" />
 <COLOR RGB="#b36743" NAME="Caparol Oxidrot 9S" Spot="1" />
 <COLOR RGB="#bb6f4b" NAME="Caparol Oxidrot 9S 1" Spot="1" />
 <COLOR RGB="#c98563" NAME="Caparol Oxidrot 9S 2" Spot="1" />
 <COLOR RGB="#e1ac8e" NAME="Caparol Oxidrot 9S 3" Spot="1" />
 <COLOR RGB="#edccb7" NAME="Caparol Oxidrot 9S 4" Spot="1" />
 <COLOR RGB="#edd6c6" NAME="Caparol Oxidrot 9S 5" Spot="1" />
 <COLOR RGB="#4e4b47" NAME="Caparol Oxidschwarz 32S" Spot="1" />
 <COLOR RGB="#585551" NAME="Caparol Oxidschwarz 32S 1" Spot="1" />
 <COLOR RGB="#73716f" NAME="Caparol Oxidschwarz 32S 2" Spot="1" />
 <COLOR RGB="#a5a4a1" NAME="Caparol Oxidschwarz 32S 3" Spot="1" />
 <COLOR RGB="#c7c7c3" NAME="Caparol Oxidschwarz 32S 4" Spot="1" />
 <COLOR RGB="#d7d7d3" NAME="Caparol Oxidschwarz 32S 5" Spot="1" />
 <COLOR RGB="#554f43" NAME="Caparol Oxidschwarz 33S" Spot="1" />
 <COLOR RGB="#60594d" NAME="Caparol Oxidschwarz 33S 1" Spot="1" />
 <COLOR RGB="#7a746b" NAME="Caparol Oxidschwarz 33S 2" Spot="1" />
 <COLOR RGB="#a5a198" NAME="Caparol Oxidschwarz 33S 3" Spot="1" />
 <COLOR RGB="#cdcac1" NAME="Caparol Oxidschwarz 33S 4" Spot="1" />
 <COLOR RGB="#dbd8d0" NAME="Caparol Oxidschwarz 33S 5" Spot="1" />
 <COLOR RGB="#675b49" NAME="Caparol Oxidschwarz 34S" Spot="1" />
 <COLOR RGB="#706451" NAME="Caparol Oxidschwarz 34S 1" Spot="1" />
 <COLOR RGB="#877d6b" NAME="Caparol Oxidschwarz 34S 2" Spot="1" />
 <COLOR RGB="#b1a999" NAME="Caparol Oxidschwarz 34S 3" Spot="1" />
 <COLOR RGB="#d3cec3" NAME="Caparol Oxidschwarz 34S 4" Spot="1" />
 <COLOR RGB="#ddd7cd" NAME="Caparol Oxidschwarz 34S 5" Spot="1" />
 <COLOR RGB="#6d7478" NAME="Caparol Oxidschwarz 38S" Spot="1" />
 <COLOR RGB="#777d82" NAME="Caparol Oxidschwarz 38S 1" Spot="1" />
 <COLOR RGB="#8e9497" NAME="Caparol Oxidschwarz 38S 2" Spot="1" />
 <COLOR RGB="#b7bcbc" NAME="Caparol Oxidschwarz 38S 3" Spot="1" />
 <COLOR RGB="#d2d5d5" NAME="Caparol Oxidschwarz 38S 4" Spot="1" />
 <COLOR RGB="#eaeae5" NAME="Caparol Oxidschwarz 38S 5" Spot="1" />
 <COLOR RGB="#3b3b3c" NAME="Caparol Schwarz" Spot="1" />
 <COLOR RGB="#ede37d" NAME="Caparol Sylitol-Gelb" Spot="1" />
 <COLOR RGB="#5e7b56" NAME="Caparol Sylitol-Gruen" Spot="1" />
 <COLOR RGB="#147ea5" NAME="Caparol Sylitol-Kobaltblau" Spot="1" />
 <COLOR RGB="#c68d3d" NAME="Caparol Sylitol-Ocker" Spot="1" />
 <COLOR RGB="#785b46" NAME="Caparol Sylitol-Oxidbraun" Spot="1" />
 <COLOR RGB="#9b4f3e" NAME="Caparol Sylitol-Oxidorange" Spot="1" />
 <COLOR RGB="#84453d" NAME="Caparol Sylitol-Oxidrot" Spot="1" />
 <COLOR RGB="#3f4042" NAME="Caparol Sylitol-Schwarz" Spot="1" />
 <COLOR RGB="#726346" NAME="Caparol Sylitol-Umbra" Spot="1" />
 <COLOR RGB="#7a6846" NAME="Caparol Umbra" Spot="1" />
 <COLOR RGB="#836847" NAME="Caparol Umbra 21S" Spot="1" />
 <COLOR RGB="#8f7758" NAME="Caparol Umbra 21S 1" Spot="1" />
 <COLOR RGB="#a28a6a" NAME="Caparol Umbra 21S 2" Spot="1" />
 <COLOR RGB="#c5b399" NAME="Caparol Umbra 21S 3" Spot="1" />
 <COLOR RGB="#dccfbd" NAME="Caparol Umbra 21S 4" Spot="1" />
 <COLOR RGB="#e9e0d0" NAME="Caparol Umbra 21S 5" Spot="1" />
 <COLOR RGB="#8c724c" NAME="Caparol Umbra 22S" Spot="1" />
 <COLOR RGB="#967d57" NAME="Caparol Umbra 22S 1" Spot="1" />
 <COLOR RGB="#a8916f" NAME="Caparol Umbra 22S 2" Spot="1" />
 <COLOR RGB="#c7b599" NAME="Caparol Umbra 22S 3" Spot="1" />
 <COLOR RGB="#ded2bf" NAME="Caparol Umbra 22S 4" Spot="1" />
 <COLOR RGB="#ebe2d3" NAME="Caparol Umbra 22S 5" Spot="1" />
 <COLOR RGB="#9d7a41" NAME="Caparol Umbra 23S" Spot="1" />
 <COLOR RGB="#a9854d" NAME="Caparol Umbra 23S 1" Spot="1" />
 <COLOR RGB="#b69765" NAME="Caparol Umbra 23S 2" Spot="1" />
 <COLOR RGB="#d5bc95" NAME="Caparol Umbra 23S 3" Spot="1" />
 <COLOR RGB="#e8d8bc" NAME="Caparol Umbra 23S 4" Spot="1" />
 <COLOR RGB="#eae0cc" NAME="Caparol Umbra 23S 5" Spot="1" />
 <COLOR RGB="#aa8847" NAME="Caparol Umbra 24S" Spot="1" />
 <COLOR RGB="#b18e4e" NAME="Caparol Umbra 24S 1" Spot="1" />
 <COLOR RGB="#bd9e65" NAME="Caparol Umbra 24S 2" Spot="1" />
 <COLOR RGB="#dbc193" NAME="Caparol Umbra 24S 3" Spot="1" />
 <COLOR RGB="#e9d8b9" NAME="Caparol Umbra 24S 4" Spot="1" />
 <COLOR RGB="#f0e4cc" NAME="Caparol Umbra 24S 5" Spot="1" />
</SCRIBUSCOLORS>