<?xml version="1.0" encoding="UTF-8"?>
<SCRIBUSCOLORS Name="Caparol 3D System">
 <COLOR RGB="#efece7" NAME="Caparol Grau 30" Spot="1" />
 <COLOR RGB="#e0dfdc" NAME="Caparol Grau 25" Spot="1" />
 <COLOR RGB="#cbcac8" NAME="Caparol Grau 20" Spot="1" />
 <COLOR RGB="#b0adab" NAME="Caparol Grau 15" Spot="1" />
 <COLOR RGB="#908e8d" NAME="Caparol Grau 10" Spot="1" />
 <COLOR RGB="#767575" NAME="Caparol Grau 5" Spot="1" />
 <COLOR RGB="#e8e6e3" NAME="Caparol Grau 60" Spot="1" />
 <COLOR RGB="#d9d8d4" NAME="Caparol Grau 55" Spot="1" />
 <COLOR RGB="#bdbbb9" NAME="Caparol Grau 50" Spot="1" />
 <COLOR RGB="#a19e9d" NAME="Caparol Grau 45" Spot="1" />
 <COLOR RGB="#848182" NAME="Caparol Grau 40" Spot="1" />
 <COLOR RGB="#696765" NAME="Caparol Grau 35" Spot="1" />
 <COLOR RGB="#5d6064" NAME="Caparol Schiefer-Grau" Spot="1" />
 <COLOR RGB="#777c80" NAME="Caparol Blaeulich-Grau" Spot="1" />
 <COLOR RGB="#6a6967" NAME="Caparol Graphit-Grau" Spot="1" />
 <COLOR RGB="#5b5957" NAME="Caparol Umbra-Grau" Spot="1" />
 <COLOR RGB="#5f5c5c" NAME="Caparol Sepia-Grau" Spot="1" />
 <COLOR RGB="#4e4e4e" NAME="Caparol Schwarz-Grau" Spot="1" />
 <COLOR RGB="#ece9e2" NAME="Caparol Warm-Weiss" Spot="1" />
 <COLOR RGB="#f1eee6" NAME="Caparol Natur-Weiss" Spot="1" />
 <COLOR RGB="#ece8de" NAME="Caparol Umbra-Weiss" Spot="1" />
 <COLOR RGB="#f9f7ef" NAME="Caparol Hell-Weiss" Spot="1" />
 <COLOR RGB="#f1efe8" NAME="Caparol Grau-Weiss" Spot="1" />
 <COLOR RGB="#e8e9e5" NAME="Caparol Kuehl-Weiss" Spot="1" />
 <COLOR RGB="#f4f4e6" NAME="Caparol Off White 30" Spot="1" />
 <COLOR RGB="#f7f3e1" NAME="Caparol Off White 25" Spot="1" />
 <COLOR RGB="#f5f0e0" NAME="Caparol Off White 20" Spot="1" />
 <COLOR RGB="#f7efe6" NAME="Caparol Off White 15" Spot="1" />
 <COLOR RGB="#f6efe8" NAME="Caparol Off White 10" Spot="1" />
 <COLOR RGB="#f6eeea" NAME="Caparol Off White 5" Spot="1" />
 <COLOR RGB="#f0ebeb" NAME="Caparol Off White 60" Spot="1" />
 <COLOR RGB="#f2f0ed" NAME="Caparol Off White 55" Spot="1" />
 <COLOR RGB="#eef0ed" NAME="Caparol Off White 50" Spot="1" />
 <COLOR RGB="#ecf1ee" NAME="Caparol Off White 45" Spot="1" />
 <COLOR RGB="#ebf4eb" NAME="Caparol Off White 40" Spot="1" />
 <COLOR RGB="#eff5ec" NAME="Caparol Off White 35" Spot="1" />
 <COLOR RGB="#efebe5" NAME="Caparol Rose 30" Spot="1" />
 <COLOR RGB="#ebe6e1" NAME="Caparol Rose 25" Spot="1" />
 <COLOR RGB="#ece3df" NAME="Caparol Rose 20" Spot="1" />
 <COLOR RGB="#ece0de" NAME="Caparol Rose 15" Spot="1" />
 <COLOR RGB="#d8d2cf" NAME="Caparol Rose 10" Spot="1" />
 <COLOR RGB="#c3bbb9" NAME="Caparol Rose 5" Spot="1" />
 <COLOR RGB="#f7e7e5" NAME="Caparol Rose 60" Spot="1" />
 <COLOR RGB="#e0cdcc" NAME="Caparol Rose 55" Spot="1" />
 <COLOR RGB="#cab8bb" NAME="Caparol Rose 50" Spot="1" />
 <COLOR RGB="#bbadae" NAME="Caparol Rose 45" Spot="1" />
 <COLOR RGB="#bda5a7" NAME="Caparol Rose 40" Spot="1" />
 <COLOR RGB="#9f8b8d" NAME="Caparol Rose 35" Spot="1" />
 <COLOR RGB="#f8dee0" NAME="Caparol Rose 90" Spot="1" />
 <COLOR RGB="#d5b2b7" NAME="Caparol Rose 85" Spot="1" />
 <COLOR RGB="#bd949a" NAME="Caparol Rose 80" Spot="1" />
 <COLOR RGB="#a3797f" NAME="Caparol Rose 75" Spot="1" />
 <COLOR RGB="#866f72" NAME="Caparol Rose 70" Spot="1" />
 <COLOR RGB="#6d5559" NAME="Caparol Rose 65" Spot="1" />
 <COLOR RGB="#ddafb6" NAME="Caparol Rose 120" Spot="1" />
 <COLOR RGB="#d88795" NAME="Caparol Rose 115" Spot="1" />
 <COLOR RGB="#ac6e79" NAME="Caparol Rose 110" Spot="1" />
 <COLOR RGB="#8e5d67" NAME="Caparol Rose 105" Spot="1" />
 <COLOR RGB="#ac4e68" NAME="Caparol Rose 100" Spot="1" />
 <COLOR RGB="#aa3d5d" NAME="Caparol Rose 95" Spot="1" />
 <COLOR RGB="#f9d5d7" NAME="Caparol Baccara 30" Spot="1" />
 <COLOR RGB="#f1a7b1" NAME="Caparol Baccara 25" Spot="1" />
 <COLOR RGB="#e38392" NAME="Caparol Baccara 20" Spot="1" />
 <COLOR RGB="#c46575" NAME="Caparol Baccara 15" Spot="1" />
 <COLOR RGB="#864952" NAME="Caparol Baccara 10" Spot="1" />
 <COLOR RGB="#6b4547" NAME="Caparol Baccara 5" Spot="1" />
 <COLOR RGB="#e9dfdd" NAME="Caparol Quarz 30" Spot="1" />
 <COLOR RGB="#d8cecc" NAME="Caparol Quarz 25" Spot="1" />
 <COLOR RGB="#d0c6c5" NAME="Caparol Quarz 20" Spot="1" />
 <COLOR RGB="#c0b7b6" NAME="Caparol Quarz 15" Spot="1" />
 <COLOR RGB="#aba3a4" NAME="Caparol Quarz 10" Spot="1" />
 <COLOR RGB="#e9dbdb" NAME="Caparol Quarz 60" Spot="1" />
 <COLOR RGB="#ddcdcc" NAME="Caparol Quarz 55" Spot="1" />
 <COLOR RGB="#d4bdbc" NAME="Caparol Quarz 50" Spot="1" />
 <COLOR RGB="#cfb4b4" NAME="Caparol Quarz 45" Spot="1" />
 <COLOR RGB="#fae0dc" NAME="Caparol Venezia 30" Spot="1" />
 <COLOR RGB="#fbdedb" NAME="Caparol Venezia 25" Spot="1" />
 <COLOR RGB="#fab6b6" NAME="Caparol Venezia 20" Spot="1" />
 <COLOR RGB="#e98b8c" NAME="Caparol Venezia 15" Spot="1" />
 <COLOR RGB="#de7d80" NAME="Caparol Venezia 10" Spot="1" />
 <COLOR RGB="#cf5c63" NAME="Caparol Venezia 5" Spot="1" />
 <COLOR RGB="#e8e3dd" NAME="Caparol Korall 30" Spot="1" />
 <COLOR RGB="#e4ded9" NAME="Caparol Korall 25" Spot="1" />
 <COLOR RGB="#e6dbd5" NAME="Caparol Korall 20" Spot="1" />
 <COLOR RGB="#daceca" NAME="Caparol Korall 15" Spot="1" />
 <COLOR RGB="#b5a9a7" NAME="Caparol Korall 10" Spot="1" />
 <COLOR RGB="#9e8e8c" NAME="Caparol Korall 5" Spot="1" />
 <COLOR RGB="#f7dfd7" NAME="Caparol Korall 60" Spot="1" />
 <COLOR RGB="#f0d8d1" NAME="Caparol Korall 55" Spot="1" />
 <COLOR RGB="#d5c2bd" NAME="Caparol Korall 50" Spot="1" />
 <COLOR RGB="#cfc0bb" NAME="Caparol Korall 45" Spot="1" />
 <COLOR RGB="#c0a9a5" NAME="Caparol Korall 40" Spot="1" />
 <COLOR RGB="#b6a4a2" NAME="Caparol Korall 35" Spot="1" />
 <COLOR RGB="#e2beb8" NAME="Caparol Korall 90" Spot="1" />
 <COLOR RGB="#d6b1ab" NAME="Caparol Korall 85" Spot="1" />
 <COLOR RGB="#ba928d" NAME="Caparol Korall 80" Spot="1" />
 <COLOR RGB="#c48f8a" NAME="Caparol Korall 75" Spot="1" />
 <COLOR RGB="#a27772" NAME="Caparol Korall 70" Spot="1" />
 <COLOR RGB="#967875" NAME="Caparol Korall 65" Spot="1" />
 <COLOR RGB="#7c6563" NAME="Caparol Korall 120" Spot="1" />
 <COLOR RGB="#8a5d58" NAME="Caparol Korall 115" Spot="1" />
 <COLOR RGB="#715655" NAME="Caparol Korall 110" Spot="1" />
 <COLOR RGB="#7e5652" NAME="Caparol Korall 105" Spot="1" />
 <COLOR RGB="#6e4d4a" NAME="Caparol Korall 100" Spot="1" />
 <COLOR RGB="#594544" NAME="Caparol Korall 95" Spot="1" />
 <COLOR RGB="#dc9893" NAME="Caparol Korall 150" Spot="1" />
 <COLOR RGB="#c57a74" NAME="Caparol Korall 145" Spot="1" />
 <COLOR RGB="#bb6c65" NAME="Caparol Korall 140" Spot="1" />
 <COLOR RGB="#9b5954" NAME="Caparol Korall 135" Spot="1" />
 <COLOR RGB="#6c4240" NAME="Caparol Korall 130" Spot="1" />
 <COLOR RGB="#7e413d" NAME="Caparol Korall 125" Spot="1" />
 <COLOR RGB="#eba59e" NAME="Caparol Korall 180" Spot="1" />
 <COLOR RGB="#f3918b" NAME="Caparol Korall 175" Spot="1" />
 <COLOR RGB="#e26f6b" NAME="Caparol Korall 170" Spot="1" />
 <COLOR RGB="#d16562" NAME="Caparol Korall 165" Spot="1" />
 <COLOR RGB="#b05754" NAME="Caparol Korall 160" Spot="1" />
 <COLOR RGB="#aa534f" NAME="Caparol Korall 155" Spot="1" />
 <COLOR RGB="#ede5e0" NAME="Caparol Bordeaux 30" Spot="1" />
 <COLOR RGB="#ded5d1" NAME="Caparol Bordeaux 25" Spot="1" />
 <COLOR RGB="#cab7b3" NAME="Caparol Bordeaux 20" Spot="1" />
 <COLOR RGB="#bea7a2" NAME="Caparol Bordeaux 15" Spot="1" />
 <COLOR RGB="#bb9991" NAME="Caparol Bordeaux 10" Spot="1" />
 <COLOR RGB="#a98b84" NAME="Caparol Bordeaux 5" Spot="1" />
 <COLOR RGB="#e8c3bc" NAME="Caparol Bordeaux 60" Spot="1" />
 <COLOR RGB="#d2a39d" NAME="Caparol Bordeaux 55" Spot="1" />
 <COLOR RGB="#ba827a" NAME="Caparol Bordeaux 50" Spot="1" />
 <COLOR RGB="#b17066" NAME="Caparol Bordeaux 45" Spot="1" />
 <COLOR RGB="#9b665e" NAME="Caparol Bordeaux 40" Spot="1" />
 <COLOR RGB="#7f5049" NAME="Caparol Bordeaux 35" Spot="1" />
 <COLOR RGB="#ffdad2" NAME="Caparol Bordeaux 90" Spot="1" />
 <COLOR RGB="#fb9e93" NAME="Caparol Bordeaux 85" Spot="1" />
 <COLOR RGB="#cf7668" NAME="Caparol Bordeaux 80" Spot="1" />
 <COLOR RGB="#ab5f55" NAME="Caparol Bordeaux 75" Spot="1" />
 <COLOR RGB="#ac5b51" NAME="Caparol Bordeaux 70" Spot="1" />
 <COLOR RGB="#a13f38" NAME="Caparol Bordeaux 65" Spot="1" />
 <COLOR RGB="#efeae5" NAME="Caparol Cameo 30" Spot="1" />
 <COLOR RGB="#ebe7e3" NAME="Caparol Cameo 25" Spot="1" />
 <COLOR RGB="#ded3ce" NAME="Caparol Cameo 20" Spot="1" />
 <COLOR RGB="#cfc8c6" NAME="Caparol Cameo 15" Spot="1" />
 <COLOR RGB="#b6aba8" NAME="Caparol Cameo 10" Spot="1" />
 <COLOR RGB="#9c8d89" NAME="Caparol Cameo 5" Spot="1" />
 <COLOR RGB="#f8ede7" NAME="Caparol Cameo 60" Spot="1" />
 <COLOR RGB="#e5d5d0" NAME="Caparol Cameo 55" Spot="1" />
 <COLOR RGB="#cab5ae" NAME="Caparol Cameo 50" Spot="1" />
 <COLOR RGB="#bea59d" NAME="Caparol Cameo 45" Spot="1" />
 <COLOR RGB="#a6928b" NAME="Caparol Cameo 40" Spot="1" />
 <COLOR RGB="#85716d" NAME="Caparol Cameo 35" Spot="1" />
 <COLOR RGB="#fae2db" NAME="Caparol Cameo 90" Spot="1" />
 <COLOR RGB="#edd4cd" NAME="Caparol Cameo 85" Spot="1" />
 <COLOR RGB="#dec0b6" NAME="Caparol Cameo 80" Spot="1" />
 <COLOR RGB="#ca9f95" NAME="Caparol Cameo 75" Spot="1" />
 <COLOR RGB="#a9887f" NAME="Caparol Cameo 70" Spot="1" />
 <COLOR RGB="#8e6d64" NAME="Caparol Cameo 65" Spot="1" />
 <COLOR RGB="#fbded4" NAME="Caparol Cameo 120" Spot="1" />
 <COLOR RGB="#edc7bf" NAME="Caparol Cameo 115" Spot="1" />
 <COLOR RGB="#dfb0a3" NAME="Caparol Cameo 110" Spot="1" />
 <COLOR RGB="#de9c8d" NAME="Caparol Cameo 105" Spot="1" />
 <COLOR RGB="#ad796b" NAME="Caparol Cameo 100" Spot="1" />
 <COLOR RGB="#885243" NAME="Caparol Cameo 95" Spot="1" />
 <COLOR RGB="#fae4db" NAME="Caparol Cameo 150" Spot="1" />
 <COLOR RGB="#f4baab" NAME="Caparol Cameo 145" Spot="1" />
 <COLOR RGB="#f2a695" NAME="Caparol Cameo 140" Spot="1" />
 <COLOR RGB="#c57f6d" NAME="Caparol Cameo 135" Spot="1" />
 <COLOR RGB="#ac6758" NAME="Caparol Cameo 130" Spot="1" />
 <COLOR RGB="#9f5140" NAME="Caparol Cameo 125" Spot="1" />
 <COLOR RGB="#ffc8b9" NAME="Caparol Cameo 180" Spot="1" />
 <COLOR RGB="#ffa390" NAME="Caparol Cameo 175" Spot="1" />
 <COLOR RGB="#e97d65" NAME="Caparol Cameo 170" Spot="1" />
 <COLOR RGB="#df5940" NAME="Caparol Cameo 165" Spot="1" />
 <COLOR RGB="#d6543f" NAME="Caparol Cameo 160" Spot="1" />
 <COLOR RGB="#cd5a46" NAME="Caparol Cameo 155" Spot="1" />
 <COLOR RGB="#fae7de" NAME="Caparol Lachs 30" Spot="1" />
 <COLOR RGB="#fae1d8" NAME="Caparol Lachs 25" Spot="1" />
 <COLOR RGB="#efd1c5" NAME="Caparol Lachs 20" Spot="1" />
 <COLOR RGB="#e3c2b5" NAME="Caparol Lachs 15" Spot="1" />
 <COLOR RGB="#ecc0b3" NAME="Caparol Lachs 55" Spot="1" />
 <COLOR RGB="#dca592" NAME="Caparol Lachs 50" Spot="1" />
 <COLOR RGB="#cea697" NAME="Caparol Lachs 45" Spot="1" />
 <COLOR RGB="#c09485" NAME="Caparol Lachs 40" Spot="1" />
 <COLOR RGB="#b47e6c" NAME="Caparol Lachs 35" Spot="1" />
 <COLOR RGB="#ffc3ae" NAME="Caparol Lachs 85" Spot="1" />
 <COLOR RGB="#e4977e" NAME="Caparol Lachs 80" Spot="1" />
 <COLOR RGB="#d88c6c" NAME="Caparol Lachs 75" Spot="1" />
 <COLOR RGB="#cd7c5e" NAME="Caparol Lachs 70" Spot="1" />
 <COLOR RGB="#a9664e" NAME="Caparol Lachs 65" Spot="1" />
 <COLOR RGB="#fba086" NAME="Caparol Lachs 120" Spot="1" />
 <COLOR RGB="#e58160" NAME="Caparol Lachs 115" Spot="1" />
 <COLOR RGB="#db603b" NAME="Caparol Lachs 110" Spot="1" />
 <COLOR RGB="#cb7150" NAME="Caparol Lachs 105" Spot="1" />
 <COLOR RGB="#b96247" NAME="Caparol Lachs 100" Spot="1" />
 <COLOR RGB="#ba5231" NAME="Caparol Lachs 95" Spot="1" />
 <COLOR RGB="#efeae5" NAME="Caparol Aprico 30" Spot="1" />
 <COLOR RGB="#eee8e3" NAME="Caparol Aprico 25" Spot="1" />
 <COLOR RGB="#e0d6d0" NAME="Caparol Aprico 20" Spot="1" />
 <COLOR RGB="#d7c9c1" NAME="Caparol Aprico 15" Spot="1" />
 <COLOR RGB="#c0a99f" NAME="Caparol Aprico 10" Spot="1" />
 <COLOR RGB="#b39c91" NAME="Caparol Aprico 5" Spot="1" />
 <COLOR RGB="#fae3d5" NAME="Caparol Aprico 60" Spot="1" />
 <COLOR RGB="#f0d2c5" NAME="Caparol Aprico 55" Spot="1" />
 <COLOR RGB="#e1c5b8" NAME="Caparol Aprico 50" Spot="1" />
 <COLOR RGB="#d7b1a3" NAME="Caparol Aprico 45" Spot="1" />
 <COLOR RGB="#a7897b" NAME="Caparol Aprico 40" Spot="1" />
 <COLOR RGB="#917365" NAME="Caparol Aprico 35" Spot="1" />
 <COLOR RGB="#f4cdbd" NAME="Caparol Aprico 90" Spot="1" />
 <COLOR RGB="#e7c0b0" NAME="Caparol Aprico 85" Spot="1" />
 <COLOR RGB="#eabfac" NAME="Caparol Aprico 80" Spot="1" />
 <COLOR RGB="#e4af97" NAME="Caparol Aprico 75" Spot="1" />
 <COLOR RGB="#bc9887" NAME="Caparol Aprico 70" Spot="1" />
 <COLOR RGB="#b38b79" NAME="Caparol Aprico 65" Spot="1" />
 <COLOR RGB="#e8ac90" NAME="Caparol Aprico 120" Spot="1" />
 <COLOR RGB="#efa988" NAME="Caparol Aprico 115" Spot="1" />
 <COLOR RGB="#e19d7b" NAME="Caparol Aprico 110" Spot="1" />
 <COLOR RGB="#c38f78" NAME="Caparol Aprico 105" Spot="1" />
 <COLOR RGB="#d08d6d" NAME="Caparol Aprico 100" Spot="1" />
 <COLOR RGB="#9f7058" NAME="Caparol Aprico 95" Spot="1" />
 <COLOR RGB="#ffb392" NAME="Caparol Aprico 150" Spot="1" />
 <COLOR RGB="#fd8751" NAME="Caparol Aprico 145" Spot="1" />
 <COLOR RGB="#ef7c4b" NAME="Caparol Aprico 140" Spot="1" />
 <COLOR RGB="#c87e5e" NAME="Caparol Aprico 135" Spot="1" />
 <COLOR RGB="#d27e54" NAME="Caparol Aprico 130" Spot="1" />
 <COLOR RGB="#c46b45" NAME="Caparol Aprico 125" Spot="1" />
 <COLOR RGB="#fae5d9" NAME="Caparol Aprico 180" Spot="1" />
 <COLOR RGB="#ffdbca" NAME="Caparol Aprico 175" Spot="1" />
 <COLOR RGB="#f9e0d4" NAME="Caparol Perl 30" Spot="1" />
 <COLOR RGB="#e7c2ae" NAME="Caparol Perl 25" Spot="1" />
 <COLOR RGB="#e1b199" NAME="Caparol Perl 20" Spot="1" />
 <COLOR RGB="#d7ab93" NAME="Caparol Perl 15" Spot="1" />
 <COLOR RGB="#bd9883" NAME="Caparol Perl 10" Spot="1" />
 <COLOR RGB="#ac8c79" NAME="Caparol Perl 5" Spot="1" />
 <COLOR RGB="#fee5d8" NAME="Caparol Perl 60" Spot="1" />
 <COLOR RGB="#ffdbc7" NAME="Caparol Perl 55" Spot="1" />
 <COLOR RGB="#f8ceb9" NAME="Caparol Perl 50" Spot="1" />
 <COLOR RGB="#e7b599" NAME="Caparol Perl 45" Spot="1" />
 <COLOR RGB="#d3a58d" NAME="Caparol Perl 40" Spot="1" />
 <COLOR RGB="#d6c9c0" NAME="Caparol Ceramic 30" Spot="1" />
 <COLOR RGB="#cbbaaf" NAME="Caparol Cermic 25" Spot="1" />
 <COLOR RGB="#bfac9f" NAME="Caparol Cermic 20" Spot="1" />
 <COLOR RGB="#c1a895" NAME="Caparol Cermic 15" Spot="1" />
 <COLOR RGB="#a68c7a" NAME="Caparol Cermic 10" Spot="1" />
 <COLOR RGB="#907663" NAME="Caparol Cermic 5" Spot="1" />
 <COLOR RGB="#f8e0d0" NAME="Caparol Cermic 60" Spot="1" />
 <COLOR RGB="#e1c9b8" NAME="Caparol Cermic 55" Spot="1" />
 <COLOR RGB="#e4c3ac" NAME="Caparol Cermic 50" Spot="1" />
 <COLOR RGB="#e1bda6" NAME="Caparol Cermic 45" Spot="1" />
 <COLOR RGB="#d4b5a1" NAME="Caparol Cermic 40" Spot="1" />
 <COLOR RGB="#c8a690" NAME="Caparol Cermic 35" Spot="1" />
 <COLOR RGB="#f9eee4" NAME="Caparol Cermic 90" Spot="1" />
 <COLOR RGB="#fce4d3" NAME="Caparol Cermic 85" Spot="1" />
 <COLOR RGB="#ffd9c0" NAME="Caparol Cermic 80" Spot="1" />
 <COLOR RGB="#f5cfb5" NAME="Caparol Cermic 75" Spot="1" />
 <COLOR RGB="#dfb08f" NAME="Caparol Cermic 70" Spot="1" />
 <COLOR RGB="#c69a7b" NAME="Caparol Cermic 65" Spot="1" />
 <COLOR RGB="#ffc8a2" NAME="Caparol Cermic 105" Spot="1" />
 <COLOR RGB="#fca665" NAME="Caparol Cermic 100" Spot="1" />
 <COLOR RGB="#fb831e" NAME="Caparol Cermic 95" Spot="1" />
 <COLOR RGB="#efebe6" NAME="Caparol Kreide 30" Spot="1" />
 <COLOR RGB="#ece7e1" NAME="Caparol Kreide 25" Spot="1" />
 <COLOR RGB="#e5ded7" NAME="Caparol Kreide 20" Spot="1" />
 <COLOR RGB="#dbd1ca" NAME="Caparol Kreide 15" Spot="1" />
 <COLOR RGB="#cec4bb" NAME="Caparol Kreide 10" Spot="1" />
 <COLOR RGB="#b1aba6" NAME="Caparol Kreide 5" Spot="1" />
 <COLOR RGB="#eae5df" NAME="Caparol Siena 30" Spot="1" />
 <COLOR RGB="#e0dbd5" NAME="Caparol Siena 25" Spot="1" />
 <COLOR RGB="#c6bdb5" NAME="Caparol Siena 20" Spot="1" />
 <COLOR RGB="#a99d94" NAME="Caparol Siena 15" Spot="1" />
 <COLOR RGB="#918377" NAME="Caparol Siena 10" Spot="1" />
 <COLOR RGB="#7d6c5e" NAME="Caparol Siena 5" Spot="1" />
 <COLOR RGB="#f7ebdf" NAME="Caparol Siena 60" Spot="1" />
 <COLOR RGB="#e7d7c7" NAME="Caparol Siena 55" Spot="1" />
 <COLOR RGB="#dccec0" NAME="Caparol Siena 50" Spot="1" />
 <COLOR RGB="#c5b2a3" NAME="Caparol Siena 45" Spot="1" />
 <COLOR RGB="#aa9685" NAME="Caparol Siena 40" Spot="1" />
 <COLOR RGB="#917c6b" NAME="Caparol Siena 35" Spot="1" />
 <COLOR RGB="#e7cdb6" NAME="Caparol Siena 90" Spot="1" />
 <COLOR RGB="#d2baa4" NAME="Caparol Siena 85" Spot="1" />
 <COLOR RGB="#b5987e" NAME="Caparol Siena 80" Spot="1" />
 <COLOR RGB="#af8b6a" NAME="Caparol Siena 75" Spot="1" />
 <COLOR RGB="#9f7c5e" NAME="Caparol Siena 70" Spot="1" />
 <COLOR RGB="#86694f" NAME="Caparol Siena 65" Spot="1" />
 <COLOR RGB="#f8e3d1" NAME="Caparol Siena 120" Spot="1" />
 <COLOR RGB="#f8dcc7" NAME="Caparol Siena 115" Spot="1" />
 <COLOR RGB="#f0ccb0" NAME="Caparol Siena 110" Spot="1" />
 <COLOR RGB="#debda3" NAME="Caparol Siena 105" Spot="1" />
 <COLOR RGB="#ddb89e" NAME="Caparol Siena 100" Spot="1" />
 <COLOR RGB="#c4a488" NAME="Caparol Siena 95" Spot="1" />
 <COLOR RGB="#fee6d4" NAME="Caparol Siena 150" Spot="1" />
 <COLOR RGB="#ffdcc1" NAME="Caparol Siena 145" Spot="1" />
 <COLOR RGB="#ffcea5" NAME="Caparol Siena 140" Spot="1" />
 <COLOR RGB="#e0af84" NAME="Caparol Siena 135" Spot="1" />
 <COLOR RGB="#c5976c" NAME="Caparol Siena 130" Spot="1" />
 <COLOR RGB="#d2985f" NAME="Caparol Siena 125" Spot="1" />
 <COLOR RGB="#ffc491" NAME="Caparol Siena 175" Spot="1" />
 <COLOR RGB="#ffb874" NAME="Caparol Siena 170" Spot="1" />
 <COLOR RGB="#eaad7b" NAME="Caparol Siena 165" Spot="1" />
 <COLOR RGB="#e69b59" NAME="Caparol Siena 160" Spot="1" />
 <COLOR RGB="#c4803f" NAME="Caparol Siena 155" Spot="1" />
 <COLOR RGB="#f0ebe7" NAME="Caparol Falb 30" Spot="1" />
 <COLOR RGB="#ece7e1" NAME="Caparol Falb 25" Spot="1" />
 <COLOR RGB="#ded5cc" NAME="Caparol Falb 20" Spot="1" />
 <COLOR RGB="#d3c9c0" NAME="Caparol Falb 15" Spot="1" />
 <COLOR RGB="#c9bbaf" NAME="Caparol Falb 10" Spot="1" />
 <COLOR RGB="#bead9e" NAME="Caparol Falb 5" Spot="1" />
 <COLOR RGB="#f6e4d2" NAME="Caparol Falb 60" Spot="1" />
 <COLOR RGB="#dac6b4" NAME="Caparol Falb 55" Spot="1" />
 <COLOR RGB="#c0aa98" NAME="Caparol Falb 50" Spot="1" />
 <COLOR RGB="#c4aa95" NAME="Caparol Falb 45" Spot="1" />
 <COLOR RGB="#a7917d" NAME="Caparol Falb 40" Spot="1" />
 <COLOR RGB="#8f7761" NAME="Caparol Falb 35" Spot="1" />
 <COLOR RGB="#f5d3b5" NAME="Caparol Falb 80" Spot="1" />
 <COLOR RGB="#e5c5ab" NAME="Caparol Falb 75" Spot="1" />
 <COLOR RGB="#d9baa1" NAME="Caparol Falb 70" Spot="1" />
 <COLOR RGB="#ab8d72" NAME="Caparol Falb 65" Spot="1" />
 <COLOR RGB="#e3e0dc" NAME="Caparol Onyx 30" Spot="1" />
 <COLOR RGB="#d7d2cc" NAME="Caparol Onyx 25" Spot="1" />
 <COLOR RGB="#d9d0c9" NAME="Caparol Onyx 20" Spot="1" />
 <COLOR RGB="#c9c4be" NAME="Caparol Onyx 15" Spot="1" />
 <COLOR RGB="#c3bcb4" NAME="Caparol Onyx 10" Spot="1" />
 <COLOR RGB="#b0aaa4" NAME="Caparol Onyx 5" Spot="1" />
 <COLOR RGB="#f4ece4" NAME="Caparol Onyx 60" Spot="1" />
 <COLOR RGB="#e5ded5" NAME="Caparol Onyx 55" Spot="1" />
 <COLOR RGB="#e2d7ce" NAME="Caparol Onyx 50" Spot="1" />
 <COLOR RGB="#bcb1a8" NAME="Caparol Onyx 45" Spot="1" />
 <COLOR RGB="#978d83" NAME="Caparol Onyx 40" Spot="1" />
 <COLOR RGB="#7e756c" NAME="Caparol Onyx 35" Spot="1" />
 <COLOR RGB="#f8ebde" NAME="Caparol Onyx 90" Spot="1" />
 <COLOR RGB="#f0e4d8" NAME="Caparol Onyx 85" Spot="1" />
 <COLOR RGB="#e7d7c6" NAME="Caparol Onyx 80" Spot="1" />
 <COLOR RGB="#e2cdb9" NAME="Caparol Onyx 75" Spot="1" />
 <COLOR RGB="#d1c1b0" NAME="Caparol Onyx 70" Spot="1" />
 <COLOR RGB="#b29a83" NAME="Caparol Onyx 65" Spot="1" />
 <COLOR RGB="#f9e9d7" NAME="Caparol Onyx 120" Spot="1" />
 <COLOR RGB="#edd6bf" NAME="Caparol Onyx 115" Spot="1" />
 <COLOR RGB="#e0c5a9" NAME="Caparol Onyx 110" Spot="1" />
 <COLOR RGB="#d7b592" NAME="Caparol Onyx 105" Spot="1" />
 <COLOR RGB="#b99d81" NAME="Caparol Onyx 100" Spot="1" />
 <COLOR RGB="#9c866f" NAME="Caparol Onyx 95" Spot="1" />
 <COLOR RGB="#fee4ce" NAME="Caparol Onyx 150" Spot="1" />
 <COLOR RGB="#f7dabe" NAME="Caparol Onyx 145" Spot="1" />
 <COLOR RGB="#eecca9" NAME="Caparol Onyx 140" Spot="1" />
 <COLOR RGB="#e2ba90" NAME="Caparol Onyx 135" Spot="1" />
 <COLOR RGB="#d3a87a" NAME="Caparol Onyx 130" Spot="1" />
 <COLOR RGB="#be9876" NAME="Caparol Onyx 125" Spot="1" />
 <COLOR RGB="#ffdebe" NAME="Caparol Onyx 180" Spot="1" />
 <COLOR RGB="#facea2" NAME="Caparol Onyx 175" Spot="1" />
 <COLOR RGB="#f3c18a" NAME="Caparol Onyx 170" Spot="1" />
 <COLOR RGB="#e4ae7c" NAME="Caparol Onyx 165" Spot="1" />
 <COLOR RGB="#c39664" NAME="Caparol Onyx 160" Spot="1" />
 <COLOR RGB="#bc884f" NAME="Caparol Onyx 155" Spot="1" />
 <COLOR RGB="#faf0e7" NAME="Caparol Onyx 210" Spot="1" />
 <COLOR RGB="#ffd2a1" NAME="Caparol Onyx 205" Spot="1" />
 <COLOR RGB="#ffc488" NAME="Caparol Onyx 200" Spot="1" />
 <COLOR RGB="#f3b36e" NAME="Caparol Onyx 195" Spot="1" />
 <COLOR RGB="#e5a259" NAME="Caparol Onyx 190" Spot="1" />
 <COLOR RGB="#dd9e5c" NAME="Caparol Onyx 185" Spot="1" />
 <COLOR RGB="#ffb75e" NAME="Caparol Onyx 230" Spot="1" />
 <COLOR RGB="#ffb653" NAME="Caparol Onyx 225" Spot="1" />
 <COLOR RGB="#ec9932" NAME="Caparol Onyx 220" Spot="1" />
 <COLOR RGB="#edebe6" NAME="Caparol Caramel 30" Spot="1" />
 <COLOR RGB="#ebe7e0" NAME="Caparol Caramel 25" Spot="1" />
 <COLOR RGB="#e0dad1" NAME="Caparol Caramel 20" Spot="1" />
 <COLOR RGB="#d4cbc0" NAME="Caparol Caramel 15" Spot="1" />
 <COLOR RGB="#c8bcaf" NAME="Caparol Caramel 10" Spot="1" />
 <COLOR RGB="#b9ac9b" NAME="Caparol Caramel 5" Spot="1" />
 <COLOR RGB="#f7ebdd" NAME="Caparol Caramel 60" Spot="1" />
 <COLOR RGB="#e7d7c5" NAME="Caparol Caramel 55" Spot="1" />
 <COLOR RGB="#d8c8b4" NAME="Caparol Caramel 50" Spot="1" />
 <COLOR RGB="#bbaa96" NAME="Caparol Caramel 45" Spot="1" />
 <COLOR RGB="#9f8c78" NAME="Caparol Caramel 40" Spot="1" />
 <COLOR RGB="#8d7960" NAME="Caparol Caramel 35" Spot="1" />
 <COLOR RGB="#fbf0e4" NAME="Caparol Caramel 90" Spot="1" />
 <COLOR RGB="#f7e5d0" NAME="Caparol Caramel 85" Spot="1" />
 <COLOR RGB="#fae2c9" NAME="Caparol Caramel 80" Spot="1" />
 <COLOR RGB="#ecd7bd" NAME="Caparol Caramel 75" Spot="1" />
 <COLOR RGB="#e0ccb2" NAME="Caparol Caramel 70" Spot="1" />
 <COLOR RGB="#d2b692" NAME="Caparol Caramel 65" Spot="1" />
 <COLOR RGB="#ffdeb5" NAME="Caparol Caramel 120" Spot="1" />
 <COLOR RGB="#ffd8a2" NAME="Caparol Caramel 115" Spot="1" />
 <COLOR RGB="#f8d19e" NAME="Caparol Caramel 110" Spot="1" />
 <COLOR RGB="#f7b23e" NAME="Caparol Caramel 105" Spot="1" />
 <COLOR RGB="#e9b068" NAME="Caparol Caramel 100" Spot="1" />
 <COLOR RGB="#cfa26c" NAME="Caparol Caramel 95" Spot="1" />
 <COLOR RGB="#e9e6e0" NAME="Caparol Palazzo 30" Spot="1" />
 <COLOR RGB="#dcd8d2" NAME="Caparol Palazzo 25" Spot="1" />
 <COLOR RGB="#ccc9c4" NAME="Caparol Palazzo 20" Spot="1" />
 <COLOR RGB="#bebbb6" NAME="Caparol Palazzo 15" Spot="1" />
 <COLOR RGB="#b1ada7" NAME="Caparol Palazzo 10" Spot="1" />
 <COLOR RGB="#a6a19d" NAME="Caparol Palazzo 5" Spot="1" />
 <COLOR RGB="#ede7de" NAME="Caparol Palazzo 60" Spot="1" />
 <COLOR RGB="#e3dbd1" NAME="Caparol Palazzo 55" Spot="1" />
 <COLOR RGB="#d3cdc2" NAME="Caparol Palazzo 50" Spot="1" />
 <COLOR RGB="#c3bcb3" NAME="Caparol Palazzo 45" Spot="1" />
 <COLOR RGB="#b1aba3" NAME="Caparol Palazzo 40" Spot="1" />
 <COLOR RGB="#86817a" NAME="Caparol Palazzo 35" Spot="1" />
 <COLOR RGB="#f5ecdf" NAME="Caparol Palazzo 90" Spot="1" />
 <COLOR RGB="#c8beb1" NAME="Caparol Palazzo 85" Spot="1" />
 <COLOR RGB="#a49d91" NAME="Caparol Palazzo 80" Spot="1" />
 <COLOR RGB="#7f7a72" NAME="Caparol Palazzo 75" Spot="1" />
 <COLOR RGB="#635e56" NAME="Caparol Palazzo 70" Spot="1" />
 <COLOR RGB="#48433b" NAME="Caparol Palazzo 65" Spot="1" />
 <COLOR RGB="#ebdfce" NAME="Caparol Palazzo 120" Spot="1" />
 <COLOR RGB="#dbd2c6" NAME="Caparol Palazzo 115" Spot="1" />
 <COLOR RGB="#b8afa2" NAME="Caparol Palazzo 110" Spot="1" />
 <COLOR RGB="#aba192" NAME="Caparol Palazzo 105" Spot="1" />
 <COLOR RGB="#988d7d" NAME="Caparol Palazzo 100" Spot="1" />
 <COLOR RGB="#8b8376" NAME="Caparol Palazzo 95" Spot="1" />
 <COLOR RGB="#dfcfb7" NAME="Caparol Palazzo 150" Spot="1" />
 <COLOR RGB="#c8baa4" NAME="Caparol Palazzo 145" Spot="1" />
 <COLOR RGB="#b0a18a" NAME="Caparol Palazzo 140" Spot="1" />
 <COLOR RGB="#8c7e69" NAME="Caparol Palazzo 135" Spot="1" />
 <COLOR RGB="#706656" NAME="Caparol Palazzo 130" Spot="1" />
 <COLOR RGB="#5b5142" NAME="Caparol Palazzo 125" Spot="1" />
 <COLOR RGB="#faead3" NAME="Caparol Palazzo 180" Spot="1" />
 <COLOR RGB="#ead4b4" NAME="Caparol Palazzo 175" Spot="1" />
 <COLOR RGB="#d2bfa1" NAME="Caparol Palazzo 170" Spot="1" />
 <COLOR RGB="#9b8c73" NAME="Caparol Palazzo 165" Spot="1" />
 <COLOR RGB="#7d6f58" NAME="Caparol Palazzo 160" Spot="1" />
 <COLOR RGB="#6c5e4a" NAME="Caparol Palazzo 155" Spot="1" />
 <COLOR RGB="#f8e4c6" NAME="Caparol Palazzo 210" Spot="1" />
 <COLOR RGB="#e1c59d" NAME="Caparol Palazzo 205" Spot="1" />
 <COLOR RGB="#c6ae8a" NAME="Caparol Palazzo 200" Spot="1" />
 <COLOR RGB="#b89f78" NAME="Caparol Palazzo 195" Spot="1" />
 <COLOR RGB="#977e56" NAME="Caparol Palazzo 190" Spot="1" />
 <COLOR RGB="#755d3a" NAME="Caparol Palazzo 185" Spot="1" />
 <COLOR RGB="#f9eedc" NAME="Caparol Palazzo 240" Spot="1" />
 <COLOR RGB="#fddfb4" NAME="Caparol Palazzo 235" Spot="1" />
 <COLOR RGB="#f4d2a0" NAME="Caparol Palazzo 230" Spot="1" />
 <COLOR RGB="#d4b589" NAME="Caparol Palazzo 225" Spot="1" />
 <COLOR RGB="#caac7e" NAME="Caparol Palazzo 220" Spot="1" />
 <COLOR RGB="#ac8b52" NAME="Caparol Palazzo 215" Spot="1" />
 <COLOR RGB="#ffdb9f" NAME="Caparol Palazzo 270" Spot="1" />
 <COLOR RGB="#f8cf8f" NAME="Caparol Palazzo 265" Spot="1" />
 <COLOR RGB="#e1ba7e" NAME="Caparol Palazzo 260" Spot="1" />
 <COLOR RGB="#d5ab67" NAME="Caparol Palazzo 255" Spot="1" />
 <COLOR RGB="#b18a45" NAME="Caparol Palazzo 250" Spot="1" />
 <COLOR RGB="#9b7a46" NAME="Caparol Palazzo 245" Spot="1" />
 <COLOR RGB="#ffd890" NAME="Caparol Palazzo 300" Spot="1" />
 <COLOR RGB="#eebf74" NAME="Caparol Palazzo 295" Spot="1" />
 <COLOR RGB="#deac57" NAME="Caparol Palazzo 290" Spot="1" />
 <COLOR RGB="#d3a34b" NAME="Caparol Palazzo 285" Spot="1" />
 <COLOR RGB="#9b7537" NAME="Caparol Palazzo 280" Spot="1" />
 <COLOR RGB="#ffd379" NAME="Caparol Palazzo 330" Spot="1" />
 <COLOR RGB="#ffcd78" NAME="Caparol Palazzo 325" Spot="1" />
 <COLOR RGB="#e4ae3f" NAME="Caparol Palazzo 320" Spot="1" />
 <COLOR RGB="#c6973e" NAME="Caparol Palazzo 315" Spot="1" />
 <COLOR RGB="#c39033" NAME="Caparol Palazzo 310" Spot="1" />
 <COLOR RGB="#b5863b" NAME="Caparol Palazzo 305" Spot="1" />
 <COLOR RGB="#ffcf60" NAME="Caparol Palazzo 360" Spot="1" />
 <COLOR RGB="#fcbc33" NAME="Caparol Palazzo 355" Spot="1" />
 <COLOR RGB="#ffba00" NAME="Caparol Palazzo 350" Spot="1" />
 <COLOR RGB="#e5ae2c" NAME="Caparol Palazzo 345" Spot="1" />
 <COLOR RGB="#ce9832" NAME="Caparol Palazzo 340" Spot="1" />
 <COLOR RGB="#efebe5" NAME="Caparol Ginster 30" Spot="1" />
 <COLOR RGB="#eee8e0" NAME="Caparol Ginster 25" Spot="1" />
 <COLOR RGB="#dfd8ce" NAME="Caparol Ginster 20" Spot="1" />
 <COLOR RGB="#cec5b8" NAME="Caparol Ginster 15" Spot="1" />
 <COLOR RGB="#c1b6a6" NAME="Caparol Ginster 10" Spot="1" />
 <COLOR RGB="#b4a996" NAME="Caparol Ginster 5" Spot="1" />
 <COLOR RGB="#f3e6cf" NAME="Caparol Ginster 60" Spot="1" />
 <COLOR RGB="#e4d8c1" NAME="Caparol Ginster 55" Spot="1" />
 <COLOR RGB="#d7cab2" NAME="Caparol Ginster 50" Spot="1" />
 <COLOR RGB="#b7aa93" NAME="Caparol Ginster 45" Spot="1" />
 <COLOR RGB="#9b8e76" NAME="Caparol Ginster 40" Spot="1" />
 <COLOR RGB="#8c7c60" NAME="Caparol Ginster 35" Spot="1" />
 <COLOR RGB="#faecd0" NAME="Caparol Ginster 90" Spot="1" />
 <COLOR RGB="#f1debb" NAME="Caparol Ginster 85" Spot="1" />
 <COLOR RGB="#e0cda7" NAME="Caparol Ginster 80" Spot="1" />
 <COLOR RGB="#d0be9c" NAME="Caparol Ginster 75" Spot="1" />
 <COLOR RGB="#c2ac82" NAME="Caparol Ginster 70" Spot="1" />
 <COLOR RGB="#a69064" NAME="Caparol Ginster 65" Spot="1" />
 <COLOR RGB="#fbe7c1" NAME="Caparol Ginster 120" Spot="1" />
 <COLOR RGB="#f5ddae" NAME="Caparol Ginster 115" Spot="1" />
 <COLOR RGB="#f1d393" NAME="Caparol Ginster 110" Spot="1" />
 <COLOR RGB="#f7d28d" NAME="Caparol Ginster 105" Spot="1" />
 <COLOR RGB="#e5c480" NAME="Caparol Ginster 100" Spot="1" />
 <COLOR RGB="#dabf8d" NAME="Caparol Ginster 95" Spot="1" />
 <COLOR RGB="#fdde97" NAME="Caparol Ginster 150" Spot="1" />
 <COLOR RGB="#ffd460" NAME="Caparol Ginster 145" Spot="1" />
 <COLOR RGB="#f8ce6d" NAME="Caparol Ginster 140" Spot="1" />
 <COLOR RGB="#facb48" NAME="Caparol Ginster 135" Spot="1" />
 <COLOR RGB="#f1bb00" NAME="Caparol Ginster 130" Spot="1" />
 <COLOR RGB="#e9b000" NAME="Caparol Ginster 125" Spot="1" />
 <COLOR RGB="#f9f1df" NAME="Caparol Curry 30" Spot="1" />
 <COLOR RGB="#f4eedf" NAME="Caparol Curry 25" Spot="1" />
 <COLOR RGB="#e9e2d3" NAME="Caparol Curry 20" Spot="1" />
 <COLOR RGB="#dfd7c5" NAME="Caparol Curry 15" Spot="1" />
 <COLOR RGB="#cfc5ad" NAME="Caparol Curry 10" Spot="1" />
 <COLOR RGB="#beb196" NAME="Caparol Curry 5" Spot="1" />
 <COLOR RGB="#f7ecd1" NAME="Caparol Curry 55" Spot="1" />
 <COLOR RGB="#eaddbb" NAME="Caparol Curry 50" Spot="1" />
 <COLOR RGB="#dac99d" NAME="Caparol Curry 45" Spot="1" />
 <COLOR RGB="#c2b180" NAME="Caparol Curry 40" Spot="1" />
 <COLOR RGB="#a49162" NAME="Caparol Curry 35" Spot="1" />
 <COLOR RGB="#fbedc7" NAME="Caparol Curry 90" Spot="1" />
 <COLOR RGB="#fbeac1" NAME="Caparol Curry 85" Spot="1" />
 <COLOR RGB="#efddb1" NAME="Caparol Curry 80" Spot="1" />
 <COLOR RGB="#e2ce9b" NAME="Caparol Curry 75" Spot="1" />
 <COLOR RGB="#d4bf81" NAME="Caparol Curry 70" Spot="1" />
 <COLOR RGB="#beaa72" NAME="Caparol Curry 65" Spot="1" />
 <COLOR RGB="#fae6af" NAME="Caparol Curry 120" Spot="1" />
 <COLOR RGB="#f5dd91" NAME="Caparol Curry 115" Spot="1" />
 <COLOR RGB="#eed592" NAME="Caparol Curry 110" Spot="1" />
 <COLOR RGB="#e4c77b" NAME="Caparol Curry 105" Spot="1" />
 <COLOR RGB="#c3ab63" NAME="Caparol Curry 100" Spot="1" />
 <COLOR RGB="#b59a3a" NAME="Caparol Curry 95" Spot="1" />
 <COLOR RGB="#fbe089" NAME="Caparol Curry 145" Spot="1" />
 <COLOR RGB="#f8d75f" NAME="Caparol Curry 140" Spot="1" />
 <COLOR RGB="#edcf6a" NAME="Caparol Curry 135" Spot="1" />
 <COLOR RGB="#e5c132" NAME="Caparol Curry 130" Spot="1" />
 <COLOR RGB="#d2b231" NAME="Caparol Curry 125" Spot="1" />
 <COLOR RGB="#f7f0dd" NAME="Caparol Melisse 30" Spot="1" />
 <COLOR RGB="#f3ecdd" NAME="Caparol Melisse 25" Spot="1" />
 <COLOR RGB="#efece6" NAME="Caparol Melisse 20" Spot="1" />
 <COLOR RGB="#e9e6dd" NAME="Caparol Melisse 15" Spot="1" />
 <COLOR RGB="#dcd9cf" NAME="Caparol Melisse 10" Spot="1" />
 <COLOR RGB="#cecac0" NAME="Caparol Melisse 5" Spot="1" />
 <COLOR RGB="#f8f3e6" NAME="Caparol Melisse 60" Spot="1" />
 <COLOR RGB="#f4edd8" NAME="Caparol Melisse 55" Spot="1" />
 <COLOR RGB="#e8e1c9" NAME="Caparol Melisse 50" Spot="1" />
 <COLOR RGB="#dfd9c1" NAME="Caparol Melisse 45" Spot="1" />
 <COLOR RGB="#d0caaf" NAME="Caparol Melisse 40" Spot="1" />
 <COLOR RGB="#b7ad8d" NAME="Caparol Melisse 35" Spot="1" />
 <COLOR RGB="#f7f0d3" NAME="Caparol Melisse 90" Spot="1" />
 <COLOR RGB="#f7e9b2" NAME="Caparol Melisse 85" Spot="1" />
 <COLOR RGB="#dbcf99" NAME="Caparol Melisse 80" Spot="1" />
 <COLOR RGB="#b9ab76" NAME="Caparol Melisse 75" Spot="1" />
 <COLOR RGB="#9a9374" NAME="Caparol Melisse 70" Spot="1" />
 <COLOR RGB="#7d754d" NAME="Caparol Melisse 65" Spot="1" />
 <COLOR RGB="#f7edc1" NAME="Caparol Melisse 120" Spot="1" />
 <COLOR RGB="#f4e672" NAME="Caparol Melisse 115" Spot="1" />
 <COLOR RGB="#f1dd4f" NAME="Caparol Melisse 110" Spot="1" />
 <COLOR RGB="#e7d24c" NAME="Caparol Melisse 105" Spot="1" />
 <COLOR RGB="#cfbb35" NAME="Caparol Melisse 100" Spot="1" />
 <COLOR RGB="#c6b12f" NAME="Caparol Melisse 95" Spot="1" />
 <COLOR RGB="#f5f1de" NAME="Caparol Soja 30" Spot="1" />
 <COLOR RGB="#f7f2db" NAME="Caparol Soja 25" Spot="1" />
 <COLOR RGB="#f7f0d3" NAME="Caparol Soja 20" Spot="1" />
 <COLOR RGB="#ebe5cf" NAME="Caparol Soja 15" Spot="1" />
 <COLOR RGB="#cec9b9" NAME="Caparol Soja 10" Spot="1" />
 <COLOR RGB="#beb9a3" NAME="Caparol Soja 5" Spot="1" />
 <COLOR RGB="#efecdf" NAME="Caparol Tundra 30" Spot="1" />
 <COLOR RGB="#e5e0d1" NAME="Caparol Tundra 25" Spot="1" />
 <COLOR RGB="#c0bcaf" NAME="Caparol Tundra 20" Spot="1" />
 <COLOR RGB="#908d81" NAME="Caparol Tundra 15" Spot="1" />
 <COLOR RGB="#7a776b" NAME="Caparol Tundra 10" Spot="1" />
 <COLOR RGB="#5d5d59" NAME="Caparol Tundra 5" Spot="1" />
 <COLOR RGB="#f7f5e6" NAME="Caparol Tundra 60" Spot="1" />
 <COLOR RGB="#f1ecd8" NAME="Caparol Tundra 55" Spot="1" />
 <COLOR RGB="#dad8c7" NAME="Caparol Tundra 50" Spot="1" />
 <COLOR RGB="#d0ccb3" NAME="Caparol Tundra 45" Spot="1" />
 <COLOR RGB="#c3bc9e" NAME="Caparol Tundra 40" Spot="1" />
 <COLOR RGB="#ada48b" NAME="Caparol Tundra 35" Spot="1" />
 <COLOR RGB="#e0dab9" NAME="Caparol Tundra 90" Spot="1" />
 <COLOR RGB="#b6af8d" NAME="Caparol Tundra 85" Spot="1" />
 <COLOR RGB="#999368" NAME="Caparol Tundra 80" Spot="1" />
 <COLOR RGB="#858461" NAME="Caparol Tundra 75" Spot="1" />
 <COLOR RGB="#79785f" NAME="Caparol Tundra 70" Spot="1" />
 <COLOR RGB="#636044" NAME="Caparol Tundra 65" Spot="1" />
 <COLOR RGB="#d4cc92" NAME="Caparol Tundra 120" Spot="1" />
 <COLOR RGB="#c4bd8e" NAME="Caparol Tundra 115" Spot="1" />
 <COLOR RGB="#a8a063" NAME="Caparol Tundra 110" Spot="1" />
 <COLOR RGB="#989256" NAME="Caparol Tundra 105" Spot="1" />
 <COLOR RGB="#867f4b" NAME="Caparol Tundra 100" Spot="1" />
 <COLOR RGB="#7e7a4e" NAME="Caparol Tundra 95" Spot="1" />
 <COLOR RGB="#f6f0b9" NAME="Caparol Tundra 150" Spot="1" />
 <COLOR RGB="#f1e96b" NAME="Caparol Tundra 145" Spot="1" />
 <COLOR RGB="#e5de4d" NAME="Caparol Tundra 140" Spot="1" />
 <COLOR RGB="#d4cd46" NAME="Caparol Tundra 135" Spot="1" />
 <COLOR RGB="#c5be45" NAME="Caparol Tundra 130" Spot="1" />
 <COLOR RGB="#a59d46" NAME="Caparol Tundra 125" Spot="1" />
 <COLOR RGB="#f3f0e5" NAME="Caparol Mai 30" Spot="1" />
 <COLOR RGB="#dfddd2" NAME="Caparol Mai 25" Spot="1" />
 <COLOR RGB="#c8c6bb" NAME="Caparol Mai 20" Spot="1" />
 <COLOR RGB="#aba9a0" NAME="Caparol Mai 15" Spot="1" />
 <COLOR RGB="#85827c" NAME="Caparol Mai 10" Spot="1" />
 <COLOR RGB="#706d68" NAME="Caparol Mai 05" Spot="1" />
 <COLOR RGB="#f5f1da" NAME="Caparol Mai 60" Spot="1" />
 <COLOR RGB="#e8e2c9" NAME="Caparol Mai 55" Spot="1" />
 <COLOR RGB="#cdcab3" NAME="Caparol Mai 50" Spot="1" />
 <COLOR RGB="#bab79f" NAME="Caparol Mai 45" Spot="1" />
 <COLOR RGB="#9a9981" NAME="Caparol Mai 40" Spot="1" />
 <COLOR RGB="#86836c" NAME="Caparol Mai 35" Spot="1" />
 <COLOR RGB="#e6e37e" NAME="Caparol Mai 90" Spot="1" />
 <COLOR RGB="#d9de8c" NAME="Caparol Mai 85" Spot="1" />
 <COLOR RGB="#cccd5b" NAME="Caparol Mai 80" Spot="1" />
 <COLOR RGB="#bdc540" NAME="Caparol Mai 75" Spot="1" />
 <COLOR RGB="#b0b550" NAME="Caparol Mai 70" Spot="1" />
 <COLOR RGB="#acad77" NAME="Caparol Mai 65" Spot="1" />
 <COLOR RGB="#edebe5" NAME="Caparol Jade 30" Spot="1" />
 <COLOR RGB="#e2e0da" NAME="Caparol Jade 25" Spot="1" />
 <COLOR RGB="#d9d8d1" NAME="Caparol Jade 20" Spot="1" />
 <COLOR RGB="#d4d3cb" NAME="Caparol Jade 15" Spot="1" />
 <COLOR RGB="#bebeb7" NAME="Caparol Jade 10" Spot="1" />
 <COLOR RGB="#b0b0aa" NAME="Caparol Jade 5" Spot="1" />
 <COLOR RGB="#eeece2" NAME="Caparol Jade 60" Spot="1" />
 <COLOR RGB="#d9d8d0" NAME="Caparol Jade 55" Spot="1" />
 <COLOR RGB="#cecdc4" NAME="Caparol Jade 50" Spot="1" />
 <COLOR RGB="#c1c0b2" NAME="Caparol Jade 45" Spot="1" />
 <COLOR RGB="#b3b3a7" NAME="Caparol Jade 40" Spot="1" />
 <COLOR RGB="#93948d" NAME="Caparol Jade 35" Spot="1" />
 <COLOR RGB="#efefd9" NAME="Caparol Jade 90" Spot="1" />
 <COLOR RGB="#e1e1c7" NAME="Caparol Jade 85" Spot="1" />
 <COLOR RGB="#d1d3b1" NAME="Caparol Jade 80" Spot="1" />
 <COLOR RGB="#bcbca4" NAME="Caparol Jade 75" Spot="1" />
 <COLOR RGB="#a3a38e" NAME="Caparol Jade 70" Spot="1" />
 <COLOR RGB="#828466" NAME="Caparol Jade 65" Spot="1" />
 <COLOR RGB="#e3e9a4" NAME="Caparol Jade 120" Spot="1" />
 <COLOR RGB="#dce3ac" NAME="Caparol Jade 115" Spot="1" />
 <COLOR RGB="#d8dbaa" NAME="Caparol Jade 110" Spot="1" />
 <COLOR RGB="#b9c08e" NAME="Caparol Jade 105" Spot="1" />
 <COLOR RGB="#9ea37c" NAME="Caparol Jade 100" Spot="1" />
 <COLOR RGB="#f1f2e7" NAME="Caparol Herba 30" Spot="1" />
 <COLOR RGB="#dde0d0" NAME="Caparol Herba 25" Spot="1" />
 <COLOR RGB="#c8cbb3" NAME="Caparol Herba 20" Spot="1" />
 <COLOR RGB="#b2b49c" NAME="Caparol Herba 15" Spot="1" />
 <COLOR RGB="#9ea38a" NAME="Caparol Herba 10" Spot="1" />
 <COLOR RGB="#92977e" NAME="Caparol Herba 5" Spot="1" />
 <COLOR RGB="#f1f3df" NAME="Caparol Herba 60" Spot="1" />
 <COLOR RGB="#d5e6a7" NAME="Caparol Herba 55" Spot="1" />
 <COLOR RGB="#d6e598" NAME="Caparol Herba 50" Spot="1" />
 <COLOR RGB="#b5ca5d" NAME="Caparol Herba 45" Spot="1" />
 <COLOR RGB="#a0bb4a" NAME="Caparol Herba 40" Spot="1" />
 <COLOR RGB="#e8e6e1" NAME="Caparol Moos 30" Spot="1" />
 <COLOR RGB="#d5d7d1" NAME="Caparol Moos 25" Spot="1" />
 <COLOR RGB="#a7a7a4" NAME="Caparol Moos 20" Spot="1" />
 <COLOR RGB="#8b8c86" NAME="Caparol Moos 15" Spot="1" />
 <COLOR RGB="#73746d" NAME="Caparol Moos 10" Spot="1" />
 <COLOR RGB="#5f605a" NAME="Caparol Moos 5" Spot="1" />
 <COLOR RGB="#dde0d1" NAME="Caparol Moos 60" Spot="1" />
 <COLOR RGB="#d1d3ca" NAME="Caparol Moos 55" Spot="1" />
 <COLOR RGB="#bebfb4" NAME="Caparol Moos 50" Spot="1" />
 <COLOR RGB="#babbb4" NAME="Caparol Moos 45" Spot="1" />
 <COLOR RGB="#a8ab9d" NAME="Caparol Moos 40" Spot="1" />
 <COLOR RGB="#969b87" NAME="Caparol Moos 35" Spot="1" />
 <COLOR RGB="#eeefdd" NAME="Caparol Moos 90" Spot="1" />
 <COLOR RGB="#d6dbc2" NAME="Caparol Moos 85" Spot="1" />
 <COLOR RGB="#c9cdb8" NAME="Caparol Moos 80" Spot="1" />
 <COLOR RGB="#b0b49e" NAME="Caparol Moos 75" Spot="1" />
 <COLOR RGB="#9aa67b" NAME="Caparol Moos 70" Spot="1" />
 <COLOR RGB="#e7f0d0" NAME="Caparol Moos 120" Spot="1" />
 <COLOR RGB="#e2ebc5" NAME="Caparol Moos 115" Spot="1" />
 <COLOR RGB="#c5d09f" NAME="Caparol Moos 110" Spot="1" />
 <COLOR RGB="#a7b385" NAME="Caparol Moos 105" Spot="1" />
 <COLOR RGB="#9eb371" NAME="Caparol Moos 100" Spot="1" />
 <COLOR RGB="#869f4b" NAME="Caparol Moos 95" Spot="1" />
 <COLOR RGB="#e5e6df" NAME="Caparol Oase 30" Spot="1" />
 <COLOR RGB="#d8dbd2" NAME="Caparol Oase 25" Spot="1" />
 <COLOR RGB="#c6ccc1" NAME="Caparol Oase 20" Spot="1" />
 <COLOR RGB="#a9b0a2" NAME="Caparol Oase 15" Spot="1" />
 <COLOR RGB="#9ca396" NAME="Caparol Oase 10" Spot="1" />
 <COLOR RGB="#868f7f" NAME="Caparol Oase 5" Spot="1" />
 <COLOR RGB="#eaede4" NAME="Caparol Oase 60" Spot="1" />
 <COLOR RGB="#d7ddd1" NAME="Caparol Oase 55" Spot="1" />
 <COLOR RGB="#b4bfa8" NAME="Caparol Oase 50" Spot="1" />
 <COLOR RGB="#788468" NAME="Caparol Oase 45" Spot="1" />
 <COLOR RGB="#5b6455" NAME="Caparol Oase 40" Spot="1" />
 <COLOR RGB="#4d5549" NAME="Caparol Oase 35" Spot="1" />
 <COLOR RGB="#e5e9dc" NAME="Caparol Oase 90" Spot="1" />
 <COLOR RGB="#d5dccb" NAME="Caparol Oase 85" Spot="1" />
 <COLOR RGB="#c6cfbb" NAME="Caparol Oase 80" Spot="1" />
 <COLOR RGB="#93a284" NAME="Caparol Oase 75" Spot="1" />
 <COLOR RGB="#5c6d52" NAME="Caparol Oase 70" Spot="1" />
 <COLOR RGB="#495a41" NAME="Caparol Oase 65" Spot="1" />
 <COLOR RGB="#e6f1d6" NAME="Caparol Oase 120" Spot="1" />
 <COLOR RGB="#b2c59f" NAME="Caparol Oase 115" Spot="1" />
 <COLOR RGB="#a6c68f" NAME="Caparol Oase 110" Spot="1" />
 <COLOR RGB="#818f6b" NAME="Caparol Oase 105" Spot="1" />
 <COLOR RGB="#5e7c50" NAME="Caparol Oase 100" Spot="1" />
 <COLOR RGB="#4b6740" NAME="Caparol Oase 95" Spot="1" />
 <COLOR RGB="#b0d891" NAME="Caparol Oase 150" Spot="1" />
 <COLOR RGB="#90c869" NAME="Caparol Oase 145" Spot="1" />
 <COLOR RGB="#81b851" NAME="Caparol Oase 140" Spot="1" />
 <COLOR RGB="#83a769" NAME="Caparol Oase 135" Spot="1" />
 <COLOR RGB="#679c4c" NAME="Caparol Oase 130" Spot="1" />
 <COLOR RGB="#557e44" NAME="Caparol Oase 125" Spot="1" />
 <COLOR RGB="#eeeee6" NAME="Caparol Agave 30" Spot="1" />
 <COLOR RGB="#d8d9d2" NAME="Caparol Agave 25" Spot="1" />
 <COLOR RGB="#cacbc4" NAME="Caparol Agave 20" Spot="1" />
 <COLOR RGB="#b0b0aa" NAME="Caparol Agave 15" Spot="1" />
 <COLOR RGB="#959690" NAME="Caparol Agave 10" Spot="1" />
 <COLOR RGB="#787975" NAME="Caparol Agave 5" Spot="1" />
 <COLOR RGB="#f4f3ee" NAME="Caparol Agave 60" Spot="1" />
 <COLOR RGB="#ebefe5" NAME="Caparol Agave 55" Spot="1" />
 <COLOR RGB="#dee2d7" NAME="Caparol Agave 50" Spot="1" />
 <COLOR RGB="#c7cdc3" NAME="Caparol Agave 45" Spot="1" />
 <COLOR RGB="#abb4a7" NAME="Caparol Agave 40" Spot="1" />
 <COLOR RGB="#8b9586" NAME="Caparol Agave 35" Spot="1" />
 <COLOR RGB="#e2e8e0" NAME="Caparol Agave 90" Spot="1" />
 <COLOR RGB="#d2dccd" NAME="Caparol Agave 85" Spot="1" />
 <COLOR RGB="#c9dfc5" NAME="Caparol Agave 80" Spot="1" />
 <COLOR RGB="#b3c1ac" NAME="Caparol Agave 75" Spot="1" />
 <COLOR RGB="#a7c39c" NAME="Caparol Agave 70" Spot="1" />
 <COLOR RGB="#92a488" NAME="Caparol Agave 65" Spot="1" />
 <COLOR RGB="#e8f3e6" NAME="Caparol Agave 120" Spot="1" />
 <COLOR RGB="#e0f1d9" NAME="Caparol Agave 115" Spot="1" />
 <COLOR RGB="#cfecc4" NAME="Caparol Agave 110" Spot="1" />
 <COLOR RGB="#aee0ad" NAME="Caparol Agave 105" Spot="1" />
 <COLOR RGB="#85ab7b" NAME="Caparol Agave 100" Spot="1" />
 <COLOR RGB="#5d9052" NAME="Caparol Agave 95" Spot="1" />
 <COLOR RGB="#97cd8b" NAME="Caparol Agave 140" Spot="1" />
 <COLOR RGB="#79c26e" NAME="Caparol Agave 135" Spot="1" />
 <COLOR RGB="#78b970" NAME="Caparol Agave 130" Spot="1" />
 <COLOR RGB="#56ab53" NAME="Caparol Agave 125" Spot="1" />
 <COLOR RGB="#9db8a5" NAME="Caparol Palm 30" Spot="1" />
 <COLOR RGB="#839b85" NAME="Caparol Palm 25" Spot="1" />
 <COLOR RGB="#737a73" NAME="Caparol Palm 20" Spot="1" />
 <COLOR RGB="#5e6c5f" NAME="Caparol Palm 15" Spot="1" />
 <COLOR RGB="#5a615b" NAME="Caparol Palm 10" Spot="1" />
 <COLOR RGB="#536159" NAME="Caparol Palm 5" Spot="1" />
 <COLOR RGB="#5e7e67" NAME="Caparol Palm 60" Spot="1" />
 <COLOR RGB="#4d805e" NAME="Caparol Palm 55" Spot="1" />
 <COLOR RGB="#3f7151" NAME="Caparol Palm 50" Spot="1" />
 <COLOR RGB="#44624e" NAME="Caparol Palm 45" Spot="1" />
 <COLOR RGB="#356444" NAME="Caparol Palm 40" Spot="1" />
 <COLOR RGB="#355442" NAME="Caparol Palm 35" Spot="1" />
 <COLOR RGB="#408154" NAME="Caparol Palm 75" Spot="1" />
 <COLOR RGB="#2e7447" NAME="Caparol Palm 70" Spot="1" />
 <COLOR RGB="#216d40" NAME="Caparol Palm 65" Spot="1" />
 <COLOR RGB="#eeede8" NAME="Caparol Mint 30" Spot="1" />
 <COLOR RGB="#e1e4de" NAME="Caparol Mint 25" Spot="1" />
 <COLOR RGB="#d4d9d3" NAME="Caparol Mint 20" Spot="1" />
 <COLOR RGB="#c4ccc5" NAME="Caparol Mint 15" Spot="1" />
 <COLOR RGB="#a6aea7" NAME="Caparol Mint 10" Spot="1" />
 <COLOR RGB="#8e948e" NAME="Caparol Mint 5" Spot="1" />
 <COLOR RGB="#e1e8df" NAME="Caparol Mint 60" Spot="1" />
 <COLOR RGB="#bfcfc2" NAME="Caparol Mint 55" Spot="1" />
 <COLOR RGB="#a5b5ac" NAME="Caparol Mint 50" Spot="1" />
 <COLOR RGB="#8da492" NAME="Caparol Mint 45" Spot="1" />
 <COLOR RGB="#728e78" NAME="Caparol Mint 40" Spot="1" />
 <COLOR RGB="#737f71" NAME="Caparol Mint 35" Spot="1" />
 <COLOR RGB="#cfe9d5" NAME="Caparol Mint 90" Spot="1" />
 <COLOR RGB="#8db79c" NAME="Caparol Mint 85" Spot="1" />
 <COLOR RGB="#7abc97" NAME="Caparol Mint 80" Spot="1" />
 <COLOR RGB="#5aa076" NAME="Caparol Mint 75" Spot="1" />
 <COLOR RGB="#4e8666" NAME="Caparol Mint 70" Spot="1" />
 <COLOR RGB="#32895e" NAME="Caparol Mint 65" Spot="1" />
 <COLOR RGB="#ededea" NAME="Caparol Patina 30" Spot="1" />
 <COLOR RGB="#d5dad6" NAME="Caparol Patina 25" Spot="1" />
 <COLOR RGB="#c1cdc7" NAME="Caparol Patina 20" Spot="1" />
 <COLOR RGB="#b2c0ba" NAME="Caparol Patina 15" Spot="1" />
 <COLOR RGB="#9db1aa" NAME="Caparol Patina 10" Spot="1" />
 <COLOR RGB="#78938b" NAME="Caparol Patina 5" Spot="1" />
 <COLOR RGB="#c5dad3" NAME="Caparol Patina 60" Spot="1" />
 <COLOR RGB="#aec3bc" NAME="Caparol Patina 55" Spot="1" />
 <COLOR RGB="#8c9c95" NAME="Caparol Patina 50" Spot="1" />
 <COLOR RGB="#586d67" NAME="Caparol Patina 45" Spot="1" />
 <COLOR RGB="#3f554f" NAME="Caparol Patina 40" Spot="1" />
 <COLOR RGB="#4c5451" NAME="Caparol Patina 35" Spot="1" />
 <COLOR RGB="#e8efe8" NAME="Caparol Patina 90" Spot="1" />
 <COLOR RGB="#a5d4c7" NAME="Caparol Patina 85" Spot="1" />
 <COLOR RGB="#a8c5bb" NAME="Caparol Patina 80" Spot="1" />
 <COLOR RGB="#86a69c" NAME="Caparol Patina 75" Spot="1" />
 <COLOR RGB="#5e7d73" NAME="Caparol Patina 70" Spot="1" />
 <COLOR RGB="#2b594f" NAME="Caparol Patina 65" Spot="1" />
 <COLOR RGB="#81b8a8" NAME="Caparol Patina 120" Spot="1" />
 <COLOR RGB="#63bca6" NAME="Caparol Patina 115" Spot="1" />
 <COLOR RGB="#5a9b8b" NAME="Caparol Patina 110" Spot="1" />
 <COLOR RGB="#379e89" NAME="Caparol Patina 105" Spot="1" />
 <COLOR RGB="#368473" NAME="Caparol Patina 100" Spot="1" />
 <COLOR RGB="#257565" NAME="Caparol Patina 95" Spot="1" />
 <COLOR RGB="#ecede8" NAME="Caparol Verona 30" Spot="1" />
 <COLOR RGB="#e7e7e2" NAME="Caparol Verona 25" Spot="1" />
 <COLOR RGB="#d9d9d7" NAME="Caparol Verona 20" Spot="1" />
 <COLOR RGB="#d2d5d1" NAME="Caparol Verona 15" Spot="1" />
 <COLOR RGB="#cacbc9" NAME="Caparol Verona 10" Spot="1" />
 <COLOR RGB="#adb0ae" NAME="Caparol Verona 5" Spot="1" />
 <COLOR RGB="#dee5e1" NAME="Caparol Verona 60" Spot="1" />
 <COLOR RGB="#d4dbd9" NAME="Caparol Verona 55" Spot="1" />
 <COLOR RGB="#c2c6c3" NAME="Caparol Verona 50" Spot="1" />
 <COLOR RGB="#b1b8b6" NAME="Caparol Verona 45" Spot="1" />
 <COLOR RGB="#8f9896" NAME="Caparol Verona 40" Spot="1" />
 <COLOR RGB="#586161" NAME="Caparol Verona 35" Spot="1" />
 <COLOR RGB="#dfeee9" NAME="Caparol Verona 90" Spot="1" />
 <COLOR RGB="#cddbd7" NAME="Caparol Verona 85" Spot="1" />
 <COLOR RGB="#a5b2b1" NAME="Caparol Verona 80" Spot="1" />
 <COLOR RGB="#80908f" NAME="Caparol Verona 75" Spot="1" />
 <COLOR RGB="#637978" NAME="Caparol Verona 70" Spot="1" />
 <COLOR RGB="#325d5d" NAME="Caparol Verona 65" Spot="1" />
 <COLOR RGB="#d4ece8" NAME="Caparol Verona 120" Spot="1" />
 <COLOR RGB="#b1d4d0" NAME="Caparol Verona 115" Spot="1" />
 <COLOR RGB="#99b6b5" NAME="Caparol Verona 110" Spot="1" />
 <COLOR RGB="#669a9a" NAME="Caparol Verona 105" Spot="1" />
 <COLOR RGB="#587c7b" NAME="Caparol Verona 100" Spot="1" />
 <COLOR RGB="#377e80" NAME="Caparol Verona 95" Spot="1" />
 <COLOR RGB="#83c9c6" NAME="Caparol Verona 145" Spot="1" />
 <COLOR RGB="#1f9194" NAME="Caparol Verona 135" Spot="1" />
 <COLOR RGB="#00706e" NAME="Caparol Verona 125" Spot="1" />
 <COLOR RGB="#e2e4e2" NAME="Caparol Arctis 30" Spot="1" />
 <COLOR RGB="#d4dad9" NAME="Caparol Arctis 25" Spot="1" />
 <COLOR RGB="#b8bfbf" NAME="Caparol Arctis 20" Spot="1" />
 <COLOR RGB="#9da4a6" NAME="Caparol Arctis 15" Spot="1" />
 <COLOR RGB="#7e8689" NAME="Caparol Arctis 10" Spot="1" />
 <COLOR RGB="#636b6d" NAME="Caparol Arctis 5" Spot="1" />
 <COLOR RGB="#e4e9e7" NAME="Caparol Arctis 60" Spot="1" />
 <COLOR RGB="#c5cdce" NAME="Caparol Arctis 55" Spot="1" />
 <COLOR RGB="#a7b2b3" NAME="Caparol Arctis 50" Spot="1" />
 <COLOR RGB="#859399" NAME="Caparol Arctis 45" Spot="1" />
 <COLOR RGB="#6c797e" NAME="Caparol Arctis 40" Spot="1" />
 <COLOR RGB="#657e86" NAME="Caparol Arctis 35" Spot="1" />
 <COLOR RGB="#ccdcdd" NAME="Caparol Arctis 90" Spot="1" />
 <COLOR RGB="#c1dde1" NAME="Caparol Arctis 85" Spot="1" />
 <COLOR RGB="#bdced1" NAME="Caparol Arctis 80" Spot="1" />
 <COLOR RGB="#a2c3ca" NAME="Caparol Arctis 75" Spot="1" />
 <COLOR RGB="#99b2b8" NAME="Caparol Arctis 70" Spot="1" />
 <COLOR RGB="#7d99a0" NAME="Caparol Arctis 65" Spot="1" />
 <COLOR RGB="#bfe1eb" NAME="Caparol Arctis 120" Spot="1" />
 <COLOR RGB="#aad1d9" NAME="Caparol Arctis 115" Spot="1" />
 <COLOR RGB="#80c4d3" NAME="Caparol Arctis 110" Spot="1" />
 <COLOR RGB="#84a8b1" NAME="Caparol Arctis 105" Spot="1" />
 <COLOR RGB="#668993" NAME="Caparol Arctis 100" Spot="1" />
 <COLOR RGB="#42727d" NAME="Caparol Arctis 95" Spot="1" />
 <COLOR RGB="#eaedec" NAME="Caparol Coelin 25" Spot="1" />
 <COLOR RGB="#e1e2e1" NAME="Caparol Coelin 20" Spot="1" />
 <COLOR RGB="#d0d3d3" NAME="Caparol Coelin 15" Spot="1" />
 <COLOR RGB="#c4c7c8" NAME="Caparol Coelin 10" Spot="1" />
 <COLOR RGB="#b4b9bb" NAME="Caparol Coelin 5" Spot="1" />
 <COLOR RGB="#e0e9e9" NAME="Caparol Coelin 55" Spot="1" />
 <COLOR RGB="#d2dadc" NAME="Caparol Coelin 50" Spot="1" />
 <COLOR RGB="#c3ced2" NAME="Caparol Coelin 45" Spot="1" />
 <COLOR RGB="#b6c1c5" NAME="Caparol Coelin 40" Spot="1" />
 <COLOR RGB="#a5b4b9" NAME="Caparol Coelin 35" Spot="1" />
 <COLOR RGB="#d4eaef" NAME="Caparol Coelin 90" Spot="1" />
 <COLOR RGB="#bddce7" NAME="Caparol Coelin 85" Spot="1" />
 <COLOR RGB="#b0d1de" NAME="Caparol Coelin 80" Spot="1" />
 <COLOR RGB="#a2c6d4" NAME="Caparol Coelin 75" Spot="1" />
 <COLOR RGB="#92b7c7" NAME="Caparol Coelin 70" Spot="1" />
 <COLOR RGB="#85aab9" NAME="Caparol Coelin 65" Spot="1" />
 <COLOR RGB="#9ad5ea" NAME="Caparol Coelin 115" Spot="1" />
 <COLOR RGB="#85c8e0" NAME="Caparol Coelin 110" Spot="1" />
 <COLOR RGB="#6aafc6" NAME="Caparol Coelin 105" Spot="1" />
 <COLOR RGB="#4093ac" NAME="Caparol Coelin 100" Spot="1" />
 <COLOR RGB="#0f7491" NAME="Caparol Coelin 95" Spot="1" />
 <COLOR RGB="#dcdedd" NAME="Caparol Pacific 30" Spot="1" />
 <COLOR RGB="#cbcccc" NAME="Caparol Pacific 25" Spot="1" />
 <COLOR RGB="#b8bcbd" NAME="Caparol Pacific 20" Spot="1" />
 <COLOR RGB="#99a2a7" NAME="Caparol Pacific 15" Spot="1" />
 <COLOR RGB="#575f64" NAME="Caparol Pacific 10" Spot="1" />
 <COLOR RGB="#434b50" NAME="Caparol Pacific 5" Spot="1" />
 <COLOR RGB="#e1e4e3" NAME="Caparol Pacific 60" Spot="1" />
 <COLOR RGB="#cfd3d4" NAME="Caparol Pacific 55" Spot="1" />
 <COLOR RGB="#bec5c7" NAME="Caparol Pacific 50" Spot="1" />
 <COLOR RGB="#78858c" NAME="Caparol Pacific 45" Spot="1" />
 <COLOR RGB="#636d76" NAME="Caparol Pacific 40" Spot="1" />
 <COLOR RGB="#51626d" NAME="Caparol Pacific 35" Spot="1" />
 <COLOR RGB="#e5eded" NAME="Caparol Pacific 90" Spot="1" />
 <COLOR RGB="#dde6e7" NAME="Caparol Pacific 85" Spot="1" />
 <COLOR RGB="#c0cdd3" NAME="Caparol Pacific 80" Spot="1" />
 <COLOR RGB="#a4b2bb" NAME="Caparol Pacific 75" Spot="1" />
 <COLOR RGB="#a1b1bb" NAME="Caparol Pacific 70" Spot="1" />
 <COLOR RGB="#98a3aa" NAME="Caparol Pacific 65" Spot="1" />
 <COLOR RGB="#bbced7" NAME="Caparol Pacific 120" Spot="1" />
 <COLOR RGB="#b7ceda" NAME="Caparol Pacific 115" Spot="1" />
 <COLOR RGB="#8194a1" NAME="Caparol Pacific 110" Spot="1" />
 <COLOR RGB="#869cab" NAME="Caparol Pacific 105" Spot="1" />
 <COLOR RGB="#46606f" NAME="Caparol Pacific 100" Spot="1" />
 <COLOR RGB="#234255" NAME="Caparol Pacific 95" Spot="1" />
 <COLOR RGB="#b0cfde" NAME="Caparol Pacific 150" Spot="1" />
 <COLOR RGB="#9ab2c1" NAME="Caparol Pacific 145" Spot="1" />
 <COLOR RGB="#7b96a6" NAME="Caparol Pacific 140" Spot="1" />
 <COLOR RGB="#5f7c8e" NAME="Caparol Pacific 135" Spot="1" />
 <COLOR RGB="#37667a" NAME="Caparol Pacific 130" Spot="1" />
 <COLOR RGB="#2b5467" NAME="Caparol Pacific 125" Spot="1" />
 <COLOR RGB="#9fd1e8" NAME="Caparol Pacific 180" Spot="1" />
 <COLOR RGB="#70a9c4" NAME="Caparol Pacific 175" Spot="1" />
 <COLOR RGB="#7099af" NAME="Caparol Pacific 170" Spot="1" />
 <COLOR RGB="#488fae" NAME="Caparol Pacific 165" Spot="1" />
 <COLOR RGB="#537d93" NAME="Caparol Pacific 160" Spot="1" />
 <COLOR RGB="#1e7190" NAME="Caparol Pacific 155" Spot="1" />
 <COLOR RGB="#e9e9e7" NAME="Caparol Marin 30" Spot="1" />
 <COLOR RGB="#e6e7e6" NAME="Caparol Marin 25" Spot="1" />
 <COLOR RGB="#d6dbde" NAME="Caparol Marin 20" Spot="1" />
 <COLOR RGB="#c5cdd4" NAME="Caparol Marin 15" Spot="1" />
 <COLOR RGB="#b5c1cb" NAME="Caparol Marin 10" Spot="1" />
 <COLOR RGB="#a3b3c0" NAME="Caparol Marin 5" Spot="1" />
 <COLOR RGB="#e1ebef" NAME="Caparol Marin 60" Spot="1" />
 <COLOR RGB="#cddbe6" NAME="Caparol Marin 55" Spot="1" />
 <COLOR RGB="#bacedd" NAME="Caparol Marin 50" Spot="1" />
 <COLOR RGB="#a1b4c6" NAME="Caparol Marin 45" Spot="1" />
 <COLOR RGB="#8397aa" NAME="Caparol Marin 40" Spot="1" />
 <COLOR RGB="#647a8e" NAME="Caparol Marin 35" Spot="1" />
 <COLOR RGB="#d6e5ec" NAME="Caparol Marin 90" Spot="1" />
 <COLOR RGB="#b9d0e1" NAME="Caparol Marin 85" Spot="1" />
 <COLOR RGB="#a4c3dc" NAME="Caparol Marin 80" Spot="1" />
 <COLOR RGB="#6eb3dd" NAME="Caparol Marin 75" Spot="1" />
 <COLOR RGB="#428fbd" NAME="Caparol Marin 70" Spot="1" />
 <COLOR RGB="#0f7ca7" NAME="Caparol Marin 65" Spot="1" />
 <COLOR RGB="#e6e7e4" NAME="Caparol Lazur 30" Spot="1" />
 <COLOR RGB="#d8d8d7" NAME="Caparol Lazur 25" Spot="1" />
 <COLOR RGB="#c9cacb" NAME="Caparol Lazur 20" Spot="1" />
 <COLOR RGB="#adb0b6" NAME="Caparol Lazur 15" Spot="1" />
 <COLOR RGB="#959aa2" NAME="Caparol Lazur 10" Spot="1" />
 <COLOR RGB="#7f8590" NAME="Caparol Lazur 5" Spot="1" />
 <COLOR RGB="#eff0ee" NAME="Caparol Lazur 60" Spot="1" />
 <COLOR RGB="#eceeed" NAME="Caparol Lazur 55" Spot="1" />
 <COLOR RGB="#e7e9e9" NAME="Caparol Lazur 50" Spot="1" />
 <COLOR RGB="#e1e6e9" NAME="Caparol Lazur 45" Spot="1" />
 <COLOR RGB="#d3d9df" NAME="Caparol Lazur 40" Spot="1" />
 <COLOR RGB="#c5cdd6" NAME="Caparol Lazur 35" Spot="1" />
 <COLOR RGB="#c3cdd8" NAME="Caparol Lazur 90" Spot="1" />
 <COLOR RGB="#a8b0bc" NAME="Caparol Lazur 85" Spot="1" />
 <COLOR RGB="#8893a5" NAME="Caparol Lazur 80" Spot="1" />
 <COLOR RGB="#737b87" NAME="Caparol Lazur 75" Spot="1" />
 <COLOR RGB="#545f6e" NAME="Caparol Lazur 70" Spot="1" />
 <COLOR RGB="#4b5764" NAME="Caparol Lazur 65" Spot="1" />
 <COLOR RGB="#bfcdde" NAME="Caparol Lazur 120" Spot="1" />
 <COLOR RGB="#afbfd2" NAME="Caparol Lazur 115" Spot="1" />
 <COLOR RGB="#8a98aa" NAME="Caparol Lazur 110" Spot="1" />
 <COLOR RGB="#6a7b93" NAME="Caparol Lazur 105" Spot="1" />
 <COLOR RGB="#5b6c82" NAME="Caparol Lazur 100" Spot="1" />
 <COLOR RGB="#405266" NAME="Caparol Lazur 95" Spot="1" />
 <COLOR RGB="#a2b1c5" NAME="Caparol Lazur 150" Spot="1" />
 <COLOR RGB="#9db2cd" NAME="Caparol Lazur 145" Spot="1" />
 <COLOR RGB="#8396ad" NAME="Caparol Lazur 140" Spot="1" />
 <COLOR RGB="#7b97b7" NAME="Caparol Lazur 135" Spot="1" />
 <COLOR RGB="#546c89" NAME="Caparol Lazur 130" Spot="1" />
 <COLOR RGB="#395975" NAME="Caparol Lazur 125" Spot="1" />
 <COLOR RGB="#91b5da" NAME="Caparol Lazur 175" Spot="1" />
 <COLOR RGB="#7798bd" NAME="Caparol Lazur 170" Spot="1" />
 <COLOR RGB="#5e7ea2" NAME="Caparol Lazur 165" Spot="1" />
 <COLOR RGB="#4b6d92" NAME="Caparol Lazur 160" Spot="1" />
 <COLOR RGB="#2a5a7d" NAME="Caparol Lazur 155" Spot="1" />
 <COLOR RGB="#7199c4" NAME="Caparol Lazur 205" Spot="1" />
 <COLOR RGB="#6399cd" NAME="Caparol Lazur 200" Spot="1" />
 <COLOR RGB="#527faa" NAME="Caparol Lazur 195" Spot="1" />
 <COLOR RGB="#2a638d" NAME="Caparol Lazur 190" Spot="1" />
 <COLOR RGB="#255f8e" NAME="Caparol Lazur 185" Spot="1" />
 <COLOR RGB="#e5e6e7" NAME="Caparol Astra 30" Spot="1" />
 <COLOR RGB="#dee0e5" NAME="Caparol Astra 25" Spot="1" />
 <COLOR RGB="#d7dbdf" NAME="Caparol Astra 20" Spot="1" />
 <COLOR RGB="#c6cbd3" NAME="Caparol Astra 15" Spot="1" />
 <COLOR RGB="#b9bcc2" NAME="Caparol Astra 10" Spot="1" />
 <COLOR RGB="#9ca1aa" NAME="Caparol Astra 5" Spot="1" />
 <COLOR RGB="#e5eaee" NAME="Caparol Astra 60" Spot="1" />
 <COLOR RGB="#e9ecee" NAME="Caparol Astra 55" Spot="1" />
 <COLOR RGB="#d9e3ec" NAME="Caparol Astra 50" Spot="1" />
 <COLOR RGB="#d5dae3" NAME="Caparol Astra 45" Spot="1" />
 <COLOR RGB="#b6bdc9" NAME="Caparol Astra 40" Spot="1" />
 <COLOR RGB="#a5b0bf" NAME="Caparol Astra 35" Spot="1" />
 <COLOR RGB="#c0ccde" NAME="Caparol Astra 80" Spot="1" />
 <COLOR RGB="#a3afc4" NAME="Caparol Astra 75" Spot="1" />
 <COLOR RGB="#8795ab" NAME="Caparol Astra 70" Spot="1" />
 <COLOR RGB="#69768d" NAME="Caparol Astra 65" Spot="1" />
 <COLOR RGB="#edece9" NAME="Caparol Aquarell 30" Spot="1" />
 <COLOR RGB="#e8e8e7" NAME="Caparol Aquarell 25" Spot="1" />
 <COLOR RGB="#d8d8d9" NAME="Caparol Aquarell 20" Spot="1" />
 <COLOR RGB="#cbccd1" NAME="Caparol Aquarell 15" Spot="1" />
 <COLOR RGB="#bcbec4" NAME="Caparol Aquarell 10" Spot="1" />
 <COLOR RGB="#9ea2ac" NAME="Caparol Aquarell 5" Spot="1" />
 <COLOR RGB="#ececed" NAME="Caparol Aquarell 60" Spot="1" />
 <COLOR RGB="#e6e7ea" NAME="Caparol Aquarell 55" Spot="1" />
 <COLOR RGB="#d8d9de" NAME="Caparol Aquarell 50" Spot="1" />
 <COLOR RGB="#c7ccd4" NAME="Caparol Aquarell 45" Spot="1" />
 <COLOR RGB="#b2b5c0" NAME="Caparol Aquarell 40" Spot="1" />
 <COLOR RGB="#a8afbf" NAME="Caparol Aquarell 35" Spot="1" />
 <COLOR RGB="#e3e9ef" NAME="Caparol Aquarell 90" Spot="1" />
 <COLOR RGB="#d0d7e7" NAME="Caparol Aquarell 85" Spot="1" />
 <COLOR RGB="#c2cbdd" NAME="Caparol Aquarell 80" Spot="1" />
 <COLOR RGB="#a5b0c5" NAME="Caparol Aquarell 75" Spot="1" />
 <COLOR RGB="#8a94ab" NAME="Caparol Aquarell 70" Spot="1" />
 <COLOR RGB="#717a91" NAME="Caparol Aquarell 65" Spot="1" />
 <COLOR RGB="#edeeef" NAME="Caparol Aquarell 120" Spot="1" />
 <COLOR RGB="#e2e6ed" NAME="Caparol Aquarell 115" Spot="1" />
 <COLOR RGB="#b9cae7" NAME="Caparol Aquarell 110" Spot="1" />
 <COLOR RGB="#a3bce4" NAME="Caparol Aquarell 105" Spot="1" />
 <COLOR RGB="#7698cc" NAME="Caparol Aquarell 100" Spot="1" />
 <COLOR RGB="#6083ba" NAME="Caparol Aquarell 95" Spot="1" />
 <COLOR RGB="#e5e4e6" NAME="Caparol Lavendel 30" Spot="1" />
 <COLOR RGB="#d9d8dd" NAME="Caparol Lavendel 25" Spot="1" />
 <COLOR RGB="#cccbd1" NAME="Caparol Lavendel 20" Spot="1" />
 <COLOR RGB="#bcbdc8" NAME="Caparol Lavendel 15" Spot="1" />
 <COLOR RGB="#b0afba" NAME="Caparol Lavendel 10" Spot="1" />
 <COLOR RGB="#95959d" NAME="Caparol Lavendel 5" Spot="1" />
 <COLOR RGB="#e6e7ed" NAME="Caparol Lavendel 60" Spot="1" />
 <COLOR RGB="#cdcfda" NAME="Caparol Lavendel 55" Spot="1" />
 <COLOR RGB="#a2a3af" NAME="Caparol Lavendel 50" Spot="1" />
 <COLOR RGB="#777882" NAME="Caparol Lavendel 45" Spot="1" />
 <COLOR RGB="#5d5d66" NAME="Caparol Lavendel 40" Spot="1" />
 <COLOR RGB="#494a52" NAME="Caparol Lavendel 35" Spot="1" />
 <COLOR RGB="#a9aec5" NAME="Caparol Lavendel 90" Spot="1" />
 <COLOR RGB="#9fa3bb" NAME="Caparol Lavendel 85" Spot="1" />
 <COLOR RGB="#999eb8" NAME="Caparol Lavendel 80" Spot="1" />
 <COLOR RGB="#7d819b" NAME="Caparol Lavendel 75" Spot="1" />
 <COLOR RGB="#656b83" NAME="Caparol Lavendel 70" Spot="1" />
 <COLOR RGB="#4d5269" NAME="Caparol Lavendel 65" Spot="1" />
 <COLOR RGB="#e2e3ed" NAME="Caparol Lavendel 120" Spot="1" />
 <COLOR RGB="#d6d7e5" NAME="Caparol Lavendel 115" Spot="1" />
 <COLOR RGB="#b8bacb" NAME="Caparol Lavendel 110" Spot="1" />
 <COLOR RGB="#b5b8d4" NAME="Caparol Lavendel 105" Spot="1" />
 <COLOR RGB="#7d83a6" NAME="Caparol Lavendel 100" Spot="1" />
 <COLOR RGB="#5a607f" NAME="Caparol Lavendel 95" Spot="1" />
 <COLOR RGB="#cfd4eb" NAME="Caparol Lavendel 150" Spot="1" />
 <COLOR RGB="#ced2e8" NAME="Caparol Lavendel 145" Spot="1" />
 <COLOR RGB="#c3c9e8" NAME="Caparol Lavendel 140" Spot="1" />
 <COLOR RGB="#b1b9da" NAME="Caparol Lavendel 135" Spot="1" />
 <COLOR RGB="#abb0cf" NAME="Caparol Lavendel 130" Spot="1" />
 <COLOR RGB="#989fc1" NAME="Caparol Lavendel 125" Spot="1" />
 <COLOR RGB="#8b95c3" NAME="Caparol Lavendel 180" Spot="1" />
 <COLOR RGB="#6977ab" NAME="Caparol Lavendel 175" Spot="1" />
 <COLOR RGB="#4f5b84" NAME="Caparol Lavendel 170" Spot="1" />
 <COLOR RGB="#495a89" NAME="Caparol Lavendel 165" Spot="1" />
 <COLOR RGB="#40507c" NAME="Caparol Lavendel 160" Spot="1" />
 <COLOR RGB="#3a4362" NAME="Caparol Lavendel 155" Spot="1" />
 <COLOR RGB="#eceae9" NAME="Caparol Litho 30" Spot="1" />
 <COLOR RGB="#e0dde0" NAME="Caparol Litho 25" Spot="1" />
 <COLOR RGB="#bfbec4" NAME="Caparol Litho 20" Spot="1" />
 <COLOR RGB="#a7a6b2" NAME="Caparol Litho 15" Spot="1" />
 <COLOR RGB="#88869a" NAME="Caparol Litho 10" Spot="1" />
 <COLOR RGB="#67657e" NAME="Caparol Litho 5" Spot="1" />
 <COLOR RGB="#e7e5e3" NAME="Caparol Amethyst 30" Spot="1" />
 <COLOR RGB="#e1dfde" NAME="Caparol Amethyst 25" Spot="1" />
 <COLOR RGB="#c3c1c5" NAME="Caparol Amethyst 20" Spot="1" />
 <COLOR RGB="#979499" NAME="Caparol Amethyst 15" Spot="1" />
 <COLOR RGB="#5c5c5e" NAME="Caparol Amethyst 10" Spot="1" />
 <COLOR RGB="#49484a" NAME="Caparol Amethyst 5" Spot="1" />
 <COLOR RGB="#ebe6e8" NAME="Caparol Amethyst 60" Spot="1" />
 <COLOR RGB="#dad6dc" NAME="Caparol Amethyst 55" Spot="1" />
 <COLOR RGB="#bebac3" NAME="Caparol Amethyst 50" Spot="1" />
 <COLOR RGB="#b4aeb9" NAME="Caparol Amethyst 45" Spot="1" />
 <COLOR RGB="#95929c" NAME="Caparol Amethyst 40" Spot="1" />
 <COLOR RGB="#64616a" NAME="Caparol Amethyst 35" Spot="1" />
 <COLOR RGB="#e9e5ea" NAME="Caparol Amethyst 90" Spot="1" />
 <COLOR RGB="#cec8d2" NAME="Caparol Amethyst 85" Spot="1" />
 <COLOR RGB="#b2acbd" NAME="Caparol Amethyst 80" Spot="1" />
 <COLOR RGB="#6f687f" NAME="Caparol Amethyst 75" Spot="1" />
 <COLOR RGB="#615b6d" NAME="Caparol Amethyst 70" Spot="1" />
 <COLOR RGB="#474353" NAME="Caparol Amethyst 65" Spot="1" />
 <COLOR RGB="#eae4ee" NAME="Caparol Amethyst 120" Spot="1" />
 <COLOR RGB="#d0c9dc" NAME="Caparol Amethyst 115" Spot="1" />
 <COLOR RGB="#958ea2" NAME="Caparol Amethyst 110" Spot="1" />
 <COLOR RGB="#7c7092" NAME="Caparol Amethyst 105" Spot="1" />
 <COLOR RGB="#5f5772" NAME="Caparol Amethyst 100" Spot="1" />
 <COLOR RGB="#483f61" NAME="Caparol Amethyst 95" Spot="1" />
 <COLOR RGB="#efebeb" NAME="Caparol Atmo 25" Spot="1" />
 <COLOR RGB="#eae3e7" NAME="Caparol Atmo 20" Spot="1" />
 <COLOR RGB="#cec9d1" NAME="Caparol Atmo 15" Spot="1" />
 <COLOR RGB="#c1bac4" NAME="Caparol Atmo 10" Spot="1" />
 <COLOR RGB="#b3aeb9" NAME="Caparol Atmo 5" Spot="1" />
 <COLOR RGB="#f0ede9" NAME="Caparol Viola 30" Spot="1" />
 <COLOR RGB="#e9e5e2" NAME="Caparol Viola 25" Spot="1" />
 <COLOR RGB="#d9d6d8" NAME="Caparol Viola 20" Spot="1" />
 <COLOR RGB="#c0bbbe" NAME="Caparol Viola 15" Spot="1" />
 <COLOR RGB="#a89fa8" NAME="Caparol Viola 10" Spot="1" />
 <COLOR RGB="#8a808c" NAME="Caparol Viola 5" Spot="1" />
 <COLOR RGB="#f4ecee" NAME="Caparol Viola 60" Spot="1" />
 <COLOR RGB="#e1d7dd" NAME="Caparol Viola 55" Spot="1" />
 <COLOR RGB="#c6b9c5" NAME="Caparol Viola 50" Spot="1" />
 <COLOR RGB="#aa9bab" NAME="Caparol Viola 45" Spot="1" />
 <COLOR RGB="#8b7d8b" NAME="Caparol Viola 40" Spot="1" />
 <COLOR RGB="#655868" NAME="Caparol Viola 35" Spot="1" />
 <COLOR RGB="#e5d4e2" NAME="Caparol Viola 90" Spot="1" />
 <COLOR RGB="#cbb6ce" NAME="Caparol Viola 85" Spot="1" />
 <COLOR RGB="#af99b1" NAME="Caparol Viola 80" Spot="1" />
 <COLOR RGB="#827185" NAME="Caparol Viola 75" Spot="1" />
 <COLOR RGB="#7b6481" NAME="Caparol Viola 70" Spot="1" />
 <COLOR RGB="#6e5b71" NAME="Caparol Viola 65" Spot="1" />
 <COLOR RGB="#c0a5c2" NAME="Caparol Viola 120" Spot="1" />
 <COLOR RGB="#a58bac" NAME="Caparol Viola 115" Spot="1" />
 <COLOR RGB="#88698c" NAME="Caparol Viola 110" Spot="1" />
 <COLOR RGB="#946b9b" NAME="Caparol Viola 105" Spot="1" />
 <COLOR RGB="#714f78" NAME="Caparol Viola 100" Spot="1" />
 <COLOR RGB="#56415d" NAME="Caparol Viola 95" Spot="1" />
 <COLOR RGB="#e8e4e1" NAME="Caparol Clematis 30" Spot="1" />
 <COLOR RGB="#ddd7d7" NAME="Caparol Clematis 25" Spot="1" />
 <COLOR RGB="#c4bbbc" NAME="Caparol Clematis 20" Spot="1" />
 <COLOR RGB="#a99da3" NAME="Caparol Clematis 15" Spot="1" />
 <COLOR RGB="#8e8089" NAME="Caparol Clematis 10" Spot="1" />
 <COLOR RGB="#796873" NAME="Caparol Clematis 5" Spot="1" />
 <COLOR RGB="#f1e4e4" NAME="Caparol Clematis 60" Spot="1" />
 <COLOR RGB="#d6c4ca" NAME="Caparol Clematis 55" Spot="1" />
 <COLOR RGB="#bfaab4" NAME="Caparol Clematis 50" Spot="1" />
 <COLOR RGB="#a38a96" NAME="Caparol Clematis 45" Spot="1" />
 <COLOR RGB="#876e7e" NAME="Caparol Clematis 40" Spot="1" />
 <COLOR RGB="#745769" NAME="Caparol Clematis 35" Spot="1" />
 <COLOR RGB="#edd3dc" NAME="Caparol Clematis 90" Spot="1" />
 <COLOR RGB="#b898ab" NAME="Caparol Clematis 85" Spot="1" />
 <COLOR RGB="#956b84" NAME="Caparol Clematis 80" Spot="1" />
 <COLOR RGB="#835e75" NAME="Caparol Clematis 75" Spot="1" />
 <COLOR RGB="#884c75" NAME="Caparol Clematis 70" Spot="1" />
 <COLOR RGB="#623958" NAME="Caparol Clematis 65" Spot="1" />
 <COLOR RGB="#f1ece7" NAME="Caparol Flamenco 30" Spot="1" />
 <COLOR RGB="#e4dfdd" NAME="Caparol Flamenco 25" Spot="1" />
 <COLOR RGB="#e0d8d6" NAME="Caparol Flamenco 20" Spot="1" />
 <COLOR RGB="#d1c8c9" NAME="Caparol Flamenco 15" Spot="1" />
 <COLOR RGB="#b8adb0" NAME="Caparol Flamenco 10" Spot="1" />
 <COLOR RGB="#827a7b" NAME="Caparol Flamenco 5" Spot="1" />
 <COLOR RGB="#efe6e2" NAME="Caparol Flamenco 60" Spot="1" />
 <COLOR RGB="#d7cacd" NAME="Caparol Flamenco 55" Spot="1" />
 <COLOR RGB="#bcafb3" NAME="Caparol Flamenco 50" Spot="1" />
 <COLOR RGB="#b29ea2" NAME="Caparol Flamenco 45" Spot="1" />
 <COLOR RGB="#9c8e93" NAME="Caparol Flamenco 40" Spot="1" />
 <COLOR RGB="#857277" NAME="Caparol Flamenco 35" Spot="1" />
 <COLOR RGB="#f8eae8" NAME="Caparol Flamenco 90" Spot="1" />
 <COLOR RGB="#dbc7ca" NAME="Caparol Flamenco 85" Spot="1" />
 <COLOR RGB="#c3aaaf" NAME="Caparol Flamenco 80" Spot="1" />
 <COLOR RGB="#a78c94" NAME="Caparol Flamenco 75" Spot="1" />
 <COLOR RGB="#8d6f78" NAME="Caparol Flamenco 70" Spot="1" />
 <COLOR RGB="#705a62" NAME="Caparol Flamenco 65" Spot="1" />
 <COLOR RGB="#f7e0e2" NAME="Caparol Flamenco 120" Spot="1" />
 <COLOR RGB="#e2c4cb" NAME="Caparol Flamenco 115" Spot="1" />
 <COLOR RGB="#c9a5ae" NAME="Caparol Flamenco 110" Spot="1" />
 <COLOR RGB="#ae8895" NAME="Caparol Flamenco 105" Spot="1" />
 <COLOR RGB="#8a5f6d" NAME="Caparol Flamenco 100" Spot="1" />
 <COLOR RGB="#795561" NAME="Caparol Flamenco 95" Spot="1" />
 <COLOR RGB="#f4cfda" NAME="Caparol Flamenco 150" Spot="1" />
 <COLOR RGB="#e9acc1" NAME="Caparol Flamenco 145" Spot="1" />
 <COLOR RGB="#ca8ea1" NAME="Caparol Flamenco 140" Spot="1" />
 <COLOR RGB="#b17285" NAME="Caparol Flamenco 135" Spot="1" />
 <COLOR RGB="#99586f" NAME="Caparol Flamenco 130" Spot="1" />
 <COLOR RGB="#88465e" NAME="Caparol Flamenco 125" Spot="1" />
 <COLOR RGB="#812b64" NAME="Caparol Diva 30" Spot="1" />
 <COLOR RGB="#68346f" NAME="Caparol Diva 25" Spot="1" />
 <COLOR RGB="#524c5e" NAME="Caparol Diva 20" Spot="1" />
 <COLOR RGB="#483673" NAME="Caparol Diva 15" Spot="1" />
 <COLOR RGB="#404e80" NAME="Caparol Diva 10" Spot="1" />
 <COLOR RGB="#1b336a" NAME="Caparol Diva 5" Spot="1" />
 <COLOR RGB="#36628b" NAME="Caparol Blu 30" Spot="1" />
 <COLOR RGB="#27415b" NAME="Caparol Blu 25" Spot="1" />
 <COLOR RGB="#00597b" NAME="Caparol Blu 20" Spot="1" />
 <COLOR RGB="#003249" NAME="Caparol Blu 15" Spot="1" />
 <COLOR RGB="#3698a9" NAME="Caparol Blu 10" Spot="1" />
 <COLOR RGB="#004553" NAME="Caparol Blu 5" Spot="1" />
 <COLOR RGB="#006a75" NAME="Caparol Peru 30" Spot="1" />
 <COLOR RGB="#00454b" NAME="Caparol Peru 25" Spot="1" />
 <COLOR RGB="#007d71" NAME="Caparol Peru 20" Spot="1" />
 <COLOR RGB="#003e38" NAME="Caparol Peru 15" Spot="1" />
 <COLOR RGB="#005948" NAME="Caparol Peru 10" Spot="1" />
 <COLOR RGB="#00483b" NAME="Caparol Peru 5" Spot="1" />
 <COLOR RGB="#00855b" NAME="Caparol Verdo 30" Spot="1" />
 <COLOR RGB="#294b42" NAME="Caparol Verdo 25" Spot="1" />
 <COLOR RGB="#00672b" NAME="Caparol Verdo 20" Spot="1" />
 <COLOR RGB="#074326" NAME="Caparol Verdo 15" Spot="1" />
 <COLOR RGB="#488411" NAME="Caparol Verdo 10" Spot="1" />
 <COLOR RGB="#385123" NAME="Caparol Verdo 5" Spot="1" />
 <COLOR RGB="#cac700" NAME="Caparol Oliv 30" Spot="1" />
 <COLOR RGB="#938300" NAME="Caparol Oliv 25" Spot="1" />
 <COLOR RGB="#d1ad00" NAME="Caparol Oliv 20" Spot="1" />
 <COLOR RGB="#5a5431" NAME="Caparol Oliv 15" Spot="1" />
 <COLOR RGB="#d79a00" NAME="Caparol Oliv 10" Spot="1" />
 <COLOR RGB="#1a1c1d" NAME="Caparol Oliv 5" Spot="1" />
 <COLOR RGB="#ffb600" NAME="Caparol Brasil 30" Spot="1" />
 <COLOR RGB="#4a3e2b" NAME="Caparol Brasil 25" Spot="1" />
 <COLOR RGB="#bd762c" NAME="Caparol Brasil 20" Spot="1" />
 <COLOR RGB="#5c3a1e" NAME="Caparol Brasil 15" Spot="1" />
 <COLOR RGB="#f47800" NAME="Caparol Brasil 10" Spot="1" />
 <COLOR RGB="#4e2923" NAME="Caparol Brasil 5" Spot="1" />
 <COLOR RGB="#bb400e" NAME="Caparol Rubin 30" Spot="1" />
 <COLOR RGB="#62341f" NAME="Caparol Rubin 25" Spot="1" />
 <COLOR RGB="#ab2a13" NAME="Caparol Rubin 20" Spot="1" />
 <COLOR RGB="#7f2b1f" NAME="Caparol Rubin 15" Spot="1" />
 <COLOR RGB="#aa2730" NAME="Caparol Rubin 10" Spot="1" />
 <COLOR RGB="#4d1b27" NAME="Caparol Rubin 5" Spot="1" />
 <COLOR RGB="#ee5400" NAME="Caparol Laser 30" Spot="1" />
 <COLOR RGB="#c73036" NAME="Caparol Laser 25" Spot="1" />
 <COLOR RGB="#ae243c" NAME="Caparol Laser 20" Spot="1" />
 <COLOR RGB="#a42857" NAME="Caparol Laser 15" Spot="1" />
 <COLOR RGB="#7a346b" NAME="Caparol Laser 10" Spot="1" />
 <COLOR RGB="#583971" NAME="Caparol Laser 5" Spot="1" />
 <COLOR RGB="#78b100" NAME="Caparol Laser 60" Spot="1" />
 <COLOR RGB="#c2c700" NAME="Caparol Laser 55" Spot="1" />
 <COLOR RGB="#f5dd00" NAME="Caparol Laser 50" Spot="1" />
 <COLOR RGB="#fcbd00" NAME="Caparol Laser 45" Spot="1" />
 <COLOR RGB="#fda400" NAME="Caparol Laser 40" Spot="1" />
 <COLOR RGB="#fc8600" NAME="Caparol Laser 35" Spot="1" />
 <COLOR RGB="#34407e" NAME="Caparol Laser 90" Spot="1" />
 <COLOR RGB="#074883" NAME="Caparol Laser 85" Spot="1" />
 <COLOR RGB="#005888" NAME="Caparol Laser 80" Spot="1" />
 <COLOR RGB="#006773" NAME="Caparol Laser 75" Spot="1" />
 <COLOR RGB="#00835c" NAME="Caparol Laser 70" Spot="1" />
 <COLOR RGB="#288f26" NAME="Caparol Laser 65" Spot="1" />
 <COLOR RGB="#aeb0b1" NAME="Caparol Alucryl 5" Spot="1" />
 <COLOR RGB="#ab8c87" NAME="Caparol Alucryl 10" Spot="1" />
 <COLOR RGB="#af9b90" NAME="Caparol Alucryl 15" Spot="1" />
 <COLOR RGB="#aa9d88" NAME="Caparol Alucryl 20" Spot="1" />
 <COLOR RGB="#999b96" NAME="Caparol Alucryl 25" Spot="1" />
 <COLOR RGB="#a1a99d" NAME="Caparol Alucryl 30" Spot="1" />
 <COLOR RGB="#9da8a8" NAME="Caparol Alucryl 35" Spot="1" />
 <COLOR RGB="#8d9ca1" NAME="Caparol Alucryl 40" Spot="1" />
 <COLOR RGB="#96a0a9" NAME="Caparol Alucryl 45" Spot="1" />
 <COLOR RGB="#9a9ba3" NAME="Caparol Alucryl 50" Spot="1" />
 <COLOR RGB="#949295" NAME="Caparol Alucryl 55" Spot="1" />
 <COLOR RGB="#938d91" NAME="Caparol Alucryl 60" Spot="1" />
 <COLOR RGB="#a39899" NAME="Caparol Alucryl 65" Spot="1" />
 <COLOR RGB="#aba29b" NAME="Caparol Alucryl 70" Spot="1" />
 <COLOR RGB="#aca89f" NAME="Caparol Alucryl 75" Spot="1" />
 <COLOR RGB="#abacab" NAME="Caparol Alucryl 80" Spot="1" />
 <COLOR RGB="#a4a8ab" NAME="Caparol Alucryl 85" Spot="1" />
 <COLOR RGB="#afadb0" NAME="Caparol Alucryl 90" Spot="1" />
</SCRIBUSCOLORS>