<?xml version="1.0" encoding="UTF-8"?>
<SCRIBUSCOLORS Name="Caparol Stadtbild 200">
 <COLOR RGB="#687347" NAME="Caparol SB 200 Amazonas 0" Spot="1" />
 <COLOR RGB="#7d8b5f" NAME="Caparol SB 200 Amazonas 2" Spot="1" />
 <COLOR RGB="#a0af80" NAME="Caparol SB 200 Amazonas 4" Spot="1" />
 <COLOR RGB="#c7d2af" NAME="Caparol SB 200 Amazonas 6" Spot="1" />
 <COLOR RGB="#dbe0c9" NAME="Caparol SB 200 Amazonas 8" Spot="1" />
 <COLOR RGB="#b68d3b" NAME="Caparol SB 200 Bali 0" Spot="1" />
 <COLOR RGB="#cba450" NAME="Caparol SB 200 Bali 2" Spot="1" />
 <COLOR RGB="#e6c475" NAME="Caparol SB 200 Bali 4" Spot="1" />
 <COLOR RGB="#f0dda6" NAME="Caparol SB 200 Bali 6" Spot="1" />
 <COLOR RGB="#f2e8c8" NAME="Caparol SB 200 Bali 8" Spot="1" />
 <COLOR RGB="#547062" NAME="Caparol SB 200 Bermuda 0" Spot="1" />
 <COLOR RGB="#769487" NAME="Caparol SB 200 Bermuda 2" Spot="1" />
 <COLOR RGB="#97b7ac" NAME="Caparol SB 200 Bermuda 4" Spot="1" />
 <COLOR RGB="#aac3b9" NAME="Caparol SB 200 Bermuda 6" Spot="1" />
 <COLOR RGB="#c5d8cf" NAME="Caparol SB 200 Bermuda 8" Spot="1" />
 <COLOR RGB="#615446" NAME="Caparol SB 200 Bison 0" Spot="1" />
 <COLOR RGB="#7f7060" NAME="Caparol SB 200 Bison 2" Spot="1" />
 <COLOR RGB="#a89986" NAME="Caparol SB 200 Bison 4" Spot="1" />
 <COLOR RGB="#c6bbac" NAME="Caparol SB 200 Bison 6" Spot="1" />
 <COLOR RGB="#e2dacd" NAME="Caparol SB 200 Bison 8" Spot="1" />
 <COLOR RGB="#575462" NAME="Caparol SB 200 Bolero 0" Spot="1" />
 <COLOR RGB="#828185" NAME="Caparol SB 200 Bolero 2" Spot="1" />
 <COLOR RGB="#9f9da1" NAME="Caparol SB 200 Bolero 4" Spot="1" />
 <COLOR RGB="#c2bcbb" NAME="Caparol SB 200 Bolero 6" Spot="1" />
 <COLOR RGB="#dbdbd6" NAME="Caparol SB 200 Bolero 8" Spot="1" />
 <COLOR RGB="#89744b" NAME="Caparol SB 200 Calvados 0" Spot="1" />
 <COLOR RGB="#967d4e" NAME="Caparol SB 200 Calvados 2" Spot="1" />
 <COLOR RGB="#ae9568" NAME="Caparol SB 200 Calvados 4" Spot="1" />
 <COLOR RGB="#cdb88e" NAME="Caparol SB 200 Calvados 6" Spot="1" />
 <COLOR RGB="#ded0b2" NAME="Caparol SB 200 Calvados 8" Spot="1" />
 <COLOR RGB="#6e7b5c" NAME="Caparol SB 200 Ceder 0" Spot="1" />
 <COLOR RGB="#8a9977" NAME="Caparol SB 200 Ceder 2" Spot="1" />
 <COLOR RGB="#a8b699" NAME="Caparol SB 200 Ceder 4" Spot="1" />
 <COLOR RGB="#c2cbb3" NAME="Caparol SB 200 Ceder 6" Spot="1" />
 <COLOR RGB="#d9dac4" NAME="Caparol SB 200 Ceder 8" Spot="1" />
 <COLOR RGB="#a0734b" NAME="Caparol SB 200 Colorado 0" Spot="1" />
 <COLOR RGB="#b48452" NAME="Caparol SB 200 Colorado 2" Spot="1" />
 <COLOR RGB="#cc9a69" NAME="Caparol SB 200 Colorado 4" Spot="1" />
 <COLOR RGB="#e0bd97" NAME="Caparol SB 200 Colorado 6" Spot="1" />
 <COLOR RGB="#edd6bb" NAME="Caparol SB 200 Colorado 8" Spot="1" />
 <COLOR RGB="#9b7956" NAME="Caparol SB 200 Congo 0" Spot="1" />
 <COLOR RGB="#b39873" NAME="Caparol SB 200 Congo 2" Spot="1" />
 <COLOR RGB="#c9b194" NAME="Caparol SB 200 Congo 4" Spot="1" />
 <COLOR RGB="#d6c5ac" NAME="Caparol SB 200 Congo 6" Spot="1" />
 <COLOR RGB="#e2d4c0" NAME="Caparol SB 200 Congo 8" Spot="1" />
 <COLOR RGB="#a15e47" NAME="Caparol SB 200 Coppa 0" Spot="1" />
 <COLOR RGB="#b9836d" NAME="Caparol SB 200 Coppa 2" Spot="1" />
 <COLOR RGB="#cfa490" NAME="Caparol SB 200 Coppa 4" Spot="1" />
 <COLOR RGB="#e2c4b5" NAME="Caparol SB 200 Coppa 6" Spot="1" />
 <COLOR RGB="#e9d7cf" NAME="Caparol SB 200 Coppa 8" Spot="1" />
 <COLOR RGB="#826b4f" NAME="Caparol SB 200 Costa 0" Spot="1" />
 <COLOR RGB="#a4907b" NAME="Caparol SB 200 Costa 2" Spot="1" />
 <COLOR RGB="#c9b9a7" NAME="Caparol SB 200 Costa 4" Spot="1" />
 <COLOR RGB="#d5cabd" NAME="Caparol SB 200 Costa 6" Spot="1" />
 <COLOR RGB="#e3ddd1" NAME="Caparol SB 200 Costa 8" Spot="1" />
 <COLOR RGB="#7a5d59" NAME="Caparol SB 200 Disco 0" Spot="1" />
 <COLOR RGB="#907270" NAME="Caparol SB 200 Disco 2" Spot="1" />
 <COLOR RGB="#ae9591" NAME="Caparol SB 200 Disco 4" Spot="1" />
 <COLOR RGB="#c4aea9" NAME="Caparol SB 200 Disco 6" Spot="1" />
 <COLOR RGB="#ddcac4" NAME="Caparol SB 200 Disco 8" Spot="1" />
 <COLOR RGB="#616962" NAME="Caparol SB 200 Eiger 0" Spot="1" />
 <COLOR RGB="#838c86" NAME="Caparol SB 200 Eiger 2" Spot="1" />
 <COLOR RGB="#a1aba7" NAME="Caparol SB 200 Eiger 4" Spot="1" />
 <COLOR RGB="#ccd3cb" NAME="Caparol SB 200 Eiger 6" Spot="1" />
 <COLOR RGB="#dcddd6" NAME="Caparol SB 200 Eiger 8" Spot="1" />
 <COLOR RGB="#626054" NAME="Caparol SB 200 Elefant 0" Spot="1" />
 <COLOR RGB="#7e7d6e" NAME="Caparol SB 200 Elefant 2" Spot="1" />
 <COLOR RGB="#a8a697" NAME="Caparol SB 200 Elefant 4" Spot="1" />
 <COLOR RGB="#cbc8ba" NAME="Caparol SB 200 Elefant 6" Spot="1" />
 <COLOR RGB="#e1dcd3" NAME="Caparol SB 200 Elefant 8" Spot="1" />
 <COLOR RGB="#6b7769" NAME="Caparol SB 200 Fjord 0" Spot="1" />
 <COLOR RGB="#98a197" NAME="Caparol SB 200 Fjord 2" Spot="1" />
 <COLOR RGB="#b5c0b6" NAME="Caparol SB 200 Fjord 4" Spot="1" />
 <COLOR RGB="#d2d7ce" NAME="Caparol SB 200 Fjord 6" Spot="1" />
 <COLOR RGB="#dde0d7" NAME="Caparol SB 200 Fjord 8" Spot="1" />
 <COLOR RGB="#845648" NAME="Caparol SB 200 Gabun 0" Spot="1" />
 <COLOR RGB="#a57e70" NAME="Caparol SB 200 Gabun 2" Spot="1" />
 <COLOR RGB="#be9f92" NAME="Caparol SB 200 Gabun 4" Spot="1" />
 <COLOR RGB="#dbc4bc" NAME="Caparol SB 200 Gabun 6" Spot="1" />
 <COLOR RGB="#e9d6cd" NAME="Caparol SB 200 Gabun 8" Spot="1" />
 <COLOR RGB="#c38a2f" NAME="Caparol SB 200 Gobi 0" Spot="1" />
 <COLOR RGB="#d9a040" NAME="Caparol SB 200 Gobi 2" Spot="1" />
 <COLOR RGB="#ebc26d" NAME="Caparol SB 200 Gobi 4" Spot="1" />
 <COLOR RGB="#f1dca4" NAME="Caparol SB 200 Gobi 6" Spot="1" />
 <COLOR RGB="#f0e6c6" NAME="Caparol SB 200 Gobi 8" Spot="1" />
 <COLOR RGB="#4f6977" NAME="Caparol SB 200 Golf 0" Spot="1" />
 <COLOR RGB="#7c99a7" NAME="Caparol SB 200 Golf 2" Spot="1" />
 <COLOR RGB="#a2b7be" NAME="Caparol SB 200 Golf 4" Spot="1" />
 <COLOR RGB="#c4d0d1" NAME="Caparol SB 200 Golf 6" Spot="1" />
 <COLOR RGB="#d6dedc" NAME="Caparol SB 200 Golf 8" Spot="1" />
 <COLOR RGB="#7d6046" NAME="Caparol SB 200 Havanna 0" Spot="1" />
 <COLOR RGB="#9b7b62" NAME="Caparol SB 200 Havanna 2" Spot="1" />
 <COLOR RGB="#bf9f81" NAME="Caparol SB 200 Havanna 4" Spot="1" />
 <COLOR RGB="#d9c3ab" NAME="Caparol SB 200 Havanna 6" Spot="1" />
 <COLOR RGB="#e7d8c8" NAME="Caparol SB 200 Havanna 8" Spot="1" />
 <COLOR RGB="#915844" NAME="Caparol SB 200 India 0" Spot="1" />
 <COLOR RGB="#ae6c53" NAME="Caparol SB 200 India 2" Spot="1" />
 <COLOR RGB="#cf967a" NAME="Caparol SB 200 India 4" Spot="1" />
 <COLOR RGB="#e1b9a4" NAME="Caparol SB 200 India 6" Spot="1" />
 <COLOR RGB="#eed9c8" NAME="Caparol SB 200 India 8" Spot="1" />
 <COLOR RGB="#8b4f47" NAME="Caparol SB 200 Inka 0" Spot="1" />
 <COLOR RGB="#a3655d" NAME="Caparol SB 200 Inka 2" Spot="1" />
 <COLOR RGB="#c38f8a" NAME="Caparol SB 200 Inka 4" Spot="1" />
 <COLOR RGB="#d9b5ae" NAME="Caparol SB 200 Inka 6" Spot="1" />
 <COLOR RGB="#e6d2c9" NAME="Caparol SB 200 Inka 8" Spot="1" />
 <COLOR RGB="#d7ae57" NAME="Caparol SB 200 Kamill 0" Spot="1" />
 <COLOR RGB="#e5c484" NAME="Caparol SB 200 Kamill 2" Spot="1" />
 <COLOR RGB="#ead09c" NAME="Caparol SB 200 Kamill 4" Spot="1" />
 <COLOR RGB="#eddebf" NAME="Caparol SB 200 Kamill 6" Spot="1" />
 <COLOR RGB="#f2e7cf" NAME="Caparol SB 200 Kamill 8" Spot="1" />
 <COLOR RGB="#525662" NAME="Caparol SB 200 Lagune 0" Spot="1" />
 <COLOR RGB="#757e8a" NAME="Caparol SB 200 Lagune 2" Spot="1" />
 <COLOR RGB="#969fab" NAME="Caparol SB 200 Lagune 4" Spot="1" />
 <COLOR RGB="#b4bbc1" NAME="Caparol SB 200 Lagune 6" Spot="1" />
 <COLOR RGB="#d4dbd9" NAME="Caparol SB 200 Lagune 8" Spot="1" />
 <COLOR RGB="#a18849" NAME="Caparol SB 200 Limone 0" Spot="1" />
 <COLOR RGB="#b59f62" NAME="Caparol SB 200 Limone 2" Spot="1" />
 <COLOR RGB="#ccba83" NAME="Caparol SB 200 Limone 4" Spot="1" />
 <COLOR RGB="#e4d7ae" NAME="Caparol SB 200 Limone 6" Spot="1" />
 <COLOR RGB="#eae3c7" NAME="Caparol SB 200 Limone 8" Spot="1" />
 <COLOR RGB="#63745d" NAME="Caparol SB 200 Nil 0" Spot="1" />
 <COLOR RGB="#82957e" NAME="Caparol SB 200 Nil 2" Spot="1" />
 <COLOR RGB="#a5b7a5" NAME="Caparol SB 200 Nil 4" Spot="1" />
 <COLOR RGB="#bfcaba" NAME="Caparol SB 200 Nil 6" Spot="1" />
 <COLOR RGB="#cedacb" NAME="Caparol SB 200 Nil 8" Spot="1" />
 <COLOR RGB="#6b5545" NAME="Caparol SB 200 Nutria 0" Spot="1" />
 <COLOR RGB="#867161" NAME="Caparol SB 200 Nutria 2" Spot="1" />
 <COLOR RGB="#b19b89" NAME="Caparol SB 200 Nutria 4" Spot="1" />
 <COLOR RGB="#d4c3b3" NAME="Caparol SB 200 Nutria 6" Spot="1" />
 <COLOR RGB="#e4d8cc" NAME="Caparol SB 200 Nutria 8" Spot="1" />
 <COLOR RGB="#857742" NAME="Caparol SB 200 Olive 0" Spot="1" />
 <COLOR RGB="#a2965e" NAME="Caparol SB 200 Olive 2" Spot="1" />
 <COLOR RGB="#c9ba82" NAME="Caparol SB 200 Olive 4" Spot="1" />
 <COLOR RGB="#dad1ac" NAME="Caparol SB 200 Olive 6" Spot="1" />
 <COLOR RGB="#ebe5cd" NAME="Caparol SB 200 Olive 8" Spot="1" />
 <COLOR RGB="#604d4b" NAME="Caparol SB 200 Orion 0" Spot="1" />
 <COLOR RGB="#7f6e6d" NAME="Caparol SB 200 Orion 2" Spot="1" />
 <COLOR RGB="#9e8d8b" NAME="Caparol SB 200 Orion 4" Spot="1" />
 <COLOR RGB="#c2b6b5" NAME="Caparol SB 200 Orion 6" Spot="1" />
 <COLOR RGB="#d9cdc9" NAME="Caparol SB 200 Orion 8" Spot="1" />
 <COLOR RGB="#7e7252" NAME="Caparol SB 200 Pampa 0" Spot="1" />
 <COLOR RGB="#817455" NAME="Caparol SB 200 Pampa 2" Spot="1" />
 <COLOR RGB="#a19473" NAME="Caparol SB 200 Pampa 4" Spot="1" />
 <COLOR RGB="#c0b79d" NAME="Caparol SB 200 Pampa 6" Spot="1" />
 <COLOR RGB="#e1dbc6" NAME="Caparol SB 200 Pampa 8" Spot="1" />
 <COLOR RGB="#517585" NAME="Caparol SB 200 Polar 0" Spot="1" />
 <COLOR RGB="#7fa5b2" NAME="Caparol SB 200 Polar 2" Spot="1" />
 <COLOR RGB="#a6c0c5" NAME="Caparol SB 200 Polar 4" Spot="1" />
 <COLOR RGB="#c7d6d6" NAME="Caparol SB 200 Polar 6" Spot="1" />
 <COLOR RGB="#dbe1dd" NAME="Caparol SB 200 Polar 8" Spot="1" />
 <COLOR RGB="#a58654" NAME="Caparol SB 200 Praerie 0" Spot="1" />
 <COLOR RGB="#c4a876" NAME="Caparol SB 200 Praerie 2" Spot="1" />
 <COLOR RGB="#d1bb93" NAME="Caparol SB 200 Praerie 4" Spot="1" />
 <COLOR RGB="#e1d4b9" NAME="Caparol SB 200 Praerie 6" Spot="1" />
 <COLOR RGB="#e9dfcb" NAME="Caparol SB 200 Praerie 8" Spot="1" />
 <COLOR RGB="#a57d55" NAME="Caparol SB 200 Sahara 0" Spot="1" />
 <COLOR RGB="#bb9872" NAME="Caparol SB 200 Sahara 2" Spot="1" />
 <COLOR RGB="#ccb194" NAME="Caparol SB 200 Sahara 4" Spot="1" />
 <COLOR RGB="#e1d1bc" NAME="Caparol SB 200 Sahara 6" Spot="1" />
 <COLOR RGB="#eadfcc" NAME="Caparol SB 200 Sahara 8" Spot="1" />
 <COLOR RGB="#504e48" NAME="Caparol SB 200 Schiefer 0" Spot="1" />
 <COLOR RGB="#60605a" NAME="Caparol SB 200 Schiefer 2" Spot="1" />
 <COLOR RGB="#8e8c83" NAME="Caparol SB 200 Schiefer 4" Spot="1" />
 <COLOR RGB="#b6b3ac" NAME="Caparol SB 200 Schiefer 6" Spot="1" />
 <COLOR RGB="#d7d3cc" NAME="Caparol SB 200 Schiefer 8" Spot="1" />
 <COLOR RGB="#ac814a" NAME="Caparol SB 200 Sherry 0" Spot="1" />
 <COLOR RGB="#cba067" NAME="Caparol SB 200 Sherry 2" Spot="1" />
 <COLOR RGB="#e0bf8a" NAME="Caparol SB 200 Sherry 4" Spot="1" />
 <COLOR RGB="#edd8b7" NAME="Caparol SB 200 Sherry 6" Spot="1" />
 <COLOR RGB="#eddec0" NAME="Caparol SB 200 Sherry 8" Spot="1" />
 <COLOR RGB="#867f58" NAME="Caparol SB 200 Sisal 0" Spot="1" />
 <COLOR RGB="#a19a7b" NAME="Caparol SB 200 Sisal 2" Spot="1" />
 <COLOR RGB="#bfbba0" NAME="Caparol SB 200 Sisal 4" Spot="1" />
 <COLOR RGB="#d0ceb9" NAME="Caparol SB 200 Sisal 6" Spot="1" />
 <COLOR RGB="#e5e1d0" NAME="Caparol SB 200 Sisal 8" Spot="1" />
 <COLOR RGB="#806251" NAME="Caparol SB 200 Somali 0" Spot="1" />
 <COLOR RGB="#8d6a54" NAME="Caparol SB 200 Somali 2" Spot="1" />
 <COLOR RGB="#9d7e67" NAME="Caparol SB 200 Somali 4" Spot="1" />
 <COLOR RGB="#c1a894" NAME="Caparol SB 200 Somali 6" Spot="1" />
 <COLOR RGB="#dbc6b0" NAME="Caparol SB 200 Somali 8" Spot="1" />
 <COLOR RGB="#756545" NAME="Caparol SB 200 Taiga 0" Spot="1" />
 <COLOR RGB="#938260" NAME="Caparol SB 200 Taiga 2" Spot="1" />
 <COLOR RGB="#bca986" NAME="Caparol SB 200 Taiga 4" Spot="1" />
 <COLOR RGB="#daceb4" NAME="Caparol SB 200 Taiga 6" Spot="1" />
 <COLOR RGB="#e7e0cf" NAME="Caparol SB 200 Taiga 8" Spot="1" />
 <COLOR RGB="#777853" NAME="Caparol SB 200 Tanna 0" Spot="1" />
 <COLOR RGB="#a4a685" NAME="Caparol SB 200 Tanna 2" Spot="1" />
 <COLOR RGB="#bbbfa8" NAME="Caparol SB 200 Tanna 4" Spot="1" />
 <COLOR RGB="#d3d4c5" NAME="Caparol SB 200 Tanna 6" Spot="1" />
 <COLOR RGB="#dfdece" NAME="Caparol SB 200 Tanna 8" Spot="1" />
 <COLOR RGB="#9b6340" NAME="Caparol SB 200 Terra 0" Spot="1" />
 <COLOR RGB="#b27c56" NAME="Caparol SB 200 Terra 2" Spot="1" />
 <COLOR RGB="#d5a581" NAME="Caparol SB 200 Terra 4" Spot="1" />
 <COLOR RGB="#ebc8a9" NAME="Caparol SB 200 Terra 6" Spot="1" />
 <COLOR RGB="#ecd9c5" NAME="Caparol SB 200 Terra 8" Spot="1" />
 <COLOR RGB="#cd9545" NAME="Caparol SB 200 Tropic 0" Spot="1" />
 <COLOR RGB="#e0af68" NAME="Caparol SB 200 Tropic 2" Spot="1" />
 <COLOR RGB="#e6c188" NAME="Caparol SB 200 Tropic 4" Spot="1" />
 <COLOR RGB="#e9d1ac" NAME="Caparol SB 200 Tropic 6" Spot="1" />
 <COLOR RGB="#ebddc4" NAME="Caparol SB 200 Tropic 8" Spot="1" />
</SCRIBUSCOLORS>