<?xml version="1.0" encoding="UTF-8"?>
<SCRIBUSCOLORS Name="China Building Color Card">
 <COLOR RGB="#d6d4d2" NAME="N8.25" Spot="1" />
 <COLOR RGB="#c8c7c5" NAME="N7.75" Spot="1" />
 <COLOR RGB="#bbbbb9" NAME="N7.25" Spot="1" />
 <COLOR RGB="#adadab" NAME="N6.75" Spot="1" />
 <COLOR RGB="#9e9d9c" NAME="N6.25" Spot="1" />
 <COLOR RGB="#929190" NAME="N5.75" Spot="1" />
 <COLOR RGB="#828383" NAME="N5.25" Spot="1" />
 <COLOR RGB="#7b7b7b" NAME="N4.75" Spot="1" />
 <COLOR RGB="#6d6c6c" NAME="N4.25" Spot="1" />
 <COLOR RGB="#5d5d5d" NAME="N3.75" Spot="1" />
 <COLOR RGB="#545353" NAME="N3.25" Spot="1" />
 <COLOR RGB="#474747" NAME="N2.75" Spot="1" />
 <COLOR RGB="#f5f2dc" NAME="0011 - 9.4Y 9-1.2" Spot="1" />
 <COLOR RGB="#f4f1ce" NAME="0012 - 0.6GY 9-1.8" Spot="1" />
 <COLOR RGB="#f1eb9f" NAME="0013 - 9.4Y 9-4.8" Spot="1" />
 <COLOR RGB="#ece26e" NAME="0014 - 10Y 8.5-7.6" Spot="1" />
 <COLOR RGB="#eee685" NAME="0015 - 10Y 8.5-6.4" Spot="1" />
 <COLOR RGB="#f2ecb4" NAME="0016 - 9.4 9-3.6" Spot="1" />
 <COLOR RGB="#f6f2dd" NAME="0021 - 8.1Y 9-1.2" Spot="1" />
 <COLOR RGB="#f9f2d0" NAME="0022 - 8.1Y 9-2" Spot="1" />
 <COLOR RGB="#fbed9e" NAME="0023 - 8.1Y 9-5.2" Spot="1" />
 <COLOR RGB="#f7e36c" NAME="0024 - 8.1Y 8.5-8" Spot="1" />
 <COLOR RGB="#fae783" NAME="0025 - 8.1Y 8.5-6.4" Spot="1" />
 <COLOR RGB="#f6ecb4" NAME="0026 - 8.8Y 9-3.6" Spot="1" />
 <COLOR RGB="#e7e0bf" NAME="0031 - 8.1Y 8.5-3.6" Spot="1" />
 <COLOR RGB="#eee2ab" NAME="0032 - 8.1Y 8.5-3.6" Spot="1" />
 <COLOR RGB="#e5d57b" NAME="0033 - 9.4Y 8-6.4" Spot="1" />
 <COLOR RGB="#c3ba66" NAME="0034 - 10Y 7-6" Spot="1" />
 <COLOR RGB="#e4d061" NAME="0035 - 8.8Y 8-8" Spot="1" />
 <COLOR RGB="#e8da90" NAME="0036 - 9.4Y 8-5.2" Spot="1" />
 <COLOR RGB="#cdc6a8" NAME="0041 - 8.1Y 7.5-2" Spot="1" />
 <COLOR RGB="#d0c596" NAME="0042 - 8.8Y 7.5-3.2" Spot="1" />
 <COLOR RGB="#b6a56b" NAME="0043 - 7.5Y 6.5-4.4" Spot="1" />
 <COLOR RGB="#8c7c50" NAME="0044 - 6.3Y 5-4" Spot="1" />
 <COLOR RGB="#9f905e" NAME="0045 - 6.9Y 5.5-4" Spot="1" />
 <COLOR RGB="#cabd7d" NAME="0046 - 8.8Y 7-4.8" Spot="1" />
 <COLOR RGB="#b5ae94" NAME="0051 - 8.1Y 6.5-2" Spot="1" />
 <COLOR RGB="#b7ab80" NAME="0052 - 7.5Y 6.5-3.2" Spot="1" />
 <COLOR RGB="#8e8262" NAME="0053 - 6.9Y 5-2.8" Spot="1" />
 <COLOR RGB="#60563f" NAME="0054 - 2.5Y 3-1.8" Spot="1" />
 <COLOR RGB="#786c50" NAME="0055 - 6.3Y 4-2.4" Spot="1" />
 <COLOR RGB="#a09673" NAME="0056 - 7.5Y 6-2.8" Spot="1" />
 <COLOR RGB="#faf5df" NAME="0061 - 7.5Y 9-1.2" Spot="1" />
 <COLOR RGB="#f5ecc9" NAME="0062 - 7.5Y 9-2" Spot="1" />
 <COLOR RGB="#ffe89a" NAME="0063 - 5.6Y 9-5.2" Spot="1" />
 <COLOR RGB="#fad86c" NAME="0064 - 4.4Y 8.5-7.6" Spot="1" />
 <COLOR RGB="#ffe588" NAME="0065 - 5Y 8.5-6.4" Spot="1" />
 <COLOR RGB="#fbebb4" NAME="0066 - 6.3Y 9-3.6" Spot="1" />
 <COLOR RGB="#e8debb" NAME="0071 - 6.3Y 8.5-2.4" Spot="1" />
 <COLOR RGB="#ecdda9" NAME="0072 - 6.3Y 8.5-3.6" Spot="1" />
 <COLOR RGB="#f2d77f" NAME="0073 - 6.3Y 8-6.4" Spot="1" />
 <COLOR RGB="#d3b767" NAME="0074 - 5.6Y 7-6.4" Spot="1" />
 <COLOR RGB="#eece62" NAME="0075 - 6.3Y 8-8" Spot="1" />
 <COLOR RGB="#e4cf8a" NAME="0076 - 6.3Y 8-5.2" Spot="1" />
 <COLOR RGB="#cfc5a7" NAME="0081 - 7.5Y 7.5-2" Spot="1" />
 <COLOR RGB="#cfbf92" NAME="0082 - 6.3Y 7.5-3.6" Spot="1" />
 <COLOR RGB="#baa36d" NAME="0083 - 5.6Y 6.5-4.4" Spot="1" />
 <COLOR RGB="#8f784c" NAME="0084 - 3.8Y 4.5-3.6" Spot="1" />
 <COLOR RGB="#a28c5b" NAME="0085 - 3.8Y 5.5-4.4" Spot="1" />
 <COLOR RGB="#d0b97c" NAME="0086 - 6.3Y 7-4.8" Spot="1" />
 <COLOR RGB="#cec1a6" NAME="0091 - 3.8Y 7.5-2.4" Spot="1" />
 <COLOR RGB="#d6c095" NAME="0092 - 3.8Y 7.5-3.6" Spot="1" />
 <COLOR RGB="#c0a26e" NAME="0093 - 3.1Y 6.5-4.4" Spot="1" />
 <COLOR RGB="#937752" NAME="0094 - 1.9Y 5-4" Spot="1" />
 <COLOR RGB="#a6885a" NAME="0095 - 1.9Y 5.5-4.4" Spot="1" />
 <COLOR RGB="#d6b77d" NAME="0096 - 4.4Y 7-4.8" Spot="1" />
 <COLOR RGB="#f9f1da" NAME="0101 - 5Y 9-1.4" Spot="1" />
 <COLOR RGB="#fff0c9" NAME="0102 - 5Y 9-2.4" Spot="1" />
 <COLOR RGB="#ffe099" NAME="0103 - 3.1Y 8.5-5.2" Spot="1" />
 <COLOR RGB="#ffd56e" NAME="0104 - 2.5Y 8.5-7.6" Spot="1" />
 <COLOR RGB="#ffdb86" NAME="0105 - 3.1Y 8.5-6.4" Spot="1" />
 <COLOR RGB="#ffe9b6" NAME="0106 - 3.8Y 9-3.6" Spot="1" />
 <COLOR RGB="#ebddbb" NAME="0111 - 4.4Y 8.5-2.4" Spot="1" />
 <COLOR RGB="#eed7a5" NAME="0112 - 4.4Y 8-4" Spot="1" />
 <COLOR RGB="#f9ce7a" NAME="0113 - 2.5Y 8-6.8" Spot="1" />
 <COLOR RGB="#dcac57" NAME="0114 - 1.9Y 6.5-7.2" Spot="1" />
 <COLOR RGB="#f7c667" NAME="0115 - 2.5Y 7.5-8" Spot="1" />
 <COLOR RGB="#efce8e" NAME="0116 - 3.1Y 8-5.2" Spot="1" />
 <COLOR RGB="#fef3db" NAME="0121 - 5Y 9-1.4" Spot="1" />
 <COLOR RGB="#ffedc9" NAME="0122 - 3.1Y 9-2.4" Spot="1" />
 <COLOR RGB="#ffd99a" NAME="0123 - 1.3Y 8.5-5.2" Spot="1" />
 <COLOR RGB="#ffc770" NAME="0124 - 9.4YR 8-8" Spot="1" />
 <COLOR RGB="#ffd182" NAME="0125 - 10YR 8-7.2" Spot="1" />
 <COLOR RGB="#ffe3ae" NAME="0126 - 3.1Y 8.5-4" Spot="1" />
 <COLOR RGB="#faeed6" NAME="0131 - 3.1Y 9-1.6" Spot="1" />
 <COLOR RGB="#ffebcd" NAME="0132 - 2.5Y 9-2" Spot="1" />
 <COLOR RGB="#ffd197" NAME="0133 - 9.4YR 8-5.6" Spot="1" />
 <COLOR RGB="#ffbb6d" NAME="0134 - 8.1YR 7.5-8" Spot="1" />
 <COLOR RGB="#ffc582" NAME="0135 - 8.1YR 8-7.2" Spot="1" />
 <COLOR RGB="#ffdcb1" NAME="0136 - 10YR 8.5-4" Spot="1" />
 <COLOR RGB="#eddabd" NAME="0141 - 0.6Y 8.5-2.4" Spot="1" />
 <COLOR RGB="#f4cfa2" NAME="0142 - 10YR 8-4.4" Spot="1" />
 <COLOR RGB="#f8ba7a" NAME="0143 - 8.1YR 7.5-6.8" Spot="1" />
 <COLOR RGB="#dc9859" NAME="0144 - 6.9YR 6.5-7.6" Spot="1" />
 <COLOR RGB="#f4ae68" NAME="0145 - 6.9YR 7-8" Spot="1" />
 <COLOR RGB="#f4c28d" NAME="0146 - 9.4YR 7.5-5.6" Spot="1" />
 <COLOR RGB="#d8c4aa" NAME="0151 - 1.9Y 7.5-2.4" Spot="1" />
 <COLOR RGB="#d9b893" NAME="0152 - 0.6Y 7-4" Spot="1" />
 <COLOR RGB="#c4976d" NAME="0153 - 8.8YR 6-4.8" Spot="1" />
 <COLOR RGB="#957051" NAME="0154 - 7.5YR 4.5-4" Spot="1" />
 <COLOR RGB="#ae815c" NAME="0155 - 8.1YR 5.5-4.8" Spot="1" />
 <COLOR RGB="#dbab7b" NAME="0156 - 8.8YR 7-5.6" Spot="1" />
 <COLOR RGB="#c1ac93" NAME="0161 - 1.3Y 6.5-2.4" Spot="1" />
 <COLOR RGB="#c3a17e" NAME="0162 - 10YR 6.5-4" Spot="1" />
 <COLOR RGB="#97795e" NAME="0163 - 9.4YR 4.5-3.2" Spot="1" />
 <COLOR RGB="#6b5142" NAME="0164 - 7.5YR 3.5-1.8" Spot="1" />
 <COLOR RGB="#82694f" NAME="0165 - 10YR 4-2.8" Spot="1" />
 <COLOR RGB="#b09070" NAME="0166 - 9.4YR 5.5-3.6" Spot="1" />
 <COLOR RGB="#f9ead7" NAME="0171 - 0.6Y 9-1.4" Spot="1" />
 <COLOR RGB="#ffe9d4" NAME="0172 - 8.8YR 9-1.8" Spot="1" />
 <COLOR RGB="#ffc59e" NAME="0173 - 4.4YR 8-6" Spot="1" />
 <COLOR RGB="#ffa675" NAME="0174 - 2.5YR 7-8.8" Spot="1" />
 <COLOR RGB="#ffb789" NAME="0175 - 3.8YR 7.5-7.2" Spot="1" />
 <COLOR RGB="#ffd3b4" NAME="0176 - 5.6YR 8.5-3.6" Spot="1" />
 <COLOR RGB="#efd6be" NAME="0181 - 9.4YR 8-2.4" Spot="1" />
 <COLOR RGB="#f6c9aa" NAME="0182 - 5.6YR 8-4.4" Spot="1" />
 <COLOR RGB="#f8ad7f" NAME="0183 - 4.4YR 7-7.2" Spot="1" />
 <COLOR RGB="#db956e" NAME="0184 - 3.8YR 6.5-6.8" Spot="1" />
 <COLOR RGB="#f29d6b" NAME="0185 - 3.8YR 6.5-8.4" Spot="1" />
 <COLOR RGB="#f4b690" NAME="0186 - 4.4YR 7.5-6" Spot="1" />
 <COLOR RGB="#d6bea9" NAME="0191 - 8.8YR 7.5-2.4" Spot="1" />
 <COLOR RGB="#d8af94" NAME="0192 - 6.3YR 7-4" Spot="1" />
 <COLOR RGB="#c58e71" NAME="0193 - 4.4YR 6-5.2" Spot="1" />
 <COLOR RGB="#946750" NAME="0194 - 3.8YR 4.5-4.4" Spot="1" />
 <COLOR RGB="#ab795d" NAME="0195 - 4.4YR 5-4.8" Spot="1" />
 <COLOR RGB="#dba180" NAME="0196 - 4.4YR 6.5-5.6" Spot="1" />
 <COLOR RGB="#c0a897" NAME="0201 - 8.8YR 6.5-2" Spot="1" />
 <COLOR RGB="#c79e86" NAME="0202 - 5.6YR 6.5-4" Spot="1" />
 <COLOR RGB="#997764" NAME="0203 - 5.6YR 5-3.2" Spot="1" />
 <COLOR RGB="#6a4c40" NAME="0204 - 10R 3-3.2" Spot="1" />
 <COLOR RGB="#846351" NAME="0205 - 5YR 4-2.8" Spot="1" />
 <COLOR RGB="#ad8771" NAME="0206 - 5YR 5.5-3.6" Spot="1" />
 <COLOR RGB="#f9ebde" NAME="0211 - 8.1YR 9-1.2" Spot="1" />
 <COLOR RGB="#ffe6d5" NAME="0212 - 6.3YR 9-2" Spot="1" />
 <COLOR RGB="#ffc1aa" NAME="0213 - 1.3YR 8-5.6" Spot="1" />
 <COLOR RGB="#ff9f80" NAME="0214 - 9.4R 7-9.2" Spot="1" />
 <COLOR RGB="#ffac94" NAME="0215 - 0.6YR 7.5-7.2" Spot="1" />
 <COLOR RGB="#fed0bd" NAME="0216 - 3.1YR 8-4" Spot="1" />
 <COLOR RGB="#f0d4c5" NAME="0221 - 5YR 8-2.4" Spot="1" />
 <COLOR RGB="#f4c6b2" NAME="0222 - 3.1YR 8-4" Spot="1" />
 <COLOR RGB="#f1a188" NAME="0223 - 10R 7-7.2" Spot="1" />
 <COLOR RGB="#d07761" NAME="0224 - 9.4R 5.5-8" Spot="1" />
 <COLOR RGB="#ef9174" NAME="0225 - 9.4R 6.5-9.2" Spot="1" />
 <COLOR RGB="#f3b69f" NAME="0226 - 1.3YR 7.5-5.6" Spot="1" />
 <COLOR RGB="#d6beb1" NAME="0231 - 5.6YR 7.5-2" Spot="1" />
 <COLOR RGB="#d7ad9c" NAME="0232 - 2.5YR 7-3.6" Spot="1" />
 <COLOR RGB="#c28775" NAME="0233 - 1.3YR 5.5-4.8" Spot="1" />
 <COLOR RGB="#915f51" NAME="0234 - 1.9YR 4-4" Spot="1" />
 <COLOR RGB="#a87262" NAME="0235 - 0.6YR 5-4.8" Spot="1" />
 <COLOR RGB="#d69985" NAME="0236 - 0.6YR 6.5-5.6" Spot="1" />
 <COLOR RGB="#bca69a" NAME="0241 - 4.4YR 6.5-2" Spot="1" />
 <COLOR RGB="#c59b8a" NAME="0242 - 3.1YR 6-3.6" Spot="1" />
 <COLOR RGB="#997467" NAME="0243 - 1.9YR 4.5-3.2" Spot="1" />
 <COLOR RGB="#654840" NAME="0244 - 10R 3-2.8" Spot="1" />
 <COLOR RGB="#826055" NAME="0245 - 2.5YR 4-2.8" Spot="1" />
 <COLOR RGB="#ab8476" NAME="0246 - 2.5YR 5.5-3.2" Spot="1" />
 <COLOR RGB="#f9ece3" NAME="0251 - 5YR 9-1" Spot="1" />
 <COLOR RGB="#fde5dd" NAME="0252 - 1.9YR 9-1.8" Spot="1" />
 <COLOR RGB="#fdc0b8" NAME="0253 - 0.6YR 7.5-4.8" Spot="1" />
 <COLOR RGB="#f2938e" NAME="0254 - 5.6R 6.5-8.8" Spot="1" />
 <COLOR RGB="#fbaba5" NAME="0255 - 5.6R 7-7.2" Spot="1" />
 <COLOR RGB="#ffd3ca" NAME="0256 - 0.6YR 8.5-3.2" Spot="1" />
 <COLOR RGB="#ebd6d0" NAME="0261 - 9.4R 8.5-1.8" Spot="1" />
 <COLOR RGB="#edc5be" NAME="0262 - 8.1R 7.5-3.6" Spot="1" />
 <COLOR RGB="#eba199" NAME="0263 - 5.6R 7-6.8" Spot="1" />
 <COLOR RGB="#b6726c" NAME="0264 - 6.9R 5-6" Spot="1" />
 <COLOR RGB="#d18984" NAME="0265 - 6.3R 6-6.4" Spot="1" />
 <COLOR RGB="#e8aea7" NAME="0266 - 6.3R 7-5.2" Spot="1" />
 <COLOR RGB="#d1bab3" NAME="0271 - 0.6YR 7-2" Spot="1" />
 <COLOR RGB="#d6aba4" NAME="0272 - 8.1R 7-3.6" Spot="1" />
 <COLOR RGB="#bc837e" NAME="0273 - 6.9R 5.5-4.8" Spot="1" />
 <COLOR RGB="#8b5d59" NAME="0274 - 6.9R 4-4" Spot="1" />
 <COLOR RGB="#a2706b" NAME="0275 - 7.5R 5-4.4" Spot="1" />
 <COLOR RGB="#d29892" NAME="0276 - 6.3R 6.5-5.2" Spot="1" />
 <COLOR RGB="#baa6a1" NAME="0281 - 0.6YR 6.5-1.6" Spot="1" />
 <COLOR RGB="#bd958f" NAME="0282 - 8.1R 6-3.6" Spot="1" />
 <COLOR RGB="#916d69" NAME="0283 - 8.1R 4.5-2.8" Spot="1" />
 <COLOR RGB="#704846" NAME="0284 - 6.9R 3-3.6" Spot="1" />
 <COLOR RGB="#7b5a57" NAME="0285 - 8.1R 4-2.4" Spot="1" />
 <COLOR RGB="#a7827d" NAME="0286 - 7.5R 5.5-3.2" Spot="1" />
 <COLOR RGB="#f3e8e7" NAME="0291 - 0.6R 9-1.4" Spot="1" />
 <COLOR RGB="#f8e5e3" NAME="0292 - 4R 8.5-1.8" Spot="1" />
 <COLOR RGB="#f9c1c9" NAME="0293 - 8.8RP 8-5.2" Spot="1" />
 <COLOR RGB="#ed95a3" NAME="0294 - 10RP 6.5-7.6" Spot="1" />
 <COLOR RGB="#f6adb9" NAME="0295 - 10RP 7.5-5.6" Spot="1" />
 <COLOR RGB="#f7d2d5" NAME="0296 - 10RP 8-3.6" Spot="1" />
 <COLOR RGB="#e7d5d4" NAME="0301 - 5.6R 8-2" Spot="1" />
 <COLOR RGB="#e5c2c5" NAME="0302 - 9.4RP 7.5-3.6" Spot="1" />
 <COLOR RGB="#e19aa5" NAME="0303 - 10RP 6.5-6.8" Spot="1" />
 <COLOR RGB="#ac6b75" NAME="0304 - 10RP 5-5.6" Spot="1" />
 <COLOR RGB="#c9838f" NAME="0305 - 9.4RP 5.5-6.4" Spot="1" />
 <COLOR RGB="#e7b2b9" NAME="0306 - 9.4RP 7-5.2" Spot="1" />
 <COLOR RGB="#d1bebe" NAME="0311 - 10RP 7.5-2" Spot="1" />
 <COLOR RGB="#d0aeb2" NAME="0312 - 9.4RP 7-3.6" Spot="1" />
 <COLOR RGB="#b6848d" NAME="0313 - 8.8RP 5.5-4.4" Spot="1" />
 <COLOR RGB="#865a61" NAME="0314 - 0.6R 4-4" Spot="1" />
 <COLOR RGB="#9c6c75" NAME="0315 - 9.4RP 4.5-4.4" Spot="1" />
 <COLOR RGB="#cc98a2" NAME="0316 - 8.8RP 6.5-5.2" Spot="1" />
 <COLOR RGB="#baa8a9" NAME="0321 - 9.4RP 6.5-1.8" Spot="1" />
 <COLOR RGB="#ba979b" NAME="0322 - 10RP 6-3.2" Spot="1" />
 <COLOR RGB="#916d71" NAME="0323 - 10RP 4.5-3.2" Spot="1" />
 <COLOR RGB="#594040" NAME="0324 - 7.5R 2.5-1.8" Spot="1" />
 <COLOR RGB="#77585d" NAME="0325 - 9.4RP 3.5-2.8" Spot="1" />
 <COLOR RGB="#a38186" NAME="0326 - 9.4RP 5-2.8" Spot="1" />
 <COLOR RGB="#f7eeee" NAME="0331 - 7.5RP 9-1.2" Spot="1" />
 <COLOR RGB="#f7e6e7" NAME="0332 - 0.6R 9-1.8" Spot="1" />
 <COLOR RGB="#f1c6db" NAME="0333 - 3.1RP 8-5.6" Spot="1" />
 <COLOR RGB="#dfa2c3" NAME="0334 - 2.5RP 7-7.2" Spot="1" />
 <COLOR RGB="#f0b3d2" NAME="0335 - 3.8RP 7.5-5.6" Spot="1" />
 <COLOR RGB="#f6d9e4" NAME="0336 - 2.5RP 8.5-3.6" Spot="1" />
 <COLOR RGB="#e7d8de" NAME="0341 - 6.3RP 8.5-2" Spot="1" />
 <COLOR RGB="#e4c5d2" NAME="0342 - 3.8RP 7.5-4" Spot="1" />
 <COLOR RGB="#dea1c3" NAME="0343 - 2.5RP 7-7.6" Spot="1" />
 <COLOR RGB="#a8728e" NAME="0344 - 3.8RP 5-5.6" Spot="1" />
 <COLOR RGB="#c388a7" NAME="0345 - 3.1RP 6-6.8" Spot="1" />
 <COLOR RGB="#e3b7cc" NAME="0346 - 3.1RP 7.5-5.2" Spot="1" />
 <COLOR RGB="#cbbdc2" NAME="0351 - 3.1RP 7.5-2" Spot="1" />
 <COLOR RGB="#d0b4c0" NAME="0352 - 3.1RP 7-3.2" Spot="1" />
 <COLOR RGB="#b2869a" NAME="0353 - 3.1RP 5.5-4.8" Spot="1" />
 <COLOR RGB="#845b6e" NAME="0354 - 3.8RP 4-4.4" Spot="1" />
 <COLOR RGB="#996f83" NAME="0355 - 3.1RP 4.5-4.4" Spot="1" />
 <COLOR RGB="#cea0b5" NAME="0356 - 3.1RP 6.5-5.2" Spot="1" />
 <COLOR RGB="#b5a5ab" NAME="0361 - 1.9RP 6.5-2" Spot="1" />
 <COLOR RGB="#b097a5" NAME="0362 - 1.9RP 6-3.2" Spot="1" />
 <COLOR RGB="#8a6e7e" NAME="0363 - 2.5RP 4.5-3.2" Spot="1" />
 <COLOR RGB="#55414d" NAME="0364 - 5.6RP 2.5-2.8" Spot="1" />
 <COLOR RGB="#725766" NAME="0365 - 3.8RP 3.5-2.8" Spot="1" />
 <COLOR RGB="#9d818f" NAME="0366 - 3.1RP 5-3.2" Spot="1" />
 <COLOR RGB="#efe8ea" NAME="0371 - 2.5RP 9-1.2" Spot="1" />
 <COLOR RGB="#f3e9ee" NAME="0372 - 0.6RP 9-1.6" Spot="1" />
 <COLOR RGB="#e8c8e2" NAME="0373 - 9.4P 8-5.2" Spot="1" />
 <COLOR RGB="#ce92c6" NAME="0374 - 10P 6.5-7.6" Spot="1" />
 <COLOR RGB="#d8aad1" NAME="0375 - 9.4P 7-7.2" Spot="1" />
 <COLOR RGB="#eed8e8" NAME="0376 - 8.1P 8.5-3.2" Spot="1" />
 <COLOR RGB="#e2d9df" NAME="0381 - 7.5P 8.5-1.6" Spot="1" />
 <COLOR RGB="#ddc8d9" NAME="0382 - 9.4P 7.5-3.6" Spot="1" />
 <COLOR RGB="#d7a9d0" NAME="0383 - 9.4P 7-7.2" Spot="1" />
 <COLOR RGB="#a1739b" NAME="0384 - 10P 5-6.8" Spot="1" />
 <COLOR RGB="#ba8db6" NAME="0385 - 8.8P 6-6.8" Spot="1" />
 <COLOR RGB="#d8b7d3" NAME="0386 - 9.4P 7.5-5.2" Spot="1" />
 <COLOR RGB="#f0ebeb" NAME="0391 - 1.3RP 9-1.2" Spot="1" />
 <COLOR RGB="#f0eaef" NAME="0392 - 7.5P 9-1.6" Spot="1" />
 <COLOR RGB="#dac6e7" NAME="0393 - 8.1P 7.5-5.2" Spot="1" />
 <COLOR RGB="#a67ab6" NAME="0394 - 8.1P 5.5-9.2" Spot="1" />
 <COLOR RGB="#c9abda" NAME="0395 - 5P 7-7.6" Spot="1" />
 <COLOR RGB="#e5daec" NAME="0396 - 8.1P 8.5-2.8" Spot="1" />
 <COLOR RGB="#e1dde3" NAME="0401 - 3.8P 8.5-1.6" Spot="1" />
 <COLOR RGB="#d8cde1" NAME="0402 - 5.6P 8-3.6" Spot="1" />
 <COLOR RGB="#caacdc" NAME="0403 - 5P 7-7.6" Spot="1" />
 <COLOR RGB="#9a77a5" NAME="0404 - 6.3P 5-6.8" Spot="1" />
 <COLOR RGB="#b090be" NAME="0405 - 5.6P 6-7.6" Spot="1" />
 <COLOR RGB="#d3bdda" NAME="0406 - 8.1P 7.5-5.2" Spot="1" />
 <COLOR RGB="#dad6d8" NAME="0411 - 9.4P 8-1" Spot="1" />
 <COLOR RGB="#bfb2c9" NAME="0412 - 4.4P 7-4" Spot="1" />
 <COLOR RGB="#a48eb0" NAME="0413 - 5.6P 5.5-5.6" Spot="1" />
 <COLOR RGB="#745f7c" NAME="0414 - 6.9P 4-4.4" Spot="1" />
 <COLOR RGB="#8f7798" NAME="0415 - 6.3P 5-5.2" Spot="1" />
 <COLOR RGB="#baa4c4" NAME="0416 - 6.3P 6.5-5.2" Spot="1" />
 <COLOR RGB="#b0a9b4" NAME="0421 - 0.6P 6.5-1.8" Spot="1" />
 <COLOR RGB="#ac9eb4" NAME="0422 - 6.9PB 6-3.6" Spot="1" />
 <COLOR RGB="#817389" NAME="0423 - 7.5PB 4.5-3.6" Spot="1" />
 <COLOR RGB="#524557" NAME="0424 - 8.8PB 2.5-3.6" Spot="1" />
 <COLOR RGB="#6a5b6f" NAME="0425 - 7.5PB 3.5-3.6" Spot="1" />
 <COLOR RGB="#95889c" NAME="0426 - 6.9PB 5-4" Spot="1" />
 <COLOR RGB="#f0eff0" NAME="0431 - 7.5P 9-1" Spot="1" />
 <COLOR RGB="#e9e8ed" NAME="0432 - 2.5P 8.5-1.6" Spot="1" />
 <COLOR RGB="#d2d0ed" NAME="0433 - 10PB 8-5" Spot="1" />
 <COLOR RGB="#9485c2" NAME="0434 - 1.9P 5.5-9.6" Spot="1" />
 <COLOR RGB="#bab2e2" NAME="0435 - 1.9P 7-7.6" Spot="1" />
 <COLOR RGB="#dcddee" NAME="0436 - 7.5PB 8.5-3.6" Spot="1" />
 <COLOR RGB="#dbdbe3" NAME="0441 - 1.3P 8-1.8" Spot="1" />
 <COLOR RGB="#d2d1e7" NAME="0442 - 1.3P 8-3.6" Spot="1" />
 <COLOR RGB="#bbb3e3" NAME="0443 - 1.9P 7-7.6" Spot="1" />
 <COLOR RGB="#8a7eae" NAME="0444 - 1.9P 5-7.2" Spot="1" />
 <COLOR RGB="#a399c8" NAME="0445 - 1.3P 6-7.6" Spot="1" />
 <COLOR RGB="#c6c3e5" NAME="0446 - 7.5PB 7.5-5.2" Spot="1" />
 <COLOR RGB="#c4c5cf" NAME="0451 - 0.6P 7.5-1.8" Spot="1" />
 <COLOR RGB="#b8b7ce" NAME="0452 - 0.6P 7-4" Spot="1" />
 <COLOR RGB="#9793b7" NAME="0453 - 0.6P 5.5-5.6" Spot="1" />
 <COLOR RGB="#656086" NAME="0454 - 0.6P 4-5.2" Spot="1" />
 <COLOR RGB="#7d779d" NAME="0455 - 0.6P 4.5-5.6" Spot="1" />
 <COLOR RGB="#afaacd" NAME="0456 - 1.3P 6.5-5.6" Spot="1" />
 <COLOR RGB="#acabb6" NAME="0461 - 1.3P 6.5-2" Spot="1" />
 <COLOR RGB="#9aa1b6" NAME="0462 - 7.5PB 6-3.6" Spot="1" />
 <COLOR RGB="#74788f" NAME="0463 - 8.1PB 4.5-3.6" Spot="1" />
 <COLOR RGB="#474a5f" NAME="0464 - 8.1PB 3-3.2" Spot="1" />
 <COLOR RGB="#595e76" NAME="0465 - 8.1PB 3.5-3.2" Spot="1" />
 <COLOR RGB="#80889f" NAME="0466 - 6.3PB 5.5-4" Spot="1" />
 <COLOR RGB="#edf0f1" NAME="0471 - 1.3P 9-1" Spot="1" />
 <COLOR RGB="#e8edf3" NAME="0472 - 7.5PB 9-1.6" Spot="1" />
 <COLOR RGB="#ccd7f0" NAME="0473 - 6.3PB 8-4.4" Spot="1" />
 <COLOR RGB="#8fa0d9" NAME="0474 - 6.9PB 6-9.2" Spot="1" />
 <COLOR RGB="#a9b8e6" NAME="0475 - 7.5PB 7-7.6" Spot="1" />
 <COLOR RGB="#d6dff1" NAME="0476 - 6.3PB 8.5-3.6" Spot="1" />
 <COLOR RGB="#dfe3e6" NAME="0481 - 8.8PB 8.5-1" Spot="1" />
 <COLOR RGB="#c9d3e8" NAME="0482 - 6.3PB 8-3.6" Spot="1" />
 <COLOR RGB="#949fcf" NAME="0483 - 7.5PB 6-7.6" Spot="1" />
 <COLOR RGB="#646e9d" NAME="0484 - 8.1PB 4.5-7.6" Spot="1" />
 <COLOR RGB="#7c88b7" NAME="0485 - 8.1PB 5-7.2" Spot="1" />
 <COLOR RGB="#b9c7e6" NAME="0486 - 6.9PB 7.5-5.2" Spot="1" />
 <COLOR RGB="#c0c5d2" NAME="0491 - 6.9PB 7.5-2.4" Spot="1" />
 <COLOR RGB="#b1b9cf" NAME="0492 - 6.9PB 7-4" Spot="1" />
 <COLOR RGB="#8d97b8" NAME="0493 - 6.9PB 5.5-5.2" Spot="1" />
 <COLOR RGB="#62688b" NAME="0494 - 8.1PB 4-5.2" Spot="1" />
 <COLOR RGB="#7881a5" NAME="0495 - 7.5PB 5-5.6" Spot="1" />
 <COLOR RGB="#a1acce" NAME="0496 - 6.9PB 6.5-5.2" Spot="1" />
 <COLOR RGB="#ecf1f2" NAME="0501 - 8.8PB 9-1" Spot="1" />
 <COLOR RGB="#e3edf2" NAME="0502 - 1.3PB 8.5-1.8" Spot="1" />
 <COLOR RGB="#7ba7dc" NAME="0503 - 5PB 6-9" Spot="1" />
 <COLOR RGB="#729dd2" NAME="0504 - 4.4PB 6-9.2" Spot="1" />
 <COLOR RGB="#9ebfe6" NAME="0505 - 4.4PB 7-7.2" Spot="1" />
 <COLOR RGB="#cfe2f2" NAME="0506 - 3.8PB 8.5-3.2" Spot="1" />
 <COLOR RGB="#d1dfe5" NAME="0511 - 0.6PB 8.5-1.8" Spot="1" />
 <COLOR RGB="#bdd7e6" NAME="0512 - 0.6PB 8-3.6" Spot="1" />
 <COLOR RGB="#7ca7cb" NAME="0513 - 1.9PB 6-6.4" Spot="1" />
 <COLOR RGB="#52789c" NAME="0514 - 3.8PB 4.5-6.4" Spot="1" />
 <COLOR RGB="#6390b3" NAME="0515 - 1.9PB 5.5-6.8" Spot="1" />
 <COLOR RGB="#a7cae2" NAME="0516 - 3.1PB 7.5-5.2" Spot="1" />
 <COLOR RGB="#eaf0f0" NAME="0521 - 4.4PB 9-1" Spot="1" />
 <COLOR RGB="#e2eef2" NAME="0522 - 9.4PB 9-1.4" Spot="1" />
 <COLOR RGB="#aed5ed" NAME="0523 - 3.1PB 8-5.6" Spot="1" />
 <COLOR RGB="#74b6e2" NAME="0524 - 1.3PB 6.5-7.6" Spot="1" />
 <COLOR RGB="#9bccee" NAME="0525 - 3.1PB 7.5-5.6" Spot="1" />
 <COLOR RGB="#c9e2ef" NAME="0526 - 3.1PB 8.5-3.2" Spot="1" />
 <COLOR RGB="#d3dce2" NAME="0531 - 6.3PB 8.5-1.8" Spot="1" />
 <COLOR RGB="#bfd1e3" NAME="0532 - 1.9PB 8-3.2" Spot="1" />
 <COLOR RGB="#85a2cc" NAME="0533 - 5PB 6-7.2" Spot="1" />
 <COLOR RGB="#5d749e" NAME="0534 - 6.3PB 4.5-7.2" Spot="1" />
 <COLOR RGB="#6e8ab7" NAME="0535 - 5.6PB 5-7.6" Spot="1" />
 <COLOR RGB="#acc4e2" NAME="0536 - 4.4PB 7.5-5.6" Spot="1" />
 <COLOR RGB="#bbc7ce" NAME="0541 - 1.3PB 7.5-2" Spot="1" />
 <COLOR RGB="#a3bbcd" NAME="0542 - 1.3PB 7-3.6" Spot="1" />
 <COLOR RGB="#799bb7" NAME="0543 - 1.9PB 5.5-5.2" Spot="1" />
 <COLOR RGB="#56708b" NAME="0544 - 3.8PB 4-4.8" Spot="1" />
 <COLOR RGB="#6685a0" NAME="0545 - 2.5PB 5-4.8" Spot="1" />
 <COLOR RGB="#8fb0c8" NAME="0546 - 1.3PB 6.5-4.8" Spot="1" />
 <COLOR RGB="#a2adb6" NAME="0551 - 1.9PB 6.5-2" Spot="1" />
 <COLOR RGB="#8fa4b8" NAME="0552 - 2.5PB 6-3.6" Spot="1" />
 <COLOR RGB="#687a8c" NAME="0553 - 3.1PB 4.5-3.2" Spot="1" />
 <COLOR RGB="#3e4c5a" NAME="0554 - 5PB 2.5-3.2" Spot="1" />
 <COLOR RGB="#506376" NAME="0555 - 3.1PB 3.5-3.2" Spot="1" />
 <COLOR RGB="#798ea0" NAME="0556 - 2.5PB 5.5-3.6" Spot="1" />
 <COLOR RGB="#e8f2ef" NAME="0561 - 7.5B 9-1" Spot="1" />
 <COLOR RGB="#dcefef" NAME="0562 - 5B 9-1.4" Spot="1" />
 <COLOR RGB="#a4dbe6" NAME="0563 - 3.1B 8-3.6" Spot="1" />
 <COLOR RGB="#5abed5" NAME="0564 - 5.6B 6.5-7.8" Spot="1" />
 <COLOR RGB="#89d4e3" NAME="0565 - 2.5B 7.5-3.6" Spot="1" />
 <COLOR RGB="#bfe6e9" NAME="0566 - 7.5BG 8.5-1.8" Spot="1" />
 <COLOR RGB="#e8f1ef" NAME="0571 - 2.5PB 9-1" Spot="1" />
 <COLOR RGB="#ddeef0" NAME="0572 - 6.9B 9-1.4" Spot="1" />
 <COLOR RGB="#addeed" NAME="0573 - 5.6B 8-3.6" Spot="1" />
 <COLOR RGB="#62b9d8" NAME="0574 - 7.5B 6.5-7.6" Spot="1" />
 <COLOR RGB="#92d0e5" NAME="0575 - 5B 7.5-3.6" Spot="1" />
 <COLOR RGB="#c9e8f0" NAME="0576 - 1.3B 8.5-1.8" Spot="1" />
 <COLOR RGB="#cedfe2" NAME="0581 - 5B 8-1.6" Spot="1" />
 <COLOR RGB="#b9dae5" NAME="0582 - 7.5B 8-3.2" Spot="1" />
 <COLOR RGB="#81c3dc" NAME="0583 - 7.5B 7-6.4" Spot="1" />
 <COLOR RGB="#5894af" NAME="0584 - 9.4B 5.5-6.4" Spot="1" />
 <COLOR RGB="#71a9c4" NAME="0585 - 8.8B 6-6" Spot="1" />
 <COLOR RGB="#a0cedf" NAME="0586 - 6.3B 7.5-3.6" Spot="1" />
 <COLOR RGB="#d1e0e0" NAME="0591 - 1.9B 8.5-1.6" Spot="1" />
 <COLOR RGB="#b1d8dd" NAME="0592 - 3.8B 8-3.2" Spot="1" />
 <COLOR RGB="#7fc9da" NAME="0593 - 5B 7-6" Spot="1" />
 <COLOR RGB="#5598ab" NAME="0594 - 6.3B 5.5-5.6" Spot="1" />
 <COLOR RGB="#68adbf" NAME="0595 - 5.6B 6-5.6" Spot="1" />
 <COLOR RGB="#97d0db" NAME="0596 - 3.8B 7.5-3.6" Spot="1" />
 <COLOR RGB="#b5c4c6" NAME="0601 - 3.1B 7.5-1.4" Spot="1" />
 <COLOR RGB="#9bbec8" NAME="0602 - 5.6B 7-3.2" Spot="1" />
 <COLOR RGB="#74a3b2" NAME="0603 - 6.3B 6-4.4" Spot="1" />
 <COLOR RGB="#497382" NAME="0604 - 6.3B 4-3.6" Spot="1" />
 <COLOR RGB="#598999" NAME="0605 - 6.9B 5-4.4" Spot="1" />
 <COLOR RGB="#87b9c6" NAME="0606 - 6.3B 6.5-4.4" Spot="1" />
 <COLOR RGB="#9cabaf" NAME="0611 - 6.3B 6.5-1.8" Spot="1" />
 <COLOR RGB="#8caab3" NAME="0612 - 5.6B 6-2.8" Spot="1" />
 <COLOR RGB="#65808a" NAME="0613 - 6.9B 4.5-2.8" Spot="1" />
 <COLOR RGB="#3c535b" NAME="0614 - 6.9B 3-2.4" Spot="1" />
 <COLOR RGB="#4e6771" NAME="0615 - 7.5B 4-2.8" Spot="1" />
 <COLOR RGB="#77949e" NAME="0616 - 6.3B 5.5-2.8" Spot="1" />
 <COLOR RGB="#dde5e4" NAME="0621 - 3.1B 8.5-1" Spot="1" />
 <COLOR RGB="#c1cacc" NAME="0622 - 7.5B 7.5-1" Spot="1" />
 <COLOR RGB="#8c9a9f" NAME="0623 - 6.3B 6-1.6" Spot="1" />
 <COLOR RGB="#69767b" NAME="0624 - 7.5B 4.5-1.6" Spot="1" />
 <COLOR RGB="#78858b" NAME="0625 - 6.9B 5-1.6" Spot="1" />
 <COLOR RGB="#9fadb4" NAME="0626 - 8.8B 6.5-1.8" Spot="1" />
 <COLOR RGB="#e9f4f0" NAME="0631 - 3.1B 9-1" Spot="1" />
 <COLOR RGB="#ddf1ee" NAME="0632 - 0.6B 9-1.2" Spot="1" />
 <COLOR RGB="#adeae4" NAME="0633 - 7.5G 8.5-3.2" Spot="1" />
 <COLOR RGB="#4dc8bf" NAME="0634 - 7.5G 7-7.6" Spot="1" />
 <COLOR RGB="#79cec8" NAME="0635 - 7.5BG 7.5-3.6" Spot="1" />
 <COLOR RGB="#c5ece6" NAME="0636 - 3.1BG 8.5-1.8" Spot="1" />
 <COLOR RGB="#cfe3de" NAME="0641 - 6.3BG 8.5-1.4" Spot="1" />
 <COLOR RGB="#b3dbd6" NAME="0642 - 7.5BG 8-2.4" Spot="1" />
 <COLOR RGB="#7cd1ca" NAME="0643 - 7.5BG 7.5-3.6" Spot="1" />
 <COLOR RGB="#529c98" NAME="0644 - 7.5BG 5.5-5.2" Spot="1" />
 <COLOR RGB="#69b6b1" NAME="0645 - 8.1BG 6.5-5.2" Spot="1" />
 <COLOR RGB="#98d5cf" NAME="0646 - 7.5BG 7.5-3.6" Spot="1" />
 <COLOR RGB="#b6c8c6" NAME="0651 - 7.5BG 7.5-1.2" Spot="1" />
 <COLOR RGB="#9bc1be" NAME="0652 - 8.1BG 7-2.8" Spot="1" />
 <COLOR RGB="#71a8a5" NAME="0653 - 8.1BG 6-3.6" Spot="1" />
 <COLOR RGB="#487b78" NAME="0654 - 7.5BG 4.5-3.6" Spot="1" />
 <COLOR RGB="#5a8f8d" NAME="0655 - 7.5BG 5-4" Spot="1" />
 <COLOR RGB="#82bcb7" NAME="0656 - 7.5BG 6.5-4" Spot="1" />
 <COLOR RGB="#9fb0ae" NAME="0661 - 8.1BG 6.5-1.2" Spot="1" />
 <COLOR RGB="#89aca9" NAME="0662 - 7.5BG 6-2.4" Spot="1" />
 <COLOR RGB="#638382" NAME="0663 - 8.1BG 4.5-2.4" Spot="1" />
 <COLOR RGB="#235a51" NAME="0664 - 5BG 3-3.6" Spot="1" />
 <COLOR RGB="#536e6d" NAME="0665 - 8.8BG 4-2.4" Spot="1" />
 <COLOR RGB="#759796" NAME="0666 - 8.1BG 5.5-2.4" Spot="1" />
 <COLOR RGB="#eef5e9" NAME="0671 - 0.6G 9-1" Spot="1" />
 <COLOR RGB="#e1f4e8" NAME="0672 - 6.9G 9-1" Spot="1" />
 <COLOR RGB="#afeacf" NAME="0673 - 7.5G 8.5-3.6" Spot="1" />
 <COLOR RGB="#68cca8" NAME="0674 - 9.4G 7-6.8" Spot="1" />
 <COLOR RGB="#84d5b7" NAME="0675 - 7.5G 7.5-5.6" Spot="1" />
 <COLOR RGB="#caefdb" NAME="0676 - 6.25G 8.5-2.4" Spot="1" />
 <COLOR RGB="#d1e3d8" NAME="0681 - 5.6G 8.5-1.2" Spot="1" />
 <COLOR RGB="#b8decc" NAME="0682 - 8.1G 8-2.4" Spot="1" />
 <COLOR RGB="#84d7be" NAME="0683 - 7.5G 7.5-5.2" Spot="1" />
 <COLOR RGB="#569d85" NAME="0684 - 9.4G 5.5-5.2" Spot="1" />
 <COLOR RGB="#6ab79c" NAME="0685 - 10G 6.5-5.6" Spot="1" />
 <COLOR RGB="#a3dac2" NAME="0686 - 9.4G 8-3.6" Spot="1" />
 <COLOR RGB="#b7cbc0" NAME="0691 - 7.5G 7.5-1.4" Spot="1" />
 <COLOR RGB="#a1c4b4" NAME="0692 - 8.8G 7-2.4" Spot="1" />
 <COLOR RGB="#6fa792" NAME="0693 - 10G 6-4" Spot="1" />
 <COLOR RGB="#487767" NAME="0694 - 10G 4-3.6" Spot="1" />
 <COLOR RGB="#5d8f7e" NAME="0695 - 10G 5-4" Spot="1" />
 <COLOR RGB="#87c1a9" NAME="0696 - 9.4G 7-4.4" Spot="1" />
 <COLOR RGB="#a5b5ad" NAME="0701 - 9.4G 6.5-1" Spot="1" />
 <COLOR RGB="#89ad9f" NAME="0702 - 9.4G 6.5-2.8" Spot="1" />
 <COLOR RGB="#648478" NAME="0703 - 9.4G 5-2.4" Spot="1" />
 <COLOR RGB="#3c554c" NAME="0704 - 8.1G 3-2.4" Spot="1" />
 <COLOR RGB="#506d62" NAME="0705 - 0.6BG 4-2.4" Spot="1" />
 <COLOR RGB="#77978a" NAME="0706 - 10G 5.5-2.4" Spot="1" />
 <COLOR RGB="#eff5eb" NAME="0711 - 0.6G 9-1" Spot="1" />
 <COLOR RGB="#e8f6e4" NAME="0712 - 1GY 9-1.2" Spot="1" />
 <COLOR RGB="#b9e8be" NAME="0713 - 1.9G 8.5-3.6" Spot="1" />
 <COLOR RGB="#90dd9b" NAME="0714 - 1.3G 7.5-5.6" Spot="1" />
 <COLOR RGB="#a7e1ac" NAME="0715 - 1.9G 8-5.2" Spot="1" />
 <COLOR RGB="#d0f0d1" NAME="0716 - 1.9G 8.5-2.8" Spot="1" />
 <COLOR RGB="#d2e2d2" NAME="0721 - 1.3G 8.5-1.2" Spot="1" />
 <COLOR RGB="#c0dfc2" NAME="0722 - 1.9G 8-2.8" Spot="1" />
 <COLOR RGB="#98d4a2" NAME="0723 - 2.5G 7.5-5.2" Spot="1" />
 <COLOR RGB="#6a9e76" NAME="0724 - 1.9G 5.5-5.2" Spot="1" />
 <COLOR RGB="#7cb887" NAME="0725 - 1.9G 6.5-5.6" Spot="1" />
 <COLOR RGB="#abd7b0" NAME="0726 - 1.9G 7.5-4" Spot="1" />
 <COLOR RGB="#bbc9ba" NAME="0731 - 1.3G 7.5-1.2" Spot="1" />
 <COLOR RGB="#aac7ab" NAME="0732 - 1.3G 7-2.4" Spot="1" />
 <COLOR RGB="#81ab89" NAME="0733 - 1.9G 6-4" Spot="1" />
 <COLOR RGB="#577b60" NAME="0734 - 2.5G 4.5-3.6" Spot="1" />
 <COLOR RGB="#698f71" NAME="0735 - 1.9G 5-4" Spot="1" />
 <COLOR RGB="#91be9a" NAME="0736 - 2.5G 6.5-4" Spot="1" />
 <COLOR RGB="#a0b0a1" NAME="0741 - 1.9G 6.5-1.4" Spot="1" />
 <COLOR RGB="#96b096" NAME="0742 - 1.9G 6.5-2.8" Spot="1" />
 <COLOR RGB="#67816d" NAME="0743 - 2.5G 4.5-2.8" Spot="1" />
 <COLOR RGB="#3a5844" NAME="0744 - 3.1G 3-3.6" Spot="1" />
 <COLOR RGB="#556d5a" NAME="0745 - 1.9G 4-2.4" Spot="1" />
 <COLOR RGB="#7b9882" NAME="0746 - 2.5G 5.5-2.8" Spot="1" />
 <COLOR RGB="#dee4dc" NAME="0751 - 4.4G 8.5-1" Spot="1" />
 <COLOR RGB="#c4ccc4" NAME="0752 - 8.1G 7.5-1" Spot="1" />
 <COLOR RGB="#8c9d96" NAME="0753 - 10G 6-1.2" Spot="1" />
 <COLOR RGB="#66766f" NAME="0754 - 0.6BG 4.5-1.4" Spot="1" />
 <COLOR RGB="#798982" NAME="0755 - 9.4G 5-1.4" Spot="1" />
 <COLOR RGB="#a2b2a7" NAME="0756 - 4.4G 6.5-1.2" Spot="1" />
 <COLOR RGB="#f0f4e5" NAME="0761 - 6.3GY 9-1" Spot="1" />
 <COLOR RGB="#ebf4dc" NAME="0762 - 6.3GY 9-1.4" Spot="1" />
 <COLOR RGB="#cce8b1" NAME="0763 - 7.5GY 8.5-4" Spot="1" />
 <COLOR RGB="#b0db84" NAME="0764 - 8.1GY 8-5.6" Spot="1" />
 <COLOR RGB="#bbe19a" NAME="0765 - 8.1GY 8-5.2" Spot="1" />
 <COLOR RGB="#dbecc6" NAME="0766 - 6.9GY 8.5-2.4" Spot="1" />
 <COLOR RGB="#dae1cd" NAME="0771 - 5.6GY 8.5-1.2" Spot="1" />
 <COLOR RGB="#c7dcb7" NAME="0772 - 7.5GY 8-2.4" Spot="1" />
 <COLOR RGB="#acd38f" NAME="0773 - 8.1GY 7.5-5.2" Spot="1" />
 <COLOR RGB="#7f9e68" NAME="0774 - 8.1GY 5.5-4.8" Spot="1" />
 <COLOR RGB="#92b679" NAME="0775 - 8.1GY 6.5-5.2" Spot="1" />
 <COLOR RGB="#b6d2a0" NAME="0776 - 7.5GY 7.5-3.6" Spot="1" />
 <COLOR RGB="#bcc8b5" NAME="0781 - 8.8GY 7.5-1.4" Spot="1" />
 <COLOR RGB="#b1c5a2" NAME="0782 - 8.1GY 7-2.8" Spot="1" />
 <COLOR RGB="#8ca67a" NAME="0783 - 8.1GY 6-4" Spot="1" />
 <COLOR RGB="#677a58" NAME="0784 - 8.1GY 4.5-3.6" Spot="1" />
 <COLOR RGB="#778e6a" NAME="0785 - 8.1GY 5-3.6" Spot="1" />
 <COLOR RGB="#a2bb8c" NAME="0786 - 7.5GY 7-3.6" Spot="1" />
 <COLOR RGB="#abb6a2" NAME="0791 - 8.1GY 7-1.4" Spot="1" />
 <COLOR RGB="#9cad8c" NAME="0792 - 8.1GY 6.5-2.8" Spot="1" />
 <COLOR RGB="#73846a" NAME="0793 - 8.1GY 5-2.4" Spot="1" />
 <COLOR RGB="#4d5a46" NAME="0794 - 6.3GY 3-1.8" Spot="1" />
 <COLOR RGB="#606d57" NAME="0795 - 7.5GY 4-2.4" Spot="1" />
 <COLOR RGB="#859679" NAME="0796 - 7.5GY 5.5-2.4" Spot="1" />
 <COLOR RGB="#e3e6d8" NAME="0801 - 8.1GY 8.5-1" Spot="1" />
 <COLOR RGB="#c9cdc0" NAME="0802 - 7.5GY 7.5-1" Spot="1" />
 <COLOR RGB="#959e8c" NAME="0803 - 8.1GY 6-1.4" Spot="1" />
 <COLOR RGB="#6e7768" NAME="0804 - 8.1GY 4.5-1.4" Spot="1" />
 <COLOR RGB="#81897b" NAME="0805 - 8.8GY 5-1.4" Spot="1" />
 <COLOR RGB="#acb29e" NAME="0806 - 5.6GY 6.5-1.4" Spot="1" />
 <COLOR RGB="#f8f8e4" NAME="0811 - 2.5GY 9-1" Spot="1" />
 <COLOR RGB="#eff4d9" NAME="0812 - 3.8GY 9-1.4" Spot="1" />
 <COLOR RGB="#e0eba6" NAME="0813 - 4.4GY 8.5-4.4" Spot="1" />
 <COLOR RGB="#cedf79" NAME="0814 - 2.5GY 8-6.8" Spot="1" />
 <COLOR RGB="#d7e38e" NAME="0815 - 4.4GY 8.5-5.6" Spot="1" />
 <COLOR RGB="#eaf4c1" NAME="0816 - 3.8GY 9-2.8" Spot="1" />
 <COLOR RGB="#e0e4c9" NAME="0821 - 3.1GY 8.5-1.6" Spot="1" />
 <COLOR RGB="#d9e1b1" NAME="0822 - 4.4GY 8.5-2.8" Spot="1" />
 <COLOR RGB="#c5d282" NAME="0823 - 2.5GY 7.5-5.6" Spot="1" />
 <COLOR RGB="#969f63" NAME="0824 - 3.8GY 6-4.8" Spot="1" />
 <COLOR RGB="#a9b670" NAME="0825 - 4.4GY 6.5-5.2" Spot="1" />
 <COLOR RGB="#ceda99" NAME="0826 - 2.5GY 8-4.4" Spot="1" />
 <COLOR RGB="#c7ccb5" NAME="0831 - 5.6GY 7.5-1.4" Spot="1" />
 <COLOR RGB="#bcc29b" NAME="0832 - 3.8GY 7-2.8" Spot="1" />
 <COLOR RGB="#a0a776" NAME="0833 - 3.8GY 6-4" Spot="1" />
 <COLOR RGB="#757a53" NAME="0834 - 5GY 4.5-3.6" Spot="1" />
 <COLOR RGB="#848c5f" NAME="0835 - 4.4GY 5-4" Spot="1" />
 <COLOR RGB="#b5c089" NAME="0836 - 4.4GY 7-4" Spot="1" />
 <COLOR RGB="#abb099" NAME="0841 - 4.4GY 6.5-1.6" Spot="1" />
 <COLOR RGB="#a8af88" NAME="0842 - 3.8GY 6.5-2.8" Spot="1" />
 <COLOR RGB="#7e8364" NAME="0843 - 5GY 5-2.8" Spot="1" />
 <COLOR RGB="#585d43" NAME="0844 - 10Y 3.5-1.8" Spot="1" />
 <COLOR RGB="#6e7257" NAME="0845 - 5GY 4-2.4" Spot="1" />
 <COLOR RGB="#929874" NAME="0846 - 4.4GY 5.5-2.8" Spot="1" />
 <COLOR RGB="#f7f5e1" NAME="0851 - 10Y 9-1" Spot="1" />
 <COLOR RGB="#f9fad5" NAME="0852 - 1.9GY 9-2" Spot="1" />
 <COLOR RGB="#f2f3a2" NAME="0853 - 1.3GY 9-4.8" Spot="1" />
 <COLOR RGB="#e9e96f" NAME="0854 - 1.3GY 8.5-7.6" Spot="1" />
 <COLOR RGB="#edee89" NAME="0855 - 1.9GY 8.5-6.4" Spot="1" />
 <COLOR RGB="#f5f4bc" NAME="0856 - 1.9GY 9-3.2" Spot="1" />
 <COLOR RGB="#e2e2c2" NAME="0861 - 1.3GY 8.5-1.8" Spot="1" />
 <COLOR RGB="#e0e1ac" NAME="0862 - 1.9GY 8.5-3.2" Spot="1" />
 <COLOR RGB="#d8d87c" NAME="0863 - 1.3GY 8-6.4" Spot="1" />
 <COLOR RGB="#a5a15f" NAME="0864 - 1.3GY 6-4.8" Spot="1" />
 <COLOR RGB="#bcb969" NAME="0865 - 1.3GY 7-5.6" Spot="1" />
 <COLOR RGB="#d9da94" NAME="0866 - 1.9GY 8-4.8" Spot="1" />
 <COLOR RGB="#c9caaf" NAME="0871 - 1.3GY 7.5-1.8" Spot="1" />
 <COLOR RGB="#c6c696" NAME="0872 - 1.9GY 7.5-3.2" Spot="1" />
 <COLOR RGB="#aaaa72" NAME="0873 - 1.3GY 6.5-4" Spot="1" />
 <COLOR RGB="#858157" NAME="0874 - 0.6GY 5-3.6" Spot="1" />
 <COLOR RGB="#989464" NAME="0875 - 0.6GY 5.5-3.6" Spot="1" />
 <COLOR RGB="#c4c284" NAME="0876 - 1.3GY 7-4.4" Spot="1" />
 <COLOR RGB="#b5b29a" NAME="0881 - 1.9GY 6.5-1.8" Spot="1" />
 <COLOR RGB="#aeac85" NAME="0882 - 1.3GY 6.5-2.8" Spot="1" />
 <COLOR RGB="#878565" NAME="0883 - 1.3GY 5-2.4" Spot="1" />
 <COLOR RGB="#5d5a43" NAME="0884 - 8.8Y 3.5-1.8" Spot="1" />
 <COLOR RGB="#747056" NAME="0885 - 10Y 4-2" Spot="1" />
 <COLOR RGB="#9b9a75" NAME="0886 - 1.3GY 6-2.8" Spot="1" />
 <COLOR RGB="#e5e3dd" NAME="0891 - 5Y 7.5-1.2" Spot="1" />
 <COLOR RGB="#bcb3a2" NAME="0892 - 3.8Y 6.5-1.2" Spot="1" />
 <COLOR RGB="#978d7f" NAME="0893 - 1.9Y 5.5-1.2" Spot="1" />
 <COLOR RGB="#6b655d" NAME="0894 - 3.1Y 4-1" Spot="1" />
 <COLOR RGB="#847a6d" NAME="0895 - 3.1Y 4.5-1.2" Spot="1" />
 <COLOR RGB="#a99e90" NAME="0896 - 2.5Y 6-1.2" Spot="1" />
 <COLOR RGB="#eaddcf" NAME="0901 - 9.4YR 8.5-1.2" Spot="1" />
 <COLOR RGB="#d4c8bd" NAME="0902 - 9.4YR 7.5-1" Spot="1" />
 <COLOR RGB="#ab9889" NAME="0903 - 6.9YR 6-2" Spot="1" />
 <COLOR RGB="#826e62" NAME="0904 - 6.3YR 4.5-1.8" Spot="1" />
 <COLOR RGB="#978274" NAME="0905 - 7.5YR 5-1.8" Spot="1" />
 <COLOR RGB="#bea798" NAME="0906 - 6.9YR 6.5-2" Spot="1" />
 <COLOR RGB="#e8ddd8" NAME="0911 - 8.1R 8.5-1.2" Spot="1" />
 <COLOR RGB="#d1c7c5" NAME="0912 - 6.3R 7.5-1" Spot="1" />
 <COLOR RGB="#a8948f" NAME="0913 - 8.8R 5.5-1.6" Spot="1" />
 <COLOR RGB="#826d69" NAME="0914 - 8.1R 4.5-1.4" Spot="1" />
 <COLOR RGB="#907b77" NAME="0915 - 8.8R 5-1.6" Spot="1" />
 <COLOR RGB="#b9a3a0" NAME="0916 - 6.3R 6.5-2" Spot="1" />
 <COLOR RGB="#e5e1e3" NAME="0921 - 10P 8.5-1" Spot="1" />
 <COLOR RGB="#cdc7ca" NAME="0922 - 0.6RP 7.5-1" Spot="1" />
 <COLOR RGB="#a4949c" NAME="0923 - 0.6RP 5.5-2" Spot="1" />
 <COLOR RGB="#7a6972" NAME="0924 - 1.9RP 4-1.8" Spot="1" />
 <COLOR RGB="#8e7d85" NAME="0925 - 1.9RP 5-1.8" Spot="1" />
 <COLOR RGB="#b1a7b0" NAME="0926 - 8.1P 6.5-1.8" Spot="1" />
 <COLOR RGB="#cec4c6" NAME="0931 - 6.3RP 7.5-1.2" Spot="1" />
 <COLOR RGB="#bdb4b5" NAME="0932 - 3.8RP 7-1" Spot="1" />
 <COLOR RGB="#938a8d" NAME="0933 - 2.5RP 5.5-1" Spot="1" />
 <COLOR RGB="#6f6568" NAME="0934 - 1.9RP 4-1" Spot="1" />
 <COLOR RGB="#7f7578" NAME="0935 - 10P 4.5-1" Spot="1" />
 <COLOR RGB="#a2999c" NAME="0936 - 9.4P 6-1" Spot="1" />
 <COLOR RGB="#cfc4bd" NAME="0941 - 4.4YR 7.5-1" Spot="1" />
 <COLOR RGB="#bfb2ac" NAME="0942 - 1.3YR 6.5-1" Spot="1" />
 <COLOR RGB="#948a86" NAME="0943 - 8.1R 5.5-1" Spot="1" />
 <COLOR RGB="#6e635f" NAME="0944 - 1.9YR 4-1" Spot="1" />
 <COLOR RGB="#827773" NAME="0945 - 1.9YR 4.5-1" Spot="1" />
 <COLOR RGB="#a99d98" NAME="0946 - 8.8R 6-1" Spot="1" />
 <COLOR RGB="#c3ccc6" NAME="0951 - 3.8BG 7.5-1" Spot="1" />
 <COLOR RGB="#abb4b1" NAME="0952 - 8.8BG 6.5-1" Spot="1" />
 <COLOR RGB="#86908c" NAME="0953 - 2.5BG 5.5-1" Spot="1" />
 <COLOR RGB="#606664" NAME="0954 - 3.1BG 4-1" Spot="1" />
 <COLOR RGB="#747b79" NAME="0955 - 3.1BG 4.5-1" Spot="1" />
 <COLOR RGB="#99a29e" NAME="0956 - 6.9BG 6-1" Spot="1" />
 <COLOR RGB="#c6cdc3" NAME="0961 - 3.1G 7.5-1" Spot="1" />
 <COLOR RGB="#b2b7ae" NAME="0962 - 9.4GY 7-1" Spot="1" />
 <COLOR RGB="#888e84" NAME="0963 - 1.9G 5.5-1" Spot="1" />
 <COLOR RGB="#646962" NAME="0964 - 10GY 4-1" Spot="1" />
 <COLOR RGB="#747b73" NAME="0965 - 0.6G 4.5-1" Spot="1" />
 <COLOR RGB="#9ca299" NAME="0966 - 3.1G 6-1" Spot="1" />
 <COLOR RGB="#d0cfbb" NAME="0971 - 1.9GY 7.5-1" Spot="1" />
 <COLOR RGB="#bbb8a9" NAME="0972 - 0.6GY 7-1" Spot="1" />
 <COLOR RGB="#908f82" NAME="0973 - 0.6GY 5.5-1" Spot="1" />
 <COLOR RGB="#6d6b60" NAME="0974 - 1.9GY 4-1" Spot="1" />
 <COLOR RGB="#7f7c71" NAME="0975 - 0.6GY 4.5-1" Spot="1" />
 <COLOR RGB="#a2a090" NAME="0976 - 0.6GY 6-1.2" Spot="1" />
 <COLOR RGB="#eae3cf" NAME="0981 - 4.4Y 8.5-1.2" Spot="1" />
 <COLOR RGB="#d5ccba" NAME="0982 - 5Y 7.5-1.4" Spot="1" />
 <COLOR RGB="#ac9f87" NAME="0983 - 3.8Y 6-2" Spot="1" />
 <COLOR RGB="#817462" NAME="0984 - 2.5Y 4.5-1.6" Spot="1" />
 <COLOR RGB="#998b76" NAME="0985 - 1.9Y 5.5-2" Spot="1" />
 <COLOR RGB="#bfb096" NAME="0986 - 3.8Y 6.5-2" Spot="1" />
 <COLOR RGB="#bdb194" NAME="0991 - 5.6Y 6.5-2.4" Spot="1" />
 <COLOR RGB="#c3aa83" NAME="0992 - 3.1Y 6.5-3.6" Spot="1" />
 <COLOR RGB="#947f60" NAME="0993 - 2.5Y 5-2.8" Spot="1" />
 <COLOR RGB="#6b5844" NAME="0994 - 10YR 3.5-1.8" Spot="1" />
 <COLOR RGB="#816b51" NAME="0995 - 1.9Y 4-2.8" Spot="1" />
 <COLOR RGB="#a8916e" NAME="0996 - 2.5Y 5.5-3.2" Spot="1" />
 <COLOR RGB="#b89c58" NAME="1001 - 5Y 6-5.6" Spot="1" />
 <COLOR RGB="#c0995d" NAME="1002 - 1.9Y 6-5.6" Spot="1" />
 <COLOR RGB="#776845" NAME="1003 - 5.6Y 4-3.2" Spot="1" />
 <COLOR RGB="#76613f" NAME="1004 - 3.1Y 4-3.6" Spot="1" />
 <COLOR RGB="#765e3e" NAME="1005 - 1.3Y 4-3.2" Spot="1" />
 <COLOR RGB="#7f5e44" NAME="1006 - 6.9YR 4-3.6" Spot="1" />
 <COLOR RGB="#8e8a4e" NAME="1011 - 0.6GY 5-4.8" Spot="1" />
 <COLOR RGB="#6d6844" NAME="1012 - 0.6GY 4-3.2" Spot="1" />
 <COLOR RGB="#606442" NAME="1013 - 0.6GY 3.5-1.8" Spot="1" />
 <COLOR RGB="#536549" NAME="1014 - 3.1G 3.5-2.8" Spot="1" />
 <COLOR RGB="#42634a" NAME="1015 - 3.1G 3.5-3.6" Spot="1" />
 <COLOR RGB="#425646" NAME="1016 - 3.1G 3-2.4" Spot="1" />
 <COLOR RGB="#5d6458" NAME="1021 - 8.1GY 3.5-1.4" Spot="1" />
 <COLOR RGB="#686656" NAME="1022 - 1.3GY 4-1.4" Spot="1" />
 <COLOR RGB="#576660" NAME="1023 - 9.4G 3.5-1.2" Spot="1" />
 <COLOR RGB="#484f43" NAME="1024 - 7.5GY 3-1.4" Spot="1" />
 <COLOR RGB="#424e49" NAME="1025 - 7.5G 3-1.2" Spot="1" />
 <COLOR RGB="#4f5045" NAME="1026 - 2.5GY 3-1.4" Spot="1" />
 <COLOR RGB="#525045" NAME="1031 - 8.8Y 3-1.2" Spot="1" />
 <COLOR RGB="#555043" NAME="1032 - 4.4Y 3-1.4" Spot="1" />
 <COLOR RGB="#55534c" NAME="1033 - 2.5GY 3-1" Spot="1" />
 <COLOR RGB="#5c554e" NAME="1034 - 3.1Y 3-1" Spot="1" />
 <COLOR RGB="#4b4f49" NAME="1035 - 1.9G 3-1" Spot="1" />
 <COLOR RGB="#49504e" NAME="1036 - 8.8G 3-1" Spot="1" />
 <COLOR RGB="#645f5e" NAME="1041 - 2.5RP 3.5-1" Spot="1" />
 <COLOR RGB="#75706e" NAME="1042 - 1.9RP 4.5-1" Spot="1" />
 <COLOR RGB="#6c6f71" NAME="1043 - 2.5PB 4.5-1" Spot="1" />
 <COLOR RGB="#74726c" NAME="1044 - 3.1GY 4.5-1" Spot="1" />
 <COLOR RGB="#6e726f" NAME="1045 - 7.5BG 4.5-1" Spot="1" />
 <COLOR RGB="#62605b" NAME="1046 - 3.8GY 3.5-1" Spot="1" />
 <COLOR RGB="#695962" NAME="1051 - 1.9RP 3.5-1.4" Spot="1" />
 <COLOR RGB="#715e53" NAME="1052 - 5.6YR 3.5-1.8" Spot="1" />
 <COLOR RGB="#6e5b58" NAME="1053 - 8.8R 3.5-1.2" Spot="1" />
 <COLOR RGB="#574d4a" NAME="1054 - 3.1YR 3-1" Spot="1" />
 <COLOR RGB="#534b4f" NAME="1055 - 2.5RP 3-1" Spot="1" />
 <COLOR RGB="#4a474e" NAME="1056 - 5.6P 2.5-1" Spot="1" />
 <COLOR RGB="#6c5743" NAME="1061 - 10YR 3.5-1.8" Spot="1" />
 <COLOR RGB="#5a4f44" NAME="1062 - 10YR 3-1.4" Spot="1" />
 <COLOR RGB="#574842" NAME="1063 - 5.6YR 3-1.4" Spot="1" />
 <COLOR RGB="#6a4d43" NAME="1064 - 10R 3-2.8" Spot="1" />
 <COLOR RGB="#5f4441" NAME="1065 - 10R 2.5-1.8" Spot="1" />
 <COLOR RGB="#524442" NAME="1066 - 10R 2.5-1.2" Spot="1" />
 <COLOR RGB="#845044" NAME="1071 - 7.5R 3.5-5.6" Spot="1" />
 <COLOR RGB="#9f615d" NAME="1072 - 6.9R 4.5-5.6" Spot="1" />
 <COLOR RGB="#6c423f" NAME="1073 - 7.5R 3-4.8" Spot="1" />
 <COLOR RGB="#784648" NAME="1074 - 3.8R 3-5.6" Spot="1" />
 <COLOR RGB="#6b4351" NAME="1075 - 8.8RP 3-5.2" Spot="1" />
 <COLOR RGB="#945962" NAME="1076 - 0.6R 4-5.6" Spot="1" />
 <COLOR RGB="#e38165" NAME="1081 - 9.4R 6-9.2" Spot="1" />
 <COLOR RGB="#ec7e7b" NAME="1082 - 5.6R 6-10" Spot="1" />
 <COLOR RGB="#d6615f" NAME="1083 - 4R 5-10.8" Spot="1" />
 <COLOR RGB="#91413f" NAME="1084 - 7.5R 3.5-6.6" Spot="1" />
 <COLOR RGB="#bb3d3c" NAME="1085 - 6.9R 4-11.6" Spot="1" />
 <COLOR RGB="#e18a98" NAME="1086 - 10RP 6-8.4" Spot="1" />
 <COLOR RGB="#f8a354" NAME="1091 - 6.3YR 7-9.6" Spot="1" />
 <COLOR RGB="#f9a655" NAME="1092 - 6.3YR 7-9.6" Spot="1" />
 <COLOR RGB="#f08f5b" NAME="1093 - 2.5YR 6.5-9.6" Spot="1" />
 <COLOR RGB="#d15a3d" NAME="1094 - 8.8R 5-11.6" Spot="1" />
 <COLOR RGB="#bf5b44" NAME="1095 - 7.5R 4.5-11.2" Spot="1" />
 <COLOR RGB="#f9896d" NAME="1096 - 8.1R 6-11.6" Spot="1" />
 <COLOR RGB="#eade59" NAME="1101 - 0.6GY 8-8.8" Spot="1" />
 <COLOR RGB="#f3ca55" NAME="1102 - 4.4Y 7.5-8.8" Spot="1" />
 <COLOR RGB="#fac04e" NAME="1103 - 1.9Y 7.5-9.2" Spot="1" />
 <COLOR RGB="#ffcd5a" NAME="1104 - 0.6Y 8-9.2" Spot="1" />
 <COLOR RGB="#fcb354" NAME="1105 - 9.4YR 7-8.8" Spot="1" />
 <COLOR RGB="#da9033" NAME="1106 - 8.8YR 5.5-7.6" Spot="1" />
 <COLOR RGB="#fed454" NAME="1111 - 4.4Y 8-9.2" Spot="1" />
 <COLOR RGB="#fad133" NAME="1112 - 5.6Y 8-10.4" Spot="1" />
 <COLOR RGB="#e5b81a" NAME="1113 - 3.8Y 7.5-11.6" Spot="1" />
 <COLOR RGB="#b38f3d" NAME="1114 - 9.4Y 5.5-7.6" Spot="1" />
 <COLOR RGB="#cea332" NAME="1115 - 4.4Y 6.5-7.6" Spot="1" />
 <COLOR RGB="#eec02c" NAME="1116 - 5Y 7.5-10.4" Spot="1" />
 <COLOR RGB="#f2dc53" NAME="1121 - 8.1Y 8.5-9.2" Spot="1" />
 <COLOR RGB="#e3c94d" NAME="1122 - 8.1Y 7.5-8.8" Spot="1" />
 <COLOR RGB="#c4ac41" NAME="1123 - 8.1Y 6.5-7.6" Spot="1" />
 <COLOR RGB="#ac9748" NAME="1124 - 8.1Y 6-6.4" Spot="1" />
 <COLOR RGB="#c1a02b" NAME="1125 - 6.9Y 6-7.6" Spot="1" />
 <COLOR RGB="#dbc331" NAME="1126 - 8.1Y 7.5-9.6" Spot="1" />
 <COLOR RGB="#d8d669" NAME="1131 - 1.9GY 8-7.6" Spot="1" />
 <COLOR RGB="#cfcd4e" NAME="1132 - 1.9GY 7.5-8.8" Spot="1" />
 <COLOR RGB="#a9a42e" NAME="1133 - 0.6GY 6-7.6" Spot="1" />
 <COLOR RGB="#8c8641" NAME="1134 - 0.6GY 5-5.6" Spot="1" />
 <COLOR RGB="#9a9536" NAME="1135 - 0.6GY 5.5-5.6" Spot="1" />
 <COLOR RGB="#b1ad3f" NAME="1136 - 1.3GY 6.5-7.6" Spot="1" />
 <COLOR RGB="#bfcf6e" NAME="1141 - 2.5GY 7.5-6.4" Spot="1" />
 <COLOR RGB="#bac957" NAME="1142 - 3.8GY 7-7.6" Spot="1" />
 <COLOR RGB="#858e3e" NAME="1143 - 5.6GY 5-6.8" Spot="1" />
 <COLOR RGB="#6f7349" NAME="1144 - 3.8GY 4-3.6" Spot="1" />
 <COLOR RGB="#7b8343" NAME="1145 - 4.4GY 5-5.6" Spot="1" />
 <COLOR RGB="#97a03d" NAME="1146 - 3.1GY 6-7.6" Spot="1" />
 <COLOR RGB="#a1d474" NAME="1151 - 8.1GY 7-6.4" Spot="1" />
 <COLOR RGB="#97c769" NAME="1152 - 8.1GY 7-7.6" Spot="1" />
 <COLOR RGB="#698c48" NAME="1153 - 7.5GY 5-6.4" Spot="1" />
 <COLOR RGB="#5a714a" NAME="1154 - 7.5GY 4-3.6" Spot="1" />
 <COLOR RGB="#5e7b4a" NAME="1155 - 7.5GY 4.5-3.6" Spot="1" />
 <COLOR RGB="#729c45" NAME="1156 - 7.5GY 5.5-7.6" Spot="1" />
 <COLOR RGB="#84cd8f" NAME="1161 - 1.9G 7-6.8" Spot="1" />
 <COLOR RGB="#75cd87" NAME="1162 - 2.5G 6.5-8.4" Spot="1" />
 <COLOR RGB="#2f7848" NAME="1163 - 2.5G 4-5.6" Spot="1" />
 <COLOR RGB="#3b6247" NAME="1164 - 2.5G 3-3.6" Spot="1" />
 <COLOR RGB="#386e47" NAME="1165 - 3.1G 4-5.2" Spot="1" />
 <COLOR RGB="#49a668" NAME="1166 - 2.5G 5.5-7.6" Spot="1" />
 <COLOR RGB="#51c79f" NAME="1171 - 8.8G 7-7.6" Spot="1" />
 <COLOR RGB="#49b390" NAME="1172 - 10G 6-7.2" Spot="1" />
 <COLOR RGB="#319879" NAME="1173 - 8.8G 5-6.8" Spot="1" />
 <COLOR RGB="#2c6a54" NAME="1174 - 8.1G 3.5-3.6" Spot="1" />
 <COLOR RGB="#09795e" NAME="1175 - 9.4G 4-6.8" Spot="1" />
 <COLOR RGB="#00a57c" NAME="1176 - 8.1G 5.5-7.6" Spot="1" />
 <COLOR RGB="#3caca5" NAME="1181 - 6.9BG 6-6.8" Spot="1" />
 <COLOR RGB="#00a79d" NAME="1182 - 6.3BG 5.5-7.6" Spot="1" />
 <COLOR RGB="#007b75" NAME="1183 - 7.5BG 4-5.6" Spot="1" />
 <COLOR RGB="#1d645f" NAME="1184 - 7.5BG 3.5-3.6" Spot="1" />
 <COLOR RGB="#266d68" NAME="1185 - 8.8BG 3.5-3.6" Spot="1" />
 <COLOR RGB="#2a9791" NAME="1186 - 6.9BG 5-6.4" Spot="1" />
 <COLOR RGB="#32b0c8" NAME="1191 - 5B 6-7.6" Spot="1" />
 <COLOR RGB="#269fb7" NAME="1192 - 5.6B 5.5-7.6" Spot="1" />
 <COLOR RGB="#12758a" NAME="1193 - 5.6B 4-6.8" Spot="1" />
 <COLOR RGB="#285e6b" NAME="1194 - 6.3B 3-4.8" Spot="1" />
 <COLOR RGB="#1b626f" NAME="1195 - 5.6B 3.5-5.6" Spot="1" />
 <COLOR RGB="#3990a5" NAME="1196 - 6.3B 5-6.8" Spot="1" />
 <COLOR RGB="#3fb2da" NAME="1201 - 8.1B 5.5-9.6" Spot="1" />
 <COLOR RGB="#008bb4" NAME="1202 - 9.4B 5-9.6" Spot="1" />
 <COLOR RGB="#126e8e" NAME="1203 - 8.8B 3.5-5.6" Spot="1" />
 <COLOR RGB="#2e5c71" NAME="1204 - 0.6PB 3-5.2" Spot="1" />
 <COLOR RGB="#1c647c" NAME="1205 - 8.8B 3.5-5.6" Spot="1" />
 <COLOR RGB="#287492" NAME="1206 - 10B 4-7.2" Spot="1" />
 <COLOR RGB="#438ec6" NAME="1211 - 3.8PB 5-9.6" Spot="1" />
 <COLOR RGB="#2786c1" NAME="1212 - 2.5PB 4.5-9.6" Spot="1" />
 <COLOR RGB="#266594" NAME="1213 - 5PB 3.5-7.6" Spot="1" />
 <COLOR RGB="#30536e" NAME="1214 - 3.8PB 3-5.6" Spot="1" />
 <COLOR RGB="#2c5b7f" NAME="1215 - 6.9PB 3.5-7.6" Spot="1" />
 <COLOR RGB="#3374a8" NAME="1216 - 3.8PB 4-9.6" Spot="1" />
 <COLOR RGB="#5987c8" NAME="1221 - 6.3PB 5-10.8" Spot="1" />
 <COLOR RGB="#446fae" NAME="1222 - 6.3PB 4-9.6" Spot="1" />
 <COLOR RGB="#355b92" NAME="1223 - 6.3PB 3.5-7.6" Spot="1" />
 <COLOR RGB="#445c83" NAME="1224 - 5.6PB 3.5-6.4" Spot="1" />
 <COLOR RGB="#416090" NAME="1225 - 6.3PB 3.5-7.6" Spot="1" />
 <COLOR RGB="#3e66a4" NAME="1226 - 6.3PB 3.5-7.6" Spot="1" />
 <COLOR RGB="#8394d2" NAME="1231 - 7.5PB 5.5-9.6" Spot="1" />
 <COLOR RGB="#747fc2" NAME="1232 - 8.8PB 5-9.6" Spot="1" />
 <COLOR RGB="#5760a4" NAME="1233 - 8.8PB 4-9.6" Spot="1" />
 <COLOR RGB="#41476e" NAME="1234 - 9.4PB 2.5-5.6" Spot="1" />
 <COLOR RGB="#525993" NAME="1235 - 8.8PB 3.5-7.6" Spot="1" />
 <COLOR RGB="#6972af" NAME="1236 - 8.1PB 4.5-9.6" Spot="1" />
 <COLOR RGB="#bcb4e5" NAME="1241 - 1.9P 7-7.6" Spot="1" />
 <COLOR RGB="#9686c6" NAME="1242 - 1.9P 5.5-9.6" Spot="1" />
 <COLOR RGB="#5e5189" NAME="1243 - 1.3P 3.5-7.6" Spot="1" />
 <COLOR RGB="#4f4869" NAME="1244 - 3.1P 3-4" Spot="1" />
 <COLOR RGB="#574a78" NAME="1245 - 1.3P 3-5.6" Spot="1" />
 <COLOR RGB="#7d6aaa" NAME="1246 - 1.9P 4.5-9.6" Spot="1" />
 <COLOR RGB="#dd8eb8" NAME="1251 - 3.1RP 6-9.2" Spot="1" />
 <COLOR RGB="#b074a9" NAME="1252 - 10P 5-8.4" Spot="1" />
 <COLOR RGB="#7f618b" NAME="1253 - 6.9P 4-6" Spot="1" />
 <COLOR RGB="#8d659d" NAME="1254 - 6.3P 4.5-8.4" Spot="1" />
 <COLOR RGB="#7c6aa9" NAME="1255 - 1.9P 4.5-9.6" Spot="1" />
 <COLOR RGB="#726594" NAME="1256 - 1.9P 4-6.8" Spot="1" />
 <COLOR RGB="#3f4041" NAME="1261 - N2.5" Spot="1" />
 <COLOR RGB="#585e64" NAME="1262 - 5PB 3.5-1" Spot="1" />
 <COLOR RGB="#767473" NAME="1263 - N4.5" Spot="1" />
 <COLOR RGB="#848789" NAME="1264 - 10B 5.25-1" Spot="1" />
 <COLOR RGB="#8a9197" NAME="1265 - 5PB 5.5-1" Spot="1" />
 <COLOR RGB="#9c9b9a" NAME="1266 - N6" Spot="1" />
 <COLOR RGB="#a7aaab" NAME="1271 - 10B 6.5-1" Spot="1" />
 <COLOR RGB="#bcbab7" NAME="1272 - N7" Spot="1" />
 <COLOR RGB="#c3c7ca" NAME="1273 - 10B 7.5-1" Spot="1" />
 <COLOR RGB="#cfd2d4" NAME="1274 - 0.5PB 8-1" Spot="1" />
 <COLOR RGB="#e2e5e3" NAME="1275 - 0.5PB 8.5-1" Spot="1" />
 <COLOR RGB="#eeefeb" NAME="1276 - N9" Spot="1" />
 <COLOR RGB="#fef0e0" NAME="1281 - 9.4YR 9-1.2" Spot="1" />
 <COLOR RGB="#fef6ee" NAME="1282 - 2.5YR 9-1" Spot="1" />
 <COLOR RGB="#f6ede3" NAME="1283 - 6.3YR 9-1" Spot="1" />
 <COLOR RGB="#f9f2ee" NAME="1284 - 9.4RP 9-1" Spot="1" />
 <COLOR RGB="#f3f0ef" NAME="1285 - 8.8P 9-1" Spot="1" />
 <COLOR RGB="#f3f4f0" NAME="1286 - 3.8P 9-1" Spot="1" />
 <COLOR RGB="#fcf8f0" NAME="1291 - 0.6YR 9-1" Spot="1" />
 <COLOR RGB="#fdf8ed" NAME="1292 - 6.3YR 9-1" Spot="1" />
 <COLOR RGB="#fef4e8" NAME="1293 - 7.5R 9-1" Spot="1" />
 <COLOR RGB="#f5eee4" NAME="1294 - 7.5YR 9-1" Spot="1" />
 <COLOR RGB="#ede7dd" NAME="1295 - 6.9YR 8.5-1" Spot="1" />
 <COLOR RGB="#eae5e0" NAME="1296 - 5.6R 8.5-1" Spot="1" />
 <COLOR RGB="#faf6e6" NAME="1301 - 6.3Y 9-1" Spot="1" />
 <COLOR RGB="#fdfbee" NAME="1302 - 3.8Y 9-1" Spot="1" />
 <COLOR RGB="#faf1e2" NAME="1303 - 10YR 9-1" Spot="1" />
 <COLOR RGB="#fef5e3" NAME="1304 - 2.5Y 9-1.2" Spot="1" />
 <COLOR RGB="#fcf8e9" NAME="1305 - 2.5Y 9-1" Spot="1" />
 <COLOR RGB="#fef9e6" NAME="1306 - 5.6Y 9-1" Spot="1" />
 <COLOR RGB="#f9f7ef" NAME="1311 - 8.8Y 9-1" Spot="1" />
 <COLOR RGB="#f9f9ef" NAME="1312 - 1.3Y 9-1" Spot="1" />
 <COLOR RGB="#fdfaeb" NAME="1313 - 6.9Y 9-1" Spot="1" />
 <COLOR RGB="#f7f5e7" NAME="1314 - 7.5Y 9-1" Spot="1" />
 <COLOR RGB="#f9f7eb" NAME="1315 - 2.5Y 9-1" Spot="1" />
 <COLOR RGB="#fbf8e7" NAME="1316 - 6.9Y 9-1" Spot="1" />
 <COLOR RGB="#f7f9ed" NAME="1321 - 7.5GY 9-1" Spot="1" />
 <COLOR RGB="#f4f6e8" NAME="1322 - 2.5GY 9-1" Spot="1" />
 <COLOR RGB="#f5f7ea" NAME="1323 - 2.5GY 9-1" Spot="1" />
 <COLOR RGB="#f7fbf0" NAME="1324 - 8.8GY 9-1" Spot="1" />
 <COLOR RGB="#f4f9ee" NAME="1325 - 8.8GY 9-1" Spot="1" />
 <COLOR RGB="#f3f4ed" NAME="1326 - 9.4GY 9-1" Spot="1" />
 <COLOR RGB="#f5f6f1" NAME="1331 - 5.6GY 9-1" Spot="1" />
 <COLOR RGB="#f4f8f1" NAME="1332 - 1.3GY 9-1" Spot="1" />
 <COLOR RGB="#f1f8f4" NAME="1333 - 6.9B 9-1" Spot="1" />
 <COLOR RGB="#e9f1ef" NAME="1334 - 2.5PB 9-1" Spot="1" />
 <COLOR RGB="#ecf2f1" NAME="1335 - 7.5PB 9-1" Spot="1" />
 <COLOR RGB="#e7eeed" NAME="1336 - 6.3PB 9-1" Spot="1" />
 <COLOR RGB="#f4f7f3" NAME="1341 - 1.3GY 9-1" Spot="1" />
 <COLOR RGB="#eaebe3" NAME="1342 - 6.9GY 8.5-1" Spot="1" />
 <COLOR RGB="#e8e4d9" NAME="1343 - 1.9GY 8.5-1" Spot="1" />
 <COLOR RGB="#dddad0" NAME="1344 - 1.9GY 8-1" Spot="1" />
 <COLOR RGB="#dcdcd4" NAME="1345 - 6.9GY 8-1" Spot="1" />
 <COLOR RGB="#eae6d4" NAME="1346 - 7.5GY 8.5-1" Spot="1" />
 <COLOR RGB="#f0f4ef" NAME="1351 - 7.5PB 9-1" Spot="1" />
 <COLOR RGB="#f1f5ed" NAME="1352 - 1.3PB 9-1" Spot="1" />
 <COLOR RGB="#eff4ef" NAME="1353 - 6.9PB 9-1" Spot="1" />
 <COLOR RGB="#e2e7e3" NAME="1354 - 8.8BG 8.5-1" Spot="1" />
 <COLOR RGB="#e0e5e4" NAME="1355 - 9.4B 8.5-1" Spot="1" />
 <COLOR RGB="#d7dcd8" NAME="1356 - 2.5PB 8-1" Spot="1" />
 <COLOR RGB="#f9f7f0" NAME="1361 - 9.4R 9-1" Spot="1" />
 <COLOR RGB="#e8e7e2" NAME="1362 - 4.4R 8.5-1" Spot="1" />
 <COLOR RGB="#c9ccd1" NAME="1363 - 5PB 7.5-1" Spot="1" />
 <COLOR RGB="#adb2bd" NAME="1364 - 6.3PB 6.5-1.8" Spot="1" />
 <COLOR RGB="#b5b2b8" NAME="1365 - 3.8P 6.5-1" Spot="1" />
 <COLOR RGB="#cac7cb" NAME="1366 - 5P 7.5-1.4" Spot="1" />
 <COLOR RGB="#dcdbd7" NAME="1371 - 5.6R 8-1" Spot="1" />
 <COLOR RGB="#d4d9d9" NAME="1372 - 2.5PB 8-1" Spot="1" />
 <COLOR RGB="#c8cccf" NAME="1373 - 2.5PB 7.5-1" Spot="1" />
 <COLOR RGB="#b2b7bc" NAME="1374 - 2.5PB 7-1" Spot="1" />
 <COLOR RGB="#c6c5c1" NAME="1375 - 0.6RP 7-1" Spot="1" />
 <COLOR RGB="#d2d0cc" NAME="1376 - 4R 7.5-1" Spot="1" />
 <COLOR RGB="#f9f0e5" NAME="1381 - 1.9Y 9-1" Spot="1" />
 <COLOR RGB="#efebe6" NAME="1382 - 0.6Y 9-1.2" Spot="1" />
 <COLOR RGB="#e6dacc" NAME="1383 - 1YR 8-1" Spot="1" />
 <COLOR RGB="#ddd8d3" NAME="1384 - 6.9R 8-1" Spot="1" />
 <COLOR RGB="#d7cbc6" NAME="1385 - 0.6Y 8-2.4" Spot="1" />
 <COLOR RGB="#dbd6ce" NAME="1386 - 6.9YR 8-1" Spot="1" />
 <COLOR RGB="#faf3e5" NAME="1391 - 9.4Y 9-1.6" Spot="1" />
 <COLOR RGB="#fbefde" NAME="1392 - 8.8Y 9-2" Spot="1" />
 <COLOR RGB="#fff3da" NAME="1393 - 8.1Y 9-2.4" Spot="1" />
 <COLOR RGB="#f6ead6" NAME="1394 - 7.5Y 9-3.6" Spot="1" />
 <COLOR RGB="#edd8bf" NAME="1395 - 5.6Y 9-3.2" Spot="1" />
 <COLOR RGB="#e4d0ba" NAME="1396 - 3.8Y 8.5-3.6" Spot="1" />
 <COLOR RGB="#ffebee" NAME="1401 - 9.4RP 9-1" Spot="1" />
 <COLOR RGB="#ffe2e2" NAME="1402 - 7.5R 9-1.8" Spot="1" />
 <COLOR RGB="#fecfdc" NAME="1403 - 6.3RP 8-4.8" Spot="1" />
 <COLOR RGB="#f2cad7" NAME="1404 - 5.6RP 8-4.4" Spot="1" />
 <COLOR RGB="#f8c9db" NAME="1405 - 4.4RP 8-5.2" Spot="1" />
 <COLOR RGB="#efbdc7" NAME="1406 - 7.5RP 7.5-4.8" Spot="1" />
 <COLOR RGB="#fce2e2" NAME="1411 - 7.5R 8.5-1.8" Spot="1" />
 <COLOR RGB="#fee0e2" NAME="1412 - 7.5RP 8.5-3.2" Spot="1" />
 <COLOR RGB="#ffd7db" NAME="1413 - 7.5RP 8.5-3.6" Spot="1" />
 <COLOR RGB="#fecfd0" NAME="1414 - 10RP 8-4.4" Spot="1" />
 <COLOR RGB="#f9c3c6" NAME="1415 - 10RP 8-5.2" Spot="1" />
 <COLOR RGB="#f0bfc2" NAME="1416 - 10RP 7.5-4.4" Spot="1" />
 <COLOR RGB="#ffece5" NAME="1421 - 7.5R 9-2" Spot="1" />
 <COLOR RGB="#ffe5df" NAME="1422 - 1.9YR 9-1.8" Spot="1" />
 <COLOR RGB="#ffdadb" NAME="1423 - 7.5RP 8.5-3.6" Spot="1" />
 <COLOR RGB="#facecc" NAME="1424 - 5R 8-3.6" Spot="1" />
 <COLOR RGB="#f5c2c3" NAME="1425 - 10RP 7.5-4.8" Spot="1" />
 <COLOR RGB="#f5bdbb" NAME="1426 - 10RP 7.5-5.2" Spot="1" />
 <COLOR RGB="#f6efe8" NAME="1431 - 0.6YR 9-1" Spot="1" />
 <COLOR RGB="#ffe6d9" NAME="1432 - 5YR 9-1.8" Spot="1" />
 <COLOR RGB="#ffe1d9" NAME="1433 - 0.6YR 8.5-2.4" Spot="1" />
 <COLOR RGB="#fcd3cb" NAME="1434 - 8.1R 8-3.6" Spot="1" />
 <COLOR RGB="#facac0" NAME="1435 - 0.6YR 8-4" Spot="1" />
 <COLOR RGB="#f6c2bc" NAME="1436 - 0.6YR 7.5-4" Spot="1" />
 <COLOR RGB="#ffeedf" NAME="1441 - 6.3YR 9-1.6" Spot="1" />
 <COLOR RGB="#fee2d9" NAME="1442 - 1.3YR 8.5-2" Spot="1" />
 <COLOR RGB="#ffdac6" NAME="1443 - 1.9YR 8.5-3.6" Spot="1" />
 <COLOR RGB="#facaba" NAME="1444 - 1.3YR 8-4" Spot="1" />
 <COLOR RGB="#f5c3b4" NAME="1445 - 0.6YR 8-4.4" Spot="1" />
 <COLOR RGB="#dab1a8" NAME="1446 - 8.8R 7-3.6" Spot="1" />
 <COLOR RGB="#ffe9d6" NAME="1451 - 7.5YR 9-2" Spot="1" />
 <COLOR RGB="#ffe5c9" NAME="1452 - 9.4YR 9-2.4" Spot="1" />
 <COLOR RGB="#ffdbba" NAME="1453 - 7.5R 8.5-3.6" Spot="1" />
 <COLOR RGB="#ffd6bc" NAME="1454 - 4.4YR 8.5-3.6" Spot="1" />
 <COLOR RGB="#f3cbb5" NAME="1455 - 4.4YR 8-3.6" Spot="1" />
 <COLOR RGB="#f4cab0" NAME="1456 - 5YR 8-4" Spot="1" />
 <COLOR RGB="#f2efea" NAME="1461 - 2.5Y 9-1.6" Spot="1" />
 <COLOR RGB="#fdefd6" NAME="1462 - 3.1Y 9-1.6" Spot="1" />
 <COLOR RGB="#fae3c1" NAME="1463 - 1.3Y 8.5-2.8" Spot="1" />
 <COLOR RGB="#f0dabb" NAME="1464 - 1.9Y 8.5-2.4" Spot="1" />
 <COLOR RGB="#f2d7ad" NAME="1465 - 1.9Y 8.5-3.6" Spot="1" />
 <COLOR RGB="#e9d6bd" NAME="1466 - 1.3Y 8-2.4" Spot="1" />
 <COLOR RGB="#f8f5f1" NAME="1471 - 8.8YR 9-1" Spot="1" />
 <COLOR RGB="#f9ecd7" NAME="1472 - 1.3R 9-1" Spot="1" />
 <COLOR RGB="#ffebc9" NAME="1473 - 10YR 8-1.2" Spot="1" />
 <COLOR RGB="#ffe2b8" NAME="1474 - 1.3YR 8-1" Spot="1" />
 <COLOR RGB="#ffdeb6" NAME="1475 - 5YR 7.5-1" Spot="1" />
 <COLOR RGB="#ffd9a8" NAME="1476 - 3.1YR 7.5-1" Spot="1" />
 <COLOR RGB="#fff1ca" NAME="1481 - 5Y 9-2" Spot="1" />
 <COLOR RGB="#fff0ca" NAME="1482 - 1.9Y 9-1.6" Spot="1" />
 <COLOR RGB="#ffecbd" NAME="1483 - 1.9Y 9-2.4" Spot="1" />
 <COLOR RGB="#ffeab4" NAME="1484 - 0.6Y 9-3.6" Spot="1" />
 <COLOR RGB="#ffe9b3" NAME="1485 - 10YR 8.5-3.6" Spot="1" />
 <COLOR RGB="#ffe4aa" NAME="1486 - 9.4YR 8.5-4.8" Spot="1" />
 <COLOR RGB="#fff9da" NAME="1491 - 5Y 9-2.4" Spot="1" />
 <COLOR RGB="#fff8d2" NAME="1492 - 3.8Y 9-2.4" Spot="1" />
 <COLOR RGB="#fff5c8" NAME="1493 - 3.1Y 9-3.2" Spot="1" />
 <COLOR RGB="#fff3bb" NAME="1494 - 4.4Y 9-3.6" Spot="1" />
 <COLOR RGB="#ffeeb8" NAME="1495 - 3.1Y 9-3.6" Spot="1" />
 <COLOR RGB="#fbe5b5" NAME="1496 - 3.1Y 9-4.4" Spot="1" />
 <COLOR RGB="#fffcdf" NAME="1501 - 8.8Y 9-1.4" Spot="1" />
 <COLOR RGB="#f4f7cd" NAME="1502 - 2.5GY 9-2.4" Spot="1" />
 <COLOR RGB="#f2f4c1" NAME="1503 - 1.9GY 9-2.8" Spot="1" />
 <COLOR RGB="#edf5bd" NAME="1504 - 3.8GY 9-3.2" Spot="1" />
 <COLOR RGB="#f8f6bc" NAME="1505 - 1.3GY 9-3.6" Spot="1" />
 <COLOR RGB="#eaefb3" NAME="1506 - 2.5GY 9-3.6" Spot="1" />
 <COLOR RGB="#fcf4c0" NAME="1511 - 8.1Y 9-3.2" Spot="1" />
 <COLOR RGB="#f3f6cc" NAME="1512 - 3.1GY 9-2.4" Spot="1" />
 <COLOR RGB="#eaf2c2" NAME="1513 - 3.8GY 9-2.8" Spot="1" />
 <COLOR RGB="#e2f5c4" NAME="1514 - 6.9GY 9-3.2" Spot="1" />
 <COLOR RGB="#dff5c6" NAME="1515 - 7.5GY 9-2.8" Spot="1" />
 <COLOR RGB="#e3f0b3" NAME="1516 - 4.4GY 9-3.6" Spot="1" />
 <COLOR RGB="#f4f7e7" NAME="1521 - 4.4GY 9-1" Spot="1" />
 <COLOR RGB="#f0fce9" NAME="1522 - 9.4GY 9-1.2" Spot="1" />
 <COLOR RGB="#e3f6dd" NAME="1523 - 0.6G 9-1.6" Spot="1" />
 <COLOR RGB="#e0f0d4" NAME="1524 - 8.1GY 9-1.6" Spot="1" />
 <COLOR RGB="#dbe3c0" NAME="1525 - 4.4GY 8.5-2" Spot="1" />
 <COLOR RGB="#d5eaca" NAME="1526 - 8.8GY 8.5-2.4" Spot="1" />
 <COLOR RGB="#f0fde2" NAME="1531 - 6.9GY 9-1.4" Spot="1" />
 <COLOR RGB="#d2f2c3" NAME="1532 - 8.8GY 8.5-3.6" Spot="1" />
 <COLOR RGB="#cbe6c7" NAME="1533 - 0.6G 8.5-2.4" Spot="1" />
 <COLOR RGB="#c6efc6" NAME="1534 - 1.3G 8.5-3.6" Spot="1" />
 <COLOR RGB="#c8f2d1" NAME="1535 - 2.5G 8.5-3.2" Spot="1" />
 <COLOR RGB="#c2e6c6" NAME="1536 - 1.9G 8.5-2.8" Spot="1" />
 <COLOR RGB="#dff4e5" NAME="1541 - 6.9G 9-1.4" Spot="1" />
 <COLOR RGB="#d6efd5" NAME="1542 - 1.3G 8.5-2" Spot="1" />
 <COLOR RGB="#c6e9ce" NAME="1543 - 3.1G 8.5-2.8" Spot="1" />
 <COLOR RGB="#c4ebcf" NAME="1544 - 3.8G 8.5-2.8" Spot="1" />
 <COLOR RGB="#bae7d2" NAME="1545 - 7.5G 8.5-3.6" Spot="1" />
 <COLOR RGB="#b7eed6" NAME="1546 - 6.9G 8.5-2.8" Spot="1" />
 <COLOR RGB="#d2eee3" NAME="1551 - 3.1BG 8.5-1.8" Spot="1" />
 <COLOR RGB="#c8eae3" NAME="1552 - 4.4BG 8.5-1.8" Spot="1" />
 <COLOR RGB="#bfe3d8" NAME="1553 - 2.5BG 8.5-1.8" Spot="1" />
 <COLOR RGB="#baede5" NAME="1554 - 7.5G 8.5-2.8" Spot="1" />
 <COLOR RGB="#b1e6e6" NAME="1555 - 4.4B 8-3.2" Spot="1" />
 <COLOR RGB="#b2e3e8" NAME="1556 - 2.5B 8-3.6" Spot="1" />
 <COLOR RGB="#e7f9f0" NAME="1561 - 5BG 9-1" Spot="1" />
 <COLOR RGB="#cbeded" NAME="1562 - 2.5B 8.5-1.6" Spot="1" />
 <COLOR RGB="#cae8e4" NAME="1563 - 5.6B 8-1.8" Spot="1" />
 <COLOR RGB="#b9e1df" NAME="1564 - 5B 8-2.4" Spot="1" />
 <COLOR RGB="#b3e0da" NAME="1565 - 5BG 8.5-1.8" Spot="1" />
 <COLOR RGB="#b4dcde" NAME="1566 - 5B 8-2" Spot="1" />
 <COLOR RGB="#ecf3eb" NAME="1571 - 1.9BG 9-1" Spot="1" />
 <COLOR RGB="#e3f0ec" NAME="1572 - 6.9BG 8.5-1.8" Spot="1" />
 <COLOR RGB="#cbdcd5" NAME="1573 - 6.3BG 8.5-1.8" Spot="1" />
 <COLOR RGB="#bad4d8" NAME="1574 - 10BG 8-2.8" Spot="1" />
 <COLOR RGB="#b1d5da" NAME="1575 - 7.5BG 8-2.8" Spot="1" />
 <COLOR RGB="#b4d1e1" NAME="1576 - 1.9B 8-2.8" Spot="1" />
 <COLOR RGB="#ecf5f3" NAME="1581 - 2.5B 9-1" Spot="1" />
 <COLOR RGB="#d7e6e9" NAME="1582 - 1.3B 9-1" Spot="1" />
 <COLOR RGB="#c9dadf" NAME="1583 - 2.5BG 8-1" Spot="1" />
 <COLOR RGB="#b9d4da" NAME="1584 - 3.8B 8-2.4" Spot="1" />
 <COLOR RGB="#b1d8df" NAME="1585 - 2.5B 7.5-2.8" Spot="1" />
 <COLOR RGB="#bed4da" NAME="1586 - 8.8B 7.5-3.6" Spot="1" />
 <COLOR RGB="#ebf6f0" NAME="1591 - 8.8BG 9-1" Spot="1" />
 <COLOR RGB="#d6eaea" NAME="1592 - 1.3B 8.5-1.8" Spot="1" />
 <COLOR RGB="#bce3f2" NAME="1593 - 7.5B 8-3.6" Spot="1" />
 <COLOR RGB="#b5e0e9" NAME="1594 - 4.4B 8-3.6" Spot="1" />
 <COLOR RGB="#b7d8e3" NAME="1595 - 7.5B 8-3.6" Spot="1" />
 <COLOR RGB="#abd1e3" NAME="1596 - 7.5B 7.5-3.6" Spot="1" />
 <COLOR RGB="#e4eaec" NAME="1601 - 2.5PB 8.5-1" Spot="1" />
 <COLOR RGB="#d8eaf1" NAME="1602 - 3.1PB 8.5-2.8" Spot="1" />
 <COLOR RGB="#d5e5f1" NAME="1603 - 4.4PB 8.5-2.8" Spot="1" />
 <COLOR RGB="#bed5ed" NAME="1604 - 3.1PB 8-5.2" Spot="1" />
 <COLOR RGB="#b6cfe4" NAME="1605 - 3.1PB 8-4" Spot="1" />
 <COLOR RGB="#b7cdd9" NAME="1606 - 9.4B 7.5-2.8" Spot="1" />
 <COLOR RGB="#d5e0e9" NAME="1611 - 6.9PB 8.5-2.4" Spot="1" />
 <COLOR RGB="#c9dbe7" NAME="1612 - 1.3PB 8-2.8" Spot="1" />
 <COLOR RGB="#c4cfda" NAME="1613 - 3.1PB 7.5-2.4" Spot="1" />
 <COLOR RGB="#c8d3e4" NAME="1614 - 4.4PB 8-3.2" Spot="1" />
 <COLOR RGB="#c0d6eb" NAME="1615 - 3.1PB 8-4.4" Spot="1" />
 <COLOR RGB="#b7cede" NAME="1616 - 1.3PB 7.5-3.2" Spot="1" />
 <COLOR RGB="#d0e2e9" NAME="1621 - 5PB 8.5-2.4" Spot="1" />
 <COLOR RGB="#c3deee" NAME="1622 - 10B 8-3.6" Spot="1" />
 <COLOR RGB="#bdd4df" NAME="1623 - 8.8B 8-2.8" Spot="1" />
 <COLOR RGB="#bfd0d9" NAME="1624 - 9.4B 7.5-2.4" Spot="1" />
 <COLOR RGB="#c2d6e4" NAME="1625 - 1.3PB 8-3.2" Spot="1" />
 <COLOR RGB="#bdd1e5" NAME="1626 - 2.5PB 7.5-3.6" Spot="1" />
 <COLOR RGB="#f8f9f0" NAME="1631 - 2.5B 9-1" Spot="1" />
 <COLOR RGB="#dfeaed" NAME="1632 - 8.8B 8.5-1.4" Spot="1" />
 <COLOR RGB="#d2e1e5" NAME="1633 - 8.8B 8.5-1.8" Spot="1" />
 <COLOR RGB="#c7cfd2" NAME="1634 - 8.8B 7.5-1.2" Spot="1" />
 <COLOR RGB="#c1ccce" NAME="1635 - 4.4B 7.5-1.2" Spot="1" />
 <COLOR RGB="#c1c8c8" NAME="1636 - 3.8B 7.5-1" Spot="1" />
 <COLOR RGB="#f3eded" NAME="1641 - 6.3RP 9-1" Spot="1" />
 <COLOR RGB="#e5e3e4" NAME="1642 - 8.8P 8.5-1" Spot="1" />
 <COLOR RGB="#d3deee" NAME="1643 - 6.3PB 8.5-3.6" Spot="1" />
 <COLOR RGB="#c9d0e2" NAME="1644 - 6.3PB 8-3.2" Spot="1" />
 <COLOR RGB="#c8ccdf" NAME="1645 - 8.1PB 7.5-3.6" Spot="1" />
 <COLOR RGB="#cacee6" NAME="1646 - 7.5PB 8-4.4" Spot="1" />
 <COLOR RGB="#f6f3f1" NAME="1651 - 5.6RP 9-1" Spot="1" />
 <COLOR RGB="#e0daea" NAME="1652 - 3.8P 8.5-1.8" Spot="1" />
 <COLOR RGB="#ddc5d5" NAME="1653 - 0.6RP 7.5-3.6" Spot="1" />
 <COLOR RGB="#d3cce4" NAME="1654 - 3.8P 8-3.6" Spot="1" />
 <COLOR RGB="#c8c9d8" NAME="1655 - 10PB 7.5-2.8" Spot="1" />
 <COLOR RGB="#c2cfe4" NAME="1656 - 5.6PB 8-4" Spot="1" />
 <COLOR RGB="#f9f1ef" NAME="1661 - 9.4RP 9-1" Spot="1" />
 <COLOR RGB="#ead7e1" NAME="1662 - 9.4P 8.5-2.8" Spot="1" />
 <COLOR RGB="#f6dde6" NAME="1663 - 4.4RP 8.5-2.8" Spot="1" />
 <COLOR RGB="#f5d4e3" NAME="1664 - 1.9RP 8.5-3.6" Spot="1" />
 <COLOR RGB="#f0d0df" NAME="1665 - 3.1RP 8-4" Spot="1" />
 <COLOR RGB="#e1c8da" NAME="1666 - 0.6RP 8-4" Spot="1" />
 <COLOR RGB="#f29eb0" NAME="1671 - 8.3RP 7-8" Spot="1" />
 <COLOR RGB="#e5798d" NAME="1672 - 10RP 6-10.5" Spot="1" />
 <COLOR RGB="#db6473" NAME="1673 - 1.2R 5.9-11.5" Spot="1" />
 <COLOR RGB="#c84147" NAME="1674 - 5R 4.4-14" Spot="1" />
 <COLOR RGB="#d25461" NAME="1675 - 2.3R 4.9-12.1" Spot="1" />
 <COLOR RGB="#ea899d" NAME="1676 - 9RP 6.4-9.8" Spot="1" />
 <COLOR RGB="#e0a398" NAME="1681 - 8.3R 6.8-5.2" Spot="1" />
 <COLOR RGB="#cb8273" NAME="1682 - 9.4R 5.8-6" Spot="1" />
 <COLOR RGB="#c27768" NAME="1683 - 7.8R 5.4-7" Spot="1" />
 <COLOR RGB="#9d503f" NAME="1684 - 10R 4.1-6.5" Spot="1" />
 <COLOR RGB="#ab5b4b" NAME="1685 - 9R 4.4-9.1" Spot="1" />
 <COLOR RGB="#da9788" NAME="1686 - 8.7R 6.4-6" Spot="1" />
 <COLOR RGB="#ffeeb4" NAME="1691 - 7.6Y 9.3-3.9" Spot="1" />
 <COLOR RGB="#ffdf7f" NAME="1692 - 4.8Y 8.2-6.8" Spot="1" />
 <COLOR RGB="#ffda75" NAME="1693 - 4.4Y 8.4-7.4" Spot="1" />
 <COLOR RGB="#f9bb3d" NAME="1694 - 1.9Y 7.6-9.9" Spot="1" />
 <COLOR RGB="#ffd265" NAME="1695 - 3.7Y 8.6-8.3" Spot="1" />
 <COLOR RGB="#ffe391" NAME="1696 - 6.3Y 8.8-5.4" Spot="1" />
</SCRIBUSCOLORS>