<?xml version="1.0" encoding="UTF-8"?>
<SCRIBUSCOLORS Name="CIE-HLC">
 <COLOR RGB="#1b1b1b" NAME="HLC 000 10 00" />
 <COLOR RGB="#303030" NAME="HLC 000 20 00" />
 <COLOR RGB="#474747" NAME="HLC 000 30 00" />
 <COLOR RGB="#5e5e5e" NAME="HLC 000 40 00" />
 <COLOR RGB="#777777" NAME="HLC 000 50 00" />
 <COLOR RGB="#919191" NAME="HLC 000 60 00" />
 <COLOR RGB="#ababab" NAME="HLC 000 70 00" />
 <COLOR RGB="#c6c6c6" NAME="HLC 000 80 00" />
 <COLOR RGB="#e2e2e2" NAME="HLC 000 90 00" />
 <COLOR RGB="#3d2b2f" NAME="HLC 010 20 10" />
 <COLOR RGB="#4a242d" NAME="HLC 010 20 20" />
 <COLOR RGB="#561a2a" NAME="HLC 010 20 30" />
 <COLOR RGB="#554245" NAME="HLC 010 30 10" />
 <COLOR RGB="#633b43" NAME="HLC 010 30 20" />
 <COLOR RGB="#703240" NAME="HLC 010 30 30" />
 <COLOR RGB="#7c273e" NAME="HLC 010 30 40" />
 <COLOR RGB="#88133d" NAME="HLC 010 30 50" />
 <COLOR RGB="#6d595d" NAME="HLC 010 40 10" />
 <COLOR RGB="#7d525a" NAME="HLC 010 40 20" />
 <COLOR RGB="#8b4a57" NAME="HLC 010 40 30" />
 <COLOR RGB="#984055" NAME="HLC 010 40 40" />
 <COLOR RGB="#a53354" NAME="HLC 010 40 50" />
 <COLOR RGB="#b11e51" NAME="HLC 010 40 60" />
 <COLOR RGB="#877276" NAME="HLC 010 50 10" />
 <COLOR RGB="#976b73" NAME="HLC 010 50 20" />
 <COLOR RGB="#a66370" NAME="HLC 010 50 30" />
 <COLOR RGB="#b45a6d" NAME="HLC 010 50 40" />
 <COLOR RGB="#c24e6c" NAME="HLC 010 50 50" />
 <COLOR RGB="#cf4069" NAME="HLC 010 50 60" />
 <COLOR RGB="#db2d67" NAME="HLC 010 50 70" />
 <COLOR RGB="#a18b8f" NAME="HLC 010 60 10" />
 <COLOR RGB="#b2848c" NAME="HLC 010 60 20" />
 <COLOR RGB="#c27d89" NAME="HLC 010 60 30" />
 <COLOR RGB="#d17486" NAME="HLC 010 60 40" />
 <COLOR RGB="#e06985" NAME="HLC 010 60 50" />
 <COLOR RGB="#bca5aa" NAME="HLC 010 70 10" />
 <COLOR RGB="#ce9fa7" NAME="HLC 010 70 20" />
 <COLOR RGB="#df97a3" NAME="HLC 010 70 30" />
 <COLOR RGB="#ef8ea0" NAME="HLC 010 70 40" />
 <COLOR RGB="#d8c1c5" NAME="HLC 010 80 10" />
 <COLOR RGB="#eabac2" NAME="HLC 010 80 20" />
 <COLOR RGB="#f4dce1" NAME="HLC 010 90 10" />
 <COLOR RGB="#3e2b2c" NAME="HLC 020 20 10" />
 <COLOR RGB="#4a2528" NAME="HLC 020 20 20" />
 <COLOR RGB="#561c23" NAME="HLC 020 20 30" />
 <COLOR RGB="#564242" NAME="HLC 020 30 10" />
 <COLOR RGB="#633b3e" NAME="HLC 020 30 20" />
 <COLOR RGB="#703339" NAME="HLC 020 30 30" />
 <COLOR RGB="#7b2935" NAME="HLC 020 30 40" />
 <COLOR RGB="#87172f" NAME="HLC 020 30 50" />
 <COLOR RGB="#6e595a" NAME="HLC 020 40 10" />
 <COLOR RGB="#7c5355" NAME="HLC 020 40 20" />
 <COLOR RGB="#8b4b4f" NAME="HLC 020 40 30" />
 <COLOR RGB="#97424b" NAME="HLC 020 40 40" />
 <COLOR RGB="#a43646" NAME="HLC 020 40 50" />
 <COLOR RGB="#af2542" NAME="HLC 020 40 60" />
 <COLOR RGB="#887272" NAME="HLC 020 50 10" />
 <COLOR RGB="#976b6e" NAME="HLC 020 50 20" />
 <COLOR RGB="#a66467" NAME="HLC 020 50 30" />
 <COLOR RGB="#b45b63" NAME="HLC 020 50 40" />
 <COLOR RGB="#c2505d" NAME="HLC 020 50 50" />
 <COLOR RGB="#ce4459" NAME="HLC 020 50 60" />
 <COLOR RGB="#d93355" NAME="HLC 020 50 70" />
 <COLOR RGB="#a28b8c" NAME="HLC 020 60 10" />
 <COLOR RGB="#b28587" NAME="HLC 020 60 20" />
 <COLOR RGB="#c27d80" NAME="HLC 020 60 30" />
 <COLOR RGB="#d0757c" NAME="HLC 020 60 40" />
 <COLOR RGB="#df6b76" NAME="HLC 020 60 50" />
 <COLOR RGB="#bda5a6" NAME="HLC 020 70 10" />
 <COLOR RGB="#ce9fa1" NAME="HLC 020 70 20" />
 <COLOR RGB="#df979a" NAME="HLC 020 70 30" />
 <COLOR RGB="#d9c1c1" NAME="HLC 020 80 10" />
 <COLOR RGB="#eababc" NAME="HLC 020 80 20" />
 <COLOR RGB="#f5dcdd" NAME="HLC 020 90 10" />
 <COLOR RGB="#3d2c29" NAME="HLC 030 20 10" />
 <COLOR RGB="#4a2623" NAME="HLC 030 20 20" />
 <COLOR RGB="#551e1c" NAME="HLC 030 20 30" />
 <COLOR RGB="#55423f" NAME="HLC 030 30 10" />
 <COLOR RGB="#633c38" NAME="HLC 030 30 20" />
 <COLOR RGB="#6f3531" NAME="HLC 030 30 30" />
 <COLOR RGB="#792c2a" NAME="HLC 030 30 40" />
 <COLOR RGB="#841f23" NAME="HLC 030 30 50" />
 <COLOR RGB="#6d5a56" NAME="HLC 030 40 10" />
 <COLOR RGB="#7c544f" NAME="HLC 030 40 20" />
 <COLOR RGB="#8a4c47" NAME="HLC 030 40 30" />
 <COLOR RGB="#954540" NAME="HLC 030 40 40" />
 <COLOR RGB="#a13b38" NAME="HLC 030 40 50" />
 <COLOR RGB="#ac2d31" NAME="HLC 030 40 60" />
 <COLOR RGB="#b6192a" NAME="HLC 030 40 70" />
 <COLOR RGB="#87726f" NAME="HLC 030 50 10" />
 <COLOR RGB="#976c67" NAME="HLC 030 50 20" />
 <COLOR RGB="#a5655f" NAME="HLC 030 50 30" />
 <COLOR RGB="#b15e57" NAME="HLC 030 50 40" />
 <COLOR RGB="#be554f" NAME="HLC 030 50 50" />
 <COLOR RGB="#ca4948" NAME="HLC 030 50 60" />
 <COLOR RGB="#d53d40" NAME="HLC 030 50 70" />
 <COLOR RGB="#e12839" NAME="HLC 030 50 80" />
 <COLOR RGB="#a18c88" NAME="HLC 030 60 10" />
 <COLOR RGB="#b28580" NAME="HLC 030 60 20" />
 <COLOR RGB="#c17f78" NAME="HLC 030 60 30" />
 <COLOR RGB="#ce786f" NAME="HLC 030 60 40" />
 <COLOR RGB="#dc6f67" NAME="HLC 030 60 50" />
 <COLOR RGB="#e9655f" NAME="HLC 030 60 60" />
 <COLOR RGB="#bca6a2" NAME="HLC 030 70 10" />
 <COLOR RGB="#cea09a" NAME="HLC 030 70 20" />
 <COLOR RGB="#de9991" NAME="HLC 030 70 30" />
 <COLOR RGB="#ec9289" NAME="HLC 030 70 40" />
 <COLOR RGB="#d8c1bd" NAME="HLC 030 80 10" />
 <COLOR RGB="#eabbb5" NAME="HLC 030 80 20" />
 <COLOR RGB="#f5ddd9" NAME="HLC 030 90 10" />
 <COLOR RGB="#3c2c28" NAME="HLC 040 20 10" />
 <COLOR RGB="#48271f" NAME="HLC 040 20 20" />
 <COLOR RGB="#54433e" NAME="HLC 040 30 10" />
 <COLOR RGB="#613d35" NAME="HLC 040 30 20" />
 <COLOR RGB="#6c372a" NAME="HLC 040 30 30" />
 <COLOR RGB="#753121" NAME="HLC 040 30 40" />
 <COLOR RGB="#6c5a55" NAME="HLC 040 40 10" />
 <COLOR RGB="#7a554b" NAME="HLC 040 40 20" />
 <COLOR RGB="#874f41" NAME="HLC 040 40 30" />
 <COLOR RGB="#914937" NAME="HLC 040 40 40" />
 <COLOR RGB="#9c402c" NAME="HLC 040 40 50" />
 <COLOR RGB="#a63623" NAME="HLC 040 40 60" />
 <COLOR RGB="#86736d" NAME="HLC 040 50 10" />
 <COLOR RGB="#946d63" NAME="HLC 040 50 20" />
 <COLOR RGB="#a26758" NAME="HLC 040 50 30" />
 <COLOR RGB="#ad614e" NAME="HLC 040 50 40" />
 <COLOR RGB="#b95a43" NAME="HLC 040 50 50" />
 <COLOR RGB="#c45139" NAME="HLC 040 50 60" />
 <COLOR RGB="#ce472d" NAME="HLC 040 50 70" />
 <COLOR RGB="#d83a23" NAME="HLC 040 50 80" />
 <COLOR RGB="#a08c86" NAME="HLC 040 60 10" />
 <COLOR RGB="#b0877c" NAME="HLC 040 60 20" />
 <COLOR RGB="#be8170" NAME="HLC 040 60 30" />
 <COLOR RGB="#ca7b66" NAME="HLC 040 60 40" />
 <COLOR RGB="#d7745b" NAME="HLC 040 60 50" />
 <COLOR RGB="#e36b51" NAME="HLC 040 60 60" />
 <COLOR RGB="#bba7a1" NAME="HLC 040 70 10" />
 <COLOR RGB="#cba196" NAME="HLC 040 70 20" />
 <COLOR RGB="#db9b8a" NAME="HLC 040 70 30" />
 <COLOR RGB="#e7957f" NAME="HLC 040 70 40" />
 <COLOR RGB="#d7c2bc" NAME="HLC 040 80 10" />
 <COLOR RGB="#e8bcb1" NAME="HLC 040 80 20" />
 <COLOR RGB="#f3ded7" NAME="HLC 040 90 10" />
 <COLOR RGB="#3b2d26" NAME="HLC 050 20 10" />
 <COLOR RGB="#45291b" NAME="HLC 050 20 20" />
 <COLOR RGB="#53433c" NAME="HLC 050 30 10" />
 <COLOR RGB="#5d3f30" NAME="HLC 050 30 20" />
 <COLOR RGB="#683a24" NAME="HLC 050 30 30" />
 <COLOR RGB="#6b5b53" NAME="HLC 050 40 10" />
 <COLOR RGB="#775746" NAME="HLC 050 40 20" />
 <COLOR RGB="#82523a" NAME="HLC 050 40 30" />
 <COLOR RGB="#8b4d2e" NAME="HLC 050 40 40" />
 <COLOR RGB="#954620" NAME="HLC 050 40 50" />
 <COLOR RGB="#85736b" NAME="HLC 050 50 10" />
 <COLOR RGB="#916f5e" NAME="HLC 050 50 20" />
 <COLOR RGB="#9e6a51" NAME="HLC 050 50 30" />
 <COLOR RGB="#a86545" NAME="HLC 050 50 40" />
 <COLOR RGB="#b25f37" NAME="HLC 050 50 50" />
 <COLOR RGB="#bb5928" NAME="HLC 050 50 60" />
 <COLOR RGB="#9f8d85" NAME="HLC 050 60 10" />
 <COLOR RGB="#ac8977" NAME="HLC 050 60 20" />
 <COLOR RGB="#b98469" NAME="HLC 050 60 30" />
 <COLOR RGB="#c47f5d" NAME="HLC 050 60 40" />
 <COLOR RGB="#d0794f" NAME="HLC 050 60 50" />
 <COLOR RGB="#d97340" NAME="HLC 050 60 60" />
 <COLOR RGB="#e36c33" NAME="HLC 050 60 70" />
 <COLOR RGB="#baa79f" NAME="HLC 050 70 10" />
 <COLOR RGB="#c8a390" NAME="HLC 050 70 20" />
 <COLOR RGB="#d69e82" NAME="HLC 050 70 30" />
 <COLOR RGB="#e19976" NAME="HLC 050 70 40" />
 <COLOR RGB="#ee9368" NAME="HLC 050 70 50" />
 <COLOR RGB="#d6c2ba" NAME="HLC 050 80 10" />
 <COLOR RGB="#e4beab" NAME="HLC 050 80 20" />
 <COLOR RGB="#f3b99d" NAME="HLC 050 80 30" />
 <COLOR RGB="#f2ded5" NAME="HLC 050 90 10" />
 <COLOR RGB="#3b2d25" NAME="HLC 060 20 10" />
 <COLOR RGB="#52443a" NAME="HLC 060 30 10" />
 <COLOR RGB="#5b412d" NAME="HLC 060 30 20" />
 <COLOR RGB="#633d1e" NAME="HLC 060 30 30" />
 <COLOR RGB="#6a5b51" NAME="HLC 060 40 10" />
 <COLOR RGB="#755843" NAME="HLC 060 40 20" />
 <COLOR RGB="#7e5434" NAME="HLC 060 40 30" />
 <COLOR RGB="#865126" NAME="HLC 060 40 40" />
 <COLOR RGB="#83746a" NAME="HLC 060 50 10" />
 <COLOR RGB="#8f705b" NAME="HLC 060 50 20" />
 <COLOR RGB="#996d4b" NAME="HLC 060 50 30" />
 <COLOR RGB="#a2693d" NAME="HLC 060 50 40" />
 <COLOR RGB="#aa652c" NAME="HLC 060 50 50" />
 <COLOR RGB="#b16118" NAME="HLC 060 50 60" />
 <COLOR RGB="#9e8d83" NAME="HLC 060 60 10" />
 <COLOR RGB="#aa8a73" NAME="HLC 060 60 20" />
 <COLOR RGB="#b48663" NAME="HLC 060 60 30" />
 <COLOR RGB="#be8255" NAME="HLC 060 60 40" />
 <COLOR RGB="#c77e45" NAME="HLC 060 60 50" />
 <COLOR RGB="#cf7a33" NAME="HLC 060 60 60" />
 <COLOR RGB="#d7761f" NAME="HLC 060 60 70" />
 <COLOR RGB="#b9a89d" NAME="HLC 060 70 10" />
 <COLOR RGB="#c5a48d" NAME="HLC 060 70 20" />
 <COLOR RGB="#d1a17d" NAME="HLC 060 70 30" />
 <COLOR RGB="#db9d6e" NAME="HLC 060 70 40" />
 <COLOR RGB="#e5995d" NAME="HLC 060 70 50" />
 <COLOR RGB="#ee944c" NAME="HLC 060 70 60" />
 <COLOR RGB="#d4c3b8" NAME="HLC 060 80 10" />
 <COLOR RGB="#e2bfa7" NAME="HLC 060 80 20" />
 <COLOR RGB="#eebc97" NAME="HLC 060 80 30" />
 <COLOR RGB="#f1dfd3" NAME="HLC 060 90 10" />
 <COLOR RGB="#382f23" NAME="HLC 070 20 10" />
 <COLOR RGB="#4f4539" NAME="HLC 070 30 10" />
 <COLOR RGB="#56432b" NAME="HLC 070 30 20" />
 <COLOR RGB="#5e401a" NAME="HLC 070 30 30" />
 <COLOR RGB="#675c50" NAME="HLC 070 40 10" />
 <COLOR RGB="#6f5a41" NAME="HLC 070 40 20" />
 <COLOR RGB="#775830" NAME="HLC 070 40 30" />
 <COLOR RGB="#7d561f" NAME="HLC 070 40 40" />
 <COLOR RGB="#817568" NAME="HLC 070 50 10" />
 <COLOR RGB="#897359" NAME="HLC 070 50 20" />
 <COLOR RGB="#927047" NAME="HLC 070 50 30" />
 <COLOR RGB="#986e37" NAME="HLC 070 50 40" />
 <COLOR RGB="#a06b22" NAME="HLC 070 50 50" />
 <COLOR RGB="#9b8e81" NAME="HLC 070 60 10" />
 <COLOR RGB="#a48c71" NAME="HLC 070 60 20" />
 <COLOR RGB="#ad8a5f" NAME="HLC 070 60 30" />
 <COLOR RGB="#b4874f" NAME="HLC 070 60 40" />
 <COLOR RGB="#bc843b" NAME="HLC 070 60 50" />
 <COLOR RGB="#c28227" NAME="HLC 070 60 60" />
 <COLOR RGB="#b6a99b" NAME="HLC 070 70 10" />
 <COLOR RGB="#bfa78b" NAME="HLC 070 70 20" />
 <COLOR RGB="#c9a479" NAME="HLC 070 70 30" />
 <COLOR RGB="#d1a268" NAME="HLC 070 70 40" />
 <COLOR RGB="#d99f54" NAME="HLC 070 70 50" />
 <COLOR RGB="#e09c41" NAME="HLC 070 70 60" />
 <COLOR RGB="#e59a2b" NAME="HLC 070 70 70" />
 <COLOR RGB="#d1c4b6" NAME="HLC 070 80 10" />
 <COLOR RGB="#dbc2a5" NAME="HLC 070 80 20" />
 <COLOR RGB="#e6bf92" NAME="HLC 070 80 30" />
 <COLOR RGB="#eebd81" NAME="HLC 070 80 40" />
 <COLOR RGB="#f7ba6e" NAME="HLC 070 80 50" />
 <COLOR RGB="#eee0d1" NAME="HLC 070 90 10" />
 <COLOR RGB="#f8dec0" NAME="HLC 070 90 20" />
 <COLOR RGB="#352f23" NAME="HLC 080 20 10" />
 <COLOR RGB="#4c4639" NAME="HLC 080 30 10" />
 <COLOR RGB="#524429" NAME="HLC 080 30 20" />
 <COLOR RGB="#645d50" NAME="HLC 080 40 10" />
 <COLOR RGB="#6b5c3f" NAME="HLC 080 40 20" />
 <COLOR RGB="#715b2e" NAME="HLC 080 40 30" />
 <COLOR RGB="#75591a" NAME="HLC 080 40 40" />
 <COLOR RGB="#7d7668" NAME="HLC 080 50 10" />
 <COLOR RGB="#857557" NAME="HLC 080 50 20" />
 <COLOR RGB="#8b7345" NAME="HLC 080 50 30" />
 <COLOR RGB="#907232" NAME="HLC 080 50 40" />
 <COLOR RGB="#93711b" NAME="HLC 080 50 50" />
 <COLOR RGB="#979081" NAME="HLC 080 60 10" />
 <COLOR RGB="#9f8e6f" NAME="HLC 080 60 20" />
 <COLOR RGB="#a68d5d" NAME="HLC 080 60 30" />
 <COLOR RGB="#ac8b4a" NAME="HLC 080 60 40" />
 <COLOR RGB="#af8a36" NAME="HLC 080 60 50" />
 <COLOR RGB="#b4891b" NAME="HLC 080 60 60" />
 <COLOR RGB="#b2aa9b" NAME="HLC 080 70 10" />
 <COLOR RGB="#baa989" NAME="HLC 080 70 20" />
 <COLOR RGB="#c2a776" NAME="HLC 080 70 30" />
 <COLOR RGB="#c8a563" NAME="HLC 080 70 40" />
 <COLOR RGB="#cca54f" NAME="HLC 080 70 50" />
 <COLOR RGB="#d1a339" NAME="HLC 080 70 60" />
 <COLOR RGB="#d6a21e" NAME="HLC 080 70 70" />
 <COLOR RGB="#cec5b6" NAME="HLC 080 80 10" />
 <COLOR RGB="#d6c4a3" NAME="HLC 080 80 20" />
 <COLOR RGB="#dec290" NAME="HLC 080 80 30" />
 <COLOR RGB="#e5c17d" NAME="HLC 080 80 40" />
 <COLOR RGB="#e9c069" NAME="HLC 080 80 50" />
 <COLOR RGB="#efbe54" NAME="HLC 080 80 60" />
 <COLOR RGB="#f4bd3e" NAME="HLC 080 80 70" />
 <COLOR RGB="#eae1d1" NAME="HLC 080 90 10" />
 <COLOR RGB="#f3e0be" NAME="HLC 080 90 20" />
 <COLOR RGB="#fbdeab" NAME="HLC 080 90 30" />
 <COLOR RGB="#343022" NAME="HLC 090 20 10" />
 <COLOR RGB="#4b4637" NAME="HLC 090 30 10" />
 <COLOR RGB="#4e4627" NAME="HLC 090 30 20" />
 <COLOR RGB="#635e4e" NAME="HLC 090 40 10" />
 <COLOR RGB="#675e3d" NAME="HLC 090 40 20" />
 <COLOR RGB="#6a5d2c" NAME="HLC 090 40 30" />
 <COLOR RGB="#7c7766" NAME="HLC 090 50 10" />
 <COLOR RGB="#807655" NAME="HLC 090 50 20" />
 <COLOR RGB="#847643" NAME="HLC 090 50 30" />
 <COLOR RGB="#86762f" NAME="HLC 090 50 40" />
 <COLOR RGB="#887616" NAME="HLC 090 50 50" />
 <COLOR RGB="#96907f" NAME="HLC 090 60 10" />
 <COLOR RGB="#9b906d" NAME="HLC 090 60 20" />
 <COLOR RGB="#9e905b" NAME="HLC 090 60 30" />
 <COLOR RGB="#a18f48" NAME="HLC 090 60 40" />
 <COLOR RGB="#a38f32" NAME="HLC 090 60 50" />
 <COLOR RGB="#a58f14" NAME="HLC 090 60 60" />
 <COLOR RGB="#b1ab99" NAME="HLC 090 70 10" />
 <COLOR RGB="#b6aa87" NAME="HLC 090 70 20" />
 <COLOR RGB="#baaa74" NAME="HLC 090 70 30" />
 <COLOR RGB="#bdaa61" NAME="HLC 090 70 40" />
 <COLOR RGB="#c0aa4c" NAME="HLC 090 70 50" />
 <COLOR RGB="#c2a934" NAME="HLC 090 70 60" />
 <COLOR RGB="#c3a90e" NAME="HLC 090 70 70" />
 <COLOR RGB="#ccc6b4" NAME="HLC 090 80 10" />
 <COLOR RGB="#d1c6a1" NAME="HLC 090 80 20" />
 <COLOR RGB="#d6c58e" NAME="HLC 090 80 30" />
 <COLOR RGB="#d9c57a" NAME="HLC 090 80 40" />
 <COLOR RGB="#dcc566" NAME="HLC 090 80 50" />
 <COLOR RGB="#dfc550" NAME="HLC 090 80 60" />
 <COLOR RGB="#e1c435" NAME="HLC 090 80 70" />
 <COLOR RGB="#e3c400" NAME="HLC 090 80 80" />
 <COLOR RGB="#e9e2cf" NAME="HLC 090 90 10" />
 <COLOR RGB="#eee2bc" NAME="HLC 090 90 20" />
 <COLOR RGB="#f2e1a9" NAME="HLC 090 90 30" />
 <COLOR RGB="#f6e195" NAME="HLC 090 90 40" />
 <COLOR RGB="#fae180" NAME="HLC 090 90 50" />
 <COLOR RGB="#fde06b" NAME="HLC 090 90 60" />
 <COLOR RGB="#333023" NAME="HLC 100 20 10" />
 <COLOR RGB="#494739" NAME="HLC 100 30 10" />
 <COLOR RGB="#4a4828" NAME="HLC 100 30 20" />
 <COLOR RGB="#615e50" NAME="HLC 100 40 10" />
 <COLOR RGB="#625f3f" NAME="HLC 100 40 20" />
 <COLOR RGB="#62602d" NAME="HLC 100 40 30" />
 <COLOR RGB="#7a7768" NAME="HLC 100 50 10" />
 <COLOR RGB="#7b7856" NAME="HLC 100 50 20" />
 <COLOR RGB="#7b7944" NAME="HLC 100 50 30" />
 <COLOR RGB="#7b7a31" NAME="HLC 100 50 40" />
 <COLOR RGB="#949181" NAME="HLC 100 60 10" />
 <COLOR RGB="#95926f" NAME="HLC 100 60 20" />
 <COLOR RGB="#96925c" NAME="HLC 100 60 30" />
 <COLOR RGB="#959349" NAME="HLC 100 60 40" />
 <COLOR RGB="#969433" NAME="HLC 100 60 50" />
 <COLOR RGB="#aeab9b" NAME="HLC 100 70 10" />
 <COLOR RGB="#b0ac88" NAME="HLC 100 70 20" />
 <COLOR RGB="#b1ad76" NAME="HLC 100 70 30" />
 <COLOR RGB="#b1ae62" NAME="HLC 100 70 40" />
 <COLOR RGB="#b2ae4d" NAME="HLC 100 70 50" />
 <COLOR RGB="#b1af35" NAME="HLC 100 70 60" />
 <COLOR RGB="#afb014" NAME="HLC 100 70 70" />
 <COLOR RGB="#cac7b6" NAME="HLC 100 80 10" />
 <COLOR RGB="#cbc7a3" NAME="HLC 100 80 20" />
 <COLOR RGB="#ccc890" NAME="HLC 100 80 30" />
 <COLOR RGB="#cdc97c" NAME="HLC 100 80 40" />
 <COLOR RGB="#cec967" NAME="HLC 100 80 50" />
 <COLOR RGB="#ceca51" NAME="HLC 100 80 60" />
 <COLOR RGB="#cccb39" NAME="HLC 100 80 70" />
 <COLOR RGB="#cccc0a" NAME="HLC 100 80 80" />
 <COLOR RGB="#e6e3d1" NAME="HLC 100 90 10" />
 <COLOR RGB="#e8e3be" NAME="HLC 100 90 20" />
 <COLOR RGB="#e9e4aa" NAME="HLC 100 90 30" />
 <COLOR RGB="#e9e596" NAME="HLC 100 90 40" />
 <COLOR RGB="#ebe582" NAME="HLC 100 90 50" />
 <COLOR RGB="#303123" NAME="HLC 110 20 10" />
 <COLOR RGB="#464838" NAME="HLC 110 30 10" />
 <COLOR RGB="#45492a" NAME="HLC 110 30 20" />
 <COLOR RGB="#5e5f4f" NAME="HLC 110 40 10" />
 <COLOR RGB="#5d6140" NAME="HLC 110 40 20" />
 <COLOR RGB="#5a622e" NAME="HLC 110 40 30" />
 <COLOR RGB="#777867" NAME="HLC 110 50 10" />
 <COLOR RGB="#767958" NAME="HLC 110 50 20" />
 <COLOR RGB="#737b46" NAME="HLC 110 50 30" />
 <COLOR RGB="#707d34" NAME="HLC 110 50 40" />
 <COLOR RGB="#909281" NAME="HLC 110 60 10" />
 <COLOR RGB="#8f9370" NAME="HLC 110 60 20" />
 <COLOR RGB="#8c955e" NAME="HLC 110 60 30" />
 <COLOR RGB="#8a964d" NAME="HLC 110 60 40" />
 <COLOR RGB="#869837" NAME="HLC 110 60 50" />
 <COLOR RGB="#abac9b" NAME="HLC 110 70 10" />
 <COLOR RGB="#aaae8a" NAME="HLC 110 70 20" />
 <COLOR RGB="#a7b077" NAME="HLC 110 70 30" />
 <COLOR RGB="#a5b166" NAME="HLC 110 70 40" />
 <COLOR RGB="#a1b351" NAME="HLC 110 70 50" />
 <COLOR RGB="#9eb43c" NAME="HLC 110 70 60" />
 <COLOR RGB="#9bb61f" NAME="HLC 110 70 70" />
 <COLOR RGB="#c6c8b5" NAME="HLC 110 80 10" />
 <COLOR RGB="#c5c9a4" NAME="HLC 110 80 20" />
 <COLOR RGB="#c3cb91" NAME="HLC 110 80 30" />
 <COLOR RGB="#c1cd7f" NAME="HLC 110 80 40" />
 <COLOR RGB="#bdce6b" NAME="HLC 110 80 50" />
 <COLOR RGB="#e2e4d1" NAME="HLC 110 90 10" />
 <COLOR RGB="#e1e5c0" NAME="HLC 110 90 20" />
 <COLOR RGB="#dfe7ac" NAME="HLC 110 90 30" />
 <COLOR RGB="#2c3224" NAME="HLC 120 20 10" />
 <COLOR RGB="#43493a" NAME="HLC 120 30 10" />
 <COLOR RGB="#3e4b2b" NAME="HLC 120 30 20" />
 <COLOR RGB="#5a6151" NAME="HLC 120 40 10" />
 <COLOR RGB="#566342" NAME="HLC 120 40 20" />
 <COLOR RGB="#506532" NAME="HLC 120 40 30" />
 <COLOR RGB="#737969" NAME="HLC 120 50 10" />
 <COLOR RGB="#6e7c59" NAME="HLC 120 50 20" />
 <COLOR RGB="#697e49" NAME="HLC 120 50 30" />
 <COLOR RGB="#63803a" NAME="HLC 120 50 40" />
 <COLOR RGB="#8c9382" NAME="HLC 120 60 10" />
 <COLOR RGB="#889572" NAME="HLC 120 60 20" />
 <COLOR RGB="#829861" NAME="HLC 120 60 30" />
 <COLOR RGB="#7c9a52" NAME="HLC 120 60 40" />
 <COLOR RGB="#769c3f" NAME="HLC 120 60 50" />
 <COLOR RGB="#6e9e29" NAME="HLC 120 60 60" />
 <COLOR RGB="#a6ae9c" NAME="HLC 120 70 10" />
 <COLOR RGB="#a2b08c" NAME="HLC 120 70 20" />
 <COLOR RGB="#9db27b" NAME="HLC 120 70 30" />
 <COLOR RGB="#97b56b" NAME="HLC 120 70 40" />
 <COLOR RGB="#90b758" NAME="HLC 120 70 50" />
 <COLOR RGB="#89b944" NAME="HLC 120 70 60" />
 <COLOR RGB="#c2c9b7" NAME="HLC 120 80 10" />
 <COLOR RGB="#bdcba6" NAME="HLC 120 80 20" />
 <COLOR RGB="#b8ce95" NAME="HLC 120 80 30" />
 <COLOR RGB="#b2d085" NAME="HLC 120 80 40" />
 <COLOR RGB="#dee5d3" NAME="HLC 120 90 10" />
 <COLOR RGB="#d9e8c1" NAME="HLC 120 90 20" />
 <COLOR RGB="#2a3326" NAME="HLC 130 20 10" />
 <COLOR RGB="#40493c" NAME="HLC 130 30 10" />
 <COLOR RGB="#3a4c2e" NAME="HLC 130 30 20" />
 <COLOR RGB="#586153" NAME="HLC 130 40 10" />
 <COLOR RGB="#516445" NAME="HLC 130 40 20" />
 <COLOR RGB="#476637" NAME="HLC 130 40 30" />
 <COLOR RGB="#707a6b" NAME="HLC 130 50 10" />
 <COLOR RGB="#697d5d" NAME="HLC 130 50 20" />
 <COLOR RGB="#60804e" NAME="HLC 130 50 30" />
 <COLOR RGB="#578241" NAME="HLC 130 50 40" />
 <COLOR RGB="#4a8530" NAME="HLC 130 50 50" />
 <COLOR RGB="#8a9484" NAME="HLC 130 60 10" />
 <COLOR RGB="#839675" NAME="HLC 130 60 20" />
 <COLOR RGB="#799a67" NAME="HLC 130 60 30" />
 <COLOR RGB="#709c59" NAME="HLC 130 60 40" />
 <COLOR RGB="#649f49" NAME="HLC 130 60 50" />
 <COLOR RGB="#5aa137" NAME="HLC 130 60 60" />
 <COLOR RGB="#a4ae9e" NAME="HLC 130 70 10" />
 <COLOR RGB="#9db18f" NAME="HLC 130 70 20" />
 <COLOR RGB="#93b480" NAME="HLC 130 70 30" />
 <COLOR RGB="#8ab772" NAME="HLC 130 70 40" />
 <COLOR RGB="#7fba62" NAME="HLC 130 70 50" />
 <COLOR RGB="#bfcab9" NAME="HLC 130 80 10" />
 <COLOR RGB="#b8cdaa" NAME="HLC 130 80 20" />
 <COLOR RGB="#aed09a" NAME="HLC 130 80 30" />
 <COLOR RGB="#dbe6d5" NAME="HLC 130 90 10" />
 <COLOR RGB="#283327" NAME="HLC 140 20 10" />
 <COLOR RGB="#3e4a3d" NAME="HLC 140 30 10" />
 <COLOR RGB="#334d33" NAME="HLC 140 30 20" />
 <COLOR RGB="#255027" NAME="HLC 140 30 30" />
 <COLOR RGB="#556254" NAME="HLC 140 40 10" />
 <COLOR RGB="#4a654a" NAME="HLC 140 40 20" />
 <COLOR RGB="#3d683e" NAME="HLC 140 40 30" />
 <COLOR RGB="#2e6a33" NAME="HLC 140 40 40" />
 <COLOR RGB="#6e7a6c" NAME="HLC 140 50 10" />
 <COLOR RGB="#627e62" NAME="HLC 140 50 20" />
 <COLOR RGB="#558155" NAME="HLC 140 50 30" />
 <COLOR RGB="#48844a" NAME="HLC 140 50 40" />
 <COLOR RGB="#36873c" NAME="HLC 140 50 50" />
 <COLOR RGB="#879486" NAME="HLC 140 60 10" />
 <COLOR RGB="#7b987b" NAME="HLC 140 60 20" />
 <COLOR RGB="#6e9c6e" NAME="HLC 140 60 30" />
 <COLOR RGB="#629e62" NAME="HLC 140 60 40" />
 <COLOR RGB="#51a255" NAME="HLC 140 60 50" />
 <COLOR RGB="#3ba448" NAME="HLC 140 60 60" />
 <COLOR RGB="#a1afa0" NAME="HLC 140 70 10" />
 <COLOR RGB="#95b395" NAME="HLC 140 70 20" />
 <COLOR RGB="#88b787" NAME="HLC 140 70 30" />
 <COLOR RGB="#7cba7c" NAME="HLC 140 70 40" />
 <COLOR RGB="#bccabb" NAME="HLC 140 80 10" />
 <COLOR RGB="#b0ceaf" NAME="HLC 140 80 20" />
 <COLOR RGB="#d8e6d7" NAME="HLC 140 90 10" />
 <COLOR RGB="#263429" NAME="HLC 150 20 10" />
 <COLOR RGB="#3c4a3f" NAME="HLC 150 30 10" />
 <COLOR RGB="#2d4e36" NAME="HLC 150 30 20" />
 <COLOR RGB="#18512e" NAME="HLC 150 30 30" />
 <COLOR RGB="#536256" NAME="HLC 150 40 10" />
 <COLOR RGB="#44664d" NAME="HLC 150 40 20" />
 <COLOR RGB="#326944" NAME="HLC 150 40 30" />
 <COLOR RGB="#1b6c3b" NAME="HLC 150 40 40" />
 <COLOR RGB="#006f32" NAME="HLC 150 40 50" />
 <COLOR RGB="#6b7b6e" NAME="HLC 150 50 10" />
 <COLOR RGB="#5c7f65" NAME="HLC 150 50 20" />
 <COLOR RGB="#4b835c" NAME="HLC 150 50 30" />
 <COLOR RGB="#388653" NAME="HLC 150 50 40" />
 <COLOR RGB="#148949" NAME="HLC 150 50 50" />
 <COLOR RGB="#008b3f" NAME="HLC 150 50 60" />
 <COLOR RGB="#859587" NAME="HLC 150 60 10" />
 <COLOR RGB="#76997e" NAME="HLC 150 60 20" />
 <COLOR RGB="#659d75" NAME="HLC 150 60 30" />
 <COLOR RGB="#54a06b" NAME="HLC 150 60 40" />
 <COLOR RGB="#3aa462" NAME="HLC 150 60 50" />
 <COLOR RGB="#9fafa2" NAME="HLC 150 70 10" />
 <COLOR RGB="#90b498" NAME="HLC 150 70 20" />
 <COLOR RGB="#7fb88e" NAME="HLC 150 70 30" />
 <COLOR RGB="#6ebc85" NAME="HLC 150 70 40" />
 <COLOR RGB="#bacbbd" NAME="HLC 150 80 10" />
 <COLOR RGB="#aad0b3" NAME="HLC 150 80 20" />
 <COLOR RGB="#d5e7d8" NAME="HLC 150 90 10" />
 <COLOR RGB="#23342c" NAME="HLC 160 20 10" />
 <COLOR RGB="#0f3727" NAME="HLC 160 20 20" />
 <COLOR RGB="#394b42" NAME="HLC 160 30 10" />
 <COLOR RGB="#284e3d" NAME="HLC 160 30 20" />
 <COLOR RGB="#055136" NAME="HLC 160 30 30" />
 <COLOR RGB="#506359" NAME="HLC 160 40 10" />
 <COLOR RGB="#3f6654" NAME="HLC 160 40 20" />
 <COLOR RGB="#276a4d" NAME="HLC 160 40 30" />
 <COLOR RGB="#006d47" NAME="HLC 160 40 40" />
 <COLOR RGB="#007040" NAME="HLC 160 40 50" />
 <COLOR RGB="#687b71" NAME="HLC 160 50 10" />
 <COLOR RGB="#57806c" NAME="HLC 160 50 20" />
 <COLOR RGB="#418465" NAME="HLC 160 50 30" />
 <COLOR RGB="#23875f" NAME="HLC 160 50 40" />
 <COLOR RGB="#008a58" NAME="HLC 160 50 50" />
 <COLOR RGB="#008d52" NAME="HLC 160 50 60" />
 <COLOR RGB="#008f4c" NAME="HLC 160 50 70" />
 <COLOR RGB="#81958b" NAME="HLC 160 60 10" />
 <COLOR RGB="#719a85" NAME="HLC 160 60 20" />
 <COLOR RGB="#5b9e7e" NAME="HLC 160 60 30" />
 <COLOR RGB="#42a278" NAME="HLC 160 60 40" />
 <COLOR RGB="#0da570" NAME="HLC 160 60 50" />
 <COLOR RGB="#9bb0a5" NAME="HLC 160 70 10" />
 <COLOR RGB="#8ab59f" NAME="HLC 160 70 20" />
 <COLOR RGB="#76b998" NAME="HLC 160 70 30" />
 <COLOR RGB="#b6cbc0" NAME="HLC 160 80 10" />
 <COLOR RGB="#a5d0ba" NAME="HLC 160 80 20" />
 <COLOR RGB="#d2e8dc" NAME="HLC 160 90 10" />
 <COLOR RGB="#22342f" NAME="HLC 170 20 10" />
 <COLOR RGB="#07382b" NAME="HLC 170 20 20" />
 <COLOR RGB="#374b45" NAME="HLC 170 30 10" />
 <COLOR RGB="#224f41" NAME="HLC 170 30 20" />
 <COLOR RGB="#00523e" NAME="HLC 170 30 30" />
 <COLOR RGB="#4f635c" NAME="HLC 170 40 10" />
 <COLOR RGB="#3a6759" NAME="HLC 170 40 20" />
 <COLOR RGB="#1a6b55" NAME="HLC 170 40 30" />
 <COLOR RGB="#006e51" NAME="HLC 170 40 40" />
 <COLOR RGB="#00714f" NAME="HLC 170 40 50" />
 <COLOR RGB="#677c75" NAME="HLC 170 50 10" />
 <COLOR RGB="#538071" NAME="HLC 170 50 20" />
 <COLOR RGB="#38846d" NAME="HLC 170 50 30" />
 <COLOR RGB="#008869" NAME="HLC 170 50 40" />
 <COLOR RGB="#008b67" NAME="HLC 170 50 50" />
 <COLOR RGB="#008e64" NAME="HLC 170 50 60" />
 <COLOR RGB="#80958e" NAME="HLC 170 60 10" />
 <COLOR RGB="#6c9a8b" NAME="HLC 170 60 20" />
 <COLOR RGB="#539f87" NAME="HLC 170 60 30" />
 <COLOR RGB="#30a383" NAME="HLC 170 60 40" />
 <COLOR RGB="#00a680" NAME="HLC 170 60 50" />
 <COLOR RGB="#9ab0a9" NAME="HLC 170 70 10" />
 <COLOR RGB="#86b5a5" NAME="HLC 170 70 20" />
 <COLOR RGB="#6ebaa1" NAME="HLC 170 70 30" />
 <COLOR RGB="#b5ccc4" NAME="HLC 170 80 10" />
 <COLOR RGB="#a0d1c0" NAME="HLC 170 80 20" />
 <COLOR RGB="#d1e8e0" NAME="HLC 170 90 10" />
 <COLOR RGB="#1f3530" NAME="HLC 180 20 10" />
 <COLOR RGB="#003830" NAME="HLC 180 20 20" />
 <COLOR RGB="#354b46" NAME="HLC 180 30 10" />
 <COLOR RGB="#1b4f46" NAME="HLC 180 30 20" />
 <COLOR RGB="#005246" NAME="HLC 180 30 30" />
 <COLOR RGB="#4c635e" NAME="HLC 180 40 10" />
 <COLOR RGB="#34675e" NAME="HLC 180 40 20" />
 <COLOR RGB="#026b5d" NAME="HLC 180 40 30" />
 <COLOR RGB="#006e5d" NAME="HLC 180 40 40" />
 <COLOR RGB="#647c77" NAME="HLC 180 50 10" />
 <COLOR RGB="#4d8176" NAME="HLC 180 50 20" />
 <COLOR RGB="#2d8576" NAME="HLC 180 50 30" />
 <COLOR RGB="#008876" NAME="HLC 180 50 40" />
 <COLOR RGB="#008c75" NAME="HLC 180 50 50" />
 <COLOR RGB="#008e75" NAME="HLC 180 50 60" />
 <COLOR RGB="#7d9690" NAME="HLC 180 60 10" />
 <COLOR RGB="#679b90" NAME="HLC 180 60 20" />
 <COLOR RGB="#4a9f8f" NAME="HLC 180 60 30" />
 <COLOR RGB="#12a38f" NAME="HLC 180 60 40" />
 <COLOR RGB="#97b1ab" NAME="HLC 180 70 10" />
 <COLOR RGB="#81b6aa" NAME="HLC 180 70 20" />
 <COLOR RGB="#66baaa" NAME="HLC 180 70 30" />
 <COLOR RGB="#b2ccc6" NAME="HLC 180 80 10" />
 <COLOR RGB="#9cd1c5" NAME="HLC 180 80 20" />
 <COLOR RGB="#cee8e2" NAME="HLC 180 90 10" />
 <COLOR RGB="#203431" NAME="HLC 190 20 10" />
 <COLOR RGB="#003834" NAME="HLC 190 20 20" />
 <COLOR RGB="#364b48" NAME="HLC 190 30 10" />
 <COLOR RGB="#1a4f4b" NAME="HLC 190 30 20" />
 <COLOR RGB="#00524e" NAME="HLC 190 30 30" />
 <COLOR RGB="#4d6360" NAME="HLC 190 40 10" />
 <COLOR RGB="#346762" NAME="HLC 190 40 20" />
 <COLOR RGB="#006b65" NAME="HLC 190 40 30" />
 <COLOR RGB="#006e68" NAME="HLC 190 40 40" />
 <COLOR RGB="#657c78" NAME="HLC 190 50 10" />
 <COLOR RGB="#4d807b" NAME="HLC 190 50 20" />
 <COLOR RGB="#27857e" NAME="HLC 190 50 30" />
 <COLOR RGB="#008882" NAME="HLC 190 50 40" />
 <COLOR RGB="#008c83" NAME="HLC 190 50 50" />
 <COLOR RGB="#008f86" NAME="HLC 190 50 60" />
 <COLOR RGB="#7f9592" NAME="HLC 190 60 10" />
 <COLOR RGB="#669a95" NAME="HLC 190 60 20" />
 <COLOR RGB="#469f98" NAME="HLC 190 60 30" />
 <COLOR RGB="#00a39c" NAME="HLC 190 60 40" />
 <COLOR RGB="#99b0ac" NAME="HLC 190 70 10" />
 <COLOR RGB="#80b5b0" NAME="HLC 190 70 20" />
 <COLOR RGB="#62bab3" NAME="HLC 190 70 30" />
 <COLOR RGB="#b3ccc8" NAME="HLC 190 80 10" />
 <COLOR RGB="#9bd1cb" NAME="HLC 190 80 20" />
 <COLOR RGB="#cfe8e4" NAME="HLC 190 90 10" />
 <COLOR RGB="#1e3434" NAME="HLC 200 20 10" />
 <COLOR RGB="#003739" NAME="HLC 200 20 20" />
 <COLOR RGB="#344b4b" NAME="HLC 200 30 10" />
 <COLOR RGB="#184f4f" NAME="HLC 200 30 20" />
 <COLOR RGB="#005255" NAME="HLC 200 30 30" />
 <COLOR RGB="#4c6363" NAME="HLC 200 40 10" />
 <COLOR RGB="#336767" NAME="HLC 200 40 20" />
 <COLOR RGB="#006b6e" NAME="HLC 200 40 30" />
 <COLOR RGB="#006e72" NAME="HLC 200 40 40" />
 <COLOR RGB="#647c7c" NAME="HLC 200 50 10" />
 <COLOR RGB="#4c8080" NAME="HLC 200 50 20" />
 <COLOR RGB="#1f8487" NAME="HLC 200 50 30" />
 <COLOR RGB="#00888c" NAME="HLC 200 50 40" />
 <COLOR RGB="#008b92" NAME="HLC 200 50 50" />
 <COLOR RGB="#008e97" NAME="HLC 200 50 60" />
 <COLOR RGB="#7d9695" NAME="HLC 200 60 10" />
 <COLOR RGB="#669a9a" NAME="HLC 200 60 20" />
 <COLOR RGB="#419fa1" NAME="HLC 200 60 30" />
 <COLOR RGB="#00a3a6" NAME="HLC 200 60 40" />
 <COLOR RGB="#00a6ad" NAME="HLC 200 60 50" />
 <COLOR RGB="#97b0b0" NAME="HLC 200 70 10" />
 <COLOR RGB="#80b5b5" NAME="HLC 200 70 20" />
 <COLOR RGB="#5ebabc" NAME="HLC 200 70 30" />
 <COLOR RGB="#b2cccc" NAME="HLC 200 80 10" />
 <COLOR RGB="#9bd1d1" NAME="HLC 200 80 20" />
 <COLOR RGB="#cee8e8" NAME="HLC 200 90 10" />
 <COLOR RGB="#1f3437" NAME="HLC 210 20 10" />
 <COLOR RGB="#00373e" NAME="HLC 210 20 20" />
 <COLOR RGB="#354b4e" NAME="HLC 210 30 10" />
 <COLOR RGB="#144e56" NAME="HLC 210 30 20" />
 <COLOR RGB="#00525d" NAME="HLC 210 30 30" />
 <COLOR RGB="#4c6266" NAME="HLC 210 40 10" />
 <COLOR RGB="#30676e" NAME="HLC 210 40 20" />
 <COLOR RGB="#006a76" NAME="HLC 210 40 30" />
 <COLOR RGB="#006d7e" NAME="HLC 210 40 40" />
 <COLOR RGB="#647b7f" NAME="HLC 210 50 10" />
 <COLOR RGB="#4a8087" NAME="HLC 210 50 20" />
 <COLOR RGB="#1c8490" NAME="HLC 210 50 30" />
 <COLOR RGB="#008798" NAME="HLC 210 50 40" />
 <COLOR RGB="#008aa0" NAME="HLC 210 50 50" />
 <COLOR RGB="#7e9599" NAME="HLC 210 60 10" />
 <COLOR RGB="#649aa2" NAME="HLC 210 60 20" />
 <COLOR RGB="#409eaa" NAME="HLC 210 60 30" />
 <COLOR RGB="#00a2b3" NAME="HLC 210 60 40" />
 <COLOR RGB="#00a5bb" NAME="HLC 210 60 50" />
 <COLOR RGB="#98b0b4" NAME="HLC 210 70 10" />
 <COLOR RGB="#7eb5bd" NAME="HLC 210 70 20" />
 <COLOR RGB="#5db9c5" NAME="HLC 210 70 30" />
 <COLOR RGB="#b2cbcf" NAME="HLC 210 80 10" />
 <COLOR RGB="#99d0d8" NAME="HLC 210 80 20" />
 <COLOR RGB="#cee7ec" NAME="HLC 210 90 10" />
 <COLOR RGB="#203439" NAME="HLC 220 20 10" />
 <COLOR RGB="#003741" NAME="HLC 220 20 20" />
 <COLOR RGB="#364a50" NAME="HLC 220 30 10" />
 <COLOR RGB="#184e59" NAME="HLC 220 30 20" />
 <COLOR RGB="#005164" NAME="HLC 220 30 30" />
 <COLOR RGB="#4d6268" NAME="HLC 220 40 10" />
 <COLOR RGB="#336671" NAME="HLC 220 40 20" />
 <COLOR RGB="#00697d" NAME="HLC 220 40 30" />
 <COLOR RGB="#006c86" NAME="HLC 220 40 40" />
 <COLOR RGB="#667b81" NAME="HLC 220 50 10" />
 <COLOR RGB="#4d7f8b" NAME="HLC 220 50 20" />
 <COLOR RGB="#228396" NAME="HLC 220 50 30" />
 <COLOR RGB="#0086a1" NAME="HLC 220 50 40" />
 <COLOR RGB="#0089ad" NAME="HLC 220 50 50" />
 <COLOR RGB="#7f959b" NAME="HLC 220 60 10" />
 <COLOR RGB="#6799a5" NAME="HLC 220 60 20" />
 <COLOR RGB="#449db1" NAME="HLC 220 60 30" />
 <COLOR RGB="#00a0bc" NAME="HLC 220 60 40" />
 <COLOR RGB="#00a4c8" NAME="HLC 220 60 50" />
 <COLOR RGB="#99afb6" NAME="HLC 220 70 10" />
 <COLOR RGB="#81b4c0" NAME="HLC 220 70 20" />
 <COLOR RGB="#61b8cd" NAME="HLC 220 70 30" />
 <COLOR RGB="#b4cbd1" NAME="HLC 220 80 10" />
 <COLOR RGB="#9ccfdc" NAME="HLC 220 80 20" />
 <COLOR RGB="#cfe7ed" NAME="HLC 220 90 10" />
 <COLOR RGB="#21333a" NAME="HLC 230 20 10" />
 <COLOR RGB="#374a51" NAME="HLC 230 30 10" />
 <COLOR RGB="#1e4d5e" NAME="HLC 230 30 20" />
 <COLOR RGB="#00506a" NAME="HLC 230 30 30" />
 <COLOR RGB="#4e6269" NAME="HLC 230 40 10" />
 <COLOR RGB="#386576" NAME="HLC 230 40 20" />
 <COLOR RGB="#006883" NAME="HLC 230 40 30" />
 <COLOR RGB="#006b8f" NAME="HLC 230 40 40" />
 <COLOR RGB="#677a83" NAME="HLC 230 50 10" />
 <COLOR RGB="#517e90" NAME="HLC 230 50 20" />
 <COLOR RGB="#2c819d" NAME="HLC 230 50 30" />
 <COLOR RGB="#0084a9" NAME="HLC 230 50 40" />
 <COLOR RGB="#0087b7" NAME="HLC 230 50 50" />
 <COLOR RGB="#80949d" NAME="HLC 230 60 10" />
 <COLOR RGB="#6b98aa" NAME="HLC 230 60 20" />
 <COLOR RGB="#4b9bb8" NAME="HLC 230 60 30" />
 <COLOR RGB="#0c9ec5" NAME="HLC 230 60 40" />
 <COLOR RGB="#00a2d3" NAME="HLC 230 60 50" />
 <COLOR RGB="#00a5e1" NAME="HLC 230 60 60" />
 <COLOR RGB="#9aafb7" NAME="HLC 230 70 10" />
 <COLOR RGB="#85b2c6" NAME="HLC 230 70 20" />
 <COLOR RGB="#68b6d4" NAME="HLC 230 70 30" />
 <COLOR RGB="#41bae1" NAME="HLC 230 70 40" />
 <COLOR RGB="#b5cad3" NAME="HLC 230 80 10" />
 <COLOR RGB="#a0cee2" NAME="HLC 230 80 20" />
 <COLOR RGB="#84d2f1" NAME="HLC 230 80 30" />
 <COLOR RGB="#d1e6ef" NAME="HLC 230 90 10" />
 <COLOR RGB="#22333c" NAME="HLC 240 20 10" />
 <COLOR RGB="#023549" NAME="HLC 240 20 20" />
 <COLOR RGB="#384953" NAME="HLC 240 30 10" />
 <COLOR RGB="#214c61" NAME="HLC 240 30 20" />
 <COLOR RGB="#004e6f" NAME="HLC 240 30 30" />
 <COLOR RGB="#50616b" NAME="HLC 240 40 10" />
 <COLOR RGB="#3b647a" NAME="HLC 240 40 20" />
 <COLOR RGB="#106788" NAME="HLC 240 40 30" />
 <COLOR RGB="#006996" NAME="HLC 240 40 40" />
 <COLOR RGB="#687a84" NAME="HLC 240 50 10" />
 <COLOR RGB="#547d93" NAME="HLC 240 50 20" />
 <COLOR RGB="#3680a3" NAME="HLC 240 50 30" />
 <COLOR RGB="#0082b0" NAME="HLC 240 50 40" />
 <COLOR RGB="#0085c0" NAME="HLC 240 50 50" />
 <COLOR RGB="#0087d0" NAME="HLC 240 50 60" />
 <COLOR RGB="#81949e" NAME="HLC 240 60 10" />
 <COLOR RGB="#6e97ae" NAME="HLC 240 60 20" />
 <COLOR RGB="#549abe" NAME="HLC 240 60 30" />
 <COLOR RGB="#289ccc" NAME="HLC 240 60 40" />
 <COLOR RGB="#009fdc" NAME="HLC 240 60 50" />
 <COLOR RGB="#9caeb9" NAME="HLC 240 70 10" />
 <COLOR RGB="#88b1c9" NAME="HLC 240 70 20" />
 <COLOR RGB="#70b5da" NAME="HLC 240 70 30" />
 <COLOR RGB="#4eb7e8" NAME="HLC 240 70 40" />
 <COLOR RGB="#b6cad5" NAME="HLC 240 80 10" />
 <COLOR RGB="#a3cde6" NAME="HLC 240 80 20" />
 <COLOR RGB="#8cd0f6" NAME="HLC 240 80 30" />
 <COLOR RGB="#d2e6f1" NAME="HLC 240 90 10" />
 <COLOR RGB="#25323d" NAME="HLC 250 20 10" />
 <COLOR RGB="#11344a" NAME="HLC 250 20 20" />
 <COLOR RGB="#3b4854" NAME="HLC 250 30 10" />
 <COLOR RGB="#2b4a62" NAME="HLC 250 30 20" />
 <COLOR RGB="#004d72" NAME="HLC 250 30 30" />
 <COLOR RGB="#53606d" NAME="HLC 250 40 10" />
 <COLOR RGB="#44627b" NAME="HLC 250 40 20" />
 <COLOR RGB="#26648c" NAME="HLC 250 40 30" />
 <COLOR RGB="#00669b" NAME="HLC 250 40 40" />
 <COLOR RGB="#0069ab" NAME="HLC 250 40 50" />
 <COLOR RGB="#6b7986" NAME="HLC 250 50 10" />
 <COLOR RGB="#5d7b95" NAME="HLC 250 50 20" />
 <COLOR RGB="#447da6" NAME="HLC 250 50 30" />
 <COLOR RGB="#1d7fb6" NAME="HLC 250 50 40" />
 <COLOR RGB="#0082c7" NAME="HLC 250 50 50" />
 <COLOR RGB="#8593a0" NAME="HLC 250 60 10" />
 <COLOR RGB="#7695b0" NAME="HLC 250 60 20" />
 <COLOR RGB="#6097c2" NAME="HLC 250 60 30" />
 <COLOR RGB="#4499d1" NAME="HLC 250 60 40" />
 <COLOR RGB="#9fadbb" NAME="HLC 250 70 10" />
 <COLOR RGB="#90afcb" NAME="HLC 250 70 20" />
 <COLOR RGB="#7bb2dd" NAME="HLC 250 70 30" />
 <COLOR RGB="#bac9d7" NAME="HLC 250 80 10" />
 <COLOR RGB="#accbe8" NAME="HLC 250 80 20" />
 <COLOR RGB="#d6e5f3" NAME="HLC 250 90 10" />
 <COLOR RGB="#29313d" NAME="HLC 260 20 10" />
 <COLOR RGB="#19324c" NAME="HLC 260 20 20" />
 <COLOR RGB="#3f4755" NAME="HLC 260 30 10" />
 <COLOR RGB="#314964" NAME="HLC 260 30 20" />
 <COLOR RGB="#184a74" NAME="HLC 260 30 30" />
 <COLOR RGB="#575f6d" NAME="HLC 260 40 10" />
 <COLOR RGB="#49617d" NAME="HLC 260 40 20" />
 <COLOR RGB="#36628e" NAME="HLC 260 40 30" />
 <COLOR RGB="#0a649e" NAME="HLC 260 40 40" />
 <COLOR RGB="#0065af" NAME="HLC 260 40 50" />
 <COLOR RGB="#6f7886" NAME="HLC 260 50 10" />
 <COLOR RGB="#627997" NAME="HLC 260 50 20" />
 <COLOR RGB="#517ba8" NAME="HLC 260 50 30" />
 <COLOR RGB="#377db9" NAME="HLC 260 50 40" />
 <COLOR RGB="#8992a0" NAME="HLC 260 60 10" />
 <COLOR RGB="#7c93b2" NAME="HLC 260 60 20" />
 <COLOR RGB="#6c95c3" NAME="HLC 260 60 30" />
 <COLOR RGB="#5696d5" NAME="HLC 260 60 40" />
 <COLOR RGB="#a3acbb" NAME="HLC 260 70 10" />
 <COLOR RGB="#96aecd" NAME="HLC 260 70 20" />
 <COLOR RGB="#87afdf" NAME="HLC 260 70 30" />
 <COLOR RGB="#bec7d7" NAME="HLC 260 80 10" />
 <COLOR RGB="#b1c9ea" NAME="HLC 260 80 20" />
 <COLOR RGB="#dae3f3" NAME="HLC 260 90 10" />
 <COLOR RGB="#2a313f" NAME="HLC 270 20 10" />
 <COLOR RGB="#1f314e" NAME="HLC 270 20 20" />
 <COLOR RGB="#404756" NAME="HLC 270 30 10" />
 <COLOR RGB="#374866" NAME="HLC 270 30 20" />
 <COLOR RGB="#284875" NAME="HLC 270 30 30" />
 <COLOR RGB="#054985" NAME="HLC 270 30 40" />
 <COLOR RGB="#585f6e" NAME="HLC 270 40 10" />
 <COLOR RGB="#4f5f7f" NAME="HLC 270 40 20" />
 <COLOR RGB="#43608f" NAME="HLC 270 40 30" />
 <COLOR RGB="#3060a0" NAME="HLC 270 40 40" />
 <COLOR RGB="#0061b1" NAME="HLC 270 40 50" />
 <COLOR RGB="#707788" NAME="HLC 270 50 10" />
 <COLOR RGB="#687899" NAME="HLC 270 50 20" />
 <COLOR RGB="#5d78aa" NAME="HLC 270 50 30" />
 <COLOR RGB="#4d79bb" NAME="HLC 270 50 40" />
 <COLOR RGB="#8a91a2" NAME="HLC 270 60 10" />
 <COLOR RGB="#8192b4" NAME="HLC 270 60 20" />
 <COLOR RGB="#7792c5" NAME="HLC 270 60 30" />
 <COLOR RGB="#a4acbd" NAME="HLC 270 70 10" />
 <COLOR RGB="#9caccf" NAME="HLC 270 70 20" />
 <COLOR RGB="#bfc7d9" NAME="HLC 270 80 10" />
 <COLOR RGB="#b7c7ec" NAME="HLC 270 80 20" />
 <COLOR RGB="#dbe3f5" NAME="HLC 270 90 10" />
 <COLOR RGB="#2c303d" NAME="HLC 280 20 10" />
 <COLOR RGB="#27304c" NAME="HLC 280 20 20" />
 <COLOR RGB="#434655" NAME="HLC 280 30 10" />
 <COLOR RGB="#3e4664" NAME="HLC 280 30 20" />
 <COLOR RGB="#374674" NAME="HLC 280 30 30" />
 <COLOR RGB="#2b4584" NAME="HLC 280 30 40" />
 <COLOR RGB="#0e4694" NAME="HLC 280 30 50" />
 <COLOR RGB="#5a5e6d" NAME="HLC 280 40 10" />
 <COLOR RGB="#565e7d" NAME="HLC 280 40 20" />
 <COLOR RGB="#505d8e" NAME="HLC 280 40 30" />
 <COLOR RGB="#475d9e" NAME="HLC 280 40 40" />
 <COLOR RGB="#737786" NAME="HLC 280 50 10" />
 <COLOR RGB="#6f7697" NAME="HLC 280 50 20" />
 <COLOR RGB="#6976a8" NAME="HLC 280 50 30" />
 <COLOR RGB="#6175ba" NAME="HLC 280 50 40" />
 <COLOR RGB="#8c90a0" NAME="HLC 280 60 10" />
 <COLOR RGB="#8890b2" NAME="HLC 280 60 20" />
 <COLOR RGB="#838fc4" NAME="HLC 280 60 30" />
 <COLOR RGB="#a7abbb" NAME="HLC 280 70 10" />
 <COLOR RGB="#a3aace" NAME="HLC 280 70 20" />
 <COLOR RGB="#c2c6d7" NAME="HLC 280 80 10" />
 <COLOR RGB="#bec5ea" NAME="HLC 280 80 20" />
 <COLOR RGB="#dee2f4" NAME="HLC 280 90 10" />
 <COLOR RGB="#302f3d" NAME="HLC 290 20 10" />
 <COLOR RGB="#2e2e4b" NAME="HLC 290 20 20" />
 <COLOR RGB="#2a2c5a" NAME="HLC 290 20 30" />
 <COLOR RGB="#464555" NAME="HLC 290 30 10" />
 <COLOR RGB="#454463" NAME="HLC 290 30 20" />
 <COLOR RGB="#424373" NAME="HLC 290 30 30" />
 <COLOR RGB="#3e4181" NAME="HLC 290 30 40" />
 <COLOR RGB="#374091" NAME="HLC 290 30 50" />
 <COLOR RGB="#5e5d6d" NAME="HLC 290 40 10" />
 <COLOR RGB="#5c5c7c" NAME="HLC 290 40 20" />
 <COLOR RGB="#5b5a8c" NAME="HLC 290 40 30" />
 <COLOR RGB="#57599b" NAME="HLC 290 40 40" />
 <COLOR RGB="#777686" NAME="HLC 290 50 10" />
 <COLOR RGB="#757496" NAME="HLC 290 50 20" />
 <COLOR RGB="#7473a7" NAME="HLC 290 50 30" />
 <COLOR RGB="#908fa0" NAME="HLC 290 60 10" />
 <COLOR RGB="#8f8eb0" NAME="HLC 290 60 20" />
 <COLOR RGB="#8e8cc2" NAME="HLC 290 60 30" />
 <COLOR RGB="#abaabb" NAME="HLC 290 70 10" />
 <COLOR RGB="#aaa8cc" NAME="HLC 290 70 20" />
 <COLOR RGB="#c6c5d7" NAME="HLC 290 80 10" />
 <COLOR RGB="#e2e1f4" NAME="HLC 290 90 10" />
 <COLOR RGB="#332e3c" NAME="HLC 300 20 10" />
 <COLOR RGB="#352c49" NAME="HLC 300 20 20" />
 <COLOR RGB="#362957" NAME="HLC 300 20 30" />
 <COLOR RGB="#4a4453" NAME="HLC 300 30 10" />
 <COLOR RGB="#4c4261" NAME="HLC 300 30 20" />
 <COLOR RGB="#4d3f6f" NAME="HLC 300 30 30" />
 <COLOR RGB="#4e3d7c" NAME="HLC 300 30 40" />
 <COLOR RGB="#4e3a8b" NAME="HLC 300 30 50" />
 <COLOR RGB="#625c6b" NAME="HLC 300 40 10" />
 <COLOR RGB="#64597a" NAME="HLC 300 40 20" />
 <COLOR RGB="#665789" NAME="HLC 300 40 30" />
 <COLOR RGB="#685496" NAME="HLC 300 40 40" />
 <COLOR RGB="#7b7485" NAME="HLC 300 50 10" />
 <COLOR RGB="#7d7294" NAME="HLC 300 50 20" />
 <COLOR RGB="#7f6fa3" NAME="HLC 300 50 30" />
 <COLOR RGB="#816cb1" NAME="HLC 300 50 40" />
 <COLOR RGB="#958e9f" NAME="HLC 300 60 10" />
 <COLOR RGB="#978baf" NAME="HLC 300 60 20" />
 <COLOR RGB="#9a89bf" NAME="HLC 300 60 30" />
 <COLOR RGB="#afa8ba" NAME="HLC 300 70 10" />
 <COLOR RGB="#b2a6ca" NAME="HLC 300 70 20" />
 <COLOR RGB="#cbc4d5" NAME="HLC 300 80 10" />
 <COLOR RGB="#cec1e6" NAME="HLC 300 80 20" />
 <COLOR RGB="#e7e0f2" NAME="HLC 300 90 10" />
 <COLOR RGB="#352d3b" NAME="HLC 310 20 10" />
 <COLOR RGB="#392a46" NAME="HLC 310 20 20" />
 <COLOR RGB="#3e2652" NAME="HLC 310 20 30" />
 <COLOR RGB="#4c4452" NAME="HLC 310 30 10" />
 <COLOR RGB="#51415e" NAME="HLC 310 30 20" />
 <COLOR RGB="#563c6b" NAME="HLC 310 30 30" />
 <COLOR RGB="#5a3876" NAME="HLC 310 30 40" />
 <COLOR RGB="#5e3383" NAME="HLC 310 30 50" />
 <COLOR RGB="#645b6a" NAME="HLC 310 40 10" />
 <COLOR RGB="#695877" NAME="HLC 310 40 20" />
 <COLOR RGB="#6f5484" NAME="HLC 310 40 30" />
 <COLOR RGB="#735090" NAME="HLC 310 40 40" />
 <COLOR RGB="#7d7483" NAME="HLC 310 50 10" />
 <COLOR RGB="#827091" NAME="HLC 310 50 20" />
 <COLOR RGB="#896c9f" NAME="HLC 310 50 30" />
 <COLOR RGB="#8d68ab" NAME="HLC 310 50 40" />
 <COLOR RGB="#978d9d" NAME="HLC 310 60 10" />
 <COLOR RGB="#9c8aab" NAME="HLC 310 60 20" />
 <COLOR RGB="#a386ba" NAME="HLC 310 60 30" />
 <COLOR RGB="#b2a8b8" NAME="HLC 310 70 10" />
 <COLOR RGB="#b7a4c7" NAME="HLC 310 70 20" />
 <COLOR RGB="#cdc3d4" NAME="HLC 310 80 10" />
 <COLOR RGB="#d3bfe3" NAME="HLC 310 80 20" />
 <COLOR RGB="#e9dff0" NAME="HLC 310 90 10" />
 <COLOR RGB="#372d39" NAME="HLC 320 20 10" />
 <COLOR RGB="#3f2842" NAME="HLC 320 20 20" />
 <COLOR RGB="#46224d" NAME="HLC 320 20 30" />
 <COLOR RGB="#4e4350" NAME="HLC 320 30 10" />
 <COLOR RGB="#573e5a" NAME="HLC 320 30 20" />
 <COLOR RGB="#5e3965" NAME="HLC 320 30 30" />
 <COLOR RGB="#65336e" NAME="HLC 320 30 40" />
 <COLOR RGB="#6b2b7a" NAME="HLC 320 30 50" />
 <COLOR RGB="#665b68" NAME="HLC 320 40 10" />
 <COLOR RGB="#705672" NAME="HLC 320 40 20" />
 <COLOR RGB="#78517e" NAME="HLC 320 40 30" />
 <COLOR RGB="#7f4b88" NAME="HLC 320 40 40" />
 <COLOR RGB="#864494" NAME="HLC 320 40 50" />
 <COLOR RGB="#7f7381" NAME="HLC 320 50 10" />
 <COLOR RGB="#896e8c" NAME="HLC 320 50 20" />
 <COLOR RGB="#926998" NAME="HLC 320 50 30" />
 <COLOR RGB="#9964a2" NAME="HLC 320 50 40" />
 <COLOR RGB="#998d9b" NAME="HLC 320 60 10" />
 <COLOR RGB="#a488a6" NAME="HLC 320 60 20" />
 <COLOR RGB="#ad83b3" NAME="HLC 320 60 30" />
 <COLOR RGB="#b4a7b6" NAME="HLC 320 70 10" />
 <COLOR RGB="#bfa2c1" NAME="HLC 320 70 20" />
 <COLOR RGB="#c89dce" NAME="HLC 320 70 30" />
 <COLOR RGB="#d0c2d2" NAME="HLC 320 80 10" />
 <COLOR RGB="#dbbddd" NAME="HLC 320 80 20" />
 <COLOR RGB="#ecdeee" NAME="HLC 320 90 10" />
 <COLOR RGB="#392c38" NAME="HLC 330 20 10" />
 <COLOR RGB="#43273f" NAME="HLC 330 20 20" />
 <COLOR RGB="#4c1f47" NAME="HLC 330 20 30" />
 <COLOR RGB="#50424f" NAME="HLC 330 30 10" />
 <COLOR RGB="#5b3d57" NAME="HLC 330 30 20" />
 <COLOR RGB="#65365f" NAME="HLC 330 30 30" />
 <COLOR RGB="#6d2f67" NAME="HLC 330 30 40" />
 <COLOR RGB="#76246f" NAME="HLC 330 30 50" />
 <COLOR RGB="#695a67" NAME="HLC 330 40 10" />
 <COLOR RGB="#74546f" NAME="HLC 330 40 20" />
 <COLOR RGB="#7e4e77" NAME="HLC 330 40 30" />
 <COLOR RGB="#874780" NAME="HLC 330 40 40" />
 <COLOR RGB="#913e88" NAME="HLC 330 40 50" />
 <COLOR RGB="#827280" NAME="HLC 330 50 10" />
 <COLOR RGB="#8e6d88" NAME="HLC 330 50 20" />
 <COLOR RGB="#996791" NAME="HLC 330 50 30" />
 <COLOR RGB="#a2609a" NAME="HLC 330 50 40" />
 <COLOR RGB="#9c8c9a" NAME="HLC 330 60 10" />
 <COLOR RGB="#a886a3" NAME="HLC 330 60 20" />
 <COLOR RGB="#b480ac" NAME="HLC 330 60 30" />
 <COLOR RGB="#be7ab5" NAME="HLC 330 60 40" />
 <COLOR RGB="#b7a6b4" NAME="HLC 330 70 10" />
 <COLOR RGB="#c4a1be" NAME="HLC 330 70 20" />
 <COLOR RGB="#d09ac7" NAME="HLC 330 70 30" />
 <COLOR RGB="#d2c2d0" NAME="HLC 330 80 10" />
 <COLOR RGB="#e0bcda" NAME="HLC 330 80 20" />
 <COLOR RGB="#efddec" NAME="HLC 330 90 10" />
 <COLOR RGB="#3c2c35" NAME="HLC 340 20 10" />
 <COLOR RGB="#46263a" NAME="HLC 340 20 20" />
 <COLOR RGB="#511d40" NAME="HLC 340 20 30" />
 <COLOR RGB="#53424c" NAME="HLC 340 30 10" />
 <COLOR RGB="#5e3c51" NAME="HLC 340 30 20" />
 <COLOR RGB="#6a3457" NAME="HLC 340 30 30" />
 <COLOR RGB="#742b5c" NAME="HLC 340 30 40" />
 <COLOR RGB="#7f1b62" NAME="HLC 340 30 50" />
 <COLOR RGB="#6b5963" NAME="HLC 340 40 10" />
 <COLOR RGB="#775369" NAME="HLC 340 40 20" />
 <COLOR RGB="#844c6f" NAME="HLC 340 40 30" />
 <COLOR RGB="#8f4475" NAME="HLC 340 40 40" />
 <COLOR RGB="#9a387b" NAME="HLC 340 40 50" />
 <COLOR RGB="#a52981" NAME="HLC 340 40 60" />
 <COLOR RGB="#85727c" NAME="HLC 340 50 10" />
 <COLOR RGB="#916c82" NAME="HLC 340 50 20" />
 <COLOR RGB="#9e6589" NAME="HLC 340 50 30" />
 <COLOR RGB="#aa5d8e" NAME="HLC 340 50 40" />
 <COLOR RGB="#b65395" NAME="HLC 340 50 50" />
 <COLOR RGB="#9f8b96" NAME="HLC 340 60 10" />
 <COLOR RGB="#ac859c" NAME="HLC 340 60 20" />
 <COLOR RGB="#ba7ea3" NAME="HLC 340 60 30" />
 <COLOR RGB="#c677a9" NAME="HLC 340 60 40" />
 <COLOR RGB="#baa6b1" NAME="HLC 340 70 10" />
 <COLOR RGB="#c8a0b7" NAME="HLC 340 70 20" />
 <COLOR RGB="#d698be" NAME="HLC 340 70 30" />
 <COLOR RGB="#d5c1cc" NAME="HLC 340 80 10" />
 <COLOR RGB="#e4bbd2" NAME="HLC 340 80 20" />
 <COLOR RGB="#f2dde8" NAME="HLC 340 90 10" />
 <COLOR RGB="#3c2c32" NAME="HLC 350 20 10" />
 <COLOR RGB="#482535" NAME="HLC 350 20 20" />
 <COLOR RGB="#531b39" NAME="HLC 350 20 30" />
 <COLOR RGB="#544249" NAME="HLC 350 30 10" />
 <COLOR RGB="#613b4c" NAME="HLC 350 30 20" />
 <COLOR RGB="#6d334f" NAME="HLC 350 30 30" />
 <COLOR RGB="#792853" NAME="HLC 350 30 40" />
 <COLOR RGB="#841555" NAME="HLC 350 30 50" />
 <COLOR RGB="#6c5960" NAME="HLC 350 40 10" />
 <COLOR RGB="#7a5364" NAME="HLC 350 40 20" />
 <COLOR RGB="#874b68" NAME="HLC 350 40 30" />
 <COLOR RGB="#94416b" NAME="HLC 350 40 40" />
 <COLOR RGB="#a0346d" NAME="HLC 350 40 50" />
 <COLOR RGB="#ac2171" NAME="HLC 350 40 60" />
 <COLOR RGB="#867279" NAME="HLC 350 50 10" />
 <COLOR RGB="#946b7d" NAME="HLC 350 50 20" />
 <COLOR RGB="#a26381" NAME="HLC 350 50 30" />
 <COLOR RGB="#b05a84" NAME="HLC 350 50 40" />
 <COLOR RGB="#bd4f86" NAME="HLC 350 50 50" />
 <COLOR RGB="#c9418a" NAME="HLC 350 50 60" />
 <COLOR RGB="#a08b93" NAME="HLC 350 60 10" />
 <COLOR RGB="#af8597" NAME="HLC 350 60 20" />
 <COLOR RGB="#be7d9b" NAME="HLC 350 60 30" />
 <COLOR RGB="#cc749e" NAME="HLC 350 60 40" />
 <COLOR RGB="#da6aa1" NAME="HLC 350 60 50" />
 <COLOR RGB="#bba6ad" NAME="HLC 350 70 10" />
 <COLOR RGB="#cb9fb1" NAME="HLC 350 70 20" />
 <COLOR RGB="#da97b5" NAME="HLC 350 70 30" />
 <COLOR RGB="#e98fb9" NAME="HLC 350 70 40" />
 <COLOR RGB="#d7c1c9" NAME="HLC 350 80 10" />
 <COLOR RGB="#e7bacd" NAME="HLC 350 80 20" />
 <COLOR RGB="#f3dde5" NAME="HLC 350 90 10" />
 <COLOR RGB="#3e2b31" NAME="HLC 360 20 10" />
 <COLOR RGB="#4b2431" NAME="HLC 360 20 20" />
 <COLOR RGB="#561932" NAME="HLC 360 20 30" />
 <COLOR RGB="#564147" NAME="HLC 360 30 10" />
 <COLOR RGB="#633a47" NAME="HLC 360 30 20" />
 <COLOR RGB="#703248" NAME="HLC 360 30 30" />
 <COLOR RGB="#7c2648" NAME="HLC 360 30 40" />
 <COLOR RGB="#871149" NAME="HLC 360 30 50" />
 <COLOR RGB="#6e595f" NAME="HLC 360 40 10" />
 <COLOR RGB="#7d525f" NAME="HLC 360 40 20" />
 <COLOR RGB="#8a4a60" NAME="HLC 360 40 30" />
 <COLOR RGB="#974060" NAME="HLC 360 40 40" />
 <COLOR RGB="#a43261" NAME="HLC 360 40 50" />
 <COLOR RGB="#b01d61" NAME="HLC 360 40 60" />
 <COLOR RGB="#887177" NAME="HLC 360 50 10" />
 <COLOR RGB="#976a78" NAME="HLC 360 50 20" />
 <COLOR RGB="#a66278" NAME="HLC 360 50 30" />
 <COLOR RGB="#b45979" NAME="HLC 360 50 40" />
 <COLOR RGB="#c14e79" NAME="HLC 360 50 50" />
 <COLOR RGB="#ce3f7a" NAME="HLC 360 50 60" />
 <COLOR RGB="#db287a" NAME="HLC 360 50 70" />
 <COLOR RGB="#a28b91" NAME="HLC 360 60 10" />
 <COLOR RGB="#b28491" NAME="HLC 360 60 20" />
 <COLOR RGB="#c27c92" NAME="HLC 360 60 30" />
 <COLOR RGB="#d07392" NAME="HLC 360 60 40" />
 <COLOR RGB="#de6993" NAME="HLC 360 60 50" />
 <COLOR RGB="#bda5ab" NAME="HLC 360 70 10" />
 <COLOR RGB="#ce9eac" NAME="HLC 360 70 20" />
 <COLOR RGB="#de96ac" NAME="HLC 360 70 30" />
 <COLOR RGB="#ed8ead" NAME="HLC 360 70 40" />
 <COLOR RGB="#d9c0c7" NAME="HLC 360 80 10" />
 <COLOR RGB="#ebb9c7" NAME="HLC 360 80 20" />
 <COLOR RGB="#f6dce3" NAME="HLC 360 90 10" />
</SCRIBUSCOLORS>