<?xml version="1.0" encoding="UTF-8"?>
<SCRIBUSCOLORS Name="CIE-LAB">
 <COLOR RGB="#fcf0ca" NAME="Lab 95 00 20" />
 <COLOR RGB="#f7f0dd" NAME="Lab 95 00 10" />
 <COLOR RGB="#f1f1f1" NAME="Lab 95 00 00" />
 <COLOR RGB="#e8e77f" NAME="Lab 90 -10 50" />
 <COLOR RGB="#e4e794" NAME="Lab 90 -10 40" />
 <COLOR RGB="#e0e7a8" NAME="Lab 90 -10 30" />
 <COLOR RGB="#dbe8bb" NAME="Lab 90 -10 20" />
 <COLOR RGB="#d5e8cf" NAME="Lab 90 -10 10" />
 <COLOR RGB="#cee8e2" NAME="Lab 90 -10 00" />
 <COLOR RGB="#c5e9f5" NAME="Lab 90 -10 -10" />
 <COLOR RGB="#fde06b" NAME="Lab 90 00 60" />
 <COLOR RGB="#fae180" NAME="Lab 90 00 50" />
 <COLOR RGB="#f6e195" NAME="Lab 90 00 40" />
 <COLOR RGB="#f2e1a9" NAME="Lab 90 00 30" />
 <COLOR RGB="#eee2bc" NAME="Lab 90 00 20" />
 <COLOR RGB="#e9e2cf" NAME="Lab 90 00 10" />
 <COLOR RGB="#e2e2e2" NAME="Lab 90 00 00" />
 <COLOR RGB="#dbe3f5" NAME="Lab 90 00 -10" />
 <COLOR RGB="#fbdbd0" NAME="Lab 90 10 10" />
 <COLOR RGB="#f6dce3" NAME="Lab 90 10 00" />
 <COLOR RGB="#e1d81d" NAME="Lab 85 -10 80" />
 <COLOR RGB="#dfd842" NAME="Lab 85 -10 70" />
 <COLOR RGB="#dcd85c" NAME="Lab 85 -10 60" />
 <COLOR RGB="#d9d972" NAME="Lab 85 -10 50" />
 <COLOR RGB="#d6d987" NAME="Lab 85 -10 40" />
 <COLOR RGB="#d2d99b" NAME="Lab 85 -10 30" />
 <COLOR RGB="#cdd9ae" NAME="Lab 85 -10 20" />
 <COLOR RGB="#c7dac1" NAME="Lab 85 -10 10" />
 <COLOR RGB="#c0dad4" NAME="Lab 85 -10 00" />
 <COLOR RGB="#b8dbe7" NAME="Lab 85 -10 -10" />
 <COLOR RGB="#f3d200" NAME="Lab 85 00 90" />
 <COLOR RGB="#f2d221" NAME="Lab 85 00 80" />
 <COLOR RGB="#f0d244" NAME="Lab 85 00 70" />
 <COLOR RGB="#eed25d" NAME="Lab 85 00 60" />
 <COLOR RGB="#ebd373" NAME="Lab 85 00 50" />
 <COLOR RGB="#e8d388" NAME="Lab 85 00 40" />
 <COLOR RGB="#e4d39b" NAME="Lab 85 00 30" />
 <COLOR RGB="#e0d3ae" NAME="Lab 85 00 20" />
 <COLOR RGB="#dad4c1" NAME="Lab 85 00 10" />
 <COLOR RGB="#d4d4d4" NAME="Lab 85 00 00" />
 <COLOR RGB="#cdd5e7" NAME="Lab 85 00 -10" />
 <COLOR RGB="#f9cc88" NAME="Lab 85 10 40" />
 <COLOR RGB="#f5cd9c" NAME="Lab 85 10 30" />
 <COLOR RGB="#f1cdaf" NAME="Lab 85 10 20" />
 <COLOR RGB="#edcdc2" NAME="Lab 85 10 10" />
 <COLOR RGB="#e7ced5" NAME="Lab 85 10 00" />
 <COLOR RGB="#e1cee7" NAME="Lab 85 10 -10" />
 <COLOR RGB="#f9c7d5" NAME="Lab 85 20 00" />
 <COLOR RGB="#bcd04d" NAME="Lab 80 -20 60" />
 <COLOR RGB="#b8d064" NAME="Lab 80 -20 50" />
 <COLOR RGB="#b5d079" NAME="Lab 80 -20 40" />
 <COLOR RGB="#b0d08d" NAME="Lab 80 -20 30" />
 <COLOR RGB="#aad1a0" NAME="Lab 80 -20 20" />
 <COLOR RGB="#a4d1b3" NAME="Lab 80 -20 10" />
 <COLOR RGB="#9cd1c5" NAME="Lab 80 -20 00" />
 <COLOR RGB="#92d2d8" NAME="Lab 80 -20 -10" />
 <COLOR RGB="#d2ca00" NAME="Lab 80 -10 80" />
 <COLOR RGB="#d0ca33" NAME="Lab 80 -10 70" />
 <COLOR RGB="#ceca4e" NAME="Lab 80 -10 60" />
 <COLOR RGB="#cbcb65" NAME="Lab 80 -10 50" />
 <COLOR RGB="#c8cb7a" NAME="Lab 80 -10 40" />
 <COLOR RGB="#c4cb8d" NAME="Lab 80 -10 30" />
 <COLOR RGB="#bfcba0" NAME="Lab 80 -10 20" />
 <COLOR RGB="#b9ccb3" NAME="Lab 80 -10 10" />
 <COLOR RGB="#b2ccc6" NAME="Lab 80 -10 00" />
 <COLOR RGB="#aacdd9" NAME="Lab 80 -10 -10" />
 <COLOR RGB="#a0cdeb" NAME="Lab 80 -10 -20" />
 <COLOR RGB="#e3c400" NAME="Lab 80 00 80" />
 <COLOR RGB="#e1c435" NAME="Lab 80 00 70" />
 <COLOR RGB="#dfc550" NAME="Lab 80 00 60" />
 <COLOR RGB="#dcc566" NAME="Lab 80 00 50" />
 <COLOR RGB="#d9c57a" NAME="Lab 80 00 40" />
 <COLOR RGB="#d6c58e" NAME="Lab 80 00 30" />
 <COLOR RGB="#d1c6a1" NAME="Lab 80 00 20" />
 <COLOR RGB="#ccc6b4" NAME="Lab 80 00 10" />
 <COLOR RGB="#c6c6c6" NAME="Lab 80 00 00" />
 <COLOR RGB="#bfc7d9" NAME="Lab 80 00 -10" />
 <COLOR RGB="#b7c7ec" NAME="Lab 80 00 -20" />
 <COLOR RGB="#f2be0a" NAME="Lab 80 10 80" />
 <COLOR RGB="#f1be37" NAME="Lab 80 10 70" />
 <COLOR RGB="#efbe51" NAME="Lab 80 10 60" />
 <COLOR RGB="#edbe67" NAME="Lab 80 10 50" />
 <COLOR RGB="#eabf7b" NAME="Lab 80 10 40" />
 <COLOR RGB="#e7bf8f" NAME="Lab 80 10 30" />
 <COLOR RGB="#e3bfa2" NAME="Lab 80 10 20" />
 <COLOR RGB="#dec0b4" NAME="Lab 80 10 10" />
 <COLOR RGB="#d9c0c7" NAME="Lab 80 10 00" />
 <COLOR RGB="#d3c0d9" NAME="Lab 80 10 -10" />
 <COLOR RGB="#f4b8a2" NAME="Lab 80 20 20" />
 <COLOR RGB="#efb9b5" NAME="Lab 80 20 10" />
 <COLOR RGB="#ebb9c7" NAME="Lab 80 20 00" />
 <COLOR RGB="#e5bada" NAME="Lab 80 20 -10" />
 <COLOR RGB="#b0c21e" NAME="Lab 75 -20 70" />
 <COLOR RGB="#adc23f" NAME="Lab 75 -20 60" />
 <COLOR RGB="#aac257" NAME="Lab 75 -20 50" />
 <COLOR RGB="#a7c26c" NAME="Lab 75 -20 40" />
 <COLOR RGB="#a2c380" NAME="Lab 75 -20 30" />
 <COLOR RGB="#9dc393" NAME="Lab 75 -20 20" />
 <COLOR RGB="#96c3a5" NAME="Lab 75 -20 10" />
 <COLOR RGB="#8ec4b8" NAME="Lab 75 -20 00" />
 <COLOR RGB="#84c4ca" NAME="Lab 75 -20 -10" />
 <COLOR RGB="#77c4dd" NAME="Lab 75 -20 -20" />
 <COLOR RGB="#67c5ef" NAME="Lab 75 -20 -30" />
 <COLOR RGB="#c1bc21" NAME="Lab 75 -10 70" />
 <COLOR RGB="#bfbd41" NAME="Lab 75 -10 60" />
 <COLOR RGB="#bdbd58" NAME="Lab 75 -10 50" />
 <COLOR RGB="#babd6d" NAME="Lab 75 -10 40" />
 <COLOR RGB="#b6bd80" NAME="Lab 75 -10 30" />
 <COLOR RGB="#b1be93" NAME="Lab 75 -10 20" />
 <COLOR RGB="#abbea6" NAME="Lab 75 -10 10" />
 <COLOR RGB="#a5beb8" NAME="Lab 75 -10 00" />
 <COLOR RGB="#9cbfcb" NAME="Lab 75 -10 -10" />
 <COLOR RGB="#92bfdd" NAME="Lab 75 -10 -20" />
 <COLOR RGB="#d2b724" NAME="Lab 75 00 70" />
 <COLOR RGB="#d0b742" NAME="Lab 75 00 60" />
 <COLOR RGB="#ceb759" NAME="Lab 75 00 50" />
 <COLOR RGB="#cbb76e" NAME="Lab 75 00 40" />
 <COLOR RGB="#c8b881" NAME="Lab 75 00 30" />
 <COLOR RGB="#c3b894" NAME="Lab 75 00 20" />
 <COLOR RGB="#beb8a6" NAME="Lab 75 00 10" />
 <COLOR RGB="#b9b9b9" NAME="Lab 75 00 00" />
 <COLOR RGB="#b2b9cb" NAME="Lab 75 00 -10" />
 <COLOR RGB="#a9badd" NAME="Lab 75 00 -20" />
 <COLOR RGB="#e3b000" NAME="Lab 75 10 80" />
 <COLOR RGB="#e2b027" NAME="Lab 75 10 70" />
 <COLOR RGB="#e0b044" NAME="Lab 75 10 60" />
 <COLOR RGB="#deb15a" NAME="Lab 75 10 50" />
 <COLOR RGB="#dbb16e" NAME="Lab 75 10 40" />
 <COLOR RGB="#d8b182" NAME="Lab 75 10 30" />
 <COLOR RGB="#d5b294" NAME="Lab 75 10 20" />
 <COLOR RGB="#d0b2a7" NAME="Lab 75 10 10" />
 <COLOR RGB="#cbb2b9" NAME="Lab 75 10 00" />
 <COLOR RGB="#c5b3cb" NAME="Lab 75 10 -10" />
 <COLOR RGB="#beb3de" NAME="Lab 75 10 -20" />
 <COLOR RGB="#f1a92a" NAME="Lab 75 20 70" />
 <COLOR RGB="#efa945" NAME="Lab 75 20 60" />
 <COLOR RGB="#eeaa5b" NAME="Lab 75 20 50" />
 <COLOR RGB="#ebaa6f" NAME="Lab 75 20 40" />
 <COLOR RGB="#e8aa82" NAME="Lab 75 20 30" />
 <COLOR RGB="#e5ab95" NAME="Lab 75 20 20" />
 <COLOR RGB="#e1aba7" NAME="Lab 75 20 10" />
 <COLOR RGB="#dcabba" NAME="Lab 75 20 00" />
 <COLOR RGB="#d7accc" NAME="Lab 75 20 -10" />
 <COLOR RGB="#f1a3a8" NAME="Lab 75 30 10" />
 <COLOR RGB="#eda4ba" NAME="Lab 75 30 00" />
 <COLOR RGB="#e8a4cc" NAME="Lab 75 30 -10" />
 <COLOR RGB="#8cb92f" NAME="Lab 70 -30 60" />
 <COLOR RGB="#89b949" NAME="Lab 70 -30 50" />
 <COLOR RGB="#85b95e" NAME="Lab 70 -30 40" />
 <COLOR RGB="#7fb972" NAME="Lab 70 -30 30" />
 <COLOR RGB="#79ba85" NAME="Lab 70 -30 20" />
 <COLOR RGB="#70ba98" NAME="Lab 70 -30 10" />
 <COLOR RGB="#66baaa" NAME="Lab 70 -30 00" />
 <COLOR RGB="#57bbbc" NAME="Lab 70 -30 -10" />
 <COLOR RGB="#43bbce" NAME="Lab 70 -30 -20" />
 <COLOR RGB="#9fb431" NAME="Lab 70 -20 60" />
 <COLOR RGB="#9db44a" NAME="Lab 70 -20 50" />
 <COLOR RGB="#99b55f" NAME="Lab 70 -20 40" />
 <COLOR RGB="#95b573" NAME="Lab 70 -20 30" />
 <COLOR RGB="#90b586" NAME="Lab 70 -20 20" />
 <COLOR RGB="#89b598" NAME="Lab 70 -20 10" />
 <COLOR RGB="#81b6aa" NAME="Lab 70 -20 00" />
 <COLOR RGB="#77b6bc" NAME="Lab 70 -20 -10" />
 <COLOR RGB="#69b7cf" NAME="Lab 70 -20 -20" />
 <COLOR RGB="#58b7e1" NAME="Lab 70 -20 -30" />
 <COLOR RGB="#b3af07" NAME="Lab 70 -10 70" />
 <COLOR RGB="#b1af32" NAME="Lab 70 -10 60" />
 <COLOR RGB="#afaf4b" NAME="Lab 70 -10 50" />
 <COLOR RGB="#acaf60" NAME="Lab 70 -10 40" />
 <COLOR RGB="#a8b073" NAME="Lab 70 -10 30" />
 <COLOR RGB="#a3b086" NAME="Lab 70 -10 20" />
 <COLOR RGB="#9eb098" NAME="Lab 70 -10 10" />
 <COLOR RGB="#97b1ab" NAME="Lab 70 -10 00" />
 <COLOR RGB="#8fb1bd" NAME="Lab 70 -10 -10" />
 <COLOR RGB="#85b2cf" NAME="Lab 70 -10 -20" />
 <COLOR RGB="#78b2e1" NAME="Lab 70 -10 -30" />
 <COLOR RGB="#c3a90e" NAME="Lab 70 00 70" />
 <COLOR RGB="#c2a934" NAME="Lab 70 00 60" />
 <COLOR RGB="#c0aa4c" NAME="Lab 70 00 50" />
 <COLOR RGB="#bdaa61" NAME="Lab 70 00 40" />
 <COLOR RGB="#baaa74" NAME="Lab 70 00 30" />
 <COLOR RGB="#b6aa87" NAME="Lab 70 00 20" />
 <COLOR RGB="#b1ab99" NAME="Lab 70 00 10" />
 <COLOR RGB="#ababab" NAME="Lab 70 00 00" />
 <COLOR RGB="#a4acbd" NAME="Lab 70 00 -10" />
 <COLOR RGB="#9caccf" NAME="Lab 70 00 -20" />
 <COLOR RGB="#d3a313" NAME="Lab 70 10 70" />
 <COLOR RGB="#d1a336" NAME="Lab 70 10 60" />
 <COLOR RGB="#cfa34d" NAME="Lab 70 10 50" />
 <COLOR RGB="#cda362" NAME="Lab 70 10 40" />
 <COLOR RGB="#caa475" NAME="Lab 70 10 30" />
 <COLOR RGB="#c7a487" NAME="Lab 70 10 20" />
 <COLOR RGB="#c2a499" NAME="Lab 70 10 10" />
 <COLOR RGB="#bda5ab" NAME="Lab 70 10 00" />
 <COLOR RGB="#b7a5be" NAME="Lab 70 10 -10" />
 <COLOR RGB="#b0a6d0" NAME="Lab 70 10 -20" />
 <COLOR RGB="#e29c18" NAME="Lab 70 20 70" />
 <COLOR RGB="#e09c38" NAME="Lab 70 20 60" />
 <COLOR RGB="#df9c4f" NAME="Lab 70 20 50" />
 <COLOR RGB="#dc9d63" NAME="Lab 70 20 40" />
 <COLOR RGB="#da9d76" NAME="Lab 70 20 30" />
 <COLOR RGB="#d79d88" NAME="Lab 70 20 20" />
 <COLOR RGB="#d39e9a" NAME="Lab 70 20 10" />
 <COLOR RGB="#ce9eac" NAME="Lab 70 20 00" />
 <COLOR RGB="#c99ebe" NAME="Lab 70 20 -10" />
 <COLOR RGB="#c29fd0" NAME="Lab 70 20 -20" />
 <COLOR RGB="#ef943a" NAME="Lab 70 30 60" />
 <COLOR RGB="#ed9550" NAME="Lab 70 30 50" />
 <COLOR RGB="#eb9564" NAME="Lab 70 30 40" />
 <COLOR RGB="#e99576" NAME="Lab 70 30 30" />
 <COLOR RGB="#e69589" NAME="Lab 70 30 20" />
 <COLOR RGB="#e2969b" NAME="Lab 70 30 10" />
 <COLOR RGB="#de96ac" NAME="Lab 70 30 00" />
 <COLOR RGB="#d997be" NAME="Lab 70 30 -10" />
 <COLOR RGB="#ed8ead" NAME="Lab 70 40 00" />
 <COLOR RGB="#e98ebf" NAME="Lab 70 40 -10" />
 <COLOR RGB="#64b03a" NAME="Lab 65 -40 50" />
 <COLOR RGB="#5fb051" NAME="Lab 65 -40 40" />
 <COLOR RGB="#58b065" NAME="Lab 65 -40 30" />
 <COLOR RGB="#4eb078" NAME="Lab 65 -40 20" />
 <COLOR RGB="#41b08a" NAME="Lab 65 -40 10" />
 <COLOR RGB="#2cb19c" NAME="Lab 65 -40 00" />
 <COLOR RGB="#00b1ae" NAME="Lab 65 -40 -10" />
 <COLOR RGB="#7bab3c" NAME="Lab 65 -30 50" />
 <COLOR RGB="#77ac52" NAME="Lab 65 -30 40" />
 <COLOR RGB="#72ac65" NAME="Lab 65 -30 30" />
 <COLOR RGB="#6bac78" NAME="Lab 65 -30 20" />
 <COLOR RGB="#63ac8a" NAME="Lab 65 -30 10" />
 <COLOR RGB="#58ad9d" NAME="Lab 65 -30 00" />
 <COLOR RGB="#48adae" NAME="Lab 65 -30 -10" />
 <COLOR RGB="#30aec0" NAME="Lab 65 -30 -20" />
 <COLOR RGB="#00aed2" NAME="Lab 65 -30 -30" />
 <COLOR RGB="#00afe5" NAME="Lab 65 -30 -40" />
 <COLOR RGB="#92a721" NAME="Lab 65 -20 60" />
 <COLOR RGB="#8fa73d" NAME="Lab 65 -20 50" />
 <COLOR RGB="#8ca752" NAME="Lab 65 -20 40" />
 <COLOR RGB="#88a766" NAME="Lab 65 -20 30" />
 <COLOR RGB="#82a879" NAME="Lab 65 -20 20" />
 <COLOR RGB="#7ca88b" NAME="Lab 65 -20 10" />
 <COLOR RGB="#74a89d" NAME="Lab 65 -20 00" />
 <COLOR RGB="#69a9af" NAME="Lab 65 -20 -10" />
 <COLOR RGB="#5ba9c1" NAME="Lab 65 -20 -20" />
 <COLOR RGB="#48aad3" NAME="Lab 65 -20 -30" />
 <COLOR RGB="#24aae5" NAME="Lab 65 -20 -40" />
 <COLOR RGB="#a3a223" NAME="Lab 65 -10 60" />
 <COLOR RGB="#a1a23e" NAME="Lab 65 -10 50" />
 <COLOR RGB="#9ea253" NAME="Lab 65 -10 40" />
 <COLOR RGB="#9ba267" NAME="Lab 65 -10 30" />
 <COLOR RGB="#96a379" NAME="Lab 65 -10 20" />
 <COLOR RGB="#91a38b" NAME="Lab 65 -10 10" />
 <COLOR RGB="#8aa39d" NAME="Lab 65 -10 00" />
 <COLOR RGB="#82a4af" NAME="Lab 65 -10 -10" />
 <COLOR RGB="#78a4c1" NAME="Lab 65 -10 -20" />
 <COLOR RGB="#6aa5d3" NAME="Lab 65 -10 -30" />
 <COLOR RGB="#b39c25" NAME="Lab 65 00 60" />
 <COLOR RGB="#b19c3f" NAME="Lab 65 00 50" />
 <COLOR RGB="#af9c54" NAME="Lab 65 00 40" />
 <COLOR RGB="#ac9d67" NAME="Lab 65 00 30" />
 <COLOR RGB="#a89d7a" NAME="Lab 65 00 20" />
 <COLOR RGB="#a39d8c" NAME="Lab 65 00 10" />
 <COLOR RGB="#9e9e9e" NAME="Lab 65 00 00" />
 <COLOR RGB="#979eb0" NAME="Lab 65 00 -10" />
 <COLOR RGB="#8e9fc1" NAME="Lab 65 00 -20" />
 <COLOR RGB="#849fd3" NAME="Lab 65 00 -30" />
 <COLOR RGB="#c39628" NAME="Lab 65 10 60" />
 <COLOR RGB="#c19641" NAME="Lab 65 10 50" />
 <COLOR RGB="#bf9655" NAME="Lab 65 10 40" />
 <COLOR RGB="#bc9768" NAME="Lab 65 10 30" />
 <COLOR RGB="#b9977a" NAME="Lab 65 10 20" />
 <COLOR RGB="#b4978c" NAME="Lab 65 10 10" />
 <COLOR RGB="#b0989e" NAME="Lab 65 10 00" />
 <COLOR RGB="#aa98b0" NAME="Lab 65 10 -10" />
 <COLOR RGB="#a299c2" NAME="Lab 65 10 -20" />
 <COLOR RGB="#d18f2a" NAME="Lab 65 20 60" />
 <COLOR RGB="#d08f42" NAME="Lab 65 20 50" />
 <COLOR RGB="#ce8f56" NAME="Lab 65 20 40" />
 <COLOR RGB="#cb9069" NAME="Lab 65 20 30" />
 <COLOR RGB="#c8907b" NAME="Lab 65 20 20" />
 <COLOR RGB="#c5908d" NAME="Lab 65 20 10" />
 <COLOR RGB="#c0919f" NAME="Lab 65 20 00" />
 <COLOR RGB="#bb91b0" NAME="Lab 65 20 -10" />
 <COLOR RGB="#b592c2" NAME="Lab 65 20 -20" />
 <COLOR RGB="#e18704" NAME="Lab 65 30 70" />
 <COLOR RGB="#df872c" NAME="Lab 65 30 60" />
 <COLOR RGB="#de8743" NAME="Lab 65 30 50" />
 <COLOR RGB="#dc8857" NAME="Lab 65 30 40" />
 <COLOR RGB="#da886a" NAME="Lab 65 30 30" />
 <COLOR RGB="#d7887c" NAME="Lab 65 30 20" />
 <COLOR RGB="#d4898d" NAME="Lab 65 30 10" />
 <COLOR RGB="#d0899f" NAME="Lab 65 30 00" />
 <COLOR RGB="#cb8ab1" NAME="Lab 65 30 -10" />
 <COLOR RGB="#ec7e45" NAME="Lab 65 40 50" />
 <COLOR RGB="#ea7f58" NAME="Lab 65 40 40" />
 <COLOR RGB="#e87f6b" NAME="Lab 65 40 30" />
 <COLOR RGB="#e67f7c" NAME="Lab 65 40 20" />
 <COLOR RGB="#e2808e" NAME="Lab 65 40 10" />
 <COLOR RGB="#df80a0" NAME="Lab 65 40 00" />
 <COLOR RGB="#da81b1" NAME="Lab 65 40 -10" />
 <COLOR RGB="#ed76a0" NAME="Lab 65 50 00" />
 <COLOR RGB="#2ba643" NAME="Lab 60 -50 40" />
 <COLOR RGB="#19a658" NAME="Lab 60 -50 30" />
 <COLOR RGB="#00a66b" NAME="Lab 60 -50 20" />
 <COLOR RGB="#00a67d" NAME="Lab 60 -50 10" />
 <COLOR RGB="#56a22d" NAME="Lab 60 -40 50" />
 <COLOR RGB="#51a244" NAME="Lab 60 -40 40" />
 <COLOR RGB="#4aa258" NAME="Lab 60 -40 30" />
 <COLOR RGB="#40a36b" NAME="Lab 60 -40 20" />
 <COLOR RGB="#31a37d" NAME="Lab 60 -40 10" />
 <COLOR RGB="#12a38f" NAME="Lab 60 -40 00" />
 <COLOR RGB="#00a4a1" NAME="Lab 60 -40 -10" />
 <COLOR RGB="#00a4b3" NAME="Lab 60 -40 -20" />
 <COLOR RGB="#00a4c4" NAME="Lab 60 -40 -30" />
 <COLOR RGB="#00a5d6" NAME="Lab 60 -40 -40" />
 <COLOR RGB="#6e9e2e" NAME="Lab 60 -30 50" />
 <COLOR RGB="#6a9e45" NAME="Lab 60 -30 40" />
 <COLOR RGB="#659e59" NAME="Lab 60 -30 30" />
 <COLOR RGB="#5e9f6c" NAME="Lab 60 -30 20" />
 <COLOR RGB="#569f7e" NAME="Lab 60 -30 10" />
 <COLOR RGB="#4a9f8f" NAME="Lab 60 -30 00" />
 <COLOR RGB="#39a0a1" NAME="Lab 60 -30 -10" />
 <COLOR RGB="#16a0b3" NAME="Lab 60 -30 -20" />
 <COLOR RGB="#00a1c5" NAME="Lab 60 -30 -30" />
 <COLOR RGB="#00a1d6" NAME="Lab 60 -30 -40" />
 <COLOR RGB="#00a2e8" NAME="Lab 60 -30 -50" />
 <COLOR RGB="#829a2f" NAME="Lab 60 -20 50" />
 <COLOR RGB="#7f9a46" NAME="Lab 60 -20 40" />
 <COLOR RGB="#7b9a5a" NAME="Lab 60 -20 30" />
 <COLOR RGB="#759a6c" NAME="Lab 60 -20 20" />
 <COLOR RGB="#6f9a7e" NAME="Lab 60 -20 10" />
 <COLOR RGB="#679b90" NAME="Lab 60 -20 00" />
 <COLOR RGB="#5c9ba1" NAME="Lab 60 -20 -10" />
 <COLOR RGB="#4d9cb3" NAME="Lab 60 -20 -20" />
 <COLOR RGB="#369cc5" NAME="Lab 60 -20 -30" />
 <COLOR RGB="#009dd7" NAME="Lab 60 -20 -40" />
 <COLOR RGB="#939531" NAME="Lab 60 -10 50" />
 <COLOR RGB="#919547" NAME="Lab 60 -10 40" />
 <COLOR RGB="#8d955a" NAME="Lab 60 -10 30" />
 <COLOR RGB="#89956d" NAME="Lab 60 -10 20" />
 <COLOR RGB="#84967e" NAME="Lab 60 -10 10" />
 <COLOR RGB="#7d9690" NAME="Lab 60 -10 00" />
 <COLOR RGB="#7596a2" NAME="Lab 60 -10 -10" />
 <COLOR RGB="#6a97b3" NAME="Lab 60 -10 -20" />
 <COLOR RGB="#5c97c5" NAME="Lab 60 -10 -30" />
 <COLOR RGB="#4998d7" NAME="Lab 60 -10 -40" />
 <COLOR RGB="#a58f14" NAME="Lab 60 00 60" />
 <COLOR RGB="#a38f32" NAME="Lab 60 00 50" />
 <COLOR RGB="#a18f48" NAME="Lab 60 00 40" />
 <COLOR RGB="#9e905b" NAME="Lab 60 00 30" />
 <COLOR RGB="#9b906d" NAME="Lab 60 00 20" />
 <COLOR RGB="#96907f" NAME="Lab 60 00 10" />
 <COLOR RGB="#919191" NAME="Lab 60 00 00" />
 <COLOR RGB="#8a91a2" NAME="Lab 60 00 -10" />
 <COLOR RGB="#8192b4" NAME="Lab 60 00 -20" />
 <COLOR RGB="#7792c5" NAME="Lab 60 00 -30" />
 <COLOR RGB="#b48917" NAME="Lab 60 10 60" />
 <COLOR RGB="#b38934" NAME="Lab 60 10 50" />
 <COLOR RGB="#b18949" NAME="Lab 60 10 40" />
 <COLOR RGB="#ae895c" NAME="Lab 60 10 30" />
 <COLOR RGB="#ab8a6e" NAME="Lab 60 10 20" />
 <COLOR RGB="#a78a7f" NAME="Lab 60 10 10" />
 <COLOR RGB="#a28b91" NAME="Lab 60 10 00" />
 <COLOR RGB="#9c8ba2" NAME="Lab 60 10 -10" />
 <COLOR RGB="#958cb4" NAME="Lab 60 10 -20" />
 <COLOR RGB="#8c8cc6" NAME="Lab 60 10 -30" />
 <COLOR RGB="#c2821b" NAME="Lab 60 20 60" />
 <COLOR RGB="#c18235" NAME="Lab 60 20 50" />
 <COLOR RGB="#bf824a" NAME="Lab 60 20 40" />
 <COLOR RGB="#bd835d" NAME="Lab 60 20 30" />
 <COLOR RGB="#ba836e" NAME="Lab 60 20 20" />
 <COLOR RGB="#b78380" NAME="Lab 60 20 10" />
 <COLOR RGB="#b28491" NAME="Lab 60 20 00" />
 <COLOR RGB="#ad84a3" NAME="Lab 60 20 -10" />
 <COLOR RGB="#a785b4" NAME="Lab 60 20 -20" />
 <COLOR RGB="#d07a1e" NAME="Lab 60 30 60" />
 <COLOR RGB="#cf7a37" NAME="Lab 60 30 50" />
 <COLOR RGB="#cd7a4b" NAME="Lab 60 30 40" />
 <COLOR RGB="#cb7b5d" NAME="Lab 60 30 30" />
 <COLOR RGB="#c97b6f" NAME="Lab 60 30 20" />
 <COLOR RGB="#c57b81" NAME="Lab 60 30 10" />
 <COLOR RGB="#c27c92" NAME="Lab 60 30 00" />
 <COLOR RGB="#bd7da3" NAME="Lab 60 30 -10" />
 <COLOR RGB="#b87db5" NAME="Lab 60 30 -20" />
 <COLOR RGB="#de7121" NAME="Lab 60 40 60" />
 <COLOR RGB="#dc7139" NAME="Lab 60 40 50" />
 <COLOR RGB="#db714c" NAME="Lab 60 40 40" />
 <COLOR RGB="#d9725e" NAME="Lab 60 40 30" />
 <COLOR RGB="#d77270" NAME="Lab 60 40 20" />
 <COLOR RGB="#d47381" NAME="Lab 60 40 10" />
 <COLOR RGB="#d07392" NAME="Lab 60 40 00" />
 <COLOR RGB="#cc74a4" NAME="Lab 60 40 -10" />
 <COLOR RGB="#e8674d" NAME="Lab 60 50 40" />
 <COLOR RGB="#e6675f" NAME="Lab 60 50 30" />
 <COLOR RGB="#e46871" NAME="Lab 60 50 20" />
 <COLOR RGB="#e26882" NAME="Lab 60 50 10" />
 <COLOR RGB="#de6993" NAME="Lab 60 50 00" />
 <COLOR RGB="#db69a4" NAME="Lab 60 50 -10" />
 <COLOR RGB="#009b4b" NAME="Lab 55 -60 30" />
 <COLOR RGB="#009c5e" NAME="Lab 55 -60 20" />
 <COLOR RGB="#129837" NAME="Lab 55 -50 40" />
 <COLOR RGB="#00984b" NAME="Lab 55 -50 30" />
 <COLOR RGB="#00995e" NAME="Lab 55 -50 20" />
 <COLOR RGB="#009970" NAME="Lab 55 -50 10" />
 <COLOR RGB="#009982" NAME="Lab 55 -50 00" />
 <COLOR RGB="#009993" NAME="Lab 55 -50 -10" />
 <COLOR RGB="#009aa5" NAME="Lab 55 -50 -20" />
 <COLOR RGB="#009ab6" NAME="Lab 55 -50 -30" />
 <COLOR RGB="#439538" NAME="Lab 55 -40 40" />
 <COLOR RGB="#3b954c" NAME="Lab 55 -40 30" />
 <COLOR RGB="#30955f" NAME="Lab 55 -40 20" />
 <COLOR RGB="#1d9571" NAME="Lab 55 -40 10" />
 <COLOR RGB="#009682" NAME="Lab 55 -40 00" />
 <COLOR RGB="#009694" NAME="Lab 55 -40 -10" />
 <COLOR RGB="#0096a5" NAME="Lab 55 -40 -20" />
 <COLOR RGB="#0097b7" NAME="Lab 55 -40 -30" />
 <COLOR RGB="#0098c8" NAME="Lab 55 -40 -40" />
 <COLOR RGB="#0098da" NAME="Lab 55 -40 -50" />
 <COLOR RGB="#5d9139" NAME="Lab 55 -30 40" />
 <COLOR RGB="#58914d" NAME="Lab 55 -30 30" />
 <COLOR RGB="#51915f" NAME="Lab 55 -30 20" />
 <COLOR RGB="#489271" NAME="Lab 55 -30 10" />
 <COLOR RGB="#3c9282" NAME="Lab 55 -30 00" />
 <COLOR RGB="#279294" NAME="Lab 55 -30 -10" />
 <COLOR RGB="#0093a5" NAME="Lab 55 -30 -20" />
 <COLOR RGB="#0093b7" NAME="Lab 55 -30 -30" />
 <COLOR RGB="#0094c8" NAME="Lab 55 -30 -40" />
 <COLOR RGB="#0094da" NAME="Lab 55 -30 -50" />
 <COLOR RGB="#718d39" NAME="Lab 55 -20 40" />
 <COLOR RGB="#6e8d4d" NAME="Lab 55 -20 30" />
 <COLOR RGB="#698d60" NAME="Lab 55 -20 20" />
 <COLOR RGB="#628d71" NAME="Lab 55 -20 10" />
 <COLOR RGB="#5a8e83" NAME="Lab 55 -20 00" />
 <COLOR RGB="#4f8e94" NAME="Lab 55 -20 -10" />
 <COLOR RGB="#3e8fa6" NAME="Lab 55 -20 -20" />
 <COLOR RGB="#228fb7" NAME="Lab 55 -20 -30" />
 <COLOR RGB="#0090c9" NAME="Lab 55 -20 -40" />
 <COLOR RGB="#868823" NAME="Lab 55 -10 50" />
 <COLOR RGB="#83883a" NAME="Lab 55 -10 40" />
 <COLOR RGB="#80884e" NAME="Lab 55 -10 30" />
 <COLOR RGB="#7c8860" NAME="Lab 55 -10 20" />
 <COLOR RGB="#778972" NAME="Lab 55 -10 10" />
 <COLOR RGB="#708983" NAME="Lab 55 -10 00" />
 <COLOR RGB="#688995" NAME="Lab 55 -10 -10" />
 <COLOR RGB="#5d8aa6" NAME="Lab 55 -10 -20" />
 <COLOR RGB="#4e8ab7" NAME="Lab 55 -10 -30" />
 <COLOR RGB="#388bc9" NAME="Lab 55 -10 -40" />
 <COLOR RGB="#968225" NAME="Lab 55 00 50" />
 <COLOR RGB="#93823c" NAME="Lab 55 00 40" />
 <COLOR RGB="#91834f" NAME="Lab 55 00 30" />
 <COLOR RGB="#8d8361" NAME="Lab 55 00 20" />
 <COLOR RGB="#898372" NAME="Lab 55 00 10" />
 <COLOR RGB="#848484" NAME="Lab 55 00 00" />
 <COLOR RGB="#7d8495" NAME="Lab 55 00 -10" />
 <COLOR RGB="#7485a6" NAME="Lab 55 00 -20" />
 <COLOR RGB="#6a85b8" NAME="Lab 55 00 -30" />
 <COLOR RGB="#5b86c9" NAME="Lab 55 00 -40" />
 <COLOR RGB="#a47c27" NAME="Lab 55 10 50" />
 <COLOR RGB="#a37c3d" NAME="Lab 55 10 40" />
 <COLOR RGB="#a07d50" NAME="Lab 55 10 30" />
 <COLOR RGB="#9d7d61" NAME="Lab 55 10 20" />
 <COLOR RGB="#997d73" NAME="Lab 55 10 10" />
 <COLOR RGB="#957e84" NAME="Lab 55 10 00" />
 <COLOR RGB="#8f7e95" NAME="Lab 55 10 -10" />
 <COLOR RGB="#887fa6" NAME="Lab 55 10 -20" />
 <COLOR RGB="#7f7fb8" NAME="Lab 55 10 -30" />
 <COLOR RGB="#b27529" NAME="Lab 55 20 50" />
 <COLOR RGB="#b1763e" NAME="Lab 55 20 40" />
 <COLOR RGB="#af7650" NAME="Lab 55 20 30" />
 <COLOR RGB="#ac7662" NAME="Lab 55 20 20" />
 <COLOR RGB="#a97673" NAME="Lab 55 20 10" />
 <COLOR RGB="#a57784" NAME="Lab 55 20 00" />
 <COLOR RGB="#a07796" NAME="Lab 55 20 -10" />
 <COLOR RGB="#9a78a7" NAME="Lab 55 20 -20" />
 <COLOR RGB="#9279b8" NAME="Lab 55 20 -30" />
 <COLOR RGB="#c06d2a" NAME="Lab 55 30 50" />
 <COLOR RGB="#bf6e3f" NAME="Lab 55 30 40" />
 <COLOR RGB="#bd6e51" NAME="Lab 55 30 30" />
 <COLOR RGB="#ba6e63" NAME="Lab 55 30 20" />
 <COLOR RGB="#b76f74" NAME="Lab 55 30 10" />
 <COLOR RGB="#b46f85" NAME="Lab 55 30 00" />
 <COLOR RGB="#af7096" NAME="Lab 55 30 -10" />
 <COLOR RGB="#aa70a7" NAME="Lab 55 30 -20" />
 <COLOR RGB="#cd642c" NAME="Lab 55 40 50" />
 <COLOR RGB="#cc6440" NAME="Lab 55 40 40" />
 <COLOR RGB="#ca6552" NAME="Lab 55 40 30" />
 <COLOR RGB="#c86564" NAME="Lab 55 40 20" />
 <COLOR RGB="#c56575" NAME="Lab 55 40 10" />
 <COLOR RGB="#c26685" NAME="Lab 55 40 00" />
 <COLOR RGB="#be6796" NAME="Lab 55 40 -10" />
 <COLOR RGB="#b967a8" NAME="Lab 55 40 -20" />
 <COLOR RGB="#da592e" NAME="Lab 55 50 50" />
 <COLOR RGB="#d95941" NAME="Lab 55 50 40" />
 <COLOR RGB="#d75a53" NAME="Lab 55 50 30" />
 <COLOR RGB="#d55a64" NAME="Lab 55 50 20" />
 <COLOR RGB="#d35b75" NAME="Lab 55 50 10" />
 <COLOR RGB="#d05b86" NAME="Lab 55 50 00" />
 <COLOR RGB="#cc5c97" NAME="Lab 55 50 -10" />
 <COLOR RGB="#e54b43" NAME="Lab 55 60 40" />
 <COLOR RGB="#e44c54" NAME="Lab 55 60 30" />
 <COLOR RGB="#e24c65" NAME="Lab 55 60 20" />
 <COLOR RGB="#e04d76" NAME="Lab 55 60 10" />
 <COLOR RGB="#dd4e87" NAME="Lab 55 60 00" />
 <COLOR RGB="#da4e97" NAME="Lab 55 60 -10" />
 <COLOR RGB="#008e3f" NAME="Lab 50 -60 30" />
 <COLOR RGB="#008e52" NAME="Lab 50 -60 20" />
 <COLOR RGB="#008e64" NAME="Lab 50 -60 10" />
 <COLOR RGB="#008e75" NAME="Lab 50 -60 00" />
 <COLOR RGB="#008f86" NAME="Lab 50 -60 -10" />
 <COLOR RGB="#008b3f" NAME="Lab 50 -50 30" />
 <COLOR RGB="#008b52" NAME="Lab 50 -50 20" />
 <COLOR RGB="#008b64" NAME="Lab 50 -50 10" />
 <COLOR RGB="#008c75" NAME="Lab 50 -50 00" />
 <COLOR RGB="#008c86" NAME="Lab 50 -50 -10" />
 <COLOR RGB="#008c98" NAME="Lab 50 -50 -20" />
 <COLOR RGB="#008da9" NAME="Lab 50 -50 -30" />
 <COLOR RGB="#2c8840" NAME="Lab 50 -40 30" />
 <COLOR RGB="#1f8853" NAME="Lab 50 -40 20" />
 <COLOR RGB="#008864" NAME="Lab 50 -40 10" />
 <COLOR RGB="#008876" NAME="Lab 50 -40 00" />
 <COLOR RGB="#008987" NAME="Lab 50 -40 -10" />
 <COLOR RGB="#008998" NAME="Lab 50 -40 -20" />
 <COLOR RGB="#008aa9" NAME="Lab 50 -40 -30" />
 <COLOR RGB="#008aba" NAME="Lab 50 -40 -40" />
 <COLOR RGB="#50842c" NAME="Lab 50 -30 40" />
 <COLOR RGB="#4b8441" NAME="Lab 50 -30 30" />
 <COLOR RGB="#458453" NAME="Lab 50 -30 20" />
 <COLOR RGB="#3b8465" NAME="Lab 50 -30 10" />
 <COLOR RGB="#2d8576" NAME="Lab 50 -30 00" />
 <COLOR RGB="#0e8587" NAME="Lab 50 -30 -10" />
 <COLOR RGB="#008698" NAME="Lab 50 -30 -20" />
 <COLOR RGB="#0086a9" NAME="Lab 50 -30 -30" />
 <COLOR RGB="#0087bb" NAME="Lab 50 -30 -40" />
 <COLOR RGB="#0087cc" NAME="Lab 50 -30 -50" />
 <COLOR RGB="#65802d" NAME="Lab 50 -20 40" />
 <COLOR RGB="#618041" NAME="Lab 50 -20 30" />
 <COLOR RGB="#5c8054" NAME="Lab 50 -20 20" />
 <COLOR RGB="#568065" NAME="Lab 50 -20 10" />
 <COLOR RGB="#4d8176" NAME="Lab 50 -20 00" />
 <COLOR RGB="#418187" NAME="Lab 50 -20 -10" />
 <COLOR RGB="#2f8298" NAME="Lab 50 -20 -20" />
 <COLOR RGB="#0082a9" NAME="Lab 50 -20 -30" />
 <COLOR RGB="#0083bb" NAME="Lab 50 -20 -40" />
 <COLOR RGB="#0083cc" NAME="Lab 50 -20 -50" />
 <COLOR RGB="#767b2e" NAME="Lab 50 -10 40" />
 <COLOR RGB="#737b42" NAME="Lab 50 -10 30" />
 <COLOR RGB="#6f7b54" NAME="Lab 50 -10 20" />
 <COLOR RGB="#6a7c65" NAME="Lab 50 -10 10" />
 <COLOR RGB="#647c77" NAME="Lab 50 -10 00" />
 <COLOR RGB="#5c7c88" NAME="Lab 50 -10 -10" />
 <COLOR RGB="#507d99" NAME="Lab 50 -10 -20" />
 <COLOR RGB="#407eaa" NAME="Lab 50 -10 -30" />
 <COLOR RGB="#247ebb" NAME="Lab 50 -10 -40" />
 <COLOR RGB="#887616" NAME="Lab 50 00 50" />
 <COLOR RGB="#86762f" NAME="Lab 50 00 40" />
 <COLOR RGB="#847643" NAME="Lab 50 00 30" />
 <COLOR RGB="#807655" NAME="Lab 50 00 20" />
 <COLOR RGB="#7c7766" NAME="Lab 50 00 10" />
 <COLOR RGB="#777777" NAME="Lab 50 00 00" />
 <COLOR RGB="#707788" NAME="Lab 50 00 -10" />
 <COLOR RGB="#687899" NAME="Lab 50 00 -20" />
 <COLOR RGB="#5d78aa" NAME="Lab 50 00 -30" />
 <COLOR RGB="#4d79bb" NAME="Lab 50 00 -40" />
 <COLOR RGB="#967019" NAME="Lab 50 10 50" />
 <COLOR RGB="#957031" NAME="Lab 50 10 40" />
 <COLOR RGB="#937044" NAME="Lab 50 10 30" />
 <COLOR RGB="#907055" NAME="Lab 50 10 20" />
 <COLOR RGB="#8c7166" NAME="Lab 50 10 10" />
 <COLOR RGB="#887177" NAME="Lab 50 10 00" />
 <COLOR RGB="#827188" NAME="Lab 50 10 -10" />
 <COLOR RGB="#7b7299" NAME="Lab 50 10 -20" />
 <COLOR RGB="#7273aa" NAME="Lab 50 10 -30" />
 <COLOR RGB="#a4691b" NAME="Lab 50 20 50" />
 <COLOR RGB="#a36932" NAME="Lab 50 20 40" />
 <COLOR RGB="#a16945" NAME="Lab 50 20 30" />
 <COLOR RGB="#9e6956" NAME="Lab 50 20 20" />
 <COLOR RGB="#9b6a67" NAME="Lab 50 20 10" />
 <COLOR RGB="#976a78" NAME="Lab 50 20 00" />
 <COLOR RGB="#926b89" NAME="Lab 50 20 -10" />
 <COLOR RGB="#8c6b99" NAME="Lab 50 20 -20" />
 <COLOR RGB="#856caa" NAME="Lab 50 20 -30" />
 <COLOR RGB="#b1611e" NAME="Lab 50 30 50" />
 <COLOR RGB="#b06133" NAME="Lab 50 30 40" />
 <COLOR RGB="#ae6145" NAME="Lab 50 30 30" />
 <COLOR RGB="#ac6257" NAME="Lab 50 30 20" />
 <COLOR RGB="#a96268" NAME="Lab 50 30 10" />
 <COLOR RGB="#a66278" NAME="Lab 50 30 00" />
 <COLOR RGB="#a16389" NAME="Lab 50 30 -10" />
 <COLOR RGB="#9c649a" NAME="Lab 50 30 -20" />
 <COLOR RGB="#9664ab" NAME="Lab 50 30 -30" />
 <COLOR RGB="#be5720" NAME="Lab 50 40 50" />
 <COLOR RGB="#bd5735" NAME="Lab 50 40 40" />
 <COLOR RGB="#bb5846" NAME="Lab 50 40 30" />
 <COLOR RGB="#b95857" NAME="Lab 50 40 20" />
 <COLOR RGB="#b75968" NAME="Lab 50 40 10" />
 <COLOR RGB="#b45979" NAME="Lab 50 40 00" />
 <COLOR RGB="#b05a89" NAME="Lab 50 40 -10" />
 <COLOR RGB="#ab5a9a" NAME="Lab 50 40 -20" />
 <COLOR RGB="#cb4b22" NAME="Lab 50 50 50" />
 <COLOR RGB="#c94c36" NAME="Lab 50 50 40" />
 <COLOR RGB="#c84c47" NAME="Lab 50 50 30" />
 <COLOR RGB="#c64c58" NAME="Lab 50 50 20" />
 <COLOR RGB="#c44d69" NAME="Lab 50 50 10" />
 <COLOR RGB="#c14e79" NAME="Lab 50 50 00" />
 <COLOR RGB="#bd4e8a" NAME="Lab 50 50 -10" />
 <COLOR RGB="#b94f9b" NAME="Lab 50 50 -20" />
 <COLOR RGB="#d73c25" NAME="Lab 50 60 50" />
 <COLOR RGB="#d63c37" NAME="Lab 50 60 40" />
 <COLOR RGB="#d43d49" NAME="Lab 50 60 30" />
 <COLOR RGB="#d33d59" NAME="Lab 50 60 20" />
 <COLOR RGB="#d03e69" NAME="Lab 50 60 10" />
 <COLOR RGB="#ce3f7a" NAME="Lab 50 60 00" />
 <COLOR RGB="#cb408a" NAME="Lab 50 60 -10" />
 <COLOR RGB="#e1254a" NAME="Lab 50 70 30" />
 <COLOR RGB="#df265a" NAME="Lab 50 70 20" />
 <COLOR RGB="#dd276a" NAME="Lab 50 70 10" />
 <COLOR RGB="#db287a" NAME="Lab 50 70 00" />
 <COLOR RGB="#d82a8b" NAME="Lab 50 70 -10" />
 <COLOR RGB="#008046" NAME="Lab 45 -60 20" />
 <COLOR RGB="#008157" NAME="Lab 45 -60 10" />
 <COLOR RGB="#007e46" NAME="Lab 45 -50 20" />
 <COLOR RGB="#007e58" NAME="Lab 45 -50 10" />
 <COLOR RGB="#007e69" NAME="Lab 45 -50 00" />
 <COLOR RGB="#007f7a" NAME="Lab 45 -50 -10" />
 <COLOR RGB="#1b7b34" NAME="Lab 45 -40 30" />
 <COLOR RGB="#047b47" NAME="Lab 45 -40 20" />
 <COLOR RGB="#007b58" NAME="Lab 45 -40 10" />
 <COLOR RGB="#007b69" NAME="Lab 45 -40 00" />
 <COLOR RGB="#007c7a" NAME="Lab 45 -40 -10" />
 <COLOR RGB="#007c8b" NAME="Lab 45 -40 -20" />
 <COLOR RGB="#007d9c" NAME="Lab 45 -40 -30" />
 <COLOR RGB="#3e7735" NAME="Lab 45 -30 30" />
 <COLOR RGB="#387747" NAME="Lab 45 -30 20" />
 <COLOR RGB="#2d7858" NAME="Lab 45 -30 10" />
 <COLOR RGB="#1c7869" NAME="Lab 45 -30 00" />
 <COLOR RGB="#00787a" NAME="Lab 45 -30 -10" />
 <COLOR RGB="#00798b" NAME="Lab 45 -30 -20" />
 <COLOR RGB="#00799c" NAME="Lab 45 -30 -30" />
 <COLOR RGB="#007aad" NAME="Lab 45 -30 -40" />
 <COLOR RGB="#557335" NAME="Lab 45 -20 30" />
 <COLOR RGB="#507348" NAME="Lab 45 -20 20" />
 <COLOR RGB="#4a7459" NAME="Lab 45 -20 10" />
 <COLOR RGB="#41746a" NAME="Lab 45 -20 00" />
 <COLOR RGB="#34747a" NAME="Lab 45 -20 -10" />
 <COLOR RGB="#1d758b" NAME="Lab 45 -20 -20" />
 <COLOR RGB="#00759c" NAME="Lab 45 -20 -30" />
 <COLOR RGB="#0076ad" NAME="Lab 45 -20 -40" />
 <COLOR RGB="#0077be" NAME="Lab 45 -20 -50" />
 <COLOR RGB="#696e22" NAME="Lab 45 -10 40" />
 <COLOR RGB="#676f36" NAME="Lab 45 -10 30" />
 <COLOR RGB="#636f48" NAME="Lab 45 -10 20" />
 <COLOR RGB="#5e6f59" NAME="Lab 45 -10 10" />
 <COLOR RGB="#586f6a" NAME="Lab 45 -10 00" />
 <COLOR RGB="#4f707b" NAME="Lab 45 -10 -10" />
 <COLOR RGB="#43708b" NAME="Lab 45 -10 -20" />
 <COLOR RGB="#31719c" NAME="Lab 45 -10 -30" />
 <COLOR RGB="#0472ad" NAME="Lab 45 -10 -40" />
 <COLOR RGB="#0072be" NAME="Lab 45 -10 -50" />
 <COLOR RGB="#796923" NAME="Lab 45 00 40" />
 <COLOR RGB="#766a37" NAME="Lab 45 00 30" />
 <COLOR RGB="#736a49" NAME="Lab 45 00 20" />
 <COLOR RGB="#706a5a" NAME="Lab 45 00 10" />
 <COLOR RGB="#6a6a6a" NAME="Lab 45 00 00" />
 <COLOR RGB="#646b7b" NAME="Lab 45 00 -10" />
 <COLOR RGB="#5b6b8c" NAME="Lab 45 00 -20" />
 <COLOR RGB="#506c9d" NAME="Lab 45 00 -30" />
 <COLOR RGB="#3f6dad" NAME="Lab 45 00 -40" />
 <COLOR RGB="#876324" NAME="Lab 45 10 40" />
 <COLOR RGB="#856438" NAME="Lab 45 10 30" />
 <COLOR RGB="#836449" NAME="Lab 45 10 20" />
 <COLOR RGB="#7f645a" NAME="Lab 45 10 10" />
 <COLOR RGB="#7b656b" NAME="Lab 45 10 00" />
 <COLOR RGB="#75657b" NAME="Lab 45 10 -10" />
 <COLOR RGB="#6e668c" NAME="Lab 45 10 -20" />
 <COLOR RGB="#65669d" NAME="Lab 45 10 -30" />
 <COLOR RGB="#5a67ae" NAME="Lab 45 10 -40" />
 <COLOR RGB="#955d26" NAME="Lab 45 20 40" />
 <COLOR RGB="#935d39" NAME="Lab 45 20 30" />
 <COLOR RGB="#915d4a" NAME="Lab 45 20 20" />
 <COLOR RGB="#8e5d5b" NAME="Lab 45 20 10" />
 <COLOR RGB="#8a5e6b" NAME="Lab 45 20 00" />
 <COLOR RGB="#855e7c" NAME="Lab 45 20 -10" />
 <COLOR RGB="#7f5f8c" NAME="Lab 45 20 -20" />
 <COLOR RGB="#78609d" NAME="Lab 45 20 -30" />
 <COLOR RGB="#a15527" NAME="Lab 45 30 40" />
 <COLOR RGB="#a0553a" NAME="Lab 45 30 30" />
 <COLOR RGB="#9e554b" NAME="Lab 45 30 20" />
 <COLOR RGB="#9b555b" NAME="Lab 45 30 10" />
 <COLOR RGB="#98566c" NAME="Lab 45 30 00" />
 <COLOR RGB="#94567c" NAME="Lab 45 30 -10" />
 <COLOR RGB="#8f578d" NAME="Lab 45 30 -20" />
 <COLOR RGB="#88589d" NAME="Lab 45 30 -30" />
 <COLOR RGB="#ae4b29" NAME="Lab 45 40 40" />
 <COLOR RGB="#ad4b3b" NAME="Lab 45 40 30" />
 <COLOR RGB="#ab4b4c" NAME="Lab 45 40 20" />
 <COLOR RGB="#a84c5c" NAME="Lab 45 40 10" />
 <COLOR RGB="#a54c6c" NAME="Lab 45 40 00" />
 <COLOR RGB="#a24d7d" NAME="Lab 45 40 -10" />
 <COLOR RGB="#9d4e8d" NAME="Lab 45 40 -20" />
 <COLOR RGB="#ba3e2b" NAME="Lab 45 50 40" />
 <COLOR RGB="#b93e3c" NAME="Lab 45 50 30" />
 <COLOR RGB="#b73f4d" NAME="Lab 45 50 20" />
 <COLOR RGB="#b53f5d" NAME="Lab 45 50 10" />
 <COLOR RGB="#b2406d" NAME="Lab 45 50 00" />
 <COLOR RGB="#af417d" NAME="Lab 45 50 -10" />
 <COLOR RGB="#ab428d" NAME="Lab 45 50 -20" />
 <COLOR RGB="#c72c19" NAME="Lab 45 60 50" />
 <COLOR RGB="#c62c2c" NAME="Lab 45 60 40" />
 <COLOR RGB="#c52d3d" NAME="Lab 45 60 30" />
 <COLOR RGB="#c32d4d" NAME="Lab 45 60 20" />
 <COLOR RGB="#c12e5d" NAME="Lab 45 60 10" />
 <COLOR RGB="#bf2f6d" NAME="Lab 45 60 00" />
 <COLOR RGB="#bc307e" NAME="Lab 45 60 -10" />
 <COLOR RGB="#d2032e" NAME="Lab 45 70 40" />
 <COLOR RGB="#d1053e" NAME="Lab 45 70 30" />
 <COLOR RGB="#cf074e" NAME="Lab 45 70 20" />
 <COLOR RGB="#cd0a5e" NAME="Lab 45 70 10" />
 <COLOR RGB="#cb0d6e" NAME="Lab 45 70 00" />
 <COLOR RGB="#c8107e" NAME="Lab 45 70 -10" />
 <COLOR RGB="#00713b" NAME="Lab 40 -50 20" />
 <COLOR RGB="#00714c" NAME="Lab 40 -50 10" />
 <COLOR RGB="#006e3b" NAME="Lab 40 -40 20" />
 <COLOR RGB="#006e4c" NAME="Lab 40 -40 10" />
 <COLOR RGB="#006e5d" NAME="Lab 40 -40 00" />
 <COLOR RGB="#006f6d" NAME="Lab 40 -40 -10" />
 <COLOR RGB="#006f7e" NAME="Lab 40 -40 -20" />
 <COLOR RGB="#2a6b3c" NAME="Lab 40 -30 20" />
 <COLOR RGB="#1f6b4d" NAME="Lab 40 -30 10" />
 <COLOR RGB="#026b5d" NAME="Lab 40 -30 00" />
 <COLOR RGB="#006b6e" NAME="Lab 40 -30 -10" />
 <COLOR RGB="#006c7e" NAME="Lab 40 -30 -20" />
 <COLOR RGB="#006c8f" NAME="Lab 40 -30 -30" />
 <COLOR RGB="#48672a" NAME="Lab 40 -20 30" />
 <COLOR RGB="#44673c" NAME="Lab 40 -20 20" />
 <COLOR RGB="#3e674d" NAME="Lab 40 -20 10" />
 <COLOR RGB="#34675e" NAME="Lab 40 -20 00" />
 <COLOR RGB="#26686e" NAME="Lab 40 -20 -10" />
 <COLOR RGB="#00687e" NAME="Lab 40 -20 -20" />
 <COLOR RGB="#00698f" NAME="Lab 40 -20 -30" />
 <COLOR RGB="#0069a0" NAME="Lab 40 -20 -40" />
 <COLOR RGB="#5a622b" NAME="Lab 40 -10 30" />
 <COLOR RGB="#57633d" NAME="Lab 40 -10 20" />
 <COLOR RGB="#52634d" NAME="Lab 40 -10 10" />
 <COLOR RGB="#4c635e" NAME="Lab 40 -10 00" />
 <COLOR RGB="#43646e" NAME="Lab 40 -10 -10" />
 <COLOR RGB="#36647f" NAME="Lab 40 -10 -20" />
 <COLOR RGB="#21658f" NAME="Lab 40 -10 -30" />
 <COLOR RGB="#0065a0" NAME="Lab 40 -10 -40" />
 <COLOR RGB="#0066b1" NAME="Lab 40 -10 -50" />
 <COLOR RGB="#6a5d2c" NAME="Lab 40 00 30" />
 <COLOR RGB="#675e3d" NAME="Lab 40 00 20" />
 <COLOR RGB="#635e4e" NAME="Lab 40 00 10" />
 <COLOR RGB="#5e5e5e" NAME="Lab 40 00 00" />
 <COLOR RGB="#585f6e" NAME="Lab 40 00 -10" />
 <COLOR RGB="#4f5f7f" NAME="Lab 40 00 -20" />
 <COLOR RGB="#43608f" NAME="Lab 40 00 -30" />
 <COLOR RGB="#3060a0" NAME="Lab 40 00 -40" />
 <COLOR RGB="#0061b1" NAME="Lab 40 00 -50" />
 <COLOR RGB="#7a5718" NAME="Lab 40 10 40" />
 <COLOR RGB="#78582d" NAME="Lab 40 10 30" />
 <COLOR RGB="#75583e" NAME="Lab 40 10 20" />
 <COLOR RGB="#72584e" NAME="Lab 40 10 10" />
 <COLOR RGB="#6e595f" NAME="Lab 40 10 00" />
 <COLOR RGB="#69596f" NAME="Lab 40 10 -10" />
 <COLOR RGB="#625a7f" NAME="Lab 40 10 -20" />
 <COLOR RGB="#595a90" NAME="Lab 40 10 -30" />
 <COLOR RGB="#4c5ba0" NAME="Lab 40 10 -40" />
 <COLOR RGB="#87511a" NAME="Lab 40 20 40" />
 <COLOR RGB="#85512e" NAME="Lab 40 20 30" />
 <COLOR RGB="#83513f" NAME="Lab 40 20 20" />
 <COLOR RGB="#80514f" NAME="Lab 40 20 10" />
 <COLOR RGB="#7d525f" NAME="Lab 40 20 00" />
 <COLOR RGB="#78526f" NAME="Lab 40 20 -10" />
 <COLOR RGB="#72537f" NAME="Lab 40 20 -20" />
 <COLOR RGB="#6b5490" NAME="Lab 40 20 -30" />
 <COLOR RGB="#6254a0" NAME="Lab 40 20 -40" />
 <COLOR RGB="#93481c" NAME="Lab 40 30 40" />
 <COLOR RGB="#92482f" NAME="Lab 40 30 30" />
 <COLOR RGB="#90493f" NAME="Lab 40 30 20" />
 <COLOR RGB="#8e4950" NAME="Lab 40 30 10" />
 <COLOR RGB="#8a4a60" NAME="Lab 40 30 00" />
 <COLOR RGB="#864a70" NAME="Lab 40 30 -10" />
 <COLOR RGB="#814b80" NAME="Lab 40 30 -20" />
 <COLOR RGB="#7b4c90" NAME="Lab 40 30 -30" />
 <COLOR RGB="#9f3e1e" NAME="Lab 40 40 40" />
 <COLOR RGB="#9e3e30" NAME="Lab 40 40 30" />
 <COLOR RGB="#9c3f40" NAME="Lab 40 40 20" />
 <COLOR RGB="#9a3f50" NAME="Lab 40 40 10" />
 <COLOR RGB="#974060" NAME="Lab 40 40 00" />
 <COLOR RGB="#944070" NAME="Lab 40 40 -10" />
 <COLOR RGB="#8f4180" NAME="Lab 40 40 -20" />
 <COLOR RGB="#8a4290" NAME="Lab 40 40 -30" />
 <COLOR RGB="#ab3020" NAME="Lab 40 50 40" />
 <COLOR RGB="#aa3031" NAME="Lab 40 50 30" />
 <COLOR RGB="#a83141" NAME="Lab 40 50 20" />
 <COLOR RGB="#a63151" NAME="Lab 40 50 10" />
 <COLOR RGB="#a43261" NAME="Lab 40 50 00" />
 <COLOR RGB="#a13370" NAME="Lab 40 50 -10" />
 <COLOR RGB="#9d3480" NAME="Lab 40 50 -20" />
 <COLOR RGB="#b71922" NAME="Lab 40 60 40" />
 <COLOR RGB="#b61932" NAME="Lab 40 60 30" />
 <COLOR RGB="#b41a42" NAME="Lab 40 60 20" />
 <COLOR RGB="#b21b52" NAME="Lab 40 60 10" />
 <COLOR RGB="#b01d61" NAME="Lab 40 60 00" />
 <COLOR RGB="#ad1e71" NAME="Lab 40 60 -10" />
 <COLOR RGB="#aa2081" NAME="Lab 40 60 -20" />
 <COLOR RGB="#006130" NAME="Lab 35 -40 20" />
 <COLOR RGB="#006141" NAME="Lab 35 -40 10" />
 <COLOR RGB="#006251" NAME="Lab 35 -40 00" />
 <COLOR RGB="#1d5e30" NAME="Lab 35 -30 20" />
 <COLOR RGB="#0d5e41" NAME="Lab 35 -30 10" />
 <COLOR RGB="#005f51" NAME="Lab 35 -30 00" />
 <COLOR RGB="#005f61" NAME="Lab 35 -30 -10" />
 <COLOR RGB="#005f71" NAME="Lab 35 -30 -20" />
 <COLOR RGB="#385b31" NAME="Lab 35 -20 20" />
 <COLOR RGB="#325b41" NAME="Lab 35 -20 10" />
 <COLOR RGB="#285b52" NAME="Lab 35 -20 00" />
 <COLOR RGB="#165c62" NAME="Lab 35 -20 -10" />
 <COLOR RGB="#005c72" NAME="Lab 35 -20 -20" />
 <COLOR RGB="#005d82" NAME="Lab 35 -20 -30" />
 <COLOR RGB="#4b5731" NAME="Lab 35 -10 20" />
 <COLOR RGB="#465742" NAME="Lab 35 -10 10" />
 <COLOR RGB="#405752" NAME="Lab 35 -10 00" />
 <COLOR RGB="#375762" NAME="Lab 35 -10 -10" />
 <COLOR RGB="#295872" NAME="Lab 35 -10 -20" />
 <COLOR RGB="#095982" NAME="Lab 35 -10 -30" />
 <COLOR RGB="#005992" NAME="Lab 35 -10 -40" />
 <COLOR RGB="#5d5120" NAME="Lab 35 00 30" />
 <COLOR RGB="#5b5232" NAME="Lab 35 00 20" />
 <COLOR RGB="#575242" NAME="Lab 35 00 10" />
 <COLOR RGB="#525252" NAME="Lab 35 00 00" />
 <COLOR RGB="#4c5362" NAME="Lab 35 00 -10" />
 <COLOR RGB="#435372" NAME="Lab 35 00 -20" />
 <COLOR RGB="#365482" NAME="Lab 35 00 -30" />
 <COLOR RGB="#1e5593" NAME="Lab 35 00 -40" />
 <COLOR RGB="#0055a3" NAME="Lab 35 00 -50" />
 <COLOR RGB="#6b4c21" NAME="Lab 35 10 30" />
 <COLOR RGB="#694c33" NAME="Lab 35 10 20" />
 <COLOR RGB="#664c43" NAME="Lab 35 10 10" />
 <COLOR RGB="#624d53" NAME="Lab 35 10 00" />
 <COLOR RGB="#5d4d62" NAME="Lab 35 10 -10" />
 <COLOR RGB="#564e72" NAME="Lab 35 10 -20" />
 <COLOR RGB="#4c4e82" NAME="Lab 35 10 -30" />
 <COLOR RGB="#3f4f93" NAME="Lab 35 10 -40" />
 <COLOR RGB="#784522" NAME="Lab 35 20 30" />
 <COLOR RGB="#764533" NAME="Lab 35 20 20" />
 <COLOR RGB="#734543" NAME="Lab 35 20 10" />
 <COLOR RGB="#704653" NAME="Lab 35 20 00" />
 <COLOR RGB="#6c4663" NAME="Lab 35 20 -10" />
 <COLOR RGB="#664773" NAME="Lab 35 20 -20" />
 <COLOR RGB="#5e4883" NAME="Lab 35 20 -30" />
 <COLOR RGB="#554993" NAME="Lab 35 20 -40" />
 <COLOR RGB="#843c24" NAME="Lab 35 30 30" />
 <COLOR RGB="#823d34" NAME="Lab 35 30 20" />
 <COLOR RGB="#803d44" NAME="Lab 35 30 10" />
 <COLOR RGB="#7d3e54" NAME="Lab 35 30 00" />
 <COLOR RGB="#793e63" NAME="Lab 35 30 -10" />
 <COLOR RGB="#743f73" NAME="Lab 35 30 -20" />
 <COLOR RGB="#6e4083" NAME="Lab 35 30 -30" />
 <COLOR RGB="#664193" NAME="Lab 35 30 -40" />
 <COLOR RGB="#903125" NAME="Lab 35 40 30" />
 <COLOR RGB="#8e3235" NAME="Lab 35 40 20" />
 <COLOR RGB="#8c3245" NAME="Lab 35 40 10" />
 <COLOR RGB="#8a3354" NAME="Lab 35 40 00" />
 <COLOR RGB="#863364" NAME="Lab 35 40 -10" />
 <COLOR RGB="#823473" NAME="Lab 35 40 -20" />
 <COLOR RGB="#7d3583" NAME="Lab 35 40 -30" />
 <COLOR RGB="#9b2126" NAME="Lab 35 50 30" />
 <COLOR RGB="#9a2236" NAME="Lab 35 50 20" />
 <COLOR RGB="#982245" NAME="Lab 35 50 10" />
 <COLOR RGB="#962355" NAME="Lab 35 50 00" />
 <COLOR RGB="#932464" NAME="Lab 35 50 -10" />
 <COLOR RGB="#8f2574" NAME="Lab 35 50 -20" />
 <COLOR RGB="#8a2784" NAME="Lab 35 50 -30" />
 <COLOR RGB="#005236" NAME="Lab 30 -30 10" />
 <COLOR RGB="#005246" NAME="Lab 30 -30 00" />
 <COLOR RGB="#005355" NAME="Lab 30 -30 -10" />
 <COLOR RGB="#2c4f26" NAME="Lab 30 -20 20" />
 <COLOR RGB="#264f36" NAME="Lab 30 -20 10" />
 <COLOR RGB="#1b4f46" NAME="Lab 30 -20 00" />
 <COLOR RGB="#004f56" NAME="Lab 30 -20 -10" />
 <COLOR RGB="#005065" NAME="Lab 30 -20 -20" />
 <COLOR RGB="#3f4b26" NAME="Lab 30 -10 20" />
 <COLOR RGB="#3b4b37" NAME="Lab 30 -10 10" />
 <COLOR RGB="#354b46" NAME="Lab 30 -10 00" />
 <COLOR RGB="#2b4c56" NAME="Lab 30 -10 -10" />
 <COLOR RGB="#1b4c65" NAME="Lab 30 -10 -20" />
 <COLOR RGB="#004d75" NAME="Lab 30 -10 -30" />
 <COLOR RGB="#4e4627" NAME="Lab 30 00 20" />
 <COLOR RGB="#4b4637" NAME="Lab 30 00 10" />
 <COLOR RGB="#474747" NAME="Lab 30 00 00" />
 <COLOR RGB="#404756" NAME="Lab 30 00 -10" />
 <COLOR RGB="#374866" NAME="Lab 30 00 -20" />
 <COLOR RGB="#284875" NAME="Lab 30 00 -30" />
 <COLOR RGB="#054985" NAME="Lab 30 00 -40" />
 <COLOR RGB="#5c4028" NAME="Lab 30 10 20" />
 <COLOR RGB="#594138" NAME="Lab 30 10 10" />
 <COLOR RGB="#564147" NAME="Lab 30 10 00" />
 <COLOR RGB="#514256" NAME="Lab 30 10 -10" />
 <COLOR RGB="#4a4266" NAME="Lab 30 10 -20" />
 <COLOR RGB="#404376" NAME="Lab 30 10 -30" />
 <COLOR RGB="#324486" NAME="Lab 30 10 -40" />
 <COLOR RGB="#164596" NAME="Lab 30 10 -50" />
 <COLOR RGB="#693a28" NAME="Lab 30 20 20" />
 <COLOR RGB="#663a38" NAME="Lab 30 20 10" />
 <COLOR RGB="#633a47" NAME="Lab 30 20 00" />
 <COLOR RGB="#5f3b57" NAME="Lab 30 20 -10" />
 <COLOR RGB="#5a3b66" NAME="Lab 30 20 -20" />
 <COLOR RGB="#523c76" NAME="Lab 30 20 -30" />
 <COLOR RGB="#483d86" NAME="Lab 30 20 -40" />
 <COLOR RGB="#763019" NAME="Lab 30 30 30" />
 <COLOR RGB="#753129" NAME="Lab 30 30 20" />
 <COLOR RGB="#733139" NAME="Lab 30 30 10" />
 <COLOR RGB="#703248" NAME="Lab 30 30 00" />
 <COLOR RGB="#6c3257" NAME="Lab 30 30 -10" />
 <COLOR RGB="#683367" NAME="Lab 30 30 -20" />
 <COLOR RGB="#613476" NAME="Lab 30 30 -30" />
 <COLOR RGB="#593586" NAME="Lab 30 30 -40" />
 <COLOR RGB="#81241a" NAME="Lab 30 40 30" />
 <COLOR RGB="#80242a" NAME="Lab 30 40 20" />
 <COLOR RGB="#7e2539" NAME="Lab 30 40 10" />
 <COLOR RGB="#7c2648" NAME="Lab 30 40 00" />
 <COLOR RGB="#792658" NAME="Lab 30 40 -10" />
 <COLOR RGB="#752767" NAME="Lab 30 40 -20" />
 <COLOR RGB="#6f2976" NAME="Lab 30 40 -30" />
 <COLOR RGB="#8a0f3a" NAME="Lab 30 50 10" />
 <COLOR RGB="#871149" NAME="Lab 30 50 00" />
 <COLOR RGB="#851258" NAME="Lab 30 50 -10" />
 <COLOR RGB="#1a432b" NAME="Lab 25 -20 10" />
 <COLOR RGB="#0c433b" NAME="Lab 25 -20 00" />
 <COLOR RGB="#00444a" NAME="Lab 25 -20 -10" />
 <COLOR RGB="#303f2c" NAME="Lab 25 -10 10" />
 <COLOR RGB="#2a403b" NAME="Lab 25 -10 00" />
 <COLOR RGB="#1f404a" NAME="Lab 25 -10 -10" />
 <COLOR RGB="#094159" NAME="Lab 25 -10 -20" />
 <COLOR RGB="#403b2c" NAME="Lab 25 00 10" />
 <COLOR RGB="#3b3b3b" NAME="Lab 25 00 00" />
 <COLOR RGB="#353c4a" NAME="Lab 25 00 -10" />
 <COLOR RGB="#2b3c59" NAME="Lab 25 00 -20" />
 <COLOR RGB="#1a3d69" NAME="Lab 25 00 -30" />
 <COLOR RGB="#50351d" NAME="Lab 25 10 20" />
 <COLOR RGB="#4d352d" NAME="Lab 25 10 10" />
 <COLOR RGB="#4a363c" NAME="Lab 25 10 00" />
 <COLOR RGB="#45364b" NAME="Lab 25 10 -10" />
 <COLOR RGB="#3e375a" NAME="Lab 25 10 -20" />
 <COLOR RGB="#343869" NAME="Lab 25 10 -30" />
 <COLOR RGB="#5c2e1e" NAME="Lab 25 20 20" />
 <COLOR RGB="#5a2f2d" NAME="Lab 25 20 10" />
 <COLOR RGB="#572f3c" NAME="Lab 25 20 00" />
 <COLOR RGB="#532f4b" NAME="Lab 25 20 -10" />
 <COLOR RGB="#4d305a" NAME="Lab 25 20 -20" />
 <COLOR RGB="#463169" NAME="Lab 25 20 -30" />
 <COLOR RGB="#3b3279" NAME="Lab 25 20 -40" />
 <COLOR RGB="#67251f" NAME="Lab 25 30 20" />
 <COLOR RGB="#65252e" NAME="Lab 25 30 10" />
 <COLOR RGB="#63263d" NAME="Lab 25 30 00" />
 <COLOR RGB="#5f264b" NAME="Lab 25 30 -10" />
 <COLOR RGB="#5b275a" NAME="Lab 25 30 -20" />
 <COLOR RGB="#55286a" NAME="Lab 25 30 -30" />
 <COLOR RGB="#70172f" NAME="Lab 25 40 10" />
 <COLOR RGB="#6e183d" NAME="Lab 25 40 00" />
 <COLOR RGB="#6b194c" NAME="Lab 25 40 -10" />
 <COLOR RGB="#003830" NAME="Lab 20 -20 00" />
 <COLOR RGB="#253421" NAME="Lab 20 -10 10" />
 <COLOR RGB="#1f3530" NAME="Lab 20 -10 00" />
 <COLOR RGB="#13353f" NAME="Lab 20 -10 -10" />
 <COLOR RGB="#343022" NAME="Lab 20 00 10" />
 <COLOR RGB="#303030" NAME="Lab 20 00 00" />
 <COLOR RGB="#2a313f" NAME="Lab 20 00 -10" />
 <COLOR RGB="#1f314e" NAME="Lab 20 00 -20" />
 <COLOR RGB="#412b22" NAME="Lab 20 10 10" />
 <COLOR RGB="#3e2b31" NAME="Lab 20 10 00" />
 <COLOR RGB="#3a2b3f" NAME="Lab 20 10 -10" />
 <COLOR RGB="#332c4e" NAME="Lab 20 10 -20" />
 <COLOR RGB="#4d2323" NAME="Lab 20 20 10" />
 <COLOR RGB="#4b2431" NAME="Lab 20 20 00" />
 <COLOR RGB="#47243f" NAME="Lab 20 20 -10" />
 <COLOR RGB="#42254e" NAME="Lab 20 20 -20" />
 <COLOR RGB="#561932" NAME="Lab 20 30 00" />
 <COLOR RGB="#531a40" NAME="Lab 20 30 -10" />
 <COLOR RGB="#142a25" NAME="Lab 15 -10 00" />
 <COLOR RGB="#262626" NAME="Lab 15 00 00" />
 <COLOR RGB="#1f2634" NAME="Lab 15 00 -10" />
 <COLOR RGB="#332026" NAME="Lab 15 10 00" />
 <COLOR RGB="#2e2134" NAME="Lab 15 10 -10" />
 <COLOR RGB="#3f1926" NAME="Lab 15 20 00" />
 <COLOR RGB="#1b1b1b" NAME="Lab 10 00 00" />
 <COLOR RGB="#101010" NAME="Lab 5 00 00" />
</SCRIBUSCOLORS>