<?xml version="1.0" encoding="UTF-8"?>
<SCRIBUSCOLORS Name="Colortrend Facade">
 <COLOR RGB="#d3e2eb" NAME="Colortrend F001" Spot="1" />
 <COLOR RGB="#c8dded" NAME="Colortrend F002" Spot="1" />
 <COLOR RGB="#bad3e3" NAME="Colortrend F003" Spot="1" />
 <COLOR RGB="#a7c8e3" NAME="Colortrend F004" Spot="1" />
 <COLOR RGB="#8cb9dd" NAME="Colortrend F005" Spot="1" />
 <COLOR RGB="#77acda" NAME="Colortrend F006" Spot="1" />
 <COLOR RGB="#eaefee" NAME="Colortrend F007" Spot="1" />
 <COLOR RGB="#c7ddee" NAME="Colortrend F008" Spot="1" />
 <COLOR RGB="#b7d3eb" NAME="Colortrend F009" Spot="1" />
 <COLOR RGB="#a7c9e5" NAME="Colortrend F010" Spot="1" />
 <COLOR RGB="#87b7de" NAME="Colortrend F011" Spot="1" />
 <COLOR RGB="#66a2d6" NAME="Colortrend F012" Spot="1" />
 <COLOR RGB="#4d8fcd" NAME="Colortrend F013" Spot="1" />
 <COLOR RGB="#246cb1" NAME="Colortrend F014" Spot="1" />
 <COLOR RGB="#dae5e2" NAME="Colortrend F015" Spot="1" />
 <COLOR RGB="#d3e0dc" NAME="Colortrend F016" Spot="1" />
 <COLOR RGB="#aac3c9" NAME="Colortrend F017" Spot="1" />
 <COLOR RGB="#96b6bf" NAME="Colortrend F018" Spot="1" />
 <COLOR RGB="#769cab" NAME="Colortrend F019" Spot="1" />
 <COLOR RGB="#5f8895" NAME="Colortrend F020" Spot="1" />
 <COLOR RGB="#ceddda" NAME="Colortrend F021" Spot="1" />
 <COLOR RGB="#c1d3ce" NAME="Colortrend F022" Spot="1" />
 <COLOR RGB="#b7c8c0" NAME="Colortrend F023" Spot="1" />
 <COLOR RGB="#9db3aa" NAME="Colortrend F024" Spot="1" />
 <COLOR RGB="#839f93" NAME="Colortrend F025" Spot="1" />
 <COLOR RGB="#708d7f" NAME="Colortrend F026" Spot="1" />
 <COLOR RGB="#e8ece7" NAME="Colortrend F027" Spot="1" />
 <COLOR RGB="#cad8ce" NAME="Colortrend F028" Spot="1" />
 <COLOR RGB="#afc4b1" NAME="Colortrend F029" Spot="1" />
 <COLOR RGB="#9cb09e" NAME="Colortrend F030" Spot="1" />
 <COLOR RGB="#829983" NAME="Colortrend F031" Spot="1" />
 <COLOR RGB="#6f876f" NAME="Colortrend F032" Spot="1" />
 <COLOR RGB="#dee5d9" NAME="Colortrend F033" Spot="1" />
 <COLOR RGB="#d1dacb" NAME="Colortrend F034" Spot="1" />
 <COLOR RGB="#c9d2bd" NAME="Colortrend F035" Spot="1" />
 <COLOR RGB="#a6b59a" NAME="Colortrend F036" Spot="1" />
 <COLOR RGB="#a2b397" NAME="Colortrend F037" Spot="1" />
 <COLOR RGB="#92a687" NAME="Colortrend F038" Spot="1" />
 <COLOR RGB="#e9ece5" NAME="Colortrend F039" Spot="1" />
 <COLOR RGB="#cfdacb" NAME="Colortrend F040" Spot="1" />
 <COLOR RGB="#c3d0be" NAME="Colortrend F041" Spot="1" />
 <COLOR RGB="#b5c2ab" NAME="Colortrend F042" Spot="1" />
 <COLOR RGB="#9db195" NAME="Colortrend F043" Spot="1" />
 <COLOR RGB="#839a78" NAME="Colortrend F044" Spot="1" />
 <COLOR RGB="#738a65" NAME="Colortrend F045" Spot="1" />
 <COLOR RGB="#607954" NAME="Colortrend F046" Spot="1" />
 <COLOR RGB="#dbe3c8" NAME="Colortrend F047" Spot="1" />
 <COLOR RGB="#d2dbb6" NAME="Colortrend F048" Spot="1" />
 <COLOR RGB="#cad3a3" NAME="Colortrend F049" Spot="1" />
 <COLOR RGB="#b3c589" NAME="Colortrend F050" Spot="1" />
 <COLOR RGB="#a5b872" NAME="Colortrend F051" Spot="1" />
 <COLOR RGB="#93a85b" NAME="Colortrend F052" Spot="1" />
 <COLOR RGB="#e2e8ca" NAME="Colortrend F053" Spot="1" />
 <COLOR RGB="#d9e0bc" NAME="Colortrend F054" Spot="1" />
 <COLOR RGB="#ccd6a3" NAME="Colortrend F055" Spot="1" />
 <COLOR RGB="#bfcc91" NAME="Colortrend F056" Spot="1" />
 <COLOR RGB="#adbd78" NAME="Colortrend F057" Spot="1" />
 <COLOR RGB="#9db063" NAME="Colortrend F058" Spot="1" />
 <COLOR RGB="#eeefe2" NAME="Colortrend F059" Spot="1" />
 <COLOR RGB="#e1e9c6" NAME="Colortrend F060" Spot="1" />
 <COLOR RGB="#cdd69e" NAME="Colortrend F061" Spot="1" />
 <COLOR RGB="#bcca87" NAME="Colortrend F062" Spot="1" />
 <COLOR RGB="#a7b86b" NAME="Colortrend F063" Spot="1" />
 <COLOR RGB="#98aa5a" NAME="Colortrend F064" Spot="1" />
 <COLOR RGB="#e4ecc9" NAME="Colortrend F065" Spot="1" />
 <COLOR RGB="#dce4b9" NAME="Colortrend F066" Spot="1" />
 <COLOR RGB="#d9deaa" NAME="Colortrend F067" Spot="1" />
 <COLOR RGB="#cbd48f" NAME="Colortrend F068" Spot="1" />
 <COLOR RGB="#b8c572" NAME="Colortrend F069" Spot="1" />
 <COLOR RGB="#adbd64" NAME="Colortrend F070" Spot="1" />
 <COLOR RGB="#f0f0cf" NAME="Colortrend F071" Spot="1" />
 <COLOR RGB="#eff0c1" NAME="Colortrend F072" Spot="1" />
 <COLOR RGB="#ebebae" NAME="Colortrend F073" Spot="1" />
 <COLOR RGB="#edeb9c" NAME="Colortrend F074" Spot="1" />
 <COLOR RGB="#ece57e" NAME="Colortrend F075" Spot="1" />
 <COLOR RGB="#eae369" NAME="Colortrend F076" Spot="1" />
 <COLOR RGB="#f0f2df" NAME="Colortrend F077" Spot="1" />
 <COLOR RGB="#f0f0bf" NAME="Colortrend F078" Spot="1" />
 <COLOR RGB="#efeeac" NAME="Colortrend F079" Spot="1" />
 <COLOR RGB="#eae999" NAME="Colortrend F080" Spot="1" />
 <COLOR RGB="#ebe580" NAME="Colortrend F081" Spot="1" />
 <COLOR RGB="#eee25e" NAME="Colortrend F082" Spot="1" />
 <COLOR RGB="#eedf43" NAME="Colortrend F083" Spot="1" />
 <COLOR RGB="#ecd824" NAME="Colortrend F084" Spot="1" />
 <COLOR RGB="#f1ecba" NAME="Colortrend F085" Spot="1" />
 <COLOR RGB="#f3ecb4" NAME="Colortrend F086" Spot="1" />
 <COLOR RGB="#ece192" NAME="Colortrend F087" Spot="1" />
 <COLOR RGB="#eedd7d" NAME="Colortrend F088" Spot="1" />
 <COLOR RGB="#efd662" NAME="Colortrend F089" Spot="1" />
 <COLOR RGB="#ebc847" NAME="Colortrend F090" Spot="1" />
 <COLOR RGB="#f3e8bc" NAME="Colortrend F091" Spot="1" />
 <COLOR RGB="#f5e4ad" NAME="Colortrend F092" Spot="1" />
 <COLOR RGB="#eedc93" NAME="Colortrend F093" Spot="1" />
 <COLOR RGB="#edd57c" NAME="Colortrend F094" Spot="1" />
 <COLOR RGB="#eac85f" NAME="Colortrend F095" Spot="1" />
 <COLOR RGB="#e8b942" NAME="Colortrend F096" Spot="1" />
 <COLOR RGB="#f3eddc" NAME="Colortrend F097" Spot="1" />
 <COLOR RGB="#f2e4b9" NAME="Colortrend F098" Spot="1" />
 <COLOR RGB="#f2ddaa" NAME="Colortrend F099" Spot="1" />
 <COLOR RGB="#f0d795" NAME="Colortrend F100" Spot="1" />
 <COLOR RGB="#ecca77" NAME="Colortrend F101" Spot="1" />
 <COLOR RGB="#e6b959" NAME="Colortrend F102" Spot="1" />
 <COLOR RGB="#dfad44" NAME="Colortrend F103" Spot="1" />
 <COLOR RGB="#d6a134" NAME="Colortrend F104" Spot="1" />
 <COLOR RGB="#f0e4c8" NAME="Colortrend F105" Spot="1" />
 <COLOR RGB="#f3e0bc" NAME="Colortrend F106" Spot="1" />
 <COLOR RGB="#efd6a9" NAME="Colortrend F107" Spot="1" />
 <COLOR RGB="#efcc91" NAME="Colortrend F108" Spot="1" />
 <COLOR RGB="#eabf7b" NAME="Colortrend F109" Spot="1" />
 <COLOR RGB="#e6b56a" NAME="Colortrend F110" Spot="1" />
 <COLOR RGB="#f3edde" NAME="Colortrend F111" Spot="1" />
 <COLOR RGB="#eedab5" NAME="Colortrend F112" Spot="1" />
 <COLOR RGB="#f0d2a4" NAME="Colortrend F113" Spot="1" />
 <COLOR RGB="#eecc95" NAME="Colortrend F114" Spot="1" />
 <COLOR RGB="#eabf79" NAME="Colortrend F115" Spot="1" />
 <COLOR RGB="#dfac5e" NAME="Colortrend F116" Spot="1" />
 <COLOR RGB="#d39a47" NAME="Colortrend F117" Spot="1" />
 <COLOR RGB="#c98f3b" NAME="Colortrend F118" Spot="1" />
 <COLOR RGB="#edceb3" NAME="Colortrend F119" Spot="1" />
 <COLOR RGB="#eac4ab" NAME="Colortrend F120" Spot="1" />
 <COLOR RGB="#e4b08a" NAME="Colortrend F121" Spot="1" />
 <COLOR RGB="#d99d72" NAME="Colortrend F122" Spot="1" />
 <COLOR RGB="#cb8859" NAME="Colortrend F123" Spot="1" />
 <COLOR RGB="#bd774b" NAME="Colortrend F124" Spot="1" />
 <COLOR RGB="#eac3af" NAME="Colortrend F125" Spot="1" />
 <COLOR RGB="#e5b69e" NAME="Colortrend F126" Spot="1" />
 <COLOR RGB="#dfa688" NAME="Colortrend F127" Spot="1" />
 <COLOR RGB="#d48f6e" NAME="Colortrend F128" Spot="1" />
 <COLOR RGB="#c57b57" NAME="Colortrend F129" Spot="1" />
 <COLOR RGB="#b76d4b" NAME="Colortrend F130" Spot="1" />
 <COLOR RGB="#efdbd2" NAME="Colortrend F131" Spot="1" />
 <COLOR RGB="#e6b9aa" NAME="Colortrend F132" Spot="1" />
 <COLOR RGB="#dfa99a" NAME="Colortrend F133" Spot="1" />
 <COLOR RGB="#d6967f" NAME="Colortrend F134" Spot="1" />
 <COLOR RGB="#ca7f67" NAME="Colortrend F135" Spot="1" />
 <COLOR RGB="#b66950" NAME="Colortrend F136" Spot="1" />
 <COLOR RGB="#ab5a43" NAME="Colortrend F137" Spot="1" />
 <COLOR RGB="#a05038" NAME="Colortrend F138" Spot="1" />
 <COLOR RGB="#e8c0b7" NAME="Colortrend F139" Spot="1" />
 <COLOR RGB="#e1afa6" NAME="Colortrend F140" Spot="1" />
 <COLOR RGB="#da9b8e" NAME="Colortrend F141" Spot="1" />
 <COLOR RGB="#ca8374" NAME="Colortrend F142" Spot="1" />
 <COLOR RGB="#bf7060" NAME="Colortrend F143" Spot="1" />
 <COLOR RGB="#b46151" NAME="Colortrend F144" Spot="1" />
 <COLOR RGB="#f1dbd4" NAME="Colortrend F145" Spot="1" />
 <COLOR RGB="#dea99f" NAME="Colortrend F146" Spot="1" />
 <COLOR RGB="#d2978c" NAME="Colortrend F147" Spot="1" />
 <COLOR RGB="#cc8272" NAME="Colortrend F148" Spot="1" />
 <COLOR RGB="#be6c5e" NAME="Colortrend F149" Spot="1" />
 <COLOR RGB="#aa5b4a" NAME="Colortrend F150" Spot="1" />
 <COLOR RGB="#9d4d3d" NAME="Colortrend F151" Spot="1" />
 <COLOR RGB="#924332" NAME="Colortrend F152" Spot="1" />
 <COLOR RGB="#ddb8b3" NAME="Colortrend F153" Spot="1" />
 <COLOR RGB="#d3a9a3" NAME="Colortrend F154" Spot="1" />
 <COLOR RGB="#cd998d" NAME="Colortrend F155" Spot="1" />
 <COLOR RGB="#ba7e73" NAME="Colortrend F156" Spot="1" />
 <COLOR RGB="#a96c5f" NAME="Colortrend F157" Spot="1" />
 <COLOR RGB="#9a5c4f" NAME="Colortrend F158" Spot="1" />
 <COLOR RGB="#ecdcd8" NAME="Colortrend F159" Spot="1" />
 <COLOR RGB="#d4b8b3" NAME="Colortrend F160" Spot="1" />
 <COLOR RGB="#c8a29d" NAME="Colortrend F161" Spot="1" />
 <COLOR RGB="#c1968d" NAME="Colortrend F162" Spot="1" />
 <COLOR RGB="#ae7c73" NAME="Colortrend F163" Spot="1" />
 <COLOR RGB="#956257" NAME="Colortrend F164" Spot="1" />
 <COLOR RGB="#855448" NAME="Colortrend F165" Spot="1" />
 <COLOR RGB="#744235" NAME="Colortrend F166" Spot="1" />
 <COLOR RGB="#edebe5" NAME="Colortrend F167" Spot="1" />
 <COLOR RGB="#dad7ce" NAME="Colortrend F168" Spot="1" />
 <COLOR RGB="#d7d1c8" NAME="Colortrend F169" Spot="1" />
 <COLOR RGB="#d1cbc3" NAME="Colortrend F170" Spot="1" />
 <COLOR RGB="#cfc5b8" NAME="Colortrend F171" Spot="1" />
 <COLOR RGB="#b7ac9c" NAME="Colortrend F172" Spot="1" />
 <COLOR RGB="#9e9180" NAME="Colortrend F173" Spot="1" />
 <COLOR RGB="#897968" NAME="Colortrend F174" Spot="1" />
 <COLOR RGB="#ceccc6" NAME="Colortrend F175" Spot="1" />
 <COLOR RGB="#bab9b5" NAME="Colortrend F176" Spot="1" />
 <COLOR RGB="#b3ada5" NAME="Colortrend F177" Spot="1" />
 <COLOR RGB="#98928a" NAME="Colortrend F178" Spot="1" />
 <COLOR RGB="#7b766e" NAME="Colortrend F179" Spot="1" />
 <COLOR RGB="#645d56" NAME="Colortrend F180" Spot="1" />
 <COLOR RGB="#c1c1bf" NAME="Colortrend F181" Spot="1" />
 <COLOR RGB="#b1b0af" NAME="Colortrend F182" Spot="1" />
 <COLOR RGB="#a4a09b" NAME="Colortrend F183" Spot="1" />
 <COLOR RGB="#888681" NAME="Colortrend F184" Spot="1" />
 <COLOR RGB="#6d6a67" NAME="Colortrend F185" Spot="1" />
 <COLOR RGB="#575452" NAME="Colortrend F186" Spot="1" />
 <COLOR RGB="#e0dfde" NAME="Colortrend F187" Spot="1" />
 <COLOR RGB="#c9c9c9" NAME="Colortrend F188" Spot="1" />
 <COLOR RGB="#b9b9b9" NAME="Colortrend F189" Spot="1" />
 <COLOR RGB="#b0b0b0" NAME="Colortrend F190" Spot="1" />
 <COLOR RGB="#a6a6a6" NAME="Colortrend F191" Spot="1" />
 <COLOR RGB="#969694" NAME="Colortrend F192" Spot="1" />
 <COLOR RGB="#7c7976" NAME="Colortrend F193" Spot="1" />
 <COLOR RGB="#6b6a69" NAME="Colortrend F194" Spot="1" />
 <COLOR RGB="#5e5b5a" NAME="Colortrend F195" Spot="1" />
 <COLOR RGB="#545251" NAME="Colortrend F196" Spot="1" />
 <COLOR RGB="#494644" NAME="Colortrend F197" Spot="1" />
 <COLOR RGB="#423f3e" NAME="Colortrend F198" Spot="1" />
 <COLOR RGB="#5d6166" NAME="Colortrend F199" Spot="1" />
 <COLOR RGB="#43474d" NAME="Colortrend F200" Spot="1" />
 <COLOR RGB="#505655" NAME="Colortrend F201" Spot="1" />
 <COLOR RGB="#545852" NAME="Colortrend F202" Spot="1" />
 <COLOR RGB="#515650" NAME="Colortrend F203" Spot="1" />
 <COLOR RGB="#4f5449" NAME="Colortrend F204" Spot="1" />
 <COLOR RGB="#676960" NAME="Colortrend F205" Spot="1" />
 <COLOR RGB="#55594a" NAME="Colortrend F206" Spot="1" />
 <COLOR RGB="#66674c" NAME="Colortrend F207" Spot="1" />
 <COLOR RGB="#5d6140" NAME="Colortrend F208" Spot="1" />
 <COLOR RGB="#66674c" NAME="Colortrend F209" Spot="1" />
 <COLOR RGB="#5c6142" NAME="Colortrend F210" Spot="1" />
 <COLOR RGB="#727056" NAME="Colortrend F211" Spot="1" />
 <COLOR RGB="#6b6945" NAME="Colortrend F212" Spot="1" />
 <COLOR RGB="#696442" NAME="Colortrend F213" Spot="1" />
 <COLOR RGB="#696041" NAME="Colortrend F214" Spot="1" />
 <COLOR RGB="#786e58" NAME="Colortrend F215" Spot="1" />
 <COLOR RGB="#6d5e43" NAME="Colortrend F216" Spot="1" />
 <COLOR RGB="#6e503e" NAME="Colortrend F217" Spot="1" />
 <COLOR RGB="#724a3a" NAME="Colortrend F218" Spot="1" />
 <COLOR RGB="#795246" NAME="Colortrend F219" Spot="1" />
 <COLOR RGB="#754538" NAME="Colortrend F220" Spot="1" />
 <COLOR RGB="#6e4c42" NAME="Colortrend F221" Spot="1" />
 <COLOR RGB="#5f4237" NAME="Colortrend F222" Spot="1" />
 <COLOR RGB="#67594a" NAME="Colortrend F223" Spot="1" />
 <COLOR RGB="#514a44" NAME="Colortrend F224" Spot="1" />
</SCRIBUSCOLORS>