<?xml version="1.0" encoding="UTF-8"?>
<SCRIBUSCOLORS Name="Colortrend Wood Stains">
 <COLOR RGB="#8a877a" NAME="Colortrend 1 bk, DWC310" Spot="1" />
 <COLOR RGB="#9e6179" NAME="Colortrend 1 fr, TWC101" Spot="1" />
 <COLOR RGB="#b0aa96" NAME="Colortrend 2 bk, DWC309" Spot="1" />
 <COLOR RGB="#966354" NAME="Colortrend 2 fr, TWC102" Spot="1" />
 <COLOR RGB="#898681" NAME="Colortrend 3 bk, DWC308" Spot="1" />
 <COLOR RGB="#449679" NAME="Colortrend 3 fr, TWC103" Spot="1" />
 <COLOR RGB="#bdb49e" NAME="Colortrend 4 bk, DWC307" Spot="1" />
 <COLOR RGB="#94a26f" NAME="Colortrend 4 fr, TWC104" Spot="1" />
 <COLOR RGB="#acaf89" NAME="Colortrend 5 bk, DWC306" Spot="1" />
 <COLOR RGB="#e6cb50" NAME="Colortrend 5 fr, TWC105" Spot="1" />
 <COLOR RGB="#c9bf9e" NAME="Colortrend 6 bk, DWC305" Spot="1" />
 <COLOR RGB="#e2ba44" NAME="Colortrend 6 fr, TWC106" Spot="1" />
 <COLOR RGB="#cdb694" NAME="Colortrend 7 bk, DWC304" Spot="1" />
 <COLOR RGB="#c06e4c" NAME="Colortrend 7 fr, TWC107" Spot="1" />
 <COLOR RGB="#91865b" NAME="Colortrend 8 bk, DWC303" Spot="1" />
 <COLOR RGB="#a7574c" NAME="Colortrend 8 fr, TWC108" Spot="1" />
 <COLOR RGB="#a48b6b" NAME="Colortrend 9 bk, DWC302" Spot="1" />
 <COLOR RGB="#a48b6b" NAME="Colortrend 9 fr, TWC109" Spot="1" />
 <COLOR RGB="#c58650" NAME="Colortrend 10 bk, DWC301" Spot="1" />
 <COLOR RGB="#c47f57" NAME="Colortrend 10 fr, TWC110" Spot="1" />
 <COLOR RGB="#484541" NAME="Colortrend 11 fr, RWC111" Spot="1" />
 <COLOR RGB="#91654c" NAME="Colortrend 12 bk, NWC212" Spot="1" />
 <COLOR RGB="#9e8263" NAME="Colortrend 12 fr, TWC112" Spot="1" />
 <COLOR RGB="#a28367" NAME="Colortrend 13 bk, NWC211" Spot="1" />
 <COLOR RGB="#845a4b" NAME="Colortrend 13 fr, TWC113" Spot="1" />
 <COLOR RGB="#b6a28e" NAME="Colortrend 14 bk, NWC210" Spot="1" />
 <COLOR RGB="#976b48" NAME="Colortrend 14 fr, TWC114" Spot="1" />
 <COLOR RGB="#c5ac8b" NAME="Colortrend 15 bk, NWC209" Spot="1" />
 <COLOR RGB="#e0c59a" NAME="Colortrend 15 fr, TWC115" Spot="1" />
 <COLOR RGB="#89664d" NAME="Colortrend 16 bk, NWC208" Spot="1" />
 <COLOR RGB="#7a6850" NAME="Colortrend 16 fr, RWC116" Spot="1" />
 <COLOR RGB="#b1957b" NAME="Colortrend 17 bk, NWC207" Spot="1" />
 <COLOR RGB="#896356" NAME="Colortrend 17 fr, TWC117" Spot="1" />
 <COLOR RGB="#999475" NAME="Colortrend 18 bk, NWC206" Spot="1" />
 <COLOR RGB="#9a6f57" NAME="Colortrend 18 fr, TWC118" Spot="1" />
 <COLOR RGB="#a2a08b" NAME="Colortrend 19 bk, NWC205" Spot="1" />
 <COLOR RGB="#84757d" NAME="Colortrend 19 fr, TWC119" Spot="1" />
 <COLOR RGB="#969c76" NAME="Colortrend 20 bk, NWC204" Spot="1" />
 <COLOR RGB="#8f6051" NAME="Colortrend 20 fr, TWC120" Spot="1" />
 <COLOR RGB="#b69c7f" NAME="Colortrend 21 bk, NWC203" Spot="1" />
 <COLOR RGB="#c48c52" NAME="Colortrend 21 fr, TWC121" Spot="1" />
 <COLOR RGB="#846d59" NAME="Colortrend 22 bk, NWC202" Spot="1" />
 <COLOR RGB="#c7a779" NAME="Colortrend 22 fr, TWC122" Spot="1" />
 <COLOR RGB="#735e4e" NAME="Colortrend 23 bk, NWC201" Spot="1" />
 <COLOR RGB="#655648" NAME="Colortrend 23 fr, TWC123" Spot="1" />
 <COLOR RGB="#61889e" NAME="Colortrend 24 fr, TWC124" Spot="1" />
</SCRIBUSCOLORS>