<?xml version="1.0" encoding="UTF-8"?>
<SCRIBUSCOLORS Name="Colortrend Ambiance">
 <COLOR RGB="#f5f3e8" NAME="White Lace - OW21 1P" Spot="1" />
 <COLOR RGB="#f1ecdf" NAME="Intimate White - OW21 2P" Spot="1" />
 <COLOR RGB="#f4f0e6" NAME="Hush White - OW22 1P" Spot="1" />
 <COLOR RGB="#eee7da" NAME="Mobe Pearl - OW22 2P" Spot="1" />
 <COLOR RGB="#faf2de" NAME="Swan Wing - OW 1 1P" Spot="1" />
 <COLOR RGB="#f7ecd3" NAME="Cottonfield - OW 1 2P" Spot="1" />
 <COLOR RGB="#f6ead4" NAME="Light Approach - OW25 1P" Spot="1" />
 <COLOR RGB="#f7e7cc" NAME="Moccasin Print - OW25 2P" Spot="1" />
 <COLOR RGB="#fcf8e9" NAME="Snow White - OW20 1P" Spot="1" />
 <COLOR RGB="#f3eacf" NAME="Sandlight - OW20 2P" Spot="1" />
 <COLOR RGB="#fcf5dc" NAME="Creamy White - OW31 1P" Spot="1" />
 <COLOR RGB="#fdefd0" NAME="Hearth Candle - OW31 2P" Spot="1" />
 <COLOR RGB="#fcf6dc" NAME="Gossamer White - OW37 1P" Spot="1" />
 <COLOR RGB="#fdf1cd" NAME="Ivory Yellow - OW37 2P" Spot="1" />
 <COLOR RGB="#faf8df" NAME="Sun Glint - OW2 1P" Spot="1" />
 <COLOR RGB="#f4eecb" NAME="Little Maid - OW2 2P" Spot="1" />
 <COLOR RGB="#fbf8e0" NAME="Daisy White - OW13 1P" Spot="1" />
 <COLOR RGB="#ede8ce" NAME="Beeswax - OW13 2P" Spot="1" />
 <COLOR RGB="#f2edcf" NAME="Minted Lemon - OW7 1P" Spot="1" />
 <COLOR RGB="#f1ecc8" NAME="White Asparagus - OW7 2P" Spot="1" />
 <COLOR RGB="#f1efdf" NAME="Peaceful White - OW19 1P" Spot="1" />
 <COLOR RGB="#e6e4d5" NAME="Eggshell - OW19 2P" Spot="1" />
 <COLOR RGB="#eeeddf" NAME="Walden White - OW14 1P" Spot="1" />
 <COLOR RGB="#e3e6d6" NAME="Evening Breeze - OW14 2P" Spot="1" />
 <COLOR RGB="#e7f1d9" NAME="Green Whimsey - OW3 1P" Spot="1" />
 <COLOR RGB="#e0edce" NAME="Spring Cut - OW3 2P" Spot="1" />
 <COLOR RGB="#e7edd5" NAME="Clover Petal - OW8 1P" Spot="1" />
 <COLOR RGB="#dee7ce" NAME="Tumbling Water - OW8 2P" Spot="1" />
 <COLOR RGB="#edf2e3" NAME="Gardenia - OW15 1P" Spot="1" />
 <COLOR RGB="#e0e6d4" NAME="Rusting Leaf - OW15 2P" Spot="1" />
 <COLOR RGB="#dfebd8" NAME="Little Falls - OW9 1P" Spot="1" />
 <COLOR RGB="#d3e6d4" NAME="Leisure Lake - OW9 2P" Spot="1" />
 <COLOR RGB="#ecf6ed" NAME="Cool Hint - OW16 1P" Spot="1" />
 <COLOR RGB="#dee9da" NAME="Dewkiss - OW16 2P" Spot="1" />
 <COLOR RGB="#e1eedf" NAME="Aerial - OW4 1P" Spot="1" />
 <COLOR RGB="#cfe6d8" NAME="Alpine Echo - OW4 2P" Spot="1" />
 <COLOR RGB="#e4eee1" NAME="Sea Breeze - OW10 1P" Spot="1" />
 <COLOR RGB="#dbe9dc" NAME="Wafting Wave - OW10 2P" Spot="1" />
 <COLOR RGB="#e8f5e9" NAME="Mint Scent - OW17 1P" Spot="1" />
 <COLOR RGB="#e1e8dc" NAME="Silver Drop - OW17 2P" Spot="1" />
 <COLOR RGB="#e7f5eb" NAME="Laguna Mist - OW5 1P" Spot="1" />
 <COLOR RGB="#dcf1ed" NAME="Summer Day - OW5 2P" Spot="1" />
 <COLOR RGB="#dbf1e5" NAME="Clear Day  - OW11 1P" Spot="1" />
 <COLOR RGB="#d9ede7" NAME="First Light - OW11 2P" Spot="1" />
 <COLOR RGB="#e1ede8" NAME="Blue Essence - OW12 1P" Spot="1" />
 <COLOR RGB="#d1e6e4" NAME="Hint of Blue - OW12 2P" Spot="1" />
 <COLOR RGB="#daf0ec" NAME="Ingenue - OW6 1P" Spot="1" />
 <COLOR RGB="#cfe4df" NAME="Petite Blue - OW6 2P" Spot="1" />
 <COLOR RGB="#ebf3ef" NAME="Soothing Blue - OW18 1P" Spot="1" />
 <COLOR RGB="#e0efef" NAME="Blue Trace - OW18 2P" Spot="1" />
 <COLOR RGB="#e4f0eb" NAME="Blue Vision - OW42 1P" Spot="1" />
 <COLOR RGB="#d4e0e5" NAME="Shy Sky - OW42 2P" Spot="1" />
 <COLOR RGB="#eeeee7" NAME="Reserved White - OW23 1P" Spot="1" />
 <COLOR RGB="#ebe7df" NAME="White Wing - OW23 2P" Spot="1" />
 <COLOR RGB="#eaeae1" NAME="Ash White - OW24 1P" Spot="1" />
 <COLOR RGB="#e2e2de" NAME="Gray Dew - OW24 2P" Spot="1" />
 <COLOR RGB="#ecece8" NAME="Violet Whisper - OW36 1P" Spot="1" />
 <COLOR RGB="#e4e7e8" NAME="Velvet Touch - OW36 2P" Spot="1" />
 <COLOR RGB="#e7e8e7" NAME="White Lilac - OW30 1P" Spot="1" />
 <COLOR RGB="#e2e3e6" NAME="Iris Tip - OW30 2P" Spot="1" />
 <COLOR RGB="#f4eee8" NAME="White Peony - OW35 1P" Spot="1" />
 <COLOR RGB="#e9e1de" NAME="Orchid Scent - OW35 2P" Spot="1" />
 <COLOR RGB="#f3ece8" NAME="White Dawn - OW29 1P" Spot="1" />
 <COLOR RGB="#e9e4e1" NAME="Wisteria White - OW29 2P" Spot="1" />
 <COLOR RGB="#f6eee4" NAME="Angelic Pink - OW27 1P" Spot="1" />
 <COLOR RGB="#f1e7dc" NAME="Rosy Dawn - OW27 2P" Spot="1" />
 <COLOR RGB="#f3ebe3" NAME="Drifting Cloud - OW28 1P" Spot="1" />
 <COLOR RGB="#eee3db" NAME="Lullaby - OW28 2P" Spot="1" />
 <COLOR RGB="#f9f0e8" NAME="Sugar Pink - OW41 1P" Spot="1" />
 <COLOR RGB="#f4e8e2" NAME="Penelope Pink - OW41 2P" Spot="1" />
 <COLOR RGB="#faece7" NAME="Snowbush Rose - OW40 1P" Spot="1" />
 <COLOR RGB="#f6e6e0" NAME="Felicia Rose - OW40 2P" Spot="1" />
 <COLOR RGB="#f2e7db" NAME="Sleepy Pink - OW34 1P" Spot="1" />
 <COLOR RGB="#f3e5db" NAME="Rose Fragrance - OW34 2P" Spot="1" />
 <COLOR RGB="#f7e8d9" NAME="Pink Puff - OW39 1P" Spot="1" />
 <COLOR RGB="#f6e1d4" NAME="Iced Ginger - OW39 2P" Spot="1" />
 <COLOR RGB="#f7eddb" NAME="Peach Pinch - OW32 1P" Spot="1" />
 <COLOR RGB="#f4e5d1" NAME="Victorian White - OW32 2P" Spot="1" />
 <COLOR RGB="#f9eedd" NAME="Timid Pink - OW38 1P" Spot="1" />
 <COLOR RGB="#faead8" NAME="Autumn White - OW38 2P" Spot="1" />
 <COLOR RGB="#f7ecdb" NAME="Blush - OW26 1P" Spot="1" />
 <COLOR RGB="#f4e8d5" NAME="Bare Essence - OW26 2P" Spot="1" />
 <COLOR RGB="#f7ebdb" NAME="Bare Blush - OW33 1P" Spot="1" />
 <COLOR RGB="#ebdfd0" NAME="Mauve Bisque - OW33 2P" Spot="1" />
 <COLOR RGB="#fcf4c2" NAME="Hearth Yellow - 2011P" Spot="1" />
 <COLOR RGB="#ece5c2" NAME="Translucent - 2012P" Spot="1" />
 <COLOR RGB="#e8e1cc" NAME="Almond Chip - 2013P" Spot="1" />
 <COLOR RGB="#f7eebe" NAME="Cream Sateen - 2021P" Spot="1" />
 <COLOR RGB="#f5eec5" NAME="Sheer Batiste - 2022P" Spot="1" />
 <COLOR RGB="#f3ebcd" NAME="Ivory Porcelain - 2023P" Spot="1" />
 <COLOR RGB="#f7efc3" NAME="Sun Screen - 2031P" Spot="1" />
 <COLOR RGB="#f4ebc6" NAME="Powder Yellow - 2032P" Spot="1" />
 <COLOR RGB="#f3e8c9" NAME="Little Angel - 2033P" Spot="1" />
 <COLOR RGB="#eef1ca" NAME="Lime Bubble - 2041P" Spot="1" />
 <COLOR RGB="#eef0cc" NAME="Lily Bud - 2042P" Spot="1" />
 <COLOR RGB="#f5eecc" NAME="Tapioca - 2043P" Spot="1" />
 <COLOR RGB="#e5f0c1" NAME="Early Sprout - 2051P" Spot="1" />
 <COLOR RGB="#e9efc0" NAME="Light Leaf - 2052P" Spot="1" />
 <COLOR RGB="#ede9c1" NAME="Wafting Pollen - 2035P" Spot="1" />
 <COLOR RGB="#e6efc2" NAME="Calm Spirit - 2061P" Spot="1" />
 <COLOR RGB="#eceec6" NAME="Cloud Grass - 2062P" Spot="1" />
 <COLOR RGB="#f1edc3" NAME="Evasive Yellow - 2063P" Spot="1" />
 <COLOR RGB="#e5efc5" NAME="Greenlet - 2071P" Spot="1" />
 <COLOR RGB="#e8ebc6" NAME="Transition Green - 2072P" Spot="1" />
 <COLOR RGB="#e7edca" NAME="Willow Wind - 2073P" Spot="1" />
 <COLOR RGB="#e0f0c6" NAME="Green Tinge - 2081P" Spot="1" />
 <COLOR RGB="#e2ebc7" NAME="Dimity Green - 2082P" Spot="1" />
 <COLOR RGB="#e8edcd" NAME="Whispering Willow - 2083P" Spot="1" />
 <COLOR RGB="#d6eac6" NAME="Green Chiffon - 2091P" Spot="1" />
 <COLOR RGB="#e4f1ce" NAME="Barly Open - 2092P" Spot="1" />
 <COLOR RGB="#e4eecf" NAME="Obscure Green - 2093P" Spot="1" />
 <COLOR RGB="#d8ecca" NAME="Gentle Rain  - 2101P" Spot="1" />
 <COLOR RGB="#dcefcb" NAME="Subtle Touch - 2102P" Spot="1" />
 <COLOR RGB="#dcedce" NAME="Pine Scent - 2103P" Spot="1" />
 <COLOR RGB="#cce6c5" NAME="Green Myth - 2111P" Spot="1" />
 <COLOR RGB="#d7eccb" NAME="Green Touch - 2112P" Spot="1" />
 <COLOR RGB="#ddedd3" NAME="Green Dash - 2113P" Spot="1" />
 <COLOR RGB="#c6e7ce" NAME="Filtered Green - 2121P" Spot="1" />
 <COLOR RGB="#cdeacd" NAME="Sweet Mint - 2122P" Spot="1" />
 <COLOR RGB="#d6e7cf" NAME="Green Star - 2123P" Spot="1" />
 <COLOR RGB="#bbe4d4" NAME="Nile Mist - 2131P" Spot="1" />
 <COLOR RGB="#c5e9da" NAME="Lolita Green - 2132P" Spot="1" />
 <COLOR RGB="#d5e7d8" NAME="Teardrop - 2133P" Spot="1" />
 <COLOR RGB="#b8e7d9" NAME="Blue Brush - 2141P" Spot="1" />
 <COLOR RGB="#c5e9dc" NAME="Bluebird - 2142P" Spot="1" />
 <COLOR RGB="#cce2d8" NAME="Lake Alone - 2143P" Spot="1" />
 <COLOR RGB="#b1e1d9" NAME="Pale Cerulean - 2151P" Spot="1" />
 <COLOR RGB="#bae2dc" NAME="Venus Light - 2152P" Spot="1" />
 <COLOR RGB="#c7e1dc" NAME="Mystic Blue - 2153P" Spot="1" />
 <COLOR RGB="#b6e2de" NAME="Cupid Green - 2161P" Spot="1" />
 <COLOR RGB="#bee5e0" NAME="Reflecting Green - 2162P" Spot="1" />
 <COLOR RGB="#c5e5e5" NAME="Sea Nymph Green - 2163P" Spot="1" />
 <COLOR RGB="#b6dde3" NAME="Powdery - 2171P" Spot="1" />
 <COLOR RGB="#bddfe1" NAME="Star Twinkle - 2172P" Spot="1" />
 <COLOR RGB="#c0e1e2" NAME="Dreaming Blue - 2173P" Spot="1" />
 <COLOR RGB="#b4d8e0" NAME="Harmonious - 2181P" Spot="1" />
 <COLOR RGB="#badce2" NAME="Summer Ice - 2182P" Spot="1" />
 <COLOR RGB="#c2e7e8" NAME="Sky Delight - 2183P" Spot="1" />
 <COLOR RGB="#b6d7dc" NAME="Blue Night - 2191P" Spot="1" />
 <COLOR RGB="#bddde3" NAME="Fragile Blue - 2192P" Spot="1" />
 <COLOR RGB="#c0e5ea" NAME="Mermaid Flower - 2193P" Spot="1" />
 <COLOR RGB="#b8d6dd" NAME="Blue Genesis - 2201P" Spot="1" />
 <COLOR RGB="#bde0e6" NAME="Blue Bubble - 2202P" Spot="1" />
 <COLOR RGB="#bde1ea" NAME="Heaven's Gate - 2203P" Spot="1" />
 <COLOR RGB="#b8d7e0" NAME="Cacti Stern - 2211P" Spot="1" />
 <COLOR RGB="#bcdae3" NAME="Tweedia Blue - 2212P" Spot="1" />
 <COLOR RGB="#bddae2" NAME="Early Day - 2213P" Spot="1" />
 <COLOR RGB="#b7d1d9" NAME="Cozy Corner - 2221P" Spot="1" />
 <COLOR RGB="#bbd5df" NAME="Blue Cooler - 2222P" Spot="1" />
 <COLOR RGB="#c3dbe2" NAME="Feeling Blue - 2223P" Spot="1" />
 <COLOR RGB="#bcd2da" NAME="Dry Thistle - 2231P" Spot="1" />
 <COLOR RGB="#c3d7de" NAME="Lunar Blue - 2232P" Spot="1" />
 <COLOR RGB="#ccdde1" NAME="Blue Gauze - 2233P" Spot="1" />
 <COLOR RGB="#bacfd8" NAME="Blue Dawn - 2241P" Spot="1" />
 <COLOR RGB="#c0cfd4" NAME="Moonless - 2242P" Spot="1" />
 <COLOR RGB="#ccd6d9" NAME="Silver Skates - 2243P" Spot="1" />
 <COLOR RGB="#cedce7" NAME="High Up - 6241P" Spot="1" />
 <COLOR RGB="#c0d9e7" NAME="Blue Wish - 6242P" Spot="1" />
 <COLOR RGB="#b4d8e8" NAME="Crystal Rain - 6243P" Spot="1" />
 <COLOR RGB="#cbd7e1" NAME="Cloud Wisp - 6231P" Spot="1" />
 <COLOR RGB="#c1d6e4" NAME="Silent Blue - 6232P" Spot="1" />
 <COLOR RGB="#b9d6e6" NAME="Blue Tune - 6233P" Spot="1" />
 <COLOR RGB="#ced9e2" NAME="Violet Note - 6221P" Spot="1" />
 <COLOR RGB="#c8d9e6" NAME="Sheer Scarf - 6222P" Spot="1" />
 <COLOR RGB="#c1d6e6" NAME="Blue Saucer - 6223P" Spot="1" />
 <COLOR RGB="#cfd9e4" NAME="Sedum Flower - 6211P" Spot="1" />
 <COLOR RGB="#cbd5e3" NAME="Agertum Feather - 6212P" Spot="1" />
 <COLOR RGB="#c4d4e4" NAME="Blue Feather - 6213P" Spot="1" />
 <COLOR RGB="#d4dde8" NAME="Phantom Violet - 6201P" Spot="1" />
 <COLOR RGB="#d0dae5" NAME="Veronica Patal - 6202P" Spot="1" />
 <COLOR RGB="#c9d4e4" NAME="Blue Phlox - 6203P" Spot="1" />
 <COLOR RGB="#cdd2dc" NAME="Etheria Blue - 6191P" Spot="1" />
 <COLOR RGB="#cfd5e1" NAME="Apparition - 6192P" Spot="1" />
 <COLOR RGB="#ced1e2" NAME="Lilac Whisper - 6193P" Spot="1" />
 <COLOR RGB="#e2dce6" NAME="Demure - 6181P" Spot="1" />
 <COLOR RGB="#ddd5e3" NAME="Pale Pansy - 6182P" Spot="1" />
 <COLOR RGB="#d9d0e0" NAME="Dawn Glow - 6183P" Spot="1" />
 <COLOR RGB="#e5d7e0" NAME="Sheer Lilac - 6171P" Spot="1" />
 <COLOR RGB="#e0d4e0" NAME="Snowbell - 6172P" Spot="1" />
 <COLOR RGB="#ddcedb" NAME="Bells of Holland - 6173P" Spot="1" />
 <COLOR RGB="#eddfe6" NAME="Violet Illusion - 6161P" Spot="1" />
 <COLOR RGB="#ead2e0" NAME="Iris Pink - 6162P" Spot="1" />
 <COLOR RGB="#eecddc" NAME="Pink Overlay - 6163P" Spot="1" />
 <COLOR RGB="#eed6df" NAME="Lavender Posy - 6151P" Spot="1" />
 <COLOR RGB="#f6d5e0" NAME="Privacy Pink - 6152P" Spot="1" />
 <COLOR RGB="#f4ccd9" NAME="Cyclamen Pink - 6153P" Spot="1" />
 <COLOR RGB="#f1cfd7" NAME="Early Pink - 6141P" Spot="1" />
 <COLOR RGB="#f6d3da" NAME="Pink Memories - 6142P" Spot="1" />
 <COLOR RGB="#f9d5db" NAME="Rose Blush - 6143P" Spot="1" />
 <COLOR RGB="#f6d1d4" NAME="Rose Thought - 6131P" Spot="1" />
 <COLOR RGB="#f9d5db" NAME="Pink Bonnet - 6132P" Spot="1" />
 <COLOR RGB="#f6ccd3" NAME="Grandma's - 6133P" Spot="1" />
 <COLOR RGB="#f3c9cd" NAME="Rose Sachet - 6121P" Spot="1" />
 <COLOR RGB="#f6d2d3" NAME="Fragile Pink - 6122P" Spot="1" />
 <COLOR RGB="#faced3" NAME="First Peony - 6123P" Spot="1" />
 <COLOR RGB="#f1c8ca" NAME="Pink Rosette - 6111P" Spot="1" />
 <COLOR RGB="#f8d6d5" NAME="Pink Camellias - 6112P" Spot="1" />
 <COLOR RGB="#f9cdcb" NAME="Rose Breath - 6113P" Spot="1" />
 <COLOR RGB="#f2c6c1" NAME="Sahras's Sash - 6101P" Spot="1" />
 <COLOR RGB="#f6cdc9" NAME="Timeless Pink - 6102P" Spot="1" />
 <COLOR RGB="#f8d3ca" NAME="Fairy Breath - 6103P" Spot="1" />
 <COLOR RGB="#f4cbbe" NAME="Paper Pink - 6091P" Spot="1" />
 <COLOR RGB="#f5cec0" NAME="Pretty Dawn - 6092P" Spot="1" />
 <COLOR RGB="#facfc2" NAME="Magnolia Blossom - 6093P" Spot="1" />
 <COLOR RGB="#f7d0bf" NAME="Infant Smile - 6081P" Spot="1" />
 <COLOR RGB="#fbd4b8" NAME="So Dainty - 6082P" Spot="1" />
 <COLOR RGB="#ffdcb5" NAME="Musing - 6083P" Spot="1" />
 <COLOR RGB="#f9d4c0" NAME="Avant Garde - 6071P" Spot="1" />
 <COLOR RGB="#fdd8b8" NAME="Tea Gown - 6072P" Spot="1" />
 <COLOR RGB="#ffdfb4" NAME="Feather Plume - 6073P" Spot="1" />
 <COLOR RGB="#fcd9bf" NAME="Lalique Peach - 6061P" Spot="1" />
 <COLOR RGB="#fedab7" NAME="Paris Perfume - 6062P" Spot="1" />
 <COLOR RGB="#ffe2b4" NAME="Alcove Ivory - 6063P" Spot="1" />
 <COLOR RGB="#fee1bf" NAME="Delicate Peach - 6051P" Spot="1" />
 <COLOR RGB="#ffdfb8" NAME="Crepe de Chine - 6052P" Spot="1" />
 <COLOR RGB="#ffe4b3" NAME="Yellow Glove - 6053P" Spot="1" />
 <COLOR RGB="#fae3c1" NAME="Provicial Bisque - 6041P" Spot="1" />
 <COLOR RGB="#fbe1b7" NAME="Sheer Chiffon - 6042P" Spot="1" />
 <COLOR RGB="#ffe4b2" NAME="Palest Glow - 6043P" Spot="1" />
 <COLOR RGB="#fae5c1" NAME="Star Magnolia - 6031P" Spot="1" />
 <COLOR RGB="#fde6b7" NAME="Whisper Yellow - 6032P" Spot="1" />
 <COLOR RGB="#fee5ae" NAME="Amber Light - 6033P" Spot="1" />
 <COLOR RGB="#f6e4c5" NAME="Silent Bliss - 6021P" Spot="1" />
 <COLOR RGB="#f9e7c0" NAME="Tiffany Powder  - 6022P" Spot="1" />
 <COLOR RGB="#fbe8b5" NAME="Lidians Apron - 6023P" Spot="1" />
 <COLOR RGB="#f1e3c6" NAME="Perfumed Powder - 6011P" Spot="1" />
 <COLOR RGB="#f7eac3" NAME="Ivory Palm - 6012P" Spot="1" />
 <COLOR RGB="#f8efbd" NAME="Daisy Petal - 6013P" Spot="1" />
 <COLOR RGB="#fcf1b1" NAME="Slight Embrace - 1011P" Spot="1" />
 <COLOR RGB="#fceb86" NAME="Potentilla - 1012T" Spot="1" />
 <COLOR RGB="#fddf4b" NAME="Sun Miracle - 1013D" Spot="1" />
 <COLOR RGB="#fce679" NAME="Yellow Pendant - 1014T" Spot="1" />
 <COLOR RGB="#fbefad" NAME="Yellow Fragrance - 1015P" Spot="1" />
 <COLOR RGB="#f7ebb1" NAME="Lemon White - 1021P" Spot="1" />
 <COLOR RGB="#f8e481" NAME="Chromatella - 1022T" Spot="1" />
 <COLOR RGB="#f2d554" NAME="Yellow Jasmine - 1023D" Spot="1" />
 <COLOR RGB="#f2df85" NAME="Feather Gold - 1024T" Spot="1" />
 <COLOR RGB="#f3e7ac" NAME="Single Feather - 1025P" Spot="1" />
 <COLOR RGB="#f8ecac" NAME="Niblet - 1031P" Spot="1" />
 <COLOR RGB="#f5e181" NAME="Golden Ear - 1032T" Spot="1" />
 <COLOR RGB="#e3c950" NAME="Evergold - 1033D" Spot="1" />
 <COLOR RGB="#eedd8b" NAME="Golden Rain - 1034T" Spot="1" />
 <COLOR RGB="#f3e8b3" NAME="Downy Fluff - 1035P" Spot="1" />
 <COLOR RGB="#e6eaac" NAME="Delicate Spikes - 1041P" Spot="1" />
 <COLOR RGB="#e7e58f" NAME="Yellow Grass - 1042T" Spot="1" />
 <COLOR RGB="#ced154" NAME="Chartreuse - 1043D" Spot="1" />
 <COLOR RGB="#dcdd80" NAME="Spiney Green - 1044T" Spot="1" />
 <COLOR RGB="#e4eab4" NAME="Fern Tip - 1045P" Spot="1" />
 <COLOR RGB="#e7edaf" NAME="Sheer Green - 1051P" Spot="1" />
 <COLOR RGB="#dce893" NAME="Young Shoot - 1052T" Spot="1" />
 <COLOR RGB="#bdd65a" NAME="Spring Vigor - 1053D" Spot="1" />
 <COLOR RGB="#ceda83" NAME="Villa Green - 1054T" Spot="1" />
 <COLOR RGB="#dee9ad" NAME="Elusive Green - 1055P" Spot="1" />
 <COLOR RGB="#dfe8ac" NAME="Lightly Green - 1061P" Spot="1" />
 <COLOR RGB="#d0e190" NAME="Greensheen - 1062T" Spot="1" />
 <COLOR RGB="#aec859" NAME="Lilting Green - 1063D" Spot="1" />
 <COLOR RGB="#c8d98a" NAME="Limeburst - 1064T" Spot="1" />
 <COLOR RGB="#dde8b0" NAME="Tiny Leaf - 1065P" Spot="1" />
 <COLOR RGB="#daedbb" NAME="Pale Parsnip - 1071P" Spot="1" />
 <COLOR RGB="#c8df92" NAME="Parsnip - 1072T" Spot="1" />
 <COLOR RGB="#a3c85b" NAME="Green Willow - 1073D" Spot="1" />
 <COLOR RGB="#c4d590" NAME="Willow Wisp - 1074T" Spot="1" />
 <COLOR RGB="#dce9b4" NAME="Willow Stern - 1075P" Spot="1" />
 <COLOR RGB="#dcedbe" NAME="Apple Cut - 1081P" Spot="1" />
 <COLOR RGB="#bbe093" NAME="Lime Freeze - 1082T" Spot="1" />
 <COLOR RGB="#8fc95e" NAME="Frolic Green - 1083D" Spot="1" />
 <COLOR RGB="#bbd793" NAME="Grass Cut - 1084T" Spot="1" />
 <COLOR RGB="#d6eab6" NAME="Leaflet - 1085P" Spot="1" />
 <COLOR RGB="#d5eec1" NAME="Kiwi Squeeze - 1091P" Spot="1" />
 <COLOR RGB="#addd95" NAME="Kiwi Cut - 1092T" Spot="1" />
 <COLOR RGB="#7fc365" NAME="Kiwi - 1093D" Spot="1" />
 <COLOR RGB="#afd395" NAME="Shallot Shoot - 1094T" Spot="1" />
 <COLOR RGB="#c8e3b8" NAME="Shallot Peel - 1095P" Spot="1" />
 <COLOR RGB="#d3eec3" NAME="Jasmine Scent - 1101P" Spot="1" />
 <COLOR RGB="#a8dc99" NAME="Jasmine Leaf - 1102T" Spot="1" />
 <COLOR RGB="#76c167" NAME="Summer Field - 1103D" Spot="1" />
 <COLOR RGB="#acd198" NAME="Slender Stern - 1104T" Spot="1" />
 <COLOR RGB="#c9e3ba" NAME="Clear Pond - 1105P" Spot="1" />
 <COLOR RGB="#c9e5be" NAME="Mild Mint - 1111P" Spot="1" />
 <COLOR RGB="#9bd7a2" NAME="Surrey Green - 1112T" Spot="1" />
 <COLOR RGB="#64b771" NAME="Beanstalk - 1113D" Spot="1" />
 <COLOR RGB="#9fc994" NAME="Painted Fern - 1114T" Spot="1" />
 <COLOR RGB="#bfddb6" NAME="Fern Wilt - 1115P" Spot="1" />
 <COLOR RGB="#c3e7cb" NAME="Amenity - 1121P" Spot="1" />
 <COLOR RGB="#91d4a9" NAME="Restful Green - 1122T" Spot="1" />
 <COLOR RGB="#54b279" NAME="Green Fortune - 1123D" Spot="1" />
 <COLOR RGB="#94c9a4" NAME="Spun Green - 1124T" Spot="1" />
 <COLOR RGB="#b4dbbf" NAME="Party Mint - 1125P" Spot="1" />
 <COLOR RGB="#bae9d8" NAME="Crisp Green - 1131P" Spot="1" />
 <COLOR RGB="#83d3ba" NAME="Aqua Glass - 1132T" Spot="1" />
 <COLOR RGB="#3fb08f" NAME="Turquoise Beads - 1133D" Spot="1" />
 <COLOR RGB="#88c8b1" NAME="Shalimar - 1134T" Spot="1" />
 <COLOR RGB="#a8d8c7" NAME="Falling Water - 1135P" Spot="1" />
 <COLOR RGB="#abe6d6" NAME="Spring Splash - 1141P" Spot="1" />
 <COLOR RGB="#6ad5c3" NAME="Poolside - 1142T" Spot="1" />
 <COLOR RGB="#00b297" NAME="Paradise Waters - 1143D" Spot="1" />
 <COLOR RGB="#75c7b5" NAME="Shallow Pool - 1144T" Spot="1" />
 <COLOR RGB="#a1ddcf" NAME="Scuba Sea - 1145P" Spot="1" />
 <COLOR RGB="#afe6de" NAME="Cool Wave - 1151P" Spot="1" />
 <COLOR RGB="#6dcec8" NAME="Set Sail - 1152T" Spot="1" />
 <COLOR RGB="#00a89e" NAME="Aegean Sea - 1153D" Spot="1" />
 <COLOR RGB="#75c6be" NAME="River Walk - 1154T" Spot="1" />
 <COLOR RGB="#9fd9d2" NAME="Cruising - 1155P" Spot="1" />
 <COLOR RGB="#ace4e1" NAME="Distant Blue - 1161P" Spot="1" />
 <COLOR RGB="#6acbcc" NAME="Persian Blue - 1162T" Spot="1" />
 <COLOR RGB="#00a3a3" NAME="Turkish Tile - 1163D" Spot="1" />
 <COLOR RGB="#77c0bf" NAME="Woven Blue - 1164T" Spot="1" />
 <COLOR RGB="#a1d7d5" NAME="Smooth Way - 1165P" Spot="1" />
 <COLOR RGB="#afe0e4" NAME="Blue Breeze - 1171P" Spot="1" />
 <COLOR RGB="#6ec4d1" NAME="Engaging - 1172T" Spot="1" />
 <COLOR RGB="#009eae" NAME="Ocean Calm - 1173D" Spot="1" />
 <COLOR RGB="#75b6c2" NAME="Riverside Blue - 1174T" Spot="1" />
 <COLOR RGB="#a1d1da" NAME="Blue Note - 1175P" Spot="1" />
 <COLOR RGB="#abdce5" NAME="Blue Puff - 1181P" Spot="1" />
 <COLOR RGB="#6dc0d5" NAME="Blue Entry - 1182T" Spot="1" />
 <COLOR RGB="#0698b0" NAME="Florence Blue - 1183D" Spot="1" />
 <COLOR RGB="#74b3c3" NAME="Sensitive Blue - 1184T" Spot="1" />
 <COLOR RGB="#9fccd7" NAME="Blue Blanket - 1185P" Spot="1" />
 <COLOR RGB="#a9d8e7" NAME="Winsome Blue - 1191P" Spot="1" />
 <COLOR RGB="#6abad7" NAME="Story Blue - 1192T" Spot="1" />
 <COLOR RGB="#1992b6" NAME="Fresh Blue - 1193D" Spot="1" />
 <COLOR RGB="#6eaebe" NAME="Cozy Blue - 1194T" Spot="1" />
 <COLOR RGB="#9dcad6" NAME="Blue Pillow - 1195P" Spot="1" />
 <COLOR RGB="#b1d9e6" NAME="Composed - 1201P" Spot="1" />
 <COLOR RGB="#76bcd8" NAME="Blue Spell - 1202T" Spot="1" />
 <COLOR RGB="#2e91b5" NAME="Elation - 1203D" Spot="1" />
 <COLOR RGB="#73acc2" NAME="Blue Quilt - 1204T" Spot="1" />
 <COLOR RGB="#a0ccdb" NAME="Blue Horizon - 1205P" Spot="1" />
 <COLOR RGB="#b3d7e4" NAME="Blue Drop - 1211P" Spot="1" />
 <COLOR RGB="#7dbbd5" NAME="Blue Music - 1212T" Spot="1" />
 <COLOR RGB="#3a90b2" NAME="Clipper Blue - 1213D" Spot="1" />
 <COLOR RGB="#7cb1c7" NAME="Blue Repose - 1214T" Spot="1" />
 <COLOR RGB="#a8cddb" NAME="Blue Yonder - 1215P" Spot="1" />
 <COLOR RGB="#b6d8e4" NAME="Little Girl Blue - 1221P" Spot="1" />
 <COLOR RGB="#82bad6" NAME="Joppa Blue - 1222T" Spot="1" />
 <COLOR RGB="#468eb1" NAME="Blue Madonna - 1223D" Spot="1" />
 <COLOR RGB="#84abbf" NAME="Blue Edge - 1224T" Spot="1" />
 <COLOR RGB="#aac8d6" NAME="Blue Strata - 1225P" Spot="1" />
 <COLOR RGB="#b9d9e5" NAME="Blue Odyssey - 1231P" Spot="1" />
 <COLOR RGB="#85b7d2" NAME="Kind Sky - 1232T" Spot="1" />
 <COLOR RGB="#4f8bad" NAME="Nautical Blue - 1233D" Spot="1" />
 <COLOR RGB="#84a6b6" NAME="Blue Shoal - 1234T" Spot="1" />
 <COLOR RGB="#abc5d1" NAME="Winter Day - 1235P" Spot="1" />
 <COLOR RGB="#b5cfda" NAME="Cool Morn - 1241P" Spot="1" />
 <COLOR RGB="#83abbf" NAME="Blue Comfort - 1242T" Spot="1" />
 <COLOR RGB="#517c94" NAME="Rainy Night - 1243D" Spot="1" />
 <COLOR RGB="#82a0b0" NAME="Rainy Morn - 1244T" Spot="1" />
 <COLOR RGB="#a9c0cc" NAME="Blue Steam - 1245P" Spot="1" />
 <COLOR RGB="#a1cfe5" NAME="Sky Blue - 7241P" Spot="1" />
 <COLOR RGB="#73b1d5" NAME="Castaway Blue - 7242T" Spot="1" />
 <COLOR RGB="#3591c8" NAME="True Blue - 7243D" Spot="1" />
 <COLOR RGB="#6fb7e0" NAME="Cerulean - 7244T" Spot="1" />
 <COLOR RGB="#aad6e9" NAME="Bluet - 7245P" Spot="1" />
 <COLOR RGB="#a6cbe3" NAME="Parlor Blue - 7231P" Spot="1" />
 <COLOR RGB="#80aed0" NAME="Peasant Blue - 7232T" Spot="1" />
 <COLOR RGB="#4585bf" NAME="Founder Blue - 7233D" Spot="1" />
 <COLOR RGB="#7db2dd" NAME="Barbara Blue - 7234T" Spot="1" />
 <COLOR RGB="#b3d6e8" NAME="Blue Lullaby - 7235P" Spot="1" />
 <COLOR RGB="#afc7e0" NAME="Corner Cupboard - 7221P" Spot="1" />
 <COLOR RGB="#8aaacd" NAME="Fresco Blue - 7222T" Spot="1" />
 <COLOR RGB="#5881b7" NAME="Blue Award - 7223D" Spot="1" />
 <COLOR RGB="#88aed8" NAME="Blue Emotion - 7224T" Spot="1" />
 <COLOR RGB="#bbd3e7" NAME="Blue Aura - 7225P" Spot="1" />
 <COLOR RGB="#b5c7de" NAME="Yearning - 7211P" Spot="1" />
 <COLOR RGB="#8ea7c9" NAME="Mysteria - 7212T" Spot="1" />
 <COLOR RGB="#627db2" NAME="Pharaoh's Purple - 7213D" Spot="1" />
 <COLOR RGB="#91acd5" NAME="Blue Epic - 7214T" Spot="1" />
 <COLOR RGB="#c2d3e7" NAME="Lilac Touch - 7215P" Spot="1" />
 <COLOR RGB="#b8c6df" NAME="Lilac Frost - 7201P" Spot="1" />
 <COLOR RGB="#95a5c7" NAME="Sedona Shadow - 7202T" Spot="1" />
 <COLOR RGB="#6677ac" NAME="Blue Triumph - 7203D" Spot="1" />
 <COLOR RGB="#97a9d3" NAME="Spring Crocus - 7204T" Spot="1" />
 <COLOR RGB="#c5d0e4" NAME="Cool Lilac - 7205P" Spot="1" />
 <COLOR RGB="#bec1d7" NAME="Faded Violet - 7191P" Spot="1" />
 <COLOR RGB="#9aa0c2" NAME="Xerxes Blue - 7192T" Spot="1" />
 <COLOR RGB="#7175aa" NAME="Purple Empire - 7193D" Spot="1" />
 <COLOR RGB="#9ea6cf" NAME="Lady Di - 7194T" Spot="1" />
 <COLOR RGB="#cbcee3" NAME="Royal Mist - 7195P" Spot="1" />
 <COLOR RGB="#cdc1d8" NAME="Heather Bunch - 7181P" Spot="1" />
 <COLOR RGB="#aea2c4" NAME="Canyon Cloud - 7182T" Spot="1" />
 <COLOR RGB="#8671a3" NAME="Prophetic Purple - 7183D" Spot="1" />
 <COLOR RGB="#b5a5cd" NAME="Lavender Print - 7184T" Spot="1" />
 <COLOR RGB="#d6cce0" NAME="Monet Lavender - 7185P" Spot="1" />
 <COLOR RGB="#d8c8dc" NAME="Violet Petal - 7171P" Spot="1" />
 <COLOR RGB="#bba7c6" NAME="Ophelia Violet - 7172T" Spot="1" />
 <COLOR RGB="#9a7aa9" NAME="Dauphne Red - 7173D" Spot="1" />
 <COLOR RGB="#c4aacf" NAME="Bouquet Violet - 7174T" Spot="1" />
 <COLOR RGB="#e4d1e2" NAME="Ashley Pink - 7175P" Spot="1" />
 <COLOR RGB="#e8bed3" NAME="Single Petal - 7161P" Spot="1" />
 <COLOR RGB="#da9fbd" NAME="Cerise Pink - 7162T" Spot="1" />
 <COLOR RGB="#c96b9a" NAME="Fushia Kiss - 7163D" Spot="1" />
 <COLOR RGB="#e3a0c5" NAME="Trailing Pink - 7164T" Spot="1" />
 <COLOR RGB="#f1c9dd" NAME="Warley Rose - 7165P" Spot="1" />
 <COLOR RGB="#ebbbcb" NAME="Pink Bells - 7151P" Spot="1" />
 <COLOR RGB="#de9eb5" NAME="Pink Joy - 7152T" Spot="1" />
 <COLOR RGB="#cf6b8d" NAME="Exotic Bloom - 7153D" Spot="1" />
 <COLOR RGB="#eaa0bb" NAME="Alba Rose - 7154T" Spot="1" />
 <COLOR RGB="#f6cad8" NAME="Rosy Cushion - 7155P" Spot="1" />
 <COLOR RGB="#eab8c2" NAME="Tiny Bud - 7141P" Spot="1" />
 <COLOR RGB="#d797a7" NAME="Rosy Pink - 7142T" Spot="1" />
 <COLOR RGB="#d86b84" NAME="Alpine Pink - 7143D" Spot="1" />
 <COLOR RGB="#eb9fb2" NAME="Peaking Pink - 7144T" Spot="1" />
 <COLOR RGB="#f8cad4" NAME="Ballerina Slipper - 7145P" Spot="1" />
 <COLOR RGB="#f2bcc5" NAME="Pomponette - 7131P" Spot="1" />
 <COLOR RGB="#e29da9" NAME="Rose Taffeta - 7132T" Spot="1" />
 <COLOR RGB="#de6c7d" NAME="Perky Plume - 7133D" Spot="1" />
 <COLOR RGB="#f09dad" NAME="Pink Crown - 7134T" Spot="1" />
 <COLOR RGB="#f8c8cf" NAME="Wisely Pink - 7135P" Spot="1" />
 <COLOR RGB="#f3bec6" NAME="Pink Posy - 7121P" Spot="1" />
 <COLOR RGB="#e49eaa" NAME="Alyssum Wonder - 7122T" Spot="1" />
 <COLOR RGB="#e06e7d" NAME="Zinnia Scarlet - 7123D" Spot="1" />
 <COLOR RGB="#f39eac" NAME="Zinnia Ruffles - 7124T" Spot="1" />
 <COLOR RGB="#fbc9cf" NAME="Zinnia Scent - 7125P" Spot="1" />
 <COLOR RGB="#f2bfc0" NAME="Slim Pink - 7111P" Spot="1" />
 <COLOR RGB="#e69e9f" NAME="Novette - 7112T" Spot="1" />
 <COLOR RGB="#e16e6f" NAME="Coral Expression - 7113D" Spot="1" />
 <COLOR RGB="#f5a0a2" NAME="Impatiens Pink - 7114T" Spot="1" />
 <COLOR RGB="#fccbcc" NAME="Astilbe Venus - 7115P" Spot="1" />
 <COLOR RGB="#f3c6bd" NAME="Bow Bells - 7101P" Spot="1" />
 <COLOR RGB="#e49f9b" NAME="Colonial Rose - 7102T" Spot="1" />
 <COLOR RGB="#e27169" NAME="Fire Princess - 7103D" Spot="1" />
 <COLOR RGB="#f6a19e" NAME="Strawberry Ice - 7104T" Spot="1" />
 <COLOR RGB="#fccac6" NAME="Pink Geranium - 7105P" Spot="1" />
 <COLOR RGB="#f4bfb0" NAME="Daydawn - 7091P" Spot="1" />
 <COLOR RGB="#e8a192" NAME="Cinnaroe - 7092T" Spot="1" />
 <COLOR RGB="#e57262" NAME="Koralle - 7093D" Spot="1" />
 <COLOR RGB="#f59f90" NAME="Corallina - 7094T" Spot="1" />
 <COLOR RGB="#fccabe" NAME="Spring Song - 7095P" Spot="1" />
 <COLOR RGB="#ffd1a3" NAME="Fruity Flavor - 7081P" Spot="1" />
 <COLOR RGB="#f8b17b" NAME="Buffy Orange - 7082T" Spot="1" />
 <COLOR RGB="#ea8e55" NAME="Autumn Blaze - 7083D" Spot="1" />
 <COLOR RGB="#fbbd8c" NAME="Spiced Orange - 7084T" Spot="1" />
 <COLOR RGB="#fed6b4" NAME="Peachy Pink - 7085P" Spot="1" />
 <COLOR RGB="#fdd5a3" NAME="Petite Peach - 7071P" Spot="1" />
 <COLOR RGB="#f5ba77" NAME="Hillside Bloom - 7072T" Spot="1" />
 <COLOR RGB="#f7984a" NAME="Orange Bedder - 7073D" Spot="1" />
 <COLOR RGB="#ffbf7e" NAME="Apricot Flower - 7074T" Spot="1" />
 <COLOR RGB="#ffdcb0" NAME="Sweet Cream - 7075P" Spot="1" />
 <COLOR RGB="#fdd69f" NAME="Warm Cocoon - 7061P" Spot="1" />
 <COLOR RGB="#f7c174" NAME="Granary Glow - 7062T" Spot="1" />
 <COLOR RGB="#fda347" NAME="Golden Charmer - 7063D" Spot="1" />
 <COLOR RGB="#ffc67d" NAME="Sun's Enchantment - 7064T" Spot="1" />
 <COLOR RGB="#ffd9a2" NAME="Summer's Blanket - 7065P" Spot="1" />
 <COLOR RGB="#fddaa1" NAME="Melted Butter - 7051P" Spot="1" />
 <COLOR RGB="#fcc977" NAME="Goldsmith - 7052T" Spot="1" />
 <COLOR RGB="#ffae40" NAME="Field Daisy - 7053D" Spot="1" />
 <COLOR RGB="#ffca78" NAME="Daffodil - 7054T" Spot="1" />
 <COLOR RGB="#ffe0ae" NAME="Warm Smile - 7055P'" Spot="1" />
 <COLOR RGB="#fed89e" NAME="Sun Drenched - 7041P" Spot="1" />
 <COLOR RGB="#f8c872" NAME="Rock Alyssum - 7042T" Spot="1" />
 <COLOR RGB="#ffb43b" NAME="Marsh Marigold - 7043D" Spot="1" />
 <COLOR RGB="#ffd076" NAME="Yellow Destiny - 7044T" Spot="1" />
 <COLOR RGB="#ffdfa5" NAME="Yellow Pinafore - 7045P" Spot="1" />
 <COLOR RGB="#ffe09e" NAME="Desert Breeze - 7031P" Spot="1" />
 <COLOR RGB="#fdcd72" NAME="Gold Shadow - 7032T" Spot="1" />
 <COLOR RGB="#ffc134" NAME="Golden Dome - 7033D" Spot="1" />
 <COLOR RGB="#ffd677" NAME="Desert Fire - 7034T" Spot="1" />
 <COLOR RGB="#ffe8ac" NAME="Gold Dust - 7035P" Spot="1" />
 <COLOR RGB="#fee4a2" NAME="Spinning Silk - 7021P" Spot="1" />
 <COLOR RGB="#fbd378" NAME="Crocus Yellow - 7022T" Spot="1" />
 <COLOR RGB="#ffca3f" NAME="Buttercup Bouquet - 7023D" Spot="1" />
 <COLOR RGB="#ffdd7f" NAME="Sweet Yellow - 7024T" Spot="1" />
 <COLOR RGB="#ffebaf" NAME="Softly Lit - 7025P" Spot="1" />
 <COLOR RGB="#f8ebab" NAME="Filtered Light - 7011P" Spot="1" />
 <COLOR RGB="#fce27e" NAME="Glory Yellow - 7012T" Spot="1" />
 <COLOR RGB="#ffd541" NAME="Sassy Yellow - 7013D" Spot="1" />
 <COLOR RGB="#fae082" NAME="Sunnyside Lane - 7014T" Spot="1" />
 <COLOR RGB="#fcedb4" NAME="Sunny Ivory - 7015P" Spot="1" />
 <COLOR RGB="#ded5bd" NAME="Natural Almond - 3011P" Spot="1" />
 <COLOR RGB="#c4b695" NAME="Wood Box - 3012T" Spot="1" />
 <COLOR RGB="#998b67" NAME="Crete Barrel - 3013D" Spot="1" />
 <COLOR RGB="#b7ab89" NAME="Wetherburn Tan - 3014T" Spot="1" />
 <COLOR RGB="#d6cbaf" NAME="Sanded Birch - 3015P" Spot="1" />
 <COLOR RGB="#eee3c1" NAME="Creek Sand - 3021P" Spot="1" />
 <COLOR RGB="#cec08e" NAME="Basket Straw - 3022T" Spot="1" />
 <COLOR RGB="#a69867" NAME="Sandle Tan - 3023D" Spot="1" />
 <COLOR RGB="#cfc49c" NAME="Broadcloth - 3024T" Spot="1" />
 <COLOR RGB="#ded6b7" NAME="Cotton Canvas - 3025P" Spot="1" />
 <COLOR RGB="#ede2be" NAME="Flaxen - 3031P" Spot="1" />
 <COLOR RGB="#d6c994" NAME="Bleached Wool - 3032T" Spot="1" />
 <COLOR RGB="#b3a263" NAME="Golden Sage - 3033D" Spot="1" />
 <COLOR RGB="#cec092" NAME="Pup Tent - 3034T" Spot="1" />
 <COLOR RGB="#e1d6b3" NAME="Cotton Flannel - 3035P" Spot="1" />
 <COLOR RGB="#f1e6b8" NAME="Nutmeats - 3041P" Spot="1" />
 <COLOR RGB="#e4d18a" NAME="Dry Bamboo - 3042T" Spot="1" />
 <COLOR RGB="#c9b059" NAME="Woven Slats - 3043D" Spot="1" />
 <COLOR RGB="#d9c889" NAME="Natural Cane - 3044T" Spot="1" />
 <COLOR RGB="#e7dcad" NAME="Water Chestnut - 3045P" Spot="1" />
 <COLOR RGB="#e9e3b9" NAME="Glinted White - 3051P" Spot="1" />
 <COLOR RGB="#dcd48c" NAME="Dried Palm - 3052T" Spot="1" />
 <COLOR RGB="#bbac5a" NAME="Winter Moss - 3053D" Spot="1" />
 <COLOR RGB="#dbcf91" NAME="Moss Print - 3054T" Spot="1" />
 <COLOR RGB="#e9e0b1" NAME="Crushed Moss - 3055P" Spot="1" />
 <COLOR RGB="#eae5b1" NAME="Sun Dried Stern - 3061P" Spot="1" />
 <COLOR RGB="#e1d889" NAME="Yellowed Leaf - 3062T" Spot="1" />
 <COLOR RGB="#b4ae58" NAME="Green Shot - 3063D" Spot="1" />
 <COLOR RGB="#cec78b" NAME="Celery Seed - 3064T" Spot="1" />
 <COLOR RGB="#d5d1a8" NAME="Celery Powder - 3065P" Spot="1" />
 <COLOR RGB="#e4e8bd" NAME="Clover Tip - 3071P" Spot="1" />
 <COLOR RGB="#d4d392" NAME="Grazing Field - 3072T" Spot="1" />
 <COLOR RGB="#b0b05c" NAME="Shaded Green - 3073D" Spot="1" />
 <COLOR RGB="#c9c690" NAME="Hiking Path - 3074T" Spot="1" />
 <COLOR RGB="#d9d9b0" NAME="Puddle - 3075P" Spot="1" />
 <COLOR RGB="#e1e8bd" NAME="Spring Kissed - 3081P" Spot="1" />
 <COLOR RGB="#cad48c" NAME="Creeping Willow - 3082T" Spot="1" />
 <COLOR RGB="#a1b059" NAME="Willow Branch - 3083D" Spot="1" />
 <COLOR RGB="#c4c98f" NAME="Light Lichen - 3084T" Spot="1" />
 <COLOR RGB="#dde2b6" NAME="Hidden Green - 3085P" Spot="1" />
 <COLOR RGB="#dae7c2" NAME="White Fern - 3091P" Spot="1" />
 <COLOR RGB="#b9cf96" NAME="April Borne - 3092T" Spot="1" />
 <COLOR RGB="#8eaa62" NAME="Painter's Leaf - 3093D" Spot="1" />
 <COLOR RGB="#b1cb93" NAME="Lily Stern - 3094T" Spot="1" />
 <COLOR RGB="#c2d8af" NAME="Little Little - 3095P" Spot="1" />
 <COLOR RGB="#d2e6c2" NAME="Wing Flutter - 3101P" Spot="1" />
 <COLOR RGB="#adca96" NAME="Single Blade - 3102T" Spot="1" />
 <COLOR RGB="#7ca062" NAME="Green Pod - 3103D" Spot="1" />
 <COLOR RGB="#a6be94" NAME="Green Trail - 3104T" Spot="1" />
 <COLOR RGB="#c3d7b7" NAME="Trail Print - 3105P" Spot="1" />
 <COLOR RGB="#d0e1c7" NAME="Glazed Green - 3111P" Spot="1" />
 <COLOR RGB="#a8c39d" NAME="Turf - 3112T" Spot="1" />
 <COLOR RGB="#73976c" NAME="Savin Hill - 3113D" Spot="1" />
 <COLOR RGB="#a3bb9c" NAME="Cave Creek - 3114T" Spot="1" />
 <COLOR RGB="#c1d4bb" NAME="Creek Bend - 3115P" Spot="1" />
 <COLOR RGB="#cadfca" NAME="Pine Bud - 3121P" Spot="1" />
 <COLOR RGB="#a2c0a0" NAME="Jasper Green - 3122T" Spot="1" />
 <COLOR RGB="#6f9570" NAME="Terrestrial Green - 3123D" Spot="1" />
 <COLOR RGB="#9eb99f" NAME="Gadwyne Green - 3124T" Spot="1" />
 <COLOR RGB="#c1d4bf" NAME="Washed Needles - 3125P" Spot="1" />
 <COLOR RGB="#c4dbd0" NAME="Flowing Green - 3131P" Spot="1" />
 <COLOR RGB="#96baa9" NAME="Medford Green - 3132T" Spot="1" />
 <COLOR RGB="#628b77" NAME="Trimmountain Green - 3133D" Spot="1" />
 <COLOR RGB="#95b6a7" NAME="Endicott Post - 3134T" Spot="1" />
 <COLOR RGB="#b5cec3" NAME="Maine Gray - 3135P" Spot="1" />
 <COLOR RGB="#bfdad2" NAME="Vantage View - 3141P" Spot="1" />
 <COLOR RGB="#90b7ad" NAME="River Port - 3142T" Spot="1" />
 <COLOR RGB="#5c877a" NAME="Slate Vrest - 3143D" Spot="1" />
 <COLOR RGB="#8fb1a8" NAME="Harbour Shadow - 3144T" Spot="1" />
 <COLOR RGB="#aeccc3" NAME="Misty Rain - 3145P" Spot="1" />
 <COLOR RGB="#badbd7" NAME="Near Night - 3151P" Spot="1" />
 <COLOR RGB="#8ab7b3" NAME="Night Owl - 3152T" Spot="1" />
 <COLOR RGB="#568a86" NAME="Blue Ridge - 3153D" Spot="1" />
 <COLOR RGB="#8bb2af" NAME="Juniper Hedge - 3154T" Spot="1" />
 <COLOR RGB="#aececa" NAME="Conifer Silver - 3155P" Spot="1" />
 <COLOR RGB="#b3dcdd" NAME="Water Blue - 3161P" Spot="1" />
 <COLOR RGB="#80bcc1" NAME="Early Trek - 3162T" Spot="1" />
 <COLOR RGB="#459095" NAME="Pueblo Blue - 3163D" Spot="1" />
 <COLOR RGB="#81b1b6" NAME="Crushed Bluestone - 3164T" Spot="1" />
 <COLOR RGB="#a9cecf" NAME="Smokey Blue - 3165P" Spot="1" />
 <COLOR RGB="#b3d9db" NAME="Seascape - 3171P" Spot="1" />
 <COLOR RGB="#7bb4bc" NAME="Perry Blue - 3172T" Spot="1" />
 <COLOR RGB="#45868f" NAME="Peacock Blue - 3173D" Spot="1" />
 <COLOR RGB="#79a9b0" NAME="Bay Blue - 3174T" Spot="1" />
 <COLOR RGB="#a3c7cd" NAME="Sailing Water - 3175P" Spot="1" />
 <COLOR RGB="#afd4da" NAME="Veranda Blue - 3181P" Spot="1" />
 <COLOR RGB="#79b3c0" NAME="Blue Inlet - 3182T" Spot="1" />
 <COLOR RGB="#438797" NAME="Italian Tile - 3183D" Spot="1" />
 <COLOR RGB="#7dacb7" NAME="Summer Storm - 3184T" Spot="1" />
 <COLOR RGB="#a3c9d1" NAME="Summer House Blue - 3185P" Spot="1" />
 <COLOR RGB="#acd4de" NAME="Nice Day - 3191P" Spot="1" />
 <COLOR RGB="#73aec0" NAME="Voyager Sky - 3192T" Spot="1" />
 <COLOR RGB="#3d8398" NAME="Cove Blue - 3193D" Spot="1" />
 <COLOR RGB="#77a8b8" NAME="Cloudy Sky - 3194T" Spot="1" />
 <COLOR RGB="#9ec5cf" NAME="Park View - 3195P" Spot="1" />
 <COLOR RGB="#b0d6e2" NAME="To Dream - 3201P" Spot="1" />
 <COLOR RGB="#77b5cc" NAME="Shipside Blue - 3202T" Spot="1" />
 <COLOR RGB="#3b89a4" NAME="Neptune - 3203D" Spot="1" />
 <COLOR RGB="#79aabc" NAME="Hampton Inn - 3204T" Spot="1" />
 <COLOR RGB="#a2c8d3" NAME="Serene Blue - 3205P" Spot="1" />
 <COLOR RGB="#afd3de" NAME="Blue Glass - 3211P" Spot="1" />
 <COLOR RGB="#73b1c7" NAME="Blue Crock - 3212T" Spot="1" />
 <COLOR RGB="#3e849d" NAME="Cool Trim - 3213D" Spot="1" />
 <COLOR RGB="#7db0c5" NAME="Blue Button - 3214T" Spot="1" />
 <COLOR RGB="#a3cad6" NAME="Blue Dot - 3215P" Spot="1" />
 <COLOR RGB="#b2d1db" NAME="Blue Thoughts - 3221P" Spot="1" />
 <COLOR RGB="#7eabbd" NAME="Breaking Blue - 3222T" Spot="1" />
 <COLOR RGB="#4a7b90" NAME="Ruthsburg Blue - 3223D" Spot="1" />
 <COLOR RGB="#7da0b0" NAME="Wesley Blue - 3224T" Spot="1" />
 <COLOR RGB="#a3c0ca" NAME="Evening Shadow - 3225P" Spot="1" />
 <COLOR RGB="#b5ced8" NAME="Intimate Evening - 3231P" Spot="1" />
 <COLOR RGB="#8eabb9" NAME="Stoneware Blue - 3232T" Spot="1" />
 <COLOR RGB="#5c7a8a" NAME="Vulcan Blue - 3233D" Spot="1" />
 <COLOR RGB="#8aa1ad" NAME="Newport Blue - 3234T" Spot="1" />
 <COLOR RGB="#afc3cb" NAME="Blue Country - 3235P" Spot="1" />
 <COLOR RGB="#becacf" NAME="Lake Stone - 3241P" Spot="1" />
 <COLOR RGB="#8c9ea8" NAME="Miner Gray - 3242T" Spot="1" />
 <COLOR RGB="#5b6c76" NAME="Stone Fence - 3243D" Spot="1" />
 <COLOR RGB="#87959a" NAME="Gray Knight - 3244T" Spot="1" />
 <COLOR RGB="#afb8ba" NAME="Quaker Gray - 3245P" Spot="1" />
 <COLOR RGB="#b0c3d4" NAME="Worn Blue Cloth - 5241P" Spot="1" />
 <COLOR RGB="#8da4bd" NAME="State House Blue - 5242T" Spot="1" />
 <COLOR RGB="#5e799c" NAME="Duxbury Blue - 5243D" Spot="1" />
 <COLOR RGB="#8fa9c6" NAME="Northern Sky - 5244T" Spot="1" />
 <COLOR RGB="#c0d0e1" NAME="May Iris - 5245P" Spot="1" />
 <COLOR RGB="#afbdcc" NAME="Vineyard Shadow - 5231P" Spot="1" />
 <COLOR RGB="#8b9eb2" NAME="Gray Grape - 5232T" Spot="1" />
 <COLOR RGB="#5e718a" NAME="Blue Nocturne - 5233D" Spot="1" />
 <COLOR RGB="#8da1b9" NAME="Blue Bramble - 5234T" Spot="1" />
 <COLOR RGB="#bcccda" NAME="Pale Mom Sky - 5235P" Spot="1" />
 <COLOR RGB="#b3c1d1" NAME="Sideboard Trim - 5221P" Spot="1" />
 <COLOR RGB="#8fa2b9" NAME="Blue Sideboard - 5222T" Spot="1" />
 <COLOR RGB="#627694" NAME="Senate Blue - 5223D" Spot="1" />
 <COLOR RGB="#93a7c1" NAME="Cottage Blue - 5224T" Spot="1" />
 <COLOR RGB="#b9c7d5" NAME="Blue Thread - 5225P" Spot="1" />
 <COLOR RGB="#b5c0cf" NAME="Star Flower - 5211P" Spot="1" />
 <COLOR RGB="#909fb6" NAME="Blue Wainscot - 5212T" Spot="1" />
 <COLOR RGB="#657495" NAME="Tapestry Blue - 5213D" Spot="1" />
 <COLOR RGB="#8ca4c2" NAME="Brewster Blue - 5214T" Spot="1" />
 <COLOR RGB="#c5cfdd" NAME="Washed Mitten - 5215P" Spot="1" />
 <COLOR RGB="#bdc8d8" NAME="Lilac Sachet - 5201P" Spot="1" />
 <COLOR RGB="#9baac3" NAME="Pastoral Purple - 5202T" Spot="1" />
 <COLOR RGB="#6a7aa5" NAME="Purple Edge - 5203D" Spot="1" />
 <COLOR RGB="#8fa9ce" NAME="Violet Veil - 5204T" Spot="1" />
 <COLOR RGB="#c6d2e2" NAME="Lilac Petal - 5205P" Spot="1" />
 <COLOR RGB="#c8c7cf" NAME="Lilac Lace - 5191P" Spot="1" />
 <COLOR RGB="#a2a1b4" NAME="Faded Lilac - 5192T" Spot="1" />
 <COLOR RGB="#71789b" NAME="Poet's Purple - 5193D" Spot="1" />
 <COLOR RGB="#a0a9c1" NAME="Purple Haze - 5194T" Spot="1" />
 <COLOR RGB="#bdc3d1" NAME="Violet Dust - 5195P" Spot="1" />
 <COLOR RGB="#c3bfd1" NAME="Heather Ashes - 5181P" Spot="1" />
 <COLOR RGB="#a9a5be" NAME="Crushed Heather - 5182T" Spot="1" />
 <COLOR RGB="#84799f" NAME="Ruling Royalty - 5183D" Spot="1" />
 <COLOR RGB="#b2aac8" NAME="Purple Heather - 5184T" Spot="1" />
 <COLOR RGB="#d1ccd9" NAME="Heather Spray - 5185P" Spot="1" />
 <COLOR RGB="#cec0d2" NAME="Plum Frost - 5171P" Spot="1" />
 <COLOR RGB="#b2a1bb" NAME="Plum Jam - 5172T" Spot="1" />
 <COLOR RGB="#896f92" NAME="Picked Plum - 5173D" Spot="1" />
 <COLOR RGB="#b7a3bf" NAME="Plum Sparkle - 5174T" Spot="1" />
 <COLOR RGB="#e0cfde" NAME="Plum Pink - 5175P" Spot="1" />
 <COLOR RGB="#d2bccf" NAME="Chata Phlox - 5161P" Spot="1" />
 <COLOR RGB="#b098b3" NAME="Lazy Phlox - 5162T" Spot="1" />
 <COLOR RGB="#966b93" NAME="Wild Iris - 5163D" Spot="1" />
 <COLOR RGB="#c49fc1" NAME="Creeping Phlox - 5164D" Spot="1" />
 <COLOR RGB="#dfc9da" NAME="Phlox Petal - 5165T" Spot="1" />
 <COLOR RGB="#dbbed0" NAME="Aster Petal - 5151P" Spot="1" />
 <COLOR RGB="#ba97af" NAME="Sonja Mauve - 5152P" Spot="1" />
 <COLOR RGB="#a76a8c" NAME="Pike's Pink - 5153T" Spot="1" />
 <COLOR RGB="#ce9dba" NAME="Marjory Phlox - 5154D" Spot="1" />
 <COLOR RGB="#e6c5d4" NAME="Viola Phlox - 5155T" Spot="1" />
 <COLOR RGB="#e0b9c1" NAME="Fallen Petal - 5141P" Spot="1" />
 <COLOR RGB="#c996a3" NAME="Brushed Rose - 5142T" Spot="1" />
 <COLOR RGB="#b36d83" NAME="Rose Velvet - 5143D" Spot="1" />
 <COLOR RGB="#d49cb0" NAME="Fairy Lights - 5144T" Spot="1" />
 <COLOR RGB="#eecad6" NAME="Tickle Pink - 5145P" Spot="1" />
 <COLOR RGB="#dcb0b7" NAME="Floating Petal - 5131P" Spot="1" />
 <COLOR RGB="#c08e97" NAME="Frosted Rose - 5132T" Spot="1" />
 <COLOR RGB="#b1636b" NAME="Remember Rose - 5133D" Spot="1" />
 <COLOR RGB="#d3939b" NAME="Miniature Rose - 5134T" Spot="1" />
 <COLOR RGB="#efc0c5" NAME="Rose Shade - 5135P" Spot="1" />
 <COLOR RGB="#d9b1b2" NAME="Cherry Ashes - 5121P" Spot="1" />
 <COLOR RGB="#bf8f92" NAME="Bronze Cherry - 5122T" Spot="1" />
 <COLOR RGB="#b86465" NAME="Inca Red - 5123D" Spot="1" />
 <COLOR RGB="#d79295" NAME="Hill Cherry - 5124T" Spot="1" />
 <COLOR RGB="#eebebf" NAME="Cherry Pink - 5125P" Spot="1" />
 <COLOR RGB="#d7aaa7" NAME="Evening Rose - 5111P" Spot="1" />
 <COLOR RGB="#bb8683" NAME="Chateau Rose - 5112T" Spot="1" />
 <COLOR RGB="#ab5b56" NAME="Pioneer Red - 5113D" Spot="1" />
 <COLOR RGB="#cf8784" NAME="Vintage Rose - 5114T" Spot="1" />
 <COLOR RGB="#e9b5b1" NAME="Martha's Pink - 5115P" Spot="1" />
 <COLOR RGB="#d39f95" NAME="Berry Wine - 5101P" Spot="1" />
 <COLOR RGB="#b2786d" NAME="Muddled Berry - 5102T" Spot="1" />
 <COLOR RGB="#a5584b" NAME="Cactus Berry - 5103D" Spot="1" />
 <COLOR RGB="#c57c6f" NAME="Wintersweet Berry - 5104T" Spot="1" />
 <COLOR RGB="#e4a89e" NAME="Victorian Peach - 5105P" Spot="1" />
 <COLOR RGB="#dcae9f" NAME="Terra Dust - 5091P" Spot="1" />
 <COLOR RGB="#c18a7a" NAME="Terra Earth - 5092T" Spot="1" />
 <COLOR RGB="#ab6351" NAME="Terracotta - 5093D" Spot="1" />
 <COLOR RGB="#ce8b79" NAME="Copperleaf - 5094T" Spot="1" />
 <COLOR RGB="#ebb9aa" NAME="Crushed Clay - 5095P" Spot="1" />
 <COLOR RGB="#e6b099" NAME="Clay Brushed - 5081P" Spot="1" />
 <COLOR RGB="#d18a71" NAME="Madras Rose - 5082T" Spot="1" />
 <COLOR RGB="#c06d53" NAME="Aztec - 5083D" Spot="1" />
 <COLOR RGB="#db977e" NAME="Cracked Shell - 5084T" Spot="1" />
 <COLOR RGB="#efc1ad" NAME="Pueblo Peach - 5085P" Spot="1" />
 <COLOR RGB="#efba9d" NAME="Copper Dust - 5071P" Spot="1" />
 <COLOR RGB="#dd9572" NAME="Sedona Stone - 5072T" Spot="1" />
 <COLOR RGB="#c87551" NAME="Firebush - 5073D" Spot="1" />
 <COLOR RGB="#e5a280" NAME="Southwest Stone - 5074T" Spot="1" />
 <COLOR RGB="#f5c7af" NAME="Westwind Dust - 5075P" Spot="1" />
 <COLOR RGB="#f3c09f" NAME="Prairie Peach - 5061P" Spot="1" />
 <COLOR RGB="#e8a476" NAME="Paprika Sprinkle - 5062T" Spot="1" />
 <COLOR RGB="#d58352" NAME="Sunbaked - 5063D" Spot="1" />
 <COLOR RGB="#eeae82" NAME="Healthy Glow - 5064T" Spot="1" />
 <COLOR RGB="#f9cdb0" NAME="Terra Peach - 5065P" Spot="1" />
 <COLOR RGB="#f4c5a0" NAME="Caramel Cream - 5051P" Spot="1" />
 <COLOR RGB="#e5a671" NAME="Caramel Sugar - 5052T" Spot="1" />
 <COLOR RGB="#d2874e" NAME="Hubbard Squash - 5053D" Spot="1" />
 <COLOR RGB="#ebb079" NAME="Sunshine Tea - 5054T" Spot="1" />
 <COLOR RGB="#f9d4af" NAME="Weak Tea - 5055P" Spot="1" />
 <COLOR RGB="#eed0a8" NAME="Sunstraw - 5041P" Spot="1" />
 <COLOR RGB="#e0b681" NAME="Honeynut - 5042T" Spot="1" />
 <COLOR RGB="#d39250" NAME="Mansion Gold - 5043D" Spot="1" />
 <COLOR RGB="#ebba84" NAME="Lacquered Maple - 5044T" Spot="1" />
 <COLOR RGB="#f7d9b2" NAME="Pearl Inlay - 5045P" Spot="1" />
 <COLOR RGB="#ebd2a8" NAME="Fresh Biscuit - 5031P" Spot="1" />
 <COLOR RGB="#dab985" NAME="Rye - 5032T" Spot="1" />
 <COLOR RGB="#d7a155" NAME="Capitol's Gold - 5033D" Spot="1" />
 <COLOR RGB="#ebbf7d" NAME="Coachlight - 5034T" Spot="1" />
 <COLOR RGB="#f9dcaf" NAME="Spoonbread - 5035P" Spot="1" />
 <COLOR RGB="#e2cca8" NAME="Wheat Dust - 5021P" Spot="1" />
 <COLOR RGB="#d5b989" NAME="Dry Wheat - 5022T" Spot="1" />
 <COLOR RGB="#c99e5c" NAME="Harvest Flame - 5023D" Spot="1" />
 <COLOR RGB="#e5c28b" NAME="Ripe Wheat - 5024T" Spot="1" />
 <COLOR RGB="#f2dbb6" NAME="Chaff - 5025P" Spot="1" />
 <COLOR RGB="#ebdbbc" NAME="Classic Silk - 5011P" Spot="1" />
 <COLOR RGB="#dec69d" NAME="Comfy Tan - 5012T" Spot="1" />
 <COLOR RGB="#c6a165" NAME="Golden Grain - 5013D" Spot="1" />
 <COLOR RGB="#e0c594" NAME="Straw Stack - 5014T" Spot="1" />
 <COLOR RGB="#f1e1c2" NAME="Warm Toast - 5015P" Spot="1" />
 <COLOR RGB="#ddd5c9" NAME="Windmill White - 4011P" Spot="1" />
 <COLOR RGB="#bfb4a4" NAME="Graystone - 4012T" Spot="1" />
 <COLOR RGB="#918472" NAME="Rocky Nook - 4013D" Spot="1" />
 <COLOR RGB="#b6a999" NAME="Field Stone - 4014T" Spot="1" />
 <COLOR RGB="#d3cabd" NAME="Crushed Rock - 4015P" Spot="1" />
 <COLOR RGB="#dcd4c5" NAME="Birch Patina - 4021P" Spot="1" />
 <COLOR RGB="#c3b5a0" NAME="Curling Bark - 4022T" Spot="1" />
 <COLOR RGB="#998870" NAME="Firewood - 4023D" Spot="1" />
 <COLOR RGB="#bcac94" NAME="Shipsgate - 4024T" Spot="1" />
 <COLOR RGB="#d6cbb7" NAME="Foggy Day - 4025P" Spot="1" />
 <COLOR RGB="#e6dbca" NAME="Quilter's Thread - 4031P" Spot="1" />
 <COLOR RGB="#ccbca4" NAME="Bramble Beige - 4032T" Spot="1" />
 <COLOR RGB="#9d896d" NAME="Tracking Tan - 4033D" Spot="1" />
 <COLOR RGB="#bdac91" NAME="Farm Fence - 4034T" Spot="1" />
 <COLOR RGB="#dccfba" NAME="Gatepost - 4035P" Spot="1" />
 <COLOR RGB="#e4d6ba" NAME="Ramie - 4041P" Spot="1" />
 <COLOR RGB="#c8b38c" NAME="Sapling - 4042T" Spot="1" />
 <COLOR RGB="#a0865c" NAME="Pecan Smell - 4043D" Spot="1" />
 <COLOR RGB="#bfaf8c" NAME="Terrace Stone - 4044T" Spot="1" />
 <COLOR RGB="#d7ceb3" NAME="Pebble Walk - 4045P" Spot="1" />
 <COLOR RGB="#e5cfb5" NAME="Silk Knot - 4051P" Spot="1" />
 <COLOR RGB="#cbac88" NAME="Natural Oak - 4052T" Spot="1" />
 <COLOR RGB="#a47e58" NAME="Oak Parquet - 4053D" Spot="1" />
 <COLOR RGB="#c1a584" NAME="Starstep - 4054T" Spot="1" />
 <COLOR RGB="#d7c5ac" NAME="Tavern Buff - 4055P" Spot="1" />
 <COLOR RGB="#e6ceb5" NAME="Basket Beige - 4061P" Spot="1" />
 <COLOR RGB="#c9a687" NAME="Brushmark - 4062T" Spot="1" />
 <COLOR RGB="#a17959" NAME="Country Maple - 4063D" Spot="1" />
 <COLOR RGB="#b6997c" NAME="Tapestry Beige - 4064T" Spot="1" />
 <COLOR RGB="#cfbba3" NAME="Shaded Porch - 4065P" Spot="1" />
 <COLOR RGB="#eac7b0" NAME="Cedar Scent - 4071P" Spot="1" />
 <COLOR RGB="#c19a7f" NAME="Natural Cedar - 4072T" Spot="1" />
 <COLOR RGB="#986e52" NAME="Cider Brown - 4073D" Spot="1" />
 <COLOR RGB="#b2947d" NAME="Saddle Tan - 4074T" Spot="1" />
 <COLOR RGB="#cdb5a2" NAME="Valley Smoke - 4075P" Spot="1" />
 <COLOR RGB="#e2bfaa" NAME="Bleached Leather - 4081P" Spot="1" />
 <COLOR RGB="#c19279" NAME="Rustic Leather - 4082T" Spot="1" />
 <COLOR RGB="#9c6a53" NAME="Polished Leather - 4083D" Spot="1" />
 <COLOR RGB="#b5927f" NAME="Cliff's Brow - 4084T" Spot="1" />
 <COLOR RGB="#d3b6a6" NAME="Sunset Light - 4085P" Spot="1" />
 <COLOR RGB="#ebc1a9" NAME="Vessel Chip - 4091P" Spot="1" />
 <COLOR RGB="#ca9578" NAME="Clay Vessel - 4092T" Spot="1" />
 <COLOR RGB="#a26b4f" NAME="Copper Bell - 4093D" Spot="1" />
 <COLOR RGB="#be9379" NAME="Wet Moccasin - 4094T" Spot="1" />
 <COLOR RGB="#d2b39d" NAME="Footprint - 4095P" Spot="1" />
 <COLOR RGB="#e4bcad" NAME="Sampler Stitch - 4101P" Spot="1" />
 <COLOR RGB="#c7907e" NAME="Winthrop Brick - 4102T" Spot="1" />
 <COLOR RGB="#9f6654" NAME="Brick House - 4103D" Spot="1" />
 <COLOR RGB="#be9280" NAME="Carved Bowl - 4104T" Spot="1" />
 <COLOR RGB="#c5a093" NAME="Standish Rose - 4105P" Spot="1" />
 <COLOR RGB="#dbb5aa" NAME="Prairie Dust - 4111P" Spot="1" />
 <COLOR RGB="#b9887a" NAME="New Brick - 4112T" Spot="1" />
 <COLOR RGB="#915f51" NAME="Redwood Plank - 4113D" Spot="1" />
 <COLOR RGB="#b2877c" NAME="Mauve Wood - 4114T" Spot="1" />
 <COLOR RGB="#c3a49b" NAME="Mauve Gray - 4115P" Spot="1" />
 <COLOR RGB="#d2b6ad" NAME="Olde Rose - 4121P" Spot="1" />
 <COLOR RGB="#b08b80" NAME="Wainscot Trim - 4122T" Spot="1" />
 <COLOR RGB="#8e665a" NAME="Roxbury Brown - 4123D" Spot="1" />
 <COLOR RGB="#a8847a" NAME="Ground Clove - 4124T" Spot="1" />
 <COLOR RGB="#bca19a" NAME="Frontier Shadow - 4125P" Spot="1" />
 <COLOR RGB="#d4bdb4" NAME="Bradford Beige - 4131P" Spot="1" />
 <COLOR RGB="#b19185" NAME="Winter Twig - 4132T" Spot="1" />
 <COLOR RGB="#8d6b5e" NAME="Brier Branch - 4133D" Spot="1" />
 <COLOR RGB="#a89085" NAME="Worn Harness - 4134T" Spot="1" />
 <COLOR RGB="#c8b4ab" NAME="Smokey Taupe - 4135P" Spot="1" />
 <COLOR RGB="#d4bab3" NAME="Plymouth Notch - 4141P" Spot="1" />
 <COLOR RGB="#b29087" NAME="Barrister Brown - 4142T" Spot="1" />
 <COLOR RGB="#89655c" NAME="Revival Mahogany - 4143D" Spot="1" />
 <COLOR RGB="#a88a83" NAME="Sloane House Brown - 4144T" Spot="1" />
 <COLOR RGB="#c8aea7" NAME="Norton Taupe - 4145P" Spot="1" />
 <COLOR RGB="#ceb7b4" NAME="Weathered Brown - 4151P" Spot="1" />
 <COLOR RGB="#a68682" NAME="Purple Beech - 4152T" Spot="1" />
 <COLOR RGB="#7c5b56" NAME="Duxbury Wood - 4153D" Spot="1" />
 <COLOR RGB="#a08482" NAME="Country Junction - 4154T" Spot="1" />
 <COLOR RGB="#c0a7a5" NAME="Teaberry Gray - 4155P" Spot="1" />
 <COLOR RGB="#d2bdbf" NAME="Mountain Haze - 4161P" Spot="1" />
 <COLOR RGB="#ae9092" NAME="Lavender Gray - 4162T" Spot="1" />
 <COLOR RGB="#826366" NAME="Purplestone - 4163D" Spot="1" />
 <COLOR RGB="#a29093" NAME="Heatherstone - 4164T" Spot="1" />
 <COLOR RGB="#c2b2b4" NAME="Mt. Smokey - 4165P" Spot="1" />
 <COLOR RGB="#cdb9b7" NAME="Pale Mauve - 4171P" Spot="1" />
 <COLOR RGB="#a38b8a" NAME="Wood Berry - 4172T" Spot="1" />
 <COLOR RGB="#78605f" NAME="Dark Chestnut - 4173D" Spot="1" />
 <COLOR RGB="#9b8887" NAME="Evening Gray - 4174T" Spot="1" />
 <COLOR RGB="#c0b2b3" NAME="Purple Mauve - 4175P" Spot="1" />
 <COLOR RGB="#cbbcb6" NAME="Beige Gray - 4181P" Spot="1" />
 <COLOR RGB="#a08c87" NAME="Autumn Ashes - 4182T" Spot="1" />
 <COLOR RGB="#75615a" NAME="Garden Earth - 4183D" Spot="1" />
 <COLOR RGB="#988984" NAME="Harrison Gray - 4184T" Spot="1" />
 <COLOR RGB="#bbaeaa" NAME="Garden Dust - 4185P" Spot="1" />
 <COLOR RGB="#c9bbb7" NAME="Light Taupe - 4191P" Spot="1" />
 <COLOR RGB="#9d8d89" NAME="Ashwood - 4192T" Spot="1" />
 <COLOR RGB="#71625f" NAME="Bradford Brown - 4193D" Spot="1" />
 <COLOR RGB="#958c8a" NAME="Outpost Gray - 4194T" Spot="1" />
 <COLOR RGB="#bcb2af" NAME="Silvertaupe - 4195P" Spot="1" />
 <COLOR RGB="#c1bebe" NAME="Gray Dawning - 4201P" Spot="1" />
 <COLOR RGB="#938f91" NAME="Braintree Road - 4202T" Spot="1" />
 <COLOR RGB="#6a6363" NAME="Turned Earth - 4203D" Spot="1" />
 <COLOR RGB="#8e8c8d" NAME="Garden Path - 4204T" Spot="1" />
 <COLOR RGB="#b1b1b1" NAME="Pebblegrey - 4205P" Spot="1" />
 <COLOR RGB="#c1c4c6" NAME="Graycloth - 4211P" Spot="1" />
 <COLOR RGB="#979a9f" NAME="Granite Rock - 4212T" Spot="1" />
 <COLOR RGB="#666a70" NAME="Puritain Black - 4213D" Spot="1" />
 <COLOR RGB="#92969a" NAME="Old Lamppost - 4214T" Spot="1" />
 <COLOR RGB="#b7bdc0" NAME="Gray Cotton - 4215P" Spot="1" />
 <COLOR RGB="#c3c7c7" NAME="Quarry Pebble - 4221P" Spot="1" />
 <COLOR RGB="#969a9d" NAME="Liberty Gray - 4222T" Spot="1" />
 <COLOR RGB="#666a6d" NAME="Silhouette Gray - 4223D" Spot="1" />
 <COLOR RGB="#8d9195" NAME="Weathervane - 4224T" Spot="1" />
 <COLOR RGB="#b6babc" NAME="Gray Mystic - 4225P" Spot="1" />
 <COLOR RGB="#c4cac8" NAME="Light Pewter - 4231P" Spot="1" />
 <COLOR RGB="#989f9f" NAME="Smithy Tool - 4232T" Spot="1" />
 <COLOR RGB="#676e6e" NAME="Trojan Gray - 4233D" Spot="1" />
 <COLOR RGB="#939b9a" NAME="Whetstone - 4234T" Spot="1" />
 <COLOR RGB="#a9afad" NAME="Weatherbell - 4235P" Spot="1" />
 <COLOR RGB="#c8cac5" NAME="Stiletto Gray - 4241P" Spot="1" />
 <COLOR RGB="#98a09d" NAME="Sentinel Gray - 4242T" Spot="1" />
 <COLOR RGB="#69706e" NAME="Stoker Gray - 4243D" Spot="1" />
 <COLOR RGB="#95968d" NAME="Smokey Wings - 4244T" Spot="1" />
 <COLOR RGB="#b2b4ad" NAME="Folkstone - 4245P" Spot="1" />
 <COLOR RGB="#f6d63b" NAME="Sunray - 11A" Spot="1" />
 <COLOR RGB="#e6cb4b" NAME="Yellow Cluster - 12A" Spot="1" />
 <COLOR RGB="#c1c442" NAME="Vivid Lime - 13A" Spot="1" />
 <COLOR RGB="#c6c441" NAME="Citron Rind - 14A" Spot="1" />
 <COLOR RGB="#8bbe3f" NAME="Neon Green - 21A" Spot="1" />
 <COLOR RGB="#7db740" NAME="Leprechaun - 22A" Spot="1" />
 <COLOR RGB="#6eab41" NAME="Colleen Green - 23A" Spot="1" />
 <COLOR RGB="#5ca345" NAME="Shenanigan - 24A" Spot="1" />
 <COLOR RGB="#249c78" NAME="Emerald Garden - 31A" Spot="1" />
 <COLOR RGB="#009d80" NAME="Fantasy Green - 32A" Spot="1" />
 <COLOR RGB="#009885" NAME="Intense Jade - 33A" Spot="1" />
 <COLOR RGB="#009288" NAME="Lake Superior - 34A" Spot="1" />
 <COLOR RGB="#008289" NAME="Navajo Turquoise - 41A" Spot="1" />
 <COLOR RGB="#008b9f" NAME="Saxony Blue - 42A" Spot="1" />
 <COLOR RGB="#008aa5" NAME="Blue Jewel - 43A" Spot="1" />
 <COLOR RGB="#008fae" NAME="Norse Blue - 44A" Spot="1" />
 <COLOR RGB="#9c8a44" NAME="Golden Grail - 51A" Spot="1" />
 <COLOR RGB="#c1a838" NAME="Teton Gold - 52A" Spot="1" />
 <COLOR RGB="#baaf39" NAME="Citrinia - 53A" Spot="1" />
 <COLOR RGB="#909646" NAME="Marsh Green - 54A" Spot="1" />
 <COLOR RGB="#4a8f45" NAME="Grasslands - 61A" Spot="1" />
 <COLOR RGB="#209a50" NAME="Arboretum - 62A" Spot="1" />
 <COLOR RGB="#278d57" NAME="Greenway - 63A" Spot="1" />
 <COLOR RGB="#1e7c50" NAME="Lush Green - 64A" Spot="1" />
 <COLOR RGB="#257d5d" NAME="Inviting Green - 71A" Spot="1" />
 <COLOR RGB="#008264" NAME="Ultra Green - 72A" Spot="1" />
 <COLOR RGB="#008477" NAME="Full Peacock - 73A" Spot="1" />
 <COLOR RGB="#147a77" NAME="Evening Pool - 74A" Spot="1" />
 <COLOR RGB="#007e87" NAME="Sea Balm - 81A" Spot="1" />
 <COLOR RGB="#21777d" NAME="Real Teal - 82A" Spot="1" />
 <COLOR RGB="#1a7885" NAME="Huron Blue - 83A" Spot="1" />
 <COLOR RGB="#007a8f" NAME="Fantasy Blue - 84A" Spot="1" />
 <COLOR RGB="#85774a" NAME="Woodford - 91A" Spot="1" />
 <COLOR RGB="#9e9a55" NAME="Breen - 92A" Spot="1" />
 <COLOR RGB="#858958" NAME="Bitter Root - 93A" Spot="1" />
 <COLOR RGB="#6b7b5c" NAME="Dense Shrub - 94A" Spot="1" />
 <COLOR RGB="#789945" NAME="Greening Spring - 101A" Spot="1" />
 <COLOR RGB="#678844" NAME="Climbing Vine - 102A" Spot="1" />
 <COLOR RGB="#547749" NAME="Bamboo Leaf - 103A" Spot="1" />
 <COLOR RGB="#3b634a" NAME="Robust Vine - 104A" Spot="1" />
 <COLOR RGB="#189178" NAME="Country Club - 111A" Spot="1" />
 <COLOR RGB="#318a74" NAME="Green Garden - 112A" Spot="1" />
 <COLOR RGB="#388475" NAME="Lush Foilage - 113A" Spot="1" />
 <COLOR RGB="#45776c" NAME="Courtyard Green - 114A" Spot="1" />
 <COLOR RGB="#3d8082" NAME="Green Gable - 121A" Spot="1" />
 <COLOR RGB="#317f8e" NAME="Dusky Blue - 122A" Spot="1" />
 <COLOR RGB="#3b7888" NAME="Dark Secret - 123A" Spot="1" />
 <COLOR RGB="#366582" NAME="Ultra Blue - 124A" Spot="1" />
 <COLOR RGB="#5e5547" NAME="Glouchester Brown - 131A" Spot="1" />
 <COLOR RGB="#7c6546" NAME="Aged Bronze - 132A" Spot="1" />
 <COLOR RGB="#8d6d4e" NAME="Friar Tuck - 133A" Spot="1" />
 <COLOR RGB="#7e604b" NAME="Bedford - 134A" Spot="1" />
 <COLOR RGB="#6d5244" NAME="Saddle Brown - 141A" Spot="1" />
 <COLOR RGB="#865847" NAME="Field Oak - 142A" Spot="1" />
 <COLOR RGB="#7d5347" NAME="Red Earth - 143A" Spot="1" />
 <COLOR RGB="#79584e" NAME="Red Country - 144A" Spot="1" />
 <COLOR RGB="#5d4d45" NAME="Expresso - 151A" Spot="1" />
 <COLOR RGB="#6e4f47" NAME="Newtone Brown - 152A" Spot="1" />
 <COLOR RGB="#614545" NAME="Tempest Brown - 153A" Spot="1" />
 <COLOR RGB="#5b484f" NAME="Bordeau Brown - 154A" Spot="1" />
 <COLOR RGB="#404744" NAME="Flint Black - 161A" Spot="1" />
 <COLOR RGB="#415d5f" NAME="Tempest Sea - 162A" Spot="1" />
 <COLOR RGB="#374652" NAME="Ebony Blue - 163A" Spot="1" />
 <COLOR RGB="#373c3e" NAME="Black Night - 164A" Spot="1" />
 <COLOR RGB="#936f45" NAME="Baked Gold - 171A" Spot="1" />
 <COLOR RGB="#ad7c3d" NAME="Verona Gold - 172A" Spot="1" />
 <COLOR RGB="#8b6043" NAME="Sable Brown - 173A" Spot="1" />
 <COLOR RGB="#b57248" NAME="Sedona Clay - 174A" Spot="1" />
 <COLOR RGB="#6e4546" NAME="Winestone - 181A" Spot="1" />
 <COLOR RGB="#7e4a49" NAME="Red Bark - 182A" Spot="1" />
 <COLOR RGB="#7e5049" NAME="Earthy Red - 183A" Spot="1" />
 <COLOR RGB="#965346" NAME="Rockies Red - 184A" Spot="1" />
 <COLOR RGB="#804246" NAME="Carriage Red - 191A" Spot="1" />
 <COLOR RGB="#7a4c65" NAME="Full Wine - 192A" Spot="1" />
 <COLOR RGB="#64475e" NAME="Red Purple - 193A" Spot="1" />
 <COLOR RGB="#565678" NAME="Soaring Blue - 194A" Spot="1" />
 <COLOR RGB="#3b5877" NAME="Seclusion Blue - 201A" Spot="1" />
 <COLOR RGB="#40587e" NAME="Blue Thunder - 202A" Spot="1" />
 <COLOR RGB="#4d526f" NAME="Mountain Shadow - 203A" Spot="1" />
 <COLOR RGB="#5b586f" NAME="Phoenician Purple - 204A" Spot="1" />
 <COLOR RGB="#ce9233" NAME="Golden Wonder - 211A" Spot="1" />
 <COLOR RGB="#b97b44" NAME="Baroque - 212A" Spot="1" />
 <COLOR RGB="#c88047" NAME="Harvest Orange - 213A" Spot="1" />
 <COLOR RGB="#cc7347" NAME="Tigerstripe - 214A" Spot="1" />
 <COLOR RGB="#894743" NAME="Scarlet Oak - 221A" Spot="1" />
 <COLOR RGB="#994c45" NAME="Robust Red - 222A" Spot="1" />
 <COLOR RGB="#ac4d37" NAME="Glowing Ember - 223A" Spot="1" />
 <COLOR RGB="#a95f3f" NAME="October Bronze - 224A" Spot="1" />
 <COLOR RGB="#994557" NAME="Keepsake Rose - 231A" Spot="1" />
 <COLOR RGB="#8d4462" NAME="English Rose - 232A" Spot="1" />
 <COLOR RGB="#745879" NAME="Purple Comet - 233A" Spot="1" />
 <COLOR RGB="#645b8b" NAME="Sultan Blue - 234A" Spot="1" />
 <COLOR RGB="#2b5e91" NAME="Porcelain Blue - 241A" Spot="1" />
 <COLOR RGB="#355487" NAME="Tremont Blue - 242A" Spot="1" />
 <COLOR RGB="#3b4e80" NAME="Dynasty - 243A" Spot="1" />
 <COLOR RGB="#4c5373" NAME="Blue Purple - 244A" Spot="1" />
 <COLOR RGB="#fcbf20" NAME="Meadow Daisy - 251A" Spot="1" />
 <COLOR RGB="#ffb114" NAME="All Gold - 252A" Spot="1" />
 <COLOR RGB="#ea8c2f" NAME="Coronette Orange - 253A" Spot="1" />
 <COLOR RGB="#d67035" NAME="Orange Torch - 254A" Spot="1" />
 <COLOR RGB="#b54147" NAME="Knockout Red - 261A" Spot="1" />
 <COLOR RGB="#c84741" NAME="Sashay Red - 262A" Spot="1" />
 <COLOR RGB="#b5453e" NAME="Cotillion Red - 263A" Spot="1" />
 <COLOR RGB="#db5e45" NAME="Orange Soverign - 264A" Spot="1" />
 <COLOR RGB="#ad4355" NAME="Drama Red - 271A" Spot="1" />
 <COLOR RGB="#b84c70" NAME="Fascination - 272A" Spot="1" />
 <COLOR RGB="#8b5b89" NAME="Paradise Bird - 273A" Spot="1" />
 <COLOR RGB="#706598" NAME="Purple Tryst - 274A" Spot="1" />
 <COLOR RGB="#2470aa" NAME="Liberty Blue - 281A" Spot="1" />
 <COLOR RGB="#3a6aa2" NAME="Patriot Blue - 282A" Spot="1" />
 <COLOR RGB="#4d6ca4" NAME="Blue Ribbon - 283A" Spot="1" />
 <COLOR RGB="#4d5a8e" NAME="Crown Jewel - 284A" Spot="1" />
</SCRIBUSCOLORS>