<?xml version="1.0" encoding="UTF-8"?>
<SCRIBUSCOLORS Name="ColorXperience">
 <COLOR RGB="#aaafb4" NAME="Flat" Spot="1" />
 <COLOR RGB="#acb1b8" NAME="Low Sheen" Spot="1" />
 <COLOR RGB="#abb3bb" NAME="Eggshell" Spot="1" />
 <COLOR RGB="#a9b1b8" NAME="Satin" Spot="1" />
 <COLOR RGB="#a9b0b8" NAME="Semi-Gloss" Spot="1" />
 <COLOR RGB="#aab2ba" NAME="Gloss" Spot="1" />
 <COLOR RGB="#928771" NAME="196 Villita" Spot="1" />
 <COLOR RGB="#ddcdb5" NAME="26 Oyster" Spot="1" />
 <COLOR RGB="#b7af92" NAME="213 Lemongrass" Spot="1" />
 <COLOR RGB="#efca94" NAME="168 Full Sun" Spot="1" />
 <COLOR RGB="#b3a184" NAME="171 Sand Pebble" Spot="1" />
 <COLOR RGB="#c9af90" NAME="231 Spanish Sand" Spot="1" />
 <COLOR RGB="#966d59" NAME="212 Saltillo" Spot="1" />
 <COLOR RGB="#68413e" NAME="160 Bravado" Spot="1" />
 <COLOR RGB="#c8b9a1" NAME="230 Graystone" Spot="1" />
 <COLOR RGB="#b6a38a" NAME="228 Charro" Spot="1" />
 <COLOR RGB="#8b755e" NAME="412 Cargo" Spot="1" />
 <COLOR RGB="#51453f" NAME="417 Oxford Brown" Spot="1" />
 <COLOR RGB="#c9c0b2" NAME="216 Malibu Beige" Spot="1" />
 <COLOR RGB="#a99f90" NAME="217 Chadwick" Spot="1" />
 <COLOR RGB="#b6b3a6" NAME="186 Keystone" Spot="1" />
 <COLOR RGB="#979081" NAME="197 Wood Moss" Spot="1" />
 <COLOR RGB="#ddddd6" NAME="12 Sierra White" Spot="1" />
 <COLOR RGB="#aeafaa" NAME="178 Plymouth Gray" Spot="1" />
 <COLOR RGB="#6c746f" NAME="157 La Marina" Spot="1" />
 <COLOR RGB="#34463f" NAME="149 Green Thumb" Spot="1" />
 <COLOR RGB="#48787a" NAME="72 Catalina" Spot="1" />
 <COLOR RGB="#64656b" NAME="75 Metro" Spot="1" />
 <COLOR RGB="#4f656f" NAME="73 Cortez" Spot="1" />
 <COLOR RGB="#772930" NAME="74 Seattle Red" Spot="1" />
 <COLOR RGB="#f5f0e5" NAME="23 Swiss Coffee" Spot="1" />
 <COLOR RGB="#ece4d2" NAME="14 Frost" Spot="1" />
 <COLOR RGB="#e1d7c6" NAME="27 Bone" Spot="1" />
 <COLOR RGB="#e1d3bd" NAME="36 Navajo White" Spot="1" />
 <COLOR RGB="#f6ecdd" NAME="53 Rainier White" Spot="1" />
 <COLOR RGB="#f3eddf" NAME="52 White Chip" Spot="1" />
 <COLOR RGB="#f2ece0" NAME="46 Acoustic White" Spot="1" />
 <COLOR RGB="#eee7db" NAME="30 Glacier White" Spot="1" />
 <COLOR RGB="#f1ebdb" NAME="20 Western Acoustic" Spot="1" />
 <COLOR RGB="#f0e8d8" NAME="29 New Linen" Spot="1" />
 <COLOR RGB="#f3ebd8" NAME="49 Antique White" Spot="1" />
 <COLOR RGB="#e8ddc6" NAME="22 Soft White" Spot="1" />
 <COLOR RGB="#eae9e1" NAME="25 Blanco" Spot="1" />
 <COLOR RGB="#eee8dd" NAME="32 White Dove" Spot="1" />
 <COLOR RGB="#f6eee0" NAME="45 White Shadow" Spot="1" />
 <COLOR RGB="#f2ebdb" NAME="34 Dove White" Spot="1" />
 <COLOR RGB="#dbcebc" NAME="41 Snip of Tannin" Spot="1" />
 <COLOR RGB="#c9b8a1" NAME="42 Wise Owl" Spot="1" />
 <COLOR RGB="#f7f0e2" NAME="OW201-1 Swan Wing" Spot="1" />
 <COLOR RGB="#f6f0e4" NAME="OW202-1 Genna" Spot="1" />
 <COLOR RGB="#f7f2e7" NAME="OW203-1 Beyond Pale" Spot="1" />
 <COLOR RGB="#f6f2e8" NAME="OW204-1 Country Cotton" Spot="1" />
 <COLOR RGB="#faf5e9" NAME="OW205-1 Soap Suds" Spot="1" />
 <COLOR RGB="#f7f4ea" NAME="OW206-1 Aplle White" Spot="1" />
 <COLOR RGB="#f0e8d7" NAME="OW207-1 Wraps" Spot="1" />
 <COLOR RGB="#f8f0e1" NAME="OW208-1 Whitefair" Spot="1" />
 <COLOR RGB="#fbf4e6" NAME="OW209-1 Pressed Linen" Spot="1" />
 <COLOR RGB="#f7f0e2" NAME="OW210-1 Sunbleached Shell" Spot="1" />
 <COLOR RGB="#f9f3e5" NAME="OW211-1 Champagne Mist" Spot="1" />
 <COLOR RGB="#f5ecdd" NAME="OW212-1 Pebble Bluff" Spot="1" />
 <COLOR RGB="#fbf1e2" NAME="OW213-1 Apricot Blush" Spot="1" />
 <COLOR RGB="#f9f1e5" NAME="OW214-1 Encanto" Spot="1" />
 <COLOR RGB="#faf2e6" NAME="OW215-1 Barely There" Spot="1" />
 <COLOR RGB="#ede4db" NAME="OW216-1 Plumas" Spot="1" />
 <COLOR RGB="#faefe3" NAME="OW217-1 Crystal Cathedral" Spot="1" />
 <COLOR RGB="#f3ebe2" NAME="OW218-1 Neutral Ground" Spot="1" />
 <COLOR RGB="#ebe2d7" NAME="OW219-1 Bare Necessity" Spot="1" />
 <COLOR RGB="#ddd5c9" NAME="OW220-1 Cathedral City" Spot="1" />
 <COLOR RGB="#f9f2e0" NAME="OW221-1 Ivory Turret" Spot="1" />
 <COLOR RGB="#f3eee0" NAME="OW222-1 Its A Cream" Spot="1" />
 <COLOR RGB="#f4efe2" NAME="OW223-1 Extreme Snow" Spot="1" />
 <COLOR RGB="#f8f5eb" NAME="OW224-1 Diamond White" Spot="1" />
 <COLOR RGB="#eee8db" NAME="OW225-1 Mashed Potatoes" Spot="1" />
 <COLOR RGB="#f1eee4" NAME="OW226-1 Papier Blanc" Spot="1" />
 <COLOR RGB="#ede9de" NAME="OW227-1 Soft Sesame" Spot="1" />
 <COLOR RGB="#f4f1e6" NAME="OW228-1 Pristine Linen" Spot="1" />
 <COLOR RGB="#fbf4e7" NAME="OW229-1 Dry Lake" Spot="1" />
 <COLOR RGB="#f5f0e3" NAME="OW230-1 Sandpiper Place" Spot="1" />
 <COLOR RGB="#f3efe1" NAME="OW231-1 Coffee Creamer" Spot="1" />
 <COLOR RGB="#e7e4d8" NAME="OW232-1 Dream Nights" Spot="1" />
 <COLOR RGB="#f1ecdc" NAME="OW233-1 Skijour" Spot="1" />
 <COLOR RGB="#ede8d8" NAME="OW234-1 Ivanhoe Estate" Spot="1" />
 <COLOR RGB="#e1dbca" NAME="OW235-1 Wishbone" Spot="1" />
 <COLOR RGB="#e6e0ce" NAME="OW236-1 Taravel" Spot="1" />
 <COLOR RGB="#f2edde" NAME="OW237-1 Angel Cloud" Spot="1" />
 <COLOR RGB="#faf6e4" NAME="OW238-1 Little Flower" Spot="1" />
 <COLOR RGB="#f9f0dd" NAME="OW239-1 Cozy Cotton" Spot="1" />
 <COLOR RGB="#eae0cb" NAME="OW240-1 Rice Pudding" Spot="1" />
 <COLOR RGB="#fdf4e1" NAME="OW241-1 Almond Sugar" Spot="1" />
 <COLOR RGB="#efe7d5" NAME="OW242-1 Amazing Grace" Spot="1" />
 <COLOR RGB="#eee2cf" NAME="OW243-1 Pathos" Spot="1" />
 <COLOR RGB="#e2d7c5" NAME="OW244-1 Ethos" Spot="1" />
 <COLOR RGB="#f8edda" NAME="OW245-1 Sand Dollar" Spot="1" />
 <COLOR RGB="#f3e5d0" NAME="OW246-1 Tantalizing" Spot="1" />
 <COLOR RGB="#eddec9" NAME="OW247-1 Sauteed Scallops" Spot="1" />
 <COLOR RGB="#e4d8c7" NAME="OW248-1 Semolina" Spot="1" />
 <COLOR RGB="#f7f2e6" NAME="OW249-1 English Sycamore" Spot="1" />
 <COLOR RGB="#f6edd9" NAME="OW250-1 Del La Creme" Spot="1" />
 <COLOR RGB="#ede2d2" NAME="OW251-1 Dubai Sand" Spot="1" />
 <COLOR RGB="#d7cfbe" NAME="OW252-1 Chic" Spot="1" />
 <COLOR RGB="#fbf5e3" NAME="OW253-1 Amberling" Spot="1" />
 <COLOR RGB="#f5ecd9" NAME="OW254-1 Buff Bluff" Spot="1" />
 <COLOR RGB="#f1e6d2" NAME="OW255-1 Lovely Lace" Spot="1" />
 <COLOR RGB="#dbcfbc" NAME="OW256-1 Arizona Heat" Spot="1" />
 <COLOR RGB="#efe6ce" NAME="OW257-1 Homemade Biscuit" Spot="1" />
 <COLOR RGB="#f2e6cf" NAME="OW258-1 Milk Paint" Spot="1" />
 <COLOR RGB="#f1e3ca" NAME="OW259-1 Movie Time" Spot="1" />
 <COLOR RGB="#e3d5be" NAME="OW260-1 Fuzzy Slippers" Spot="1" />
 <COLOR RGB="#f5eeee" NAME="KM3001-1 Light Lavendar" Spot="1" />
 <COLOR RGB="#eee0eb" NAME="KM3002-1 Purple Peace" Spot="1" />
 <COLOR RGB="#e8d2e6" NAME="KM3003-1 Lilac Lady" Spot="1" />
 <COLOR RGB="#e2c4e2" NAME="KM3004-1 Micaela Abril" Spot="1" />
 <COLOR RGB="#d5b3d8" NAME="KM3005-2 Very Violet" Spot="1" />
 <COLOR RGB="#c79fcc" NAME="KM3006-2 Japanese Lilac" Spot="1" />
 <COLOR RGB="#ac7bb3" NAME="KM3007-3 Happy Hyacinth" Spot="1" />
 <COLOR RGB="#6f4d79" NAME="KM3008-5 Iris Impact" Spot="1" />
 <COLOR RGB="#eee9e9" NAME="KM3009-1 Lilac Frost" Spot="1" />
 <COLOR RGB="#dcd6de" NAME="KM3010-1 Lavendar Laugh" Spot="1" />
 <COLOR RGB="#cfc6d3" NAME="KM3011-1 Last of the Lilacs" Spot="1" />
 <COLOR RGB="#c1b9c8" NAME="KM3012-1 Wisteria Wish" Spot="1" />
 <COLOR RGB="#bab0be" NAME="KM3013-2 Italian Iris" Spot="1" />
 <COLOR RGB="#8e8297" NAME="KM3014-3 Pandoras Purple" Spot="1" />
 <COLOR RGB="#796e83" NAME="KM3015-3 Jubilation" Spot="1" />
 <COLOR RGB="#524a57" NAME="KM3016-5 Midnight Affair" Spot="1" />
 <COLOR RGB="#ede9ea" NAME="KM3017-1 Lilac Lass" Spot="1" />
 <COLOR RGB="#e8e1e8" NAME="KM3018-1 Pale Pansy" Spot="1" />
 <COLOR RGB="#e2dae5" NAME="KM3019-1 Spring Crocus" Spot="1" />
 <COLOR RGB="#d0c6dc" NAME="KM3020-1 Lavender Lilac" Spot="1" />
 <COLOR RGB="#c5bbd3" NAME="KM3021-2 Teresas True Color" Spot="1" />
 <COLOR RGB="#aba1c1" NAME="KM3022-2 Lilac Garden" Spot="1" />
 <COLOR RGB="#8b7ca2" NAME="KM3023-3 Regal Jewel" Spot="1" />
 <COLOR RGB="#605371" NAME="KM3024-5 Royal Rajah" Spot="1" />
 <COLOR RGB="#e7e2ea" NAME="KM3025-1 Lavender Splash" Spot="1" />
 <COLOR RGB="#e1dbe8" NAME="KM3026-1 Fancy Pansy" Spot="1" />
 <COLOR RGB="#d8d0e6" NAME="KM3027-1 Violetville" Spot="1" />
 <COLOR RGB="#cdc4e2" NAME="KM3028-1 Pansy Potpourri" Spot="1" />
 <COLOR RGB="#c0b7dc" NAME="KM3029-2 Purple Possibility" Spot="1" />
 <COLOR RGB="#b0a5d2" NAME="KM3030-2 Lavender Legend" Spot="1" />
 <COLOR RGB="#887ab3" NAME="KM3031-3 Royal Raul" Spot="1" />
 <COLOR RGB="#605387" NAME="KM3032-5 Iris Illusion" Spot="1" />
 <COLOR RGB="#e8e7ec" NAME="KM3033-1 Greek Goddess" Spot="1" />
 <COLOR RGB="#d7d2e0" NAME="KM3034-1 Carefree Breeze" Spot="1" />
 <COLOR RGB="#cac4d9" NAME="KM3035-1 Evocative Antonia" Spot="1" />
 <COLOR RGB="#c1bcd2" NAME="KM3036-2 Lilac Lake" Spot="1" />
 <COLOR RGB="#aba6c9" NAME="KM3037-2 Gateway to Paradise" Spot="1" />
 <COLOR RGB="#a9a3c9" NAME="KM3038-2 Hermosa" Spot="1" />
 <COLOR RGB="#7f78aa" NAME="KM3039-3 Blooming Lilac" Spot="1" />
 <COLOR RGB="#575279" NAME="KM3040-5 Dark Triumph" Spot="1" />
 <COLOR RGB="#e6e5e5" NAME="KM3041-1 Lilac Breeze" Spot="1" />
 <COLOR RGB="#d9d5db" NAME="KM3042-1 Easter Party" Spot="1" />
 <COLOR RGB="#cac7d0" NAME="KM3043-1 Shy Violet" Spot="1" />
 <COLOR RGB="#bcb8c4" NAME="KM3044-1 Hyacinth Haze" Spot="1" />
 <COLOR RGB="#b2afbb" NAME="KM3045-2 Lap of Luxury" Spot="1" />
 <COLOR RGB="#95929f" NAME="KM3046-2 Garden Beauty" Spot="1" />
 <COLOR RGB="#716d7c" NAME="KM3047-3 Purple Pansies" Spot="1" />
 <COLOR RGB="#514e57" NAME="KM3048-5 Queen Victoria" Spot="1" />
 <COLOR RGB="#dcdae2" NAME="KM3049-1 Fancy That" Spot="1" />
 <COLOR RGB="#d2d0db" NAME="KM3050-1 Frosty Glaze" Spot="1" />
 <COLOR RGB="#bdbbcc" NAME="KM3051-1 Province" Spot="1" />
 <COLOR RGB="#b1afc1" NAME="KM3052-2 Luster Blue" Spot="1" />
 <COLOR RGB="#a1a0b3" NAME="KM3053-2 Barrymore" Spot="1" />
 <COLOR RGB="#817f96" NAME="KM3054-3 Suzette" Spot="1" />
 <COLOR RGB="#716e85" NAME="KM3055-3 Vintage Velvet" Spot="1" />
 <COLOR RGB="#524e5d" NAME="KM3056-5 Royal Treatment" Spot="1" />
 <COLOR RGB="#e1e0e8" NAME="KM3057-1 Tentative Dawn" Spot="1" />
 <COLOR RGB="#d6d6e3" NAME="KM3058-1 Pastel Princess" Spot="1" />
 <COLOR RGB="#cccade" NAME="KM3059-1 Pick of the Patch" Spot="1" />
 <COLOR RGB="#b1b2ce" NAME="KM3060-2 Lined with Lilacs" Spot="1" />
 <COLOR RGB="#9da0c1" NAME="KM3061-2 Royal Glimmer" Spot="1" />
 <COLOR RGB="#8788ae" NAME="KM3062-3 Grape Gathering" Spot="1" />
 <COLOR RGB="#71749c" NAME="KM3063-5 Plum Berry" Spot="1" />
 <COLOR RGB="#555374" NAME="KM3064-5 Rare Orchid" Spot="1" />
 <COLOR RGB="#e3e3ec" NAME="KM3065-1 Purple Haze" Spot="1" />
 <COLOR RGB="#d9dae8" NAME="KM3066-1 Little Cutie" Spot="1" />
 <COLOR RGB="#cbcee6" NAME="KM3067-1 Flora Vista" Spot="1" />
 <COLOR RGB="#bfc3e3" NAME="KM3068-1 Peak of Perfection" Spot="1" />
 <COLOR RGB="#b3b9dd" NAME="KM3069-2 Petal Soft" Spot="1" />
 <COLOR RGB="#9ba1d0" NAME="KM3070-2 Adora" Spot="1" />
 <COLOR RGB="#7075af" NAME="KM3071-3 Exotic Beauty" Spot="1" />
 <COLOR RGB="#595a93" NAME="KM3072-5 Petulant Pat" Spot="1" />
 <COLOR RGB="#eff0ee" NAME="KM3073-1 Alicia" Spot="1" />
 <COLOR RGB="#e3e6eb" NAME="KM3074-1 Edge of Dawn" Spot="1" />
 <COLOR RGB="#ced4e7" NAME="KM3075-1 Beautiful Berry" Spot="1" />
 <COLOR RGB="#bcc4e3" NAME="KM3076-1 Berry Blush" Spot="1" />
 <COLOR RGB="#b1bcdd" NAME="KM3077-2 Roswell" Spot="1" />
 <COLOR RGB="#94a1d1" NAME="KM3078-2 Florette" Spot="1" />
 <COLOR RGB="#717bb4" NAME="KM3079-3 Purple Wave" Spot="1" />
 <COLOR RGB="#4c4e81" NAME="KM3080-5 Georgian Court" Spot="1" />
 <COLOR RGB="#e5e7ea" NAME="KM3081-1 Loyalist" Spot="1" />
 <COLOR RGB="#d1d5e3" NAME="KM3082-1 Little Grapette" Spot="1" />
 <COLOR RGB="#b9c0d5" NAME="KM3083-1 Violet Vista" Spot="1" />
 <COLOR RGB="#b0b8ce" NAME="KM3084-2 Purple Paradis" Spot="1" />
 <COLOR RGB="#959eb9" NAME="KM3085-2 Purple Moon" Spot="1" />
 <COLOR RGB="#7e86a4" NAME="KM3086-3 Premiere Purple" Spot="1" />
 <COLOR RGB="#6a7492" NAME="KM3087-3 Mountain Vale" Spot="1" />
 <COLOR RGB="#4c4e65" NAME="KM3088-5 Grand Grape" Spot="1" />
 <COLOR RGB="#e0e4e6" NAME="KM3089-1 Real Time" Spot="1" />
 <COLOR RGB="#d8dbe1" NAME="KM3090-1 Romance in Bloom" Spot="1" />
 <COLOR RGB="#c4cad5" NAME="KM3091-1 Kecia" Spot="1" />
 <COLOR RGB="#b5bbca" NAME="KM3092-1 Favorite Things" Spot="1" />
 <COLOR RGB="#abb3c0" NAME="KM3093-2 Purpley Puff" Spot="1" />
 <COLOR RGB="#8e97a8" NAME="KM3094-2 Tiannas Eyes" Spot="1" />
 <COLOR RGB="#646b7d" NAME="KM3095-3 Flirty Fran" Spot="1" />
 <COLOR RGB="#494c58" NAME="KM3096-5 Pantry Plum" Spot="1" />
 <COLOR RGB="#eaefef" NAME="KM3097-1 Icy Blue" Spot="1" />
 <COLOR RGB="#dce6ed" NAME="KM3098-1 Moondancing" Spot="1" />
 <COLOR RGB="#c9d9eb" NAME="KM3099-1 Breezy Blue" Spot="1" />
 <COLOR RGB="#b2c7e6" NAME="KM3100-1 Morning Sky" Spot="1" />
 <COLOR RGB="#a8c0e3" NAME="KM3101-2 Prince Charming" Spot="1" />
 <COLOR RGB="#89a6d6" NAME="KM3102-2 Royal Regatta" Spot="1" />
 <COLOR RGB="#5e7bb6" NAME="KM3103-3 Blue Bounty" Spot="1" />
 <COLOR RGB="#445183" NAME="KM3104-5 Evening Magic" Spot="1" />
 <COLOR RGB="#e4e8e9" NAME="KM3105-1 Blue Brush Stroke" Spot="1" />
 <COLOR RGB="#cbd9e8" NAME="KM3106-1 Blue Dawn" Spot="1" />
 <COLOR RGB="#bacce2" NAME="KM3107-1 By the Bay" Spot="1" />
 <COLOR RGB="#b0c5de" NAME="KM3108-1 Scuba Blue" Spot="1" />
 <COLOR RGB="#a7bdd9" NAME="KM3109-2 Washed Indigo" Spot="1" />
 <COLOR RGB="#8ea9cb" NAME="KM3110-2 South Port" Spot="1" />
 <COLOR RGB="#6682ab" NAME="KM3111-3 Harbor Blue" Spot="1" />
 <COLOR RGB="#3b578c" NAME="KM3112-5 Evening in Paris" Spot="1" />
 <COLOR RGB="#e8f1f2" NAME="KM3113-1 Bluenose" Spot="1" />
 <COLOR RGB="#d1e1ea" NAME="KM3114-1 Summer Sky" Spot="1" />
 <COLOR RGB="#c0d5e4" NAME="KM3115-1 Sail Away" Spot="1" />
 <COLOR RGB="#adc8dd" NAME="KM3116-1 Blissful Blue" Spot="1" />
 <COLOR RGB="#96b3cd" NAME="KM3117-2 Far Horizons" Spot="1" />
 <COLOR RGB="#81a2bf" NAME="KM3118-2 Postcard Perfect" Spot="1" />
 <COLOR RGB="#557696" NAME="KM3119-3 Blue Monday" Spot="1" />
 <COLOR RGB="#425268" NAME="KM3120-5 Luxe" Spot="1" />
 <COLOR RGB="#e1eaed" NAME="KM3121-1 June Breeze" Spot="1" />
 <COLOR RGB="#ccdde6" NAME="KM3122-1 Precious Dew Drop" Spot="1" />
 <COLOR RGB="#b4cadb" NAME="KM3123-1 Quiet Refuge" Spot="1" />
 <COLOR RGB="#9eb8cd" NAME="KM3124-2 Beecher Falls" Spot="1" />
 <COLOR RGB="#7d9cb6" NAME="KM3125-2 Piece of the Sky" Spot="1" />
 <COLOR RGB="#65829d" NAME="KM3126-3 Sea of Marma" Spot="1" />
 <COLOR RGB="#56718c" NAME="KM3127-3 Tahoe" Spot="1" />
 <COLOR RGB="#435267" NAME="KM3128-5 Blue Moon Bay" Spot="1" />
 <COLOR RGB="#e3f0f2" NAME="KM3129-1 Calypso Breeze" Spot="1" />
 <COLOR RGB="#cbe3ef" NAME="KM3130-1 Prairie Day" Spot="1" />
 <COLOR RGB="#b4d8ef" NAME="KM3131-1 Pyramid Lake" Spot="1" />
 <COLOR RGB="#9dc8e9" NAME="KM3132-1 Blue Sky" Spot="1" />
 <COLOR RGB="#7db4df" NAME="KM3133-2 City of Atlantis" Spot="1" />
 <COLOR RGB="#6ca7d8" NAME="KM3134-2 Breathtaking Blue" Spot="1" />
 <COLOR RGB="#4688c4" NAME="KM3135-3 Soothing Sapphire" Spot="1" />
 <COLOR RGB="#3b5e98" NAME="KM3136-5 Cascade Twilight" Spot="1" />
 <COLOR RGB="#e3eff0" NAME="KM3137-1 Spring Dew" Spot="1" />
 <COLOR RGB="#daeaee" NAME="KM3138-1 Bird Bath Blue" Spot="1" />
 <COLOR RGB="#c0dbe9" NAME="KM3139-1 Blooming Blue" Spot="1" />
 <COLOR RGB="#a5cbe0" NAME="KM3140-1 Make a Splash" Spot="1" />
 <COLOR RGB="#98c2d9" NAME="KM3141-2 Gaugins Blue" Spot="1" />
 <COLOR RGB="#75a9c7" NAME="KM3142-2 Birds Egg Blue" Spot="1" />
 <COLOR RGB="#4f85a8" NAME="KM3143-3 Wakeby Beach" Spot="1" />
 <COLOR RGB="#3d5976" NAME="KM3144-5 Prairie Night" Spot="1" />
 <COLOR RGB="#d8eef1" NAME="KM3145-1 Dreamy Space" Spot="1" />
 <COLOR RGB="#cce7f0" NAME="KM3146-1 High Spirits" Spot="1" />
 <COLOR RGB="#afd7e9" NAME="KM3147-1 Sky Watch" Spot="1" />
 <COLOR RGB="#94c8e0" NAME="KM3148-1 Lupes Lake" Spot="1" />
 <COLOR RGB="#8cc4df" NAME="KM3149-2 Cascade Blue" Spot="1" />
 <COLOR RGB="#67abcb" NAME="KM3150-2 Bonaventure" Spot="1" />
 <COLOR RGB="#3f8cb1" NAME="KM3151-3 Hidden Springs" Spot="1" />
 <COLOR RGB="#376381" NAME="KM3152-5 Blue By You" Spot="1" />
 <COLOR RGB="#dceaeb" NAME="KM3153-1 Phantom Lake" Spot="1" />
 <COLOR RGB="#bed6df" NAME="KM3154-1 Swirling Water" Spot="1" />
 <COLOR RGB="#acc9d6" NAME="KM3155-1 Oh Boy" Spot="1" />
 <COLOR RGB="#a2c0d0" NAME="KM3156-1 Dresden Falls" Spot="1" />
 <COLOR RGB="#8cadbe" NAME="KM3157-2 Thunder Bay" Spot="1" />
 <COLOR RGB="#7599ad" NAME="KM3158-2 Storm Blue Sky" Spot="1" />
 <COLOR RGB="#517085" NAME="KM3159-3 Blue Suede Shoes" Spot="1" />
 <COLOR RGB="#385167" NAME="KM3160-5 Blazer Blue" Spot="1" />
 <COLOR RGB="#dfeaea" NAME="KM3161-1 Cloud-wisped Sky" Spot="1" />
 <COLOR RGB="#cbdbde" NAME="KM3162-1 Sierra Spring" Spot="1" />
 <COLOR RGB="#bdd1d7" NAME="KM3163-1 Hatteras Haze" Spot="1" />
 <COLOR RGB="#aec3cb" NAME="KM3164-1 Exotic Port" Spot="1" />
 <COLOR RGB="#a4bac2" NAME="KM3165-2 Maracay Bay" Spot="1" />
 <COLOR RGB="#87a1aa" NAME="KM3166-2 Breezy Indigo" Spot="1" />
 <COLOR RGB="#5d7781" NAME="KM3167-3 Sailboat Blue" Spot="1" />
 <COLOR RGB="#454f55" NAME="KM3168-5 Swoosh" Spot="1" />
 <COLOR RGB="#e5f5f1" NAME="KM3169-1 Whispery Breeze" Spot="1" />
 <COLOR RGB="#cbebf0" NAME="KM3170-1 Simply Heaven" Spot="1" />
 <COLOR RGB="#a9ddea" NAME="KM3171-1 New Day Sky" Spot="1" />
 <COLOR RGB="#8dcee1" NAME="KM3172-1 Paradise Bay" Spot="1" />
 <COLOR RGB="#73c4dc" NAME="KM3173-2 Sunrise River" Spot="1" />
 <COLOR RGB="#58b4d1" NAME="KM3174-2 True Sky Blue" Spot="1" />
 <COLOR RGB="#0e98ba" NAME="KM3175-3 Old Port" Spot="1" />
 <COLOR RGB="#006785" NAME="KM3176-5 Citadel Blue" Spot="1" />
 <COLOR RGB="#edf2ee" NAME="KM3177-1 Soft Spoken" Spot="1" />
 <COLOR RGB="#d9e8e8" NAME="KM3178-1 Caribbean Sky" Spot="1" />
 <COLOR RGB="#c0d8dd" NAME="KM3179-1 Seaside Pleasure" Spot="1" />
 <COLOR RGB="#adccd4" NAME="KM3180-1 Gift of the Sea" Spot="1" />
 <COLOR RGB="#a5c5cc" NAME="KM3181-2 Tropical Sea" Spot="1" />
 <COLOR RGB="#82a7b2" NAME="KM3182-2 Wonderful World" Spot="1" />
 <COLOR RGB="#597f8a" NAME="KM3183-3 Lake Como" Spot="1" />
 <COLOR RGB="#445e66" NAME="KM3184-5 Under the Sea" Spot="1" />
 <COLOR RGB="#d3eeef" NAME="KM3185-1 Gypsy Wind" Spot="1" />
 <COLOR RGB="#c7eaee" NAME="KM3186-1 Bright Vision" Spot="1" />
 <COLOR RGB="#b2dfe8" NAME="KM3187-1 Walking on Air" Spot="1" />
 <COLOR RGB="#9dd5e3" NAME="KM3188-1 Joyful Morning" Spot="1" />
 <COLOR RGB="#8ecddc" NAME="KM3189-2 Skyway" Spot="1" />
 <COLOR RGB="#69b9cc" NAME="KM3190-2 Patch of Blue" Spot="1" />
 <COLOR RGB="#2e92a9" NAME="KM3191-3 Puerto Mio" Spot="1" />
 <COLOR RGB="#395b6c" NAME="KM3192-5 Night Edition" Spot="1" />
 <COLOR RGB="#e5f6f2" NAME="KM3193-1 Odessa" Spot="1" />
 <COLOR RGB="#c9edee" NAME="KM3194-1 Inner Peace" Spot="1" />
 <COLOR RGB="#afe3e9" NAME="KM3195-1 Fantasy Flight" Spot="1" />
 <COLOR RGB="#95d9e2" NAME="KM3196-1 Ocean Park" Spot="1" />
 <COLOR RGB="#87d2dc" NAME="KM3197-2 Arizona Turquoise" Spot="1" />
 <COLOR RGB="#55bdca" NAME="KM3198-2 Bountiful Blue" Spot="1" />
 <COLOR RGB="#009ead" NAME="KM3199-3 Navajo Turquoise" Spot="1" />
 <COLOR RGB="#0c6e84" NAME="KM3200-5 Sea of Midnight" Spot="1" />
 <COLOR RGB="#d4eeeb" NAME="KM3201-1 Crystal River" Spot="1" />
 <COLOR RGB="#c4e8e6" NAME="KM3202-1 Swim Team" Spot="1" />
 <COLOR RGB="#b3dfdf" NAME="KM3203-1 Christopher Coast" Spot="1" />
 <COLOR RGB="#9fd4d6" NAME="KM3204-1 Pleasant View" Spot="1" />
 <COLOR RGB="#92ced0" NAME="KM3205-2 Aquavit" Spot="1" />
 <COLOR RGB="#6bb5b9" NAME="KM3206-2 Brookside" Spot="1" />
 <COLOR RGB="#3f9498" NAME="KM3207-3 Aqua Marine" Spot="1" />
 <COLOR RGB="#286d71" NAME="KM3208-5 Caribbean Dream" Spot="1" />
 <COLOR RGB="#deeee9" NAME="KM3209-1 Bay Breeze" Spot="1" />
 <COLOR RGB="#d1e8e4" NAME="KM3210-1 Essence of the Sea" Spot="1" />
 <COLOR RGB="#c4e0df" NAME="KM3211-1 Aegean Accent" Spot="1" />
 <COLOR RGB="#9fc8cb" NAME="KM3212-1 Coastal View" Spot="1" />
 <COLOR RGB="#93bec0" NAME="KM3213-2 Turquoise Trick" Spot="1" />
 <COLOR RGB="#77a7ab" NAME="KM3214-2 Sally O" Spot="1" />
 <COLOR RGB="#4d7b7f" NAME="KM3215-3 Capitola" Spot="1" />
 <COLOR RGB="#3f5c5f" NAME="KM3216-5 Eryn Michelle" Spot="1" />
 <COLOR RGB="#e6f1ec" NAME="KM3217-1 Bay Cruise" Spot="1" />
 <COLOR RGB="#d0e3e0" NAME="KM3218-1 Iced Teal" Spot="1" />
 <COLOR RGB="#c0d7d6" NAME="KM3219-1 Seaside Accents" Spot="1" />
 <COLOR RGB="#aac8c8" NAME="KM3220-1 Teal Twilight" Spot="1" />
 <COLOR RGB="#95b6b5" NAME="KM3221-2 Acapulco Aqua" Spot="1" />
 <COLOR RGB="#80a3a1" NAME="KM3222-2 Venus" Spot="1" />
 <COLOR RGB="#5a7a7a" NAME="KM32233 Hustle" Spot="1" />
 <COLOR RGB="#36585e" NAME="KM32245 Woodland Springs" Spot="1" />
 <COLOR RGB="#e9f6ef" NAME="KM32251 Meadow Mist" Spot="1" />
 <COLOR RGB="#dff0ea" NAME="KM32261 Blue Green Gem" Spot="1" />
 <COLOR RGB="#c3e2de" NAME="KM32271 Natures Theme" Spot="1" />
 <COLOR RGB="#afd6d2" NAME="KM32281 Fair Farmington" Spot="1" />
 <COLOR RGB="#a7cfcc" NAME="KM32292 Kentucky Estate" Spot="1" />
 <COLOR RGB="#6ea4a0" NAME="KM32303 Peaceful Pond" Spot="1" />
 <COLOR RGB="#528986" NAME="KM32313 Tropical Teal" Spot="1" />
 <COLOR RGB="#2a6365" NAME="KM32325 Monte Royal" Spot="1" />
 <COLOR RGB="#d8f4ed" NAME="KM32331 Tender Touch" Spot="1" />
 <COLOR RGB="#c7f0eb" NAME="KM32341 Baby Aqua" Spot="1" />
 <COLOR RGB="#b4ebe6" NAME="KM32351 Aqua Infusion" Spot="1" />
 <COLOR RGB="#95e0dc" NAME="KM32361 Turquoise Treat" Spot="1" />
 <COLOR RGB="#86dbd5" NAME="KM32372 Oceanside Paradise" Spot="1" />
 <COLOR RGB="#52c5bf" NAME="KM32382 Cool Turquoise" Spot="1" />
 <COLOR RGB="#00a9a2" NAME="KM32393 Soothing Song" Spot="1" />
 <COLOR RGB="#00746f" NAME="KM32405 Turquoise Trinket" Spot="1" />
 <COLOR RGB="#dcf9f1" NAME="KM32411 Spa Springs" Spot="1" />
 <COLOR RGB="#c8f5ee" NAME="KM32421 Harington" Spot="1" />
 <COLOR RGB="#b6efe7" NAME="KM32431 Aged Aegean" Spot="1" />
 <COLOR RGB="#94e4dd" NAME="KM32441 Glorious Garden" Spot="1" />
 <COLOR RGB="#7edbd2" NAME="KM32452 May Day" Spot="1" />
 <COLOR RGB="#56cdc0" NAME="KM32462 Alexandra Valley" Spot="1" />
 <COLOR RGB="#00ad9f" NAME="KM32473 So Jaded" Spot="1" />
 <COLOR RGB="#007969" NAME="KM32485 Emerald Accent" Spot="1" />
 <COLOR RGB="#d7f1ea" NAME="KM32491 Glorianna" Spot="1" />
 <COLOR RGB="#c7eae4" NAME="KM32501 Prairie Princess" Spot="1" />
 <COLOR RGB="#b8e3db" NAME="KM32511 Mild Mallard" Spot="1" />
 <COLOR RGB="#abdbd4" NAME="KM32521 Kylemore" Spot="1" />
 <COLOR RGB="#97cfc6" NAME="KM32532 Meadow Green" Spot="1" />
 <COLOR RGB="#79bab0" NAME="KM32542 Picnic Haven" Spot="1" />
 <COLOR RGB="#4d948a" NAME="KM32553 Time to Grow" Spot="1" />
 <COLOR RGB="#2a6f65" NAME="KM32565 Enchanted Evergreen" Spot="1" />
 <COLOR RGB="#daf0e7" NAME="KM32571 Mystic Glow" Spot="1" />
 <COLOR RGB="#cae8de" NAME="KM32581 Summers Secret" Spot="1" />
 <COLOR RGB="#b8ded3" NAME="KM32591 Irish Lass" Spot="1" />
 <COLOR RGB="#a8d5ca" NAME="KM32601 Kodiak Valley" Spot="1" />
 <COLOR RGB="#9acbbd" NAME="KM32612 Green Grace" Spot="1" />
 <COLOR RGB="#7ab3a3" NAME="KM32622 Aged Jade" Spot="1" />
 <COLOR RGB="#528b7c" NAME="KM32633 Emerald Valley" Spot="1" />
 <COLOR RGB="#326056" NAME="KM32645 Country Meadow" Spot="1" />
 <COLOR RGB="#ebf8ec" NAME="KM32651 Garden Sprite" Spot="1" />
 <COLOR RGB="#d0f3e4" NAME="KM32661 Teal Twist" Spot="1" />
 <COLOR RGB="#b9eddd" NAME="KM32671 Jardin Jewel" Spot="1" />
 <COLOR RGB="#9be1cd" NAME="KM32681 Patined Copper" Spot="1" />
 <COLOR RGB="#91dbc6" NAME="KM32692 My Garden Party" Spot="1" />
 <COLOR RGB="#76cdb3" NAME="KM32702 Jolt of Jade" Spot="1" />
 <COLOR RGB="#3ea88b" NAME="KM32713 Emerald Acres" Spot="1" />
 <COLOR RGB="#297b63" NAME="KM32725 Shamrock Green" Spot="1" />
 <COLOR RGB="#e4f2e7" NAME="KM32731 Song of Summer" Spot="1" />
 <COLOR RGB="#d7ece0" NAME="KM32741 Spring Folly" Spot="1" />
 <COLOR RGB="#bedecf" NAME="KM32751 Mermaid Magic" Spot="1" />
 <COLOR RGB="#acd2c2" NAME="KM32761 Fantasy Isle" Spot="1" />
 <COLOR RGB="#9ac5b2" NAME="KM32772 Laurel Village" Spot="1" />
 <COLOR RGB="#83b29d" NAME="KM32782 Gardening Girl" Spot="1" />
 <COLOR RGB="#5b8b77" NAME="KM32793 Jasmine Jazz" Spot="1" />
 <COLOR RGB="#416359" NAME="KM32805 Woodland Fern" Spot="1" />
 <COLOR RGB="#e9f6eb" NAME="KM32811 Spring Splendor" Spot="1" />
 <COLOR RGB="#daf4e5" NAME="KM32821 Garden Soft Green" Spot="1" />
 <COLOR RGB="#b7ebd5" NAME="KM32831 Glen Haven" Spot="1" />
 <COLOR RGB="#a0e3c9" NAME="KM32841 Summer Sonata" Spot="1" />
 <COLOR RGB="#97dfc2" NAME="KM32852 Esmerelda" Spot="1" />
 <COLOR RGB="#6ccca5" NAME="KM32862 Day in the Garden" Spot="1" />
 <COLOR RGB="#39ae81" NAME="KM32873 Peaceful Thyme" Spot="1" />
 <COLOR RGB="#048e5e" NAME="KM32885 Center Field" Spot="1" />
 <COLOR RGB="#e3f1e4" NAME="KM32891 Dream of Green" Spot="1" />
 <COLOR RGB="#d6e9da" NAME="KM32901 Island Spirit" Spot="1" />
 <COLOR RGB="#c8e3d2" NAME="KM32911 Spring Meadow" Spot="1" />
 <COLOR RGB="#b3d5c1" NAME="KM32921 Garden Greenery" Spot="1" />
 <COLOR RGB="#a3c8b1" NAME="KM32932 Pioneer Park" Spot="1" />
 <COLOR RGB="#82af95" NAME="KM32942 Tarragon Tease" Spot="1" />
 <COLOR RGB="#67937a" NAME="KM32953 Garden Leaf" Spot="1" />
 <COLOR RGB="#427052" NAME="KM32965 The Back Nine" Spot="1" />
 <COLOR RGB="#e6f4e4" NAME="KM32971 Gelatto" Spot="1" />
 <COLOR RGB="#d5efda" NAME="KM32981 Subtle Splendor" Spot="1" />
 <COLOR RGB="#c2e8cd" NAME="KM32991 Phillips Field" Spot="1" />
 <COLOR RGB="#afdfbd" NAME="KM33001 Green Pastures" Spot="1" />
 <COLOR RGB="#a2d8b2" NAME="KM33012 Sage Brush Place" Spot="1" />
 <COLOR RGB="#82c395" NAME="KM33022 Garden Variety" Spot="1" />
 <COLOR RGB="#5ca474" NAME="KM33033 Summer Sumac" Spot="1" />
 <COLOR RGB="#438453" NAME="KM33045 Greenery" Spot="1" />
 <COLOR RGB="#e4f0e1" NAME="KM33051 Soft Mint" Spot="1" />
 <COLOR RGB="#dbead9" NAME="KM33061 Welcome Spring" Spot="1" />
 <COLOR RGB="#c3d9c6" NAME="KM33071 Whisper of Pine" Spot="1" />
 <COLOR RGB="#b9d3bd" NAME="KM33081 Pinetree Trail" Spot="1" />
 <COLOR RGB="#afcab0" NAME="KM33092 Aged Sage" Spot="1" />
 <COLOR RGB="#92b396" NAME="KM33102 Lakeside Pine" Spot="1" />
 <COLOR RGB="#6e9073" NAME="KM33113 Woodland Sage" Spot="1" />
 <COLOR RGB="#557055" NAME="KM33125 Alicia OHara" Spot="1" />
 <COLOR RGB="#f1f9e5" NAME="KM33131 Prelude to Summer" Spot="1" />
 <COLOR RGB="#e9f7de" NAME="KM33141 Flowing Green" Spot="1" />
 <COLOR RGB="#d6f0cb" NAME="KM33151 Spring Leaves" Spot="1" />
 <COLOR RGB="#c9eab9" NAME="KM33161 Althorp Park" Spot="1" />
 <COLOR RGB="#bee5ad" NAME="KM33172 Wild Weeds" Spot="1" />
 <COLOR RGB="#a0d790" NAME="KM33182 Amazon Trail" Spot="1" />
 <COLOR RGB="#7bc06d" NAME="KM33193 Elmvale" Spot="1" />
 <COLOR RGB="#4c9f48" NAME="KM33205 Jolly Holly" Spot="1" />
 <COLOR RGB="#f2f6e2" NAME="KM33211 Misty Meadow" Spot="1" />
 <COLOR RGB="#eff5dc" NAME="KM33221 Spring Sonnet" Spot="1" />
 <COLOR RGB="#e5f1cf" NAME="KM33231 Grassy Path" Spot="1" />
 <COLOR RGB="#cce4ae" NAME="KM33241 Green Light" Spot="1" />
 <COLOR RGB="#c9e5a4" NAME="KM33252 Sage Sensation" Spot="1" />
 <COLOR RGB="#b1d789" NAME="KM33262 Frog Prince" Spot="1" />
 <COLOR RGB="#8ec264" NAME="KM33273 Hidden Hills" Spot="1" />
 <COLOR RGB="#6daa35" NAME="KM33285 Wilderness Retreat" Spot="1" />
 <COLOR RGB="#f1f7e3" NAME="KM33291 Green Republic" Spot="1" />
 <COLOR RGB="#e8f3d9" NAME="KM33301 Budding Leaf" Spot="1" />
 <COLOR RGB="#d8e9c5" NAME="KM33311 Echo of Spring" Spot="1" />
 <COLOR RGB="#cce2b7" NAME="KM33321 Lincoln Park" Spot="1" />
 <COLOR RGB="#c4dcac" NAME="KM33332 Garden Stroll" Spot="1" />
 <COLOR RGB="#abcb8f" NAME="KM33342 Grand Valley" Spot="1" />
 <COLOR RGB="#88ad6b" NAME="KM33353 Green Jeans" Spot="1" />
 <COLOR RGB="#638b4b" NAME="KM33365 Lily Pad Place" Spot="1" />
 <COLOR RGB="#e9efde" NAME="KM33371 Green Peace" Spot="1" />
 <COLOR RGB="#e2ebd6" NAME="KM33381 Natures Palette" Spot="1" />
 <COLOR RGB="#dbe5cc" NAME="KM33391 Springfield" Spot="1" />
 <COLOR RGB="#cfdcbf" NAME="KM33401 East of Eden" Spot="1" />
 <COLOR RGB="#c6d4b4" NAME="KM33412 Quiet Kiwi" Spot="1" />
 <COLOR RGB="#abbf97" NAME="KM33422 Little Green Frog" Spot="1" />
 <COLOR RGB="#829a6e" NAME="KM33433 Jungle Birds" Spot="1" />
 <COLOR RGB="#607850" NAME="KM33445 Dark Drama" Spot="1" />
 <COLOR RGB="#e5ead6" NAME="KM33451 Gardeners Delight" Spot="1" />
 <COLOR RGB="#dbe1c9" NAME="KM33461 Villa Grove" Spot="1" />
 <COLOR RGB="#ccd5bb" NAME="KM33471 Light Loden" Spot="1" />
 <COLOR RGB="#bcc6a5" NAME="KM33482 Chopped Celery" Spot="1" />
 <COLOR RGB="#acb692" NAME="KM33492 Majestic Mountain" Spot="1" />
 <COLOR RGB="#92a07a" NAME="KM33503 Cedar Lake" Spot="1" />
 <COLOR RGB="#86946e" NAME="KM33513 Forest Ranger" Spot="1" />
 <COLOR RGB="#667252" NAME="KM33525 Woodland Park" Spot="1" />
 <COLOR RGB="#f3f5de" NAME="KM33531 Spring Promise" Spot="1" />
 <COLOR RGB="#f1f3d6" NAME="KM33541 Kiwi Kiss" Spot="1" />
 <COLOR RGB="#e8efc9" NAME="KM33551 Glory of Spring" Spot="1" />
 <COLOR RGB="#dce8b6" NAME="KM33561 Point Pleasant Heights" Spot="1" />
 <COLOR RGB="#d4e2a5" NAME="KM33572 Snappy Green" Spot="1" />
 <COLOR RGB="#c1d487" NAME="KM33582 Lick of Lime" Spot="1" />
 <COLOR RGB="#a1bd64" NAME="KM33593 Sour Apple" Spot="1" />
 <COLOR RGB="#7da13f" NAME="KM33605 Latest Look" Spot="1" />
 <COLOR RGB="#f1f3de" NAME="KM33611 New Green" Spot="1" />
 <COLOR RGB="#ebedd3" NAME="KM33621 Glimpse of Spring" Spot="1" />
 <COLOR RGB="#dde1bc" NAME="KM33631 Pick of the Meadow" Spot="1" />
 <COLOR RGB="#d3d8af" NAME="KM33641 Green of Spring" Spot="1" />
 <COLOR RGB="#cdd2a4" NAME="KM33652 English Countryside" Spot="1" />
 <COLOR RGB="#b6bd87" NAME="KM33662 Spring Ahead" Spot="1" />
 <COLOR RGB="#919d66" NAME="KM33673 Jeans Greens" Spot="1" />
 <COLOR RGB="#808951" NAME="KM33685 Limerick Trick" Spot="1" />
 <COLOR RGB="#f1f4db" NAME="KM33691 Soft Fern" Spot="1" />
 <COLOR RGB="#e9eecd" NAME="KM33701 Perennial Path" Spot="1" />
 <COLOR RGB="#e1e9c0" NAME="KM33711 Green Acres" Spot="1" />
 <COLOR RGB="#d6e0b1" NAME="KM33721 Squirt" Spot="1" />
 <COLOR RGB="#d1daa2" NAME="KM33732 Spring Has Sprung" Spot="1" />
 <COLOR RGB="#b9c987" NAME="KM33742 Limeade" Spot="1" />
 <COLOR RGB="#9aad64" NAME="KM33753 Green Apple Peels" Spot="1" />
 <COLOR RGB="#7e9348" NAME="KM33765 Luscious Lime" Spot="1" />
 <COLOR RGB="#f7f6d9" NAME="KM33771 Soft Spring" Spot="1" />
 <COLOR RGB="#f3f3d0" NAME="KM33781 Joy of Nature" Spot="1" />
 <COLOR RGB="#f1f2c4" NAME="KM33791 Spring Glen" Spot="1" />
 <COLOR RGB="#e6ecb1" NAME="KM33801 Chelsea Garden" Spot="1" />
 <COLOR RGB="#e0e89c" NAME="KM33812 Peeled Pistacchio" Spot="1" />
 <COLOR RGB="#d4e288" NAME="KM33822 Fresh Lettuce" Spot="1" />
 <COLOR RGB="#b8cf59" NAME="KM33833 Burst of Lime" Spot="1" />
 <COLOR RGB="#a0b02a" NAME="KM33845 Sporting Green" Spot="1" />
 <COLOR RGB="#f2f2d4" NAME="KM33851 Burst of Spring" Spot="1" />
 <COLOR RGB="#efeeca" NAME="KM33861 Soft Shamrock" Spot="1" />
 <COLOR RGB="#eaeabc" NAME="KM33871 Spring Bounty" Spot="1" />
 <COLOR RGB="#e3e4af" NAME="KM33881 Sparkling Spring" Spot="1" />
 <COLOR RGB="#dedd9c" NAME="KM33892 Spring Garden Walk" Spot="1" />
 <COLOR RGB="#d0d286" NAME="KM33902 Alligator Alley" Spot="1" />
 <COLOR RGB="#b2b75b" NAME="KM33913 Jive Clive" Spot="1" />
 <COLOR RGB="#97a141" NAME="KM33925 Parisan Park" Spot="1" />
 <COLOR RGB="#f8f4d6" NAME="KM33931 Green Whisp" Spot="1" />
 <COLOR RGB="#f1efc8" NAME="KM33941 Chipper Tint" Spot="1" />
 <COLOR RGB="#ecedbf" NAME="KM33951 Green Mile" Spot="1" />
 <COLOR RGB="#e9ebb4" NAME="KM33961 Fresh Sprout" Spot="1" />
 <COLOR RGB="#e8e58f" NAME="KM33972 Neon Lights" Spot="1" />
 <COLOR RGB="#d9dc76" NAME="KM33983 Sub-lime" Spot="1" />
 <COLOR RGB="#d9d656" NAME="KM33993 Wow" Spot="1" />
 <COLOR RGB="#c2ca3b" NAME="KM3400-Y Sour Lime" Spot="1" />
 <COLOR RGB="#e8e7d3" NAME="KM34011 A New Leaf" Spot="1" />
 <COLOR RGB="#e0dfc6" NAME="KM34021 Spring Frolic" Spot="1" />
 <COLOR RGB="#cccdaf" NAME="KM34031 Golden Chartreuse" Spot="1" />
 <COLOR RGB="#c6c5a2" NAME="KM34042 Golden Shores" Spot="1" />
 <COLOR RGB="#b5b590" NAME="KM34052 Portsmouth Olive" Spot="1" />
 <COLOR RGB="#9ea078" NAME="KM34063 Aged Avocado" Spot="1" />
 <COLOR RGB="#8c8f6a" NAME="KM34073 Point Verde" Spot="1" />
 <COLOR RGB="#707252" NAME="KM34085 Tuscany Hillside" Spot="1" />
 <COLOR RGB="#e8e5cf" NAME="KM34091 Arbor Field" Spot="1" />
 <COLOR RGB="#e1dec2" NAME="KM34101 Villa Nova" Spot="1" />
 <COLOR RGB="#d2cfae" NAME="KM34111 Hillsmere" Spot="1" />
 <COLOR RGB="#c7c49d" NAME="KM34122 Jungle Cane" Spot="1" />
 <COLOR RGB="#b5b187" NAME="KM34132 Mossy Lag" Spot="1" />
 <COLOR RGB="#9e9a70" NAME="KM34143 Retro Avocado" Spot="1" />
 <COLOR RGB="#8e8c64" NAME="KM34153 Aged Olive" Spot="1" />
 <COLOR RGB="#7c7852" NAME="KM34165 Cedar Edge" Spot="1" />
 <COLOR RGB="#efeccf" NAME="KM34171 White Marsh" Spot="1" />
 <COLOR RGB="#eae5c2" NAME="KM34181 Sunny Knoll" Spot="1" />
 <COLOR RGB="#e0daae" NAME="KM34191 Spring Farm" Spot="1" />
 <COLOR RGB="#d8d19a" NAME="KM34202 Frontenac Hills" Spot="1" />
 <COLOR RGB="#c9c283" NAME="KM34212 Young Green" Spot="1" />
 <COLOR RGB="#b5af6d" NAME="KM34223 Sweet Celery" Spot="1" />
 <COLOR RGB="#a5a060" NAME="KM34233 Halls of Ivy" Spot="1" />
 <COLOR RGB="#8f8b4e" NAME="KM34245 Spring Fancy" Spot="1" />
 <COLOR RGB="#f6f0cf" NAME="KM34251 Spirit Island" Spot="1" />
 <COLOR RGB="#f2ebc2" NAME="KM34261 Provincial Garden" Spot="1" />
 <COLOR RGB="#ece3b2" NAME="KM34271 Sprig of Sage" Spot="1" />
 <COLOR RGB="#e7dea5" NAME="KM34282 Meadow Marsh" Spot="1" />
 <COLOR RGB="#e0d491" NAME="KM34292 Garden Promenade" Spot="1" />
 <COLOR RGB="#d7cd85" NAME="KM34302 Italian Olive" Spot="1" />
 <COLOR RGB="#c1b664" NAME="KM34313 Cactus Cafe" Spot="1" />
 <COLOR RGB="#9e9845" NAME="KM34325 National Forest" Spot="1" />
 <COLOR RGB="#f9f5e0" NAME="KM34331 Summer Fun" Spot="1" />
 <COLOR RGB="#fcf5d6" NAME="KM34341 Golden Season" Spot="1" />
 <COLOR RGB="#fdf3c6" NAME="KM34351 Soya" Spot="1" />
 <COLOR RGB="#fdefb5" NAME="KM34361 Sun Fun" Spot="1" />
 <COLOR RGB="#f0e191" NAME="KM34372 Golden Treasure" Spot="1" />
 <COLOR RGB="#f0dd85" NAME="KM34382 L.A. Heat" Spot="1" />
 <COLOR RGB="#e9d265" NAME="KM34393 Sun Bright" Spot="1" />
 <COLOR RGB="#c6b21f" NAME="KM34405 Miss Marigold" Spot="1" />
 <COLOR RGB="#efead6" NAME="KM34411 Angel Kiss" Spot="1" />
 <COLOR RGB="#f6f0d6" NAME="KM34421 Kindred Spirit" Spot="1" />
 <COLOR RGB="#f3ebca" NAME="KM34431 Harmony Hills" Spot="1" />
 <COLOR RGB="#eadfb4" NAME="KM34441 Meadowland" Spot="1" />
 <COLOR RGB="#e1d4a2" NAME="KM34452 Divine Vine" Spot="1" />
 <COLOR RGB="#dac98d" NAME="KM34462 Avalon" Spot="1" />
 <COLOR RGB="#bca965" NAME="KM34473 Garden Element" Spot="1" />
 <COLOR RGB="#9e8c48" NAME="KM34485 Ornamental Grass" Spot="1" />
 <COLOR RGB="#f3ecd9" NAME="KM34491 Windswept Sails" Spot="1" />
 <COLOR RGB="#e5ddc3" NAME="KM34501 Pale Papyrus" Spot="1" />
 <COLOR RGB="#ddd3b5" NAME="KM34511 Banana Cream" Spot="1" />
 <COLOR RGB="#d7cca8" NAME="KM34522 Gold Mountain" Spot="1" />
 <COLOR RGB="#cebe94" NAME="KM34532 Bamboo Shoot" Spot="1" />
 <COLOR RGB="#b8a87a" NAME="KM34543 Sheffield" Spot="1" />
 <COLOR RGB="#a8986a" NAME="KM34553 Olive Oil" Spot="1" />
 <COLOR RGB="#7d7148" NAME="KM34565 Veradale" Spot="1" />
 <COLOR RGB="#f9f4de" NAME="KM34571 Thickened Cream" Spot="1" />
 <COLOR RGB="#faf2d4" NAME="KM34581 Natural Linin" Spot="1" />
 <COLOR RGB="#f8eec8" NAME="KM34591 Happy Honey" Spot="1" />
 <COLOR RGB="#f1e4b2" NAME="KM34601 Honey Heaven" Spot="1" />
 <COLOR RGB="#ecdda1" NAME="KM34612 Goldiluxe" Spot="1" />
 <COLOR RGB="#e3d28b" NAME="KM34622 Australian Outlook" Spot="1" />
 <COLOR RGB="#cdb862" NAME="KM34633 September Sun" Spot="1" />
 <COLOR RGB="#b19c3f" NAME="KM34645 The Open Range" Spot="1" />
 <COLOR RGB="#fcf5d9" NAME="KM34651 Summer Style" Spot="1" />
 <COLOR RGB="#fbf3cf" NAME="KM34661 Sunny Companion" Spot="1" />
 <COLOR RGB="#fdf1c2" NAME="KM34671 Sunshiny" Spot="1" />
 <COLOR RGB="#ffefb2" NAME="KM34681 Rise and Shine" Spot="1" />
 <COLOR RGB="#ffeb99" NAME="KM34692 Lemon Burst" Spot="1" />
 <COLOR RGB="#ffe887" NAME="KM34702 Summer Yellow" Spot="1" />
 <COLOR RGB="#fdda5b" NAME="KM34713 Rajah Gold" Spot="1" />
 <COLOR RGB="#ffce2f" NAME="KM34725 Under the Sun" Spot="1" />
 <COLOR RGB="#fcf6dd" NAME="KM34731 Soft Honey" Spot="1" />
 <COLOR RGB="#fcf4d4" NAME="KM34741 Shining Bright" Spot="1" />
 <COLOR RGB="#fdf0bf" NAME="KM34751 Sunny Sanibel" Spot="1" />
 <COLOR RGB="#ffedae" NAME="KM34761 Lemon Rose" Spot="1" />
 <COLOR RGB="#ffe798" NAME="KM34772 Saffron Smile" Spot="1" />
 <COLOR RGB="#ffe281" NAME="KM34782 Country Sun" Spot="1" />
 <COLOR RGB="#ffd050" NAME="KM34793 Sunflower Petal" Spot="1" />
 <COLOR RGB="#ffc222" NAME="KM34805 Golden Ray" Spot="1" />
 <COLOR RGB="#fcf4d9" NAME="KM34811 Coconut Cream Pie" Spot="1" />
 <COLOR RGB="#fcf1cd" NAME="KM34821 Yuma Sand" Spot="1" />
 <COLOR RGB="#fdf0c4" NAME="KM34831 Sunny Disposition" Spot="1" />
 <COLOR RGB="#f0ddaa" NAME="KM34841 Sea Oats" Spot="1" />
 <COLOR RGB="#eed89d" NAME="KM34852 Honey Mustard" Spot="1" />
 <COLOR RGB="#d9bc6d" NAME="KM34863 The Outback" Spot="1" />
 <COLOR RGB="#ceae5b" NAME="KM34873 Slip into Sunset" Spot="1" />
 <COLOR RGB="#ba9a44" NAME="KM34885 Golden Rattan" Spot="1" />
 <COLOR RGB="#f7edd2" NAME="KM34891 Pale Ivory" Spot="1" />
 <COLOR RGB="#f2e2c0" NAME="KM34901 French Sonnet" Spot="1" />
 <COLOR RGB="#e9d8b1" NAME="KM34911 Sun Glory" Spot="1" />
 <COLOR RGB="#e8d2a4" NAME="KM34922 Pale Pollen" Spot="1" />
 <COLOR RGB="#d7bc86" NAME="KM34932 Star Fire" Spot="1" />
 <COLOR RGB="#c4a76d" NAME="KM34943 Sunshine Yellow" Spot="1" />
 <COLOR RGB="#ba9c61" NAME="KM34953 Botanica Gold" Spot="1" />
 <COLOR RGB="#a0834c" NAME="KM34965 Gold Strike" Spot="1" />
 <COLOR RGB="#fcf4d4" NAME="KM34971 Lynne Acres" Spot="1" />
 <COLOR RGB="#fcf1c6" NAME="KM34981 Chiffon" Spot="1" />
 <COLOR RGB="#ffeeba" NAME="KM34991 Autumn Valley" Spot="1" />
 <COLOR RGB="#ffeaaf" NAME="KM35001 Cream Custard" Spot="1" />
 <COLOR RGB="#ffe69d" NAME="KM35012 Sunlit Sand" Spot="1" />
 <COLOR RGB="#fcda82" NAME="KM35022 Tons of Sun" Spot="1" />
 <COLOR RGB="#f6cb5e" NAME="KM35033 Sunland Park" Spot="1" />
 <COLOR RGB="#ebb240" NAME="KM3504-Y Devonshire" Spot="1" />
 <COLOR RGB="#fcf4dc" NAME="KM35051 Evening Moon" Spot="1" />
 <COLOR RGB="#fdf2d1" NAME="KM35061 Vanilla Almond" Spot="1" />
 <COLOR RGB="#feefc5" NAME="KM35071 Fun in the Sun" Spot="1" />
 <COLOR RGB="#fee8b1" NAME="KM35081 Senegal Sun" Spot="1" />
 <COLOR RGB="#fde4a4" NAME="KM35092 Southern Exposure" Spot="1" />
 <COLOR RGB="#fcd781" NAME="KM35102 Mayan Maize" Spot="1" />
 <COLOR RGB="#f4c55b" NAME="KM35113 Somerton" Spot="1" />
 <COLOR RGB="#e8af44" NAME="KM3512-Y Dried Mustard" Spot="1" />
 <COLOR RGB="#fbf5df" NAME="KM35131 Firefly Flicker" Spot="1" />
 <COLOR RGB="#fef2cf" NAME="KM35141 Liquid Light" Spot="1" />
 <COLOR RGB="#ffedba" NAME="KM35151 Sundrenched" Spot="1" />
 <COLOR RGB="#ffe8a8" NAME="KM35161 Golden Aura" Spot="1" />
 <COLOR RGB="#ffe69d" NAME="KM35172 Solid Gold" Spot="1" />
 <COLOR RGB="#ffd978" NAME="KM35182 Ski Valley" Spot="1" />
 <COLOR RGB="#fec54a" NAME="KM35193 Golden Girl" Spot="1" />
 <COLOR RGB="#ffb716" NAME="KM35205 Inca Gold" Spot="1" />
 <COLOR RGB="#fcf1d2" NAME="KM35211 Lunar Luxury" Spot="1" />
 <COLOR RGB="#fae9c2" NAME="KM35221 Sprinkled with Summer" Spot="1" />
 <COLOR RGB="#ffe8b7" NAME="KM35231 Polenta" Spot="1" />
 <COLOR RGB="#ffe1a3" NAME="KM35241 Sommerset" Spot="1" />
 <COLOR RGB="#ffdc96" NAME="KM35252 Hawaiian Honey" Spot="1" />
 <COLOR RGB="#fdca6e" NAME="KM35262 Burnished Sun" Spot="1" />
 <COLOR RGB="#f6b84e" NAME="KM35273 Niners Gold" Spot="1" />
 <COLOR RGB="#e6a132" NAME="KM35285 Golden Autumn" Spot="1" />
 <COLOR RGB="#faf5e3" NAME="KM35291 Washed Canvas" Spot="1" />
 <COLOR RGB="#fdf2d6" NAME="KM35301 Shredded Wheat" Spot="1" />
 <COLOR RGB="#fbe7be" NAME="KM35311 Home and Hearth" Spot="1" />
 <COLOR RGB="#f9ddab" NAME="KM35321 Natural Raffia" Spot="1" />
 <COLOR RGB="#f7da9e" NAME="KM35332 Creased Khaki" Spot="1" />
 <COLOR RGB="#f0ca83" NAME="KM35342 Sari Suit" Spot="1" />
 <COLOR RGB="#e3b360" NAME="KM35353 Serengeti Song" Spot="1" />
 <COLOR RGB="#cf9a42" NAME="KM35365 Field Gear" Spot="1" />
 <COLOR RGB="#fbf4e4" NAME="KM35371 Iced Chai" Spot="1" />
 <COLOR RGB="#fcf0d8" NAME="KM35381 Tortilla Chip" Spot="1" />
 <COLOR RGB="#fce6c2" NAME="KM35391 Clean Canvas" Spot="1" />
 <COLOR RGB="#f6d8aa" NAME="KM35401 Sea of Sand" Spot="1" />
 <COLOR RGB="#f0ca91" NAME="KM35412 Hacienda Clay" Spot="1" />
 <COLOR RGB="#e8bd7d" NAME="KM35422 West Warwick" Spot="1" />
 <COLOR RGB="#d7a55f" NAME="KM35433 Great Gaucho" Spot="1" />
 <COLOR RGB="#c28e49" NAME="KM35445 Chapultepec" Spot="1" />
 <COLOR RGB="#fcf3da" NAME="KM35451 Buttered Up" Spot="1" />
 <COLOR RGB="#ffedc6" NAME="KM35461 Cornmeal" Spot="1" />
 <COLOR RGB="#ffe8b5" NAME="KM35471 Tangerine Twist" Spot="1" />
 <COLOR RGB="#ffe4a4" NAME="KM35481 Bee Balm" Spot="1" />
 <COLOR RGB="#ffe198" NAME="KM35492 Tiggers Tail" Spot="1" />
 <COLOR RGB="#ffd578" NAME="KM35502 Bright Fires" Spot="1" />
 <COLOR RGB="#ffc046" NAME="KM35513 Feisty" Spot="1" />
 <COLOR RGB="#fda600" NAME="KM35525 Bright Lily" Spot="1" />
 <COLOR RGB="#fdedd0" NAME="KM35531 Apricot Mousse" Spot="1" />
 <COLOR RGB="#fee8bf" NAME="KM35541 Tinkerbell Trail" Spot="1" />
 <COLOR RGB="#ffe5b6" NAME="KM35551 Sparkle Tint" Spot="1" />
 <COLOR RGB="#ffdea3" NAME="KM35561 Fairy Glitter" Spot="1" />
 <COLOR RGB="#ffda96" NAME="KM35572 Dreamsicle" Spot="1" />
 <COLOR RGB="#ffc062" NAME="KM35583 Orange Spark" Spot="1" />
 <COLOR RGB="#ffb24d" NAME="KM35593 Firefly Glow" Spot="1" />
 <COLOR RGB="#f3a025" NAME="KM35605 Florida Orange" Spot="1" />
 <COLOR RGB="#fdf0d6" NAME="KM35611 Vanilla View" Spot="1" />
 <COLOR RGB="#ffedcf" NAME="KM35621 Apricotta" Spot="1" />
 <COLOR RGB="#ffe7be" NAME="KM35631 Zahria" Spot="1" />
 <COLOR RGB="#ffdda4" NAME="KM35641 Elberta Peaches" Spot="1" />
 <COLOR RGB="#ffd48d" NAME="KM35652 Summer Sherbert" Spot="1" />
 <COLOR RGB="#ffc874" NAME="KM35662 Autumns Charm" Spot="1" />
 <COLOR RGB="#ffae50" NAME="KM35673 Pumpkin Harvest" Spot="1" />
 <COLOR RGB="#fe972b" NAME="KM35685 Monarch Wing" Spot="1" />
 <COLOR RGB="#fcf3e2" NAME="KM35691 Soft Shoulders" Spot="1" />
 <COLOR RGB="#feecd6" NAME="KM35701 Rave Rachel" Spot="1" />
 <COLOR RGB="#ffe1c2" NAME="KM35711 Such a Peach" Spot="1" />
 <COLOR RGB="#fdd6b1" NAME="KM35721 Coral Beach" Spot="1" />
 <COLOR RGB="#fbcb9a" NAME="KM35732 Las Vegas Sunset" Spot="1" />
 <COLOR RGB="#f3bd86" NAME="KM35742 Seville Orange" Spot="1" />
 <COLOR RGB="#e29e61" NAME="KM35753 Autumn Beauty" Spot="1" />
 <COLOR RGB="#c47f45" NAME="KM35765 Mandarin Grove" Spot="1" />
 <COLOR RGB="#ffedd3" NAME="KM35771 Christi Cream" Spot="1" />
 <COLOR RGB="#ffe6c6" NAME="KM35781 Quiche Lorraine" Spot="1" />
 <COLOR RGB="#ffdeb7" NAME="KM35791 Proud Mary" Spot="1" />
 <COLOR RGB="#ffd7a9" NAME="KM35801 Ariana" Spot="1" />
 <COLOR RGB="#ffd097" NAME="KM35812 Mirasol Paula" Spot="1" />
 <COLOR RGB="#ffbc79" NAME="KM35822 Sweet Michelle" Spot="1" />
 <COLOR RGB="#ffa157" NAME="KM35833 Tangelo Anna" Spot="1" />
 <COLOR RGB="#f68432" NAME="KM35845 Moro Orange" Spot="1" />
 <COLOR RGB="#feecd7" NAME="KM35851 Moon Maiden" Spot="1" />
 <COLOR RGB="#ffe8cd" NAME="KM35861 Cumberland Cream" Spot="1" />
 <COLOR RGB="#ffdfbf" NAME="KM35871 Moonlight Beach" Spot="1" />
 <COLOR RGB="#ffd4ae" NAME="KM35881 Amber Moon" Spot="1" />
 <COLOR RGB="#fccc9f" NAME="KM35892 Baltic Amber" Spot="1" />
 <COLOR RGB="#f6b782" NAME="KM35902 Sirena Sun" Spot="1" />
 <COLOR RGB="#e89d63" NAME="KM35913 Amber Autumn" Spot="1" />
 <COLOR RGB="#d38349" NAME="KM35925 Bergamot Orange" Spot="1" />
 <COLOR RGB="#fbeedf" NAME="KM35931 Villa Nor" Spot="1" />
 <COLOR RGB="#ffe2cc" NAME="KM35941 Simply Sunset" Spot="1" />
 <COLOR RGB="#ffdabe" NAME="KM35951 Peach Rose" Spot="1" />
 <COLOR RGB="#ffd1af" NAME="KM35961 Melon Sorbet" Spot="1" />
 <COLOR RGB="#ffcaa4" NAME="KM35972 Sweet Potato" Spot="1" />
 <COLOR RGB="#ffb686" NAME="KM35982 Coral Canyon" Spot="1" />
 <COLOR RGB="#fd945e" NAME="KM35993 Autumn Splendor" Spot="1" />
 <COLOR RGB="#e97845" NAME="KM36005 Bright Bittersweet" Spot="1" />
 <COLOR RGB="#fcf1e4" NAME="KM36011 Thistle Down" Spot="1" />
 <COLOR RGB="#ffe8d7" NAME="KM36021 Pale Dawn" Spot="1" />
 <COLOR RGB="#ffdac3" NAME="KM36031 Bashful Beige" Spot="1" />
 <COLOR RGB="#ffcdb2" NAME="KM36041 Dunhill" Spot="1" />
 <COLOR RGB="#fec19e" NAME="KM36052 Fawn Farrah" Spot="1" />
 <COLOR RGB="#f9af87" NAME="KM36062 Maroccan Spice" Spot="1" />
 <COLOR RGB="#e99267" NAME="KM36073 Cimarron Trail" Spot="1" />
 <COLOR RGB="#cc6f45" NAME="KM36085 Deep Spice" Spot="1" />
 <COLOR RGB="#fce6d6" NAME="KM36091 Milk Shake" Spot="1" />
 <COLOR RGB="#fbdcc9" NAME="KM36101 Toes in the Sand" Spot="1" />
 <COLOR RGB="#f8d1bb" NAME="KM36111 Peach Beach" Spot="1" />
 <COLOR RGB="#f5c7b0" NAME="KM36121 Orange Essence" Spot="1" />
 <COLOR RGB="#f1c0a4" NAME="KM36132 Sun-warmed Tile" Spot="1" />
 <COLOR RGB="#e4a587" NAME="KM36142 Beach Treasure" Spot="1" />
 <COLOR RGB="#cf805f" NAME="KM36153 Tuscan Terracotta" Spot="1" />
 <COLOR RGB="#aa654e" NAME="KM36165 Sunbaked Earth" Spot="1" />
 <COLOR RGB="#fbecdf" NAME="KM36171 African Ivory" Spot="1" />
 <COLOR RGB="#f7ddca" NAME="KM36181 Coral Cloud" Spot="1" />
 <COLOR RGB="#f3ceb7" NAME="KM36191 Australian Apricot" Spot="1" />
 <COLOR RGB="#ebbfa6" NAME="KM36201 Salmon River" Spot="1" />
 <COLOR RGB="#e2ad8d" NAME="KM36212 Coral Coast" Spot="1" />
 <COLOR RGB="#db9c7c" NAME="KM36222 Chimenea" Spot="1" />
 <COLOR RGB="#bd795b" NAME="KM36233 Timeworn Terracotta" Spot="1" />
 <COLOR RGB="#a8654a" NAME="KM36245 Copper Moon" Spot="1" />
 <COLOR RGB="#feede0" NAME="KM36251 Peach Complexion" Spot="1" />
 <COLOR RGB="#ffe4d4" NAME="KM36261 Peach Cashmere" Spot="1" />
 <COLOR RGB="#ffd8c6" NAME="KM36271 Luminaria" Spot="1" />
 <COLOR RGB="#ffceba" NAME="KM36281 Tomato Bisque" Spot="1" />
 <COLOR RGB="#ffc3a9" NAME="KM36292 Orange Nectar" Spot="1" />
 <COLOR RGB="#ffac8d" NAME="KM36302 Orange You Glad" Spot="1" />
 <COLOR RGB="#f88c68" NAME="KM36313 Mathews Fire" Spot="1" />
 <COLOR RGB="#ea6a46" NAME="KM36325 Hot Shot" Spot="1" />
 <COLOR RGB="#ffe7df" NAME="KM36331 First Love" Spot="1" />
 <COLOR RGB="#ffe0d7" NAME="KM36341 Path of Petals" Spot="1" />
 <COLOR RGB="#ffd5cc" NAME="KM36351 Mussel Shell" Spot="1" />
 <COLOR RGB="#ffc7bc" NAME="KM36361 Young Girl" Spot="1" />
 <COLOR RGB="#fdbfb0" NAME="KM36372 Shade of Shell" Spot="1" />
 <COLOR RGB="#f5a897" NAME="KM36382 Rosy Coral" Spot="1" />
 <COLOR RGB="#e1846f" NAME="KM36393 Coral Cove" Spot="1" />
 <COLOR RGB="#bc5c50" NAME="KM36405 Persimmon" Spot="1" />
 <COLOR RGB="#ffe9e2" NAME="KM36411 Flirty" Spot="1" />
 <COLOR RGB="#ffdfd9" NAME="KM36421 Sherry Cream" Spot="1" />
 <COLOR RGB="#ffd2ce" NAME="KM36431 Rose Hips" Spot="1" />
 <COLOR RGB="#ffc6c1" NAME="KM36441 Deco Shell" Spot="1" />
 <COLOR RGB="#ffbcb5" NAME="KM36452 Perfect Touch" Spot="1" />
 <COLOR RGB="#fea79f" NAME="KM36462 Adonis Glow" Spot="1" />
 <COLOR RGB="#f68477" NAME="KM36473 Australian Coral" Spot="1" />
 <COLOR RGB="#e25e50" NAME="KM36485 Campfire Blaze" Spot="1" />
 <COLOR RGB="#fde7e5" NAME="KM36491 Devon Dawn" Spot="1" />
 <COLOR RGB="#ffdada" NAME="KM36501 Morningside" Spot="1" />
 <COLOR RGB="#ffd1d2" NAME="KM36511 Bloomsbury" Spot="1" />
 <COLOR RGB="#ffc6c8" NAME="KM36521 Rose Point" Spot="1" />
 <COLOR RGB="#febcbc" NAME="KM36532 Her Majesty" Spot="1" />
 <COLOR RGB="#f7a3a3" NAME="KM36542 Blossom Park" Spot="1" />
 <COLOR RGB="#e17f7e" NAME="KM36553 Fancy Nancy" Spot="1" />
 <COLOR RGB="#cc625a" NAME="KM36565 Grand Duke" Spot="1" />
 <COLOR RGB="#ffebe5" NAME="KM36571 Willow Creek" Spot="1" />
 <COLOR RGB="#ffdddc" NAME="KM36581 My Sweetheart" Spot="1" />
 <COLOR RGB="#ffd3d3" NAME="KM36591 Pink Perfection" Spot="1" />
 <COLOR RGB="#ffc5c8" NAME="KM36601 Spring Rose" Spot="1" />
 <COLOR RGB="#ffb2b3" NAME="KM36612 Patient Pink" Spot="1" />
 <COLOR RGB="#fca0a2" NAME="KM36622 Peaceful Princess" Spot="1" />
 <COLOR RGB="#f47d7d" NAME="KM36633 Gabriels Gift" Spot="1" />
 <COLOR RGB="#d7564f" NAME="KM36645 Salsa del Sol" Spot="1" />
 <COLOR RGB="#ffe7e5" NAME="KM36651 Pale Perfection" Spot="1" />
 <COLOR RGB="#fcd4d5" NAME="KM36661 Pouf of Pink" Spot="1" />
 <COLOR RGB="#f9c0c8" NAME="KM36671 Dulce Crystal" Spot="1" />
 <COLOR RGB="#f4b6bb" NAME="KM36681 Desert Bloom" Spot="1" />
 <COLOR RGB="#f0adb0" NAME="KM36692 Pink Carnation" Spot="1" />
 <COLOR RGB="#e08d92" NAME="KM36702 Sweet Amelia" Spot="1" />
 <COLOR RGB="#c76d6f" NAME="KM36713 May Fair" Spot="1" />
 <COLOR RGB="#b05550" NAME="KM36725 Scarlet Sumac" Spot="1" />
 <COLOR RGB="#ffe2e5" NAME="KM36731 Dubble Bubble" Spot="1" />
 <COLOR RGB="#ffd7df" NAME="KM36741 Sweet Memories" Spot="1" />
 <COLOR RGB="#ffcad6" NAME="KM36751 Calique" Spot="1" />
 <COLOR RGB="#ffbecc" NAME="KM36761 Ballet Slippers" Spot="1" />
 <COLOR RGB="#fdb2c1" NAME="KM36772 Chelsea Rose" Spot="1" />
 <COLOR RGB="#f599ab" NAME="KM36782 Wild Heather" Spot="1" />
 <COLOR RGB="#e57586" NAME="KM36793 Lady Love" Spot="1" />
 <COLOR RGB="#aa4358" NAME="KM36805 Red Baron" Spot="1" />
 <COLOR RGB="#feefec" NAME="KM36811 Winged Angel" Spot="1" />
 <COLOR RGB="#ffe0e5" NAME="KM36821 Beths Smile" Spot="1" />
 <COLOR RGB="#fdcbd9" NAME="KM36831 Fuzzy Slippers" Spot="1" />
 <COLOR RGB="#ffc0d4" NAME="KM36841 Chenille Spread" Spot="1" />
 <COLOR RGB="#ffb8cc" NAME="KM36852 Climbing Rose" Spot="1" />
 <COLOR RGB="#fc99b5" NAME="KM36862 Pink Posey" Spot="1" />
 <COLOR RGB="#f57d99" NAME="KM36873 P.J.s" Spot="1" />
 <COLOR RGB="#c14350" NAME="KM36885 Painters Red" Spot="1" />
 <COLOR RGB="#f9e8e4" NAME="KM36891 Pale Petals" Spot="1" />
 <COLOR RGB="#eed5d5" NAME="KM36901 Cranny Berries" Spot="1" />
 <COLOR RGB="#dfbdc0" NAME="KM36911 Minute Mauve" Spot="1" />
 <COLOR RGB="#deb8b9" NAME="KM36922 Spring Cheer" Spot="1" />
 <COLOR RGB="#cc9fa1" NAME="KM36932 Vintage Rose" Spot="1" />
 <COLOR RGB="#ae7a7d" NAME="KM36943 Mauve Medley" Spot="1" />
 <COLOR RGB="#a46e6f" NAME="KM36953 Rose Queen" Spot="1" />
 <COLOR RGB="#814d57" NAME="KM36965 Prado Red" Spot="1" />
 <COLOR RGB="#feeceb" NAME="KM36971 Blush of Spring" Spot="1" />
 <COLOR RGB="#fadbdf" NAME="KM36981 Primrose Cottage" Spot="1" />
 <COLOR RGB="#efc3cc" NAME="KM36991 Briar Rose" Spot="1" />
 <COLOR RGB="#e9b3be" NAME="KM37002 Sweet Heart" Spot="1" />
 <COLOR RGB="#d596a3" NAME="KM37012 Wild Scottish Rose" Spot="1" />
 <COLOR RGB="#c8838f" NAME="KM37023 Melita" Spot="1" />
 <COLOR RGB="#b26e7a" NAME="KM37033 Wild Berry" Spot="1" />
 <COLOR RGB="#814859" NAME="KM37045 Fine Wine" Spot="1" />
 <COLOR RGB="#f9e1e3" NAME="KM37051 Sweet Illusions" Spot="1" />
 <COLOR RGB="#f6d7dc" NAME="KM37061 Go Girl" Spot="1" />
 <COLOR RGB="#f1c6ce" NAME="KM37071 Blossom Beauty" Spot="1" />
 <COLOR RGB="#ecbac4" NAME="KM37081 Party Pink" Spot="1" />
 <COLOR RGB="#e6aeb6" NAME="KM37092 Susans Smile" Spot="1" />
 <COLOR RGB="#dd9aa4" NAME="KM37102 Rosey Bouquet" Spot="1" />
 <COLOR RGB="#bb6b75" NAME="KM37113 Lipstick Pink" Spot="1" />
 <COLOR RGB="#8d465c" NAME="KM37125 Jays New Toy" Spot="1" />
 <COLOR RGB="#feebee" NAME="KM37131 Pale Blush" Spot="1" />
 <COLOR RGB="#fddde8" NAME="KM37141 First Dawn" Spot="1" />
 <COLOR RGB="#fdd1e4" NAME="KM37151 Rose Rhapsody" Spot="1" />
 <COLOR RGB="#fac1dc" NAME="KM37161 Josies Joy" Spot="1" />
 <COLOR RGB="#f8bad6" NAME="KM37172 Budding Rose" Spot="1" />
 <COLOR RGB="#ef9ac1" NAME="KM37182 Karens Kiss" Spot="1" />
 <COLOR RGB="#dd719e" NAME="KM37193 Rich Desires" Spot="1" />
 <COLOR RGB="#914258" NAME="KM37205 Francesca" Spot="1" />
 <COLOR RGB="#fbeaea" NAME="KM37211 Pink Ice" Spot="1" />
 <COLOR RGB="#fddce5" NAME="KM37221 Sweet Roses" Spot="1" />
 <COLOR RGB="#ffd2e2" NAME="KM37231 Baby Blush" Spot="1" />
 <COLOR RGB="#f4bed5" NAME="KM37241 Rose Camilla" Spot="1" />
 <COLOR RGB="#e9b5cd" NAME="KM37252 Baby Yourself" Spot="1" />
 <COLOR RGB="#e09cbb" NAME="KM37262 Euphoric Rose" Spot="1" />
 <COLOR RGB="#ba7196" NAME="KM37273 Raisa" Spot="1" />
 <COLOR RGB="#854460" NAME="KM37285 Its the Berries" Spot="1" />
 <COLOR RGB="#f7e8ea" NAME="KM37291 Prettiest Pale" Spot="1" />
 <COLOR RGB="#f5dee7" NAME="KM37301 Sheridan" Spot="1" />
 <COLOR RGB="#f1d2e0" NAME="KM37311 Smidgen of Cloud" Spot="1" />
 <COLOR RGB="#e6c3d6" NAME="KM37321 Roses in the Snow" Spot="1" />
 <COLOR RGB="#e0b6cb" NAME="KM37332 Heirloom Rose" Spot="1" />
 <COLOR RGB="#c58eac" NAME="KM37343 Cosmopolitan" Spot="1" />
 <COLOR RGB="#b37898" NAME="KM37353 The Marquis" Spot="1" />
 <COLOR RGB="#874c71" NAME="KM37365 Fine Burgundy" Spot="1" />
 <COLOR RGB="#f6e4ed" NAME="KM37371 Rosy View" Spot="1" />
 <COLOR RGB="#f0d9e8" NAME="KM37381 Spring Petals" Spot="1" />
 <COLOR RGB="#ebcde5" NAME="KM37391 Cabbage Rose" Spot="1" />
 <COLOR RGB="#e4c3de" NAME="KM37401 Rosarian" Spot="1" />
 <COLOR RGB="#dcb1d2" NAME="KM37412 French Rose" Spot="1" />
 <COLOR RGB="#d2a1c8" NAME="KM37422 Autumn Sedum" Spot="1" />
 <COLOR RGB="#b378aa" NAME="KM37433 Earth Fired Red" Spot="1" />
 <COLOR RGB="#754665" NAME="KM37445 Country Cranberry" Spot="1" />
 <COLOR RGB="#f5ebea" NAME="KM37451 Daybreak Mood" Spot="1" />
 <COLOR RGB="#ead9e1" NAME="KM37461 Sweet and Sassy" Spot="1" />
 <COLOR RGB="#d0bccb" NAME="KM37471 Pink Peace" Spot="1" />
 <COLOR RGB="#cdb6c5" NAME="KM37482 Light Rosa" Spot="1" />
 <COLOR RGB="#b097aa" NAME="KM37492 Lady Like" Spot="1" />
 <COLOR RGB="#997e93" NAME="KM37503 Beguiling Blossom" Spot="1" />
 <COLOR RGB="#82657a" NAME="KM37513 Orchard Plum" Spot="1" />
 <COLOR RGB="#644c64" NAME="KM37525 So Merlot" Spot="1" />
 <COLOR RGB="#eee6e5" NAME="KM37531 Magical Mourn" Spot="1" />
 <COLOR RGB="#e3dcde" NAME="KM37541 Placid Pink" Spot="1" />
 <COLOR RGB="#cdc5cc" NAME="KM37552 Pretty Princess" Spot="1" />
 <COLOR RGB="#c8bec3" NAME="KM37562 Michelle" Spot="1" />
 <COLOR RGB="#ac9fa6" NAME="KM37573 Lida Rose" Spot="1" />
 <COLOR RGB="#978991" NAME="KM37583 Rosabella" Spot="1" />
 <COLOR RGB="#857780" NAME="KM37593 Lady Carlyle" Spot="1" />
 <COLOR RGB="#60515e" NAME="KM37605 Eggplant" Spot="1" />
 <COLOR RGB="#eee8e5" NAME="KM37611 Grape Expectations" Spot="1" />
 <COLOR RGB="#dcd4d4" NAME="KM37621 Plum Proud" Spot="1" />
 <COLOR RGB="#c9c1c3" NAME="KM37631 Adina" Spot="1" />
 <COLOR RGB="#c8c0c0" NAME="KM37642 Romantic Light" Spot="1" />
 <COLOR RGB="#baafb1" NAME="KM37652 Heather Ridge" Spot="1" />
 <COLOR RGB="#988d8f" NAME="KM37663 Lavender Rose" Spot="1" />
 <COLOR RGB="#807578" NAME="KM37673 Plum Island" Spot="1" />
 <COLOR RGB="#4e464c" NAME="KM37685 Dark Berry" Spot="1" />
 <COLOR RGB="#ece9e5" NAME="KM37691 Calcium" Spot="1" />
 <COLOR RGB="#d9d6d5" NAME="KM37701 Sweet Musette" Spot="1" />
 <COLOR RGB="#bab7b8" NAME="KM37711 Pashmina" Spot="1" />
 <COLOR RGB="#b1adaf" NAME="KM37722 Heather Harmony" Spot="1" />
 <COLOR RGB="#979395" NAME="KM37732 Girgitta" Spot="1" />
 <COLOR RGB="#767275" NAME="KM37743 Last Light" Spot="1" />
 <COLOR RGB="#666365" NAME="KM37753 Zuli" Spot="1" />
 <COLOR RGB="#4e4848" NAME="KM37765 Balsamic" Spot="1" />
 <COLOR RGB="#dddede" NAME="KM37771 Billowing Clouds" Spot="1" />
 <COLOR RGB="#d2d3d5" NAME="KM37781 Tule Fog" Spot="1" />
 <COLOR RGB="#b8bbc2" NAME="KM37791 Parlor Games" Spot="1" />
 <COLOR RGB="#afb1b5" NAME="KM37802 Sterling Water" Spot="1" />
 <COLOR RGB="#8d9097" NAME="KM37812 November Rain" Spot="1" />
 <COLOR RGB="#767980" NAME="KM37823 Gray Whale Cove" Spot="1" />
 <COLOR RGB="#64676e" NAME="KM37833 Five OClock Shadow" Spot="1" />
 <COLOR RGB="#494a4e" NAME="KM37845 In the Dark" Spot="1" />
 <COLOR RGB="#f0f1eb" NAME="KM37851 Drizzle" Spot="1" />
 <COLOR RGB="#dddfdf" NAME="KM37861 Heirloom Silver" Spot="1" />
 <COLOR RGB="#c8cccf" NAME="KM37871 Where There is Smoke" Spot="1" />
 <COLOR RGB="#adb2b8" NAME="KM37881 Dolphin Dance" Spot="1" />
 <COLOR RGB="#a1a6ab" NAME="KM37892 Maddys Mood" Spot="1" />
 <COLOR RGB="#71777e" NAME="KM37903 Made in the Shade" Spot="1" />
 <COLOR RGB="#5f646b" NAME="KM37913 Smokey Hearth" Spot="1" />
 <COLOR RGB="#3e3e3f" NAME="KM37925 Kitty Kitty" Spot="1" />
 <COLOR RGB="#d8e0e0" NAME="KM37931 Dim Sum" Spot="1" />
 <COLOR RGB="#c5cfd2" NAME="KM37941 Moonah" Spot="1" />
 <COLOR RGB="#acb9c0" NAME="KM37951 Bali Blue" Spot="1" />
 <COLOR RGB="#9ba8af" NAME="KM37962 Wall Street Blues" Spot="1" />
 <COLOR RGB="#819097" NAME="KM37972 Mirador" Spot="1" />
 <COLOR RGB="#6d7980" NAME="KM37983 Romantic Mood" Spot="1" />
 <COLOR RGB="#5d6870" NAME="KM37993 Blue Lake" Spot="1" />
 <COLOR RGB="#4e5154" NAME="KM38005 The Edge" Spot="1" />
 <COLOR RGB="#e1e9e8" NAME="KM38011 Snippet of Blue" Spot="1" />
 <COLOR RGB="#d0dbdf" NAME="KM38021 Clear to See" Spot="1" />
 <COLOR RGB="#bbc9d0" NAME="KM38031 Skys the Limit" Spot="1" />
 <COLOR RGB="#aabac4" NAME="KM38041 Grand Bay" Spot="1" />
 <COLOR RGB="#9eafb8" NAME="KM38052 Cubicle Blues" Spot="1" />
 <COLOR RGB="#7d909b" NAME="KM38062 Federalist" Spot="1" />
 <COLOR RGB="#596873" NAME="KM38073 The Blues" Spot="1" />
 <COLOR RGB="#444c53" NAME="KM38085 Baffin Island Night" Spot="1" />
 <COLOR RGB="#e7e8e4" NAME="KM38091 Gray Rock" Spot="1" />
 <COLOR RGB="#cfd1d0" NAME="KM38101 Grey Mare" Spot="1" />
 <COLOR RGB="#babebe" NAME="KM38111 Raider Nation" Spot="1" />
 <COLOR RGB="#acafaf" NAME="KM38122 Cold Steel" Spot="1" />
 <COLOR RGB="#909495" NAME="KM38132 Castle Rock" Spot="1" />
 <COLOR RGB="#6b7172" NAME="KM38143 French Quarter" Spot="1" />
 <COLOR RGB="#616567" NAME="KM38153 Charcoal Shadow" Spot="1" />
 <COLOR RGB="#484a4a" NAME="KM38165 Contessas Cape" Spot="1" />
 <COLOR RGB="#e1dfda" NAME="KM38171 Snowflake Confetti" Spot="1" />
 <COLOR RGB="#d6d4d1" NAME="KM38181 Ice Age" Spot="1" />
 <COLOR RGB="#c9c7c3" NAME="KM38191 Silver Queen" Spot="1" />
 <COLOR RGB="#b8b7b5" NAME="KM38201 Platinum Plate" Spot="1" />
 <COLOR RGB="#aaa8a4" NAME="KM38212 Diamond Heights" Spot="1" />
 <COLOR RGB="#7a7875" NAME="KM38223 Cast in Stone" Spot="1" />
 <COLOR RGB="#696766" NAME="KM38233 Dark Shadows" Spot="1" />
 <COLOR RGB="#4e4b49" NAME="KM38245 Carbon Copy" Spot="1" />
 <COLOR RGB="#d3d4d1" NAME="KM38251 Whispering Smoke" Spot="1" />
 <COLOR RGB="#c7c8c6" NAME="KM38261 Patchy Fog" Spot="1" />
 <COLOR RGB="#b7b8b7" NAME="KM38271 Nickel Back" Spot="1" />
 <COLOR RGB="#afb0ac" NAME="KM38282 Survivor" Spot="1" />
 <COLOR RGB="#90908e" NAME="KM38292 Grey Matters" Spot="1" />
 <COLOR RGB="#767775" NAME="KM38303 Iron Mountain" Spot="1" />
 <COLOR RGB="#696a69" NAME="KM38313 Knapped Flint" Spot="1" />
 <COLOR RGB="#51504e" NAME="KM38325 Opening Night" Spot="1" />
 <COLOR RGB="#daddd9" NAME="KM38331 First Frost" Spot="1" />
 <COLOR RGB="#bcc3c1" NAME="KM38341 Grey Mist" Spot="1" />
 <COLOR RGB="#b4bab9" NAME="KM38351 Dot Com" Spot="1" />
 <COLOR RGB="#aab0ae" NAME="KM38362 Raw Steel" Spot="1" />
 <COLOR RGB="#8e9693" NAME="KM38372 Gothic Grey" Spot="1" />
 <COLOR RGB="#727a79" NAME="KM38383 Roman Stone" Spot="1" />
 <COLOR RGB="#646c6b" NAME="KM38393 Shoreline" Spot="1" />
 <COLOR RGB="#4f5250" NAME="KM38405 Shreveport" Spot="1" />
 <COLOR RGB="#dbdcd6" NAME="KM38411 Winter Garden" Spot="1" />
 <COLOR RGB="#c6c8c3" NAME="KM38421 Burbank Aura" Spot="1" />
 <COLOR RGB="#bbbcb7" NAME="KM38431 Hi Ho Silver" Spot="1" />
 <COLOR RGB="#adaea6" NAME="KM38442 Beachcomber" Spot="1" />
 <COLOR RGB="#94968e" NAME="KM38452 Slippery Shale" Spot="1" />
 <COLOR RGB="#777b74" NAME="KM38463 Burnished Pewter" Spot="1" />
 <COLOR RGB="#6c6e69" NAME="KM38473 Castlemare" Spot="1" />
 <COLOR RGB="#555651" NAME="KM38485 Dark Moon" Spot="1" />
 <COLOR RGB="#d6deda" NAME="KM38491 Whispering Waterfall" Spot="1" />
 <COLOR RGB="#c8d0cd" NAME="KM38501 Dancing Bubbles" Spot="1" />
 <COLOR RGB="#bec7c5" NAME="KM38511 Quiet Cove" Spot="1" />
 <COLOR RGB="#aeb8b6" NAME="KM38522 Constance" Spot="1" />
 <COLOR RGB="#919c99" NAME="KM38532 Pools of Blue" Spot="1" />
 <COLOR RGB="#778382" NAME="KM38543 Gidgets Secret" Spot="1" />
 <COLOR RGB="#687373" NAME="KM38553 Canton Jade" Spot="1" />
 <COLOR RGB="#4a4f4e" NAME="KM38565 Moonless Sky" Spot="1" />
 <COLOR RGB="#e7ece6" NAME="KM38571 Water Spirit" Spot="1" />
 <COLOR RGB="#dee6e0" NAME="KM38581 Ocean Cliffs" Spot="1" />
 <COLOR RGB="#c7d4d0" NAME="KM38591 Misty Harbor" Spot="1" />
 <COLOR RGB="#b9c8c4" NAME="KM38601 Sea Dreams" Spot="1" />
 <COLOR RGB="#b0c0bb" NAME="KM38612 Mystic Lake" Spot="1" />
 <COLOR RGB="#92a39e" NAME="KM38622 Forest Falls" Spot="1" />
 <COLOR RGB="#597370" NAME="KM38633 Jillene Green" Spot="1" />
 <COLOR RGB="#405454" NAME="KM38645 Cape Royal" Spot="1" />
 <COLOR RGB="#e9ede4" NAME="KM38651 Fennel" Spot="1" />
 <COLOR RGB="#d5dad2" NAME="KM38661 Colcannon" Spot="1" />
 <COLOR RGB="#bec6be" NAME="KM38671 Glass House" Spot="1" />
 <COLOR RGB="#aeb8ad" NAME="KM38682 Artful Green" Spot="1" />
 <COLOR RGB="#96a196" NAME="KM38692 Paytons Car" Spot="1" />
 <COLOR RGB="#7b877c" NAME="KM38703 Long View Garden" Spot="1" />
 <COLOR RGB="#6b766c" NAME="KM38713 Mountain Pine" Spot="1" />
 <COLOR RGB="#525850" NAME="KM38725 Spinach Dipped" Spot="1" />
 <COLOR RGB="#ebefe2" NAME="KM38731 Spinney Mountain" Spot="1" />
 <COLOR RGB="#d8e1cf" NAME="KM38741 Tudor Grove" Spot="1" />
 <COLOR RGB="#bfccb8" NAME="KM38751 Cellulose" Spot="1" />
 <COLOR RGB="#b6c2ac" NAME="KM38762 When Twilight Falls" Spot="1" />
 <COLOR RGB="#a3b099" NAME="KM38772 Green Silence" Spot="1" />
 <COLOR RGB="#83937b" NAME="KM38783 Maine Mist" Spot="1" />
 <COLOR RGB="#768871" NAME="KM38793 Spruce Spring" Spot="1" />
 <COLOR RGB="#5b6755" NAME="KM38805 Glade Creek" Spot="1" />
 <COLOR RGB="#e0e2d7" NAME="KM38811 Ridgefield" Spot="1" />
 <COLOR RGB="#d1d6ca" NAME="KM38821 Wild Grass" Spot="1" />
 <COLOR RGB="#bfc4b7" NAME="KM38831 Manzanita Leaf" Spot="1" />
 <COLOR RGB="#b0b6a7" NAME="KM38842 Hidden Ravine" Spot="1" />
 <COLOR RGB="#959b8c" NAME="KM38852 Fern" Spot="1" />
 <COLOR RGB="#808778" NAME="KM38863 Colfax Pine" Spot="1" />
 <COLOR RGB="#6f7669" NAME="KM38873 Glen Ivy" Spot="1" />
 <COLOR RGB="#585d52" NAME="KM38885 Irish Moss" Spot="1" />
 <COLOR RGB="#e3e5db" NAME="KM38891 Sage Tinged" Spot="1" />
 <COLOR RGB="#cdd1c5" NAME="KM38901 Vintage Find" Spot="1" />
 <COLOR RGB="#c0c4b3" NAME="KM38911 Portage" Spot="1" />
 <COLOR RGB="#b7bba9" NAME="KM38922 Song of Nature" Spot="1" />
 <COLOR RGB="#a6a997" NAME="KM38932 Pineview" Spot="1" />
 <COLOR RGB="#9da08d" NAME="KM38942 Grasslands" Spot="1" />
 <COLOR RGB="#777b6b" NAME="KM38953 Springs Eve" Spot="1" />
 <COLOR RGB="#606455" NAME="KM38965 Clearfield" Spot="1" />
 <COLOR RGB="#eceee2" NAME="KM38971 Glacier Valley" Spot="1" />
 <COLOR RGB="#dbdecf" NAME="KM38981 Mystical Mist" Spot="1" />
 <COLOR RGB="#c6cbb7" NAME="KM38991 Water Magic" Spot="1" />
 <COLOR RGB="#bdc1ac" NAME="KM39002 Dream Weaver" Spot="1" />
 <COLOR RGB="#adb29a" NAME="KM39012 Woodland Waterfall" Spot="1" />
 <COLOR RGB="#90977f" NAME="KM39023 Port Alice" Spot="1" />
 <COLOR RGB="#7e846e" NAME="KM39033 Green Dusk" Spot="1" />
 <COLOR RGB="#626755" NAME="KM39045 Ladies Night" Spot="1" />
 <COLOR RGB="#e0e6d5" NAME="KM39051 Hyde Park" Spot="1" />
 <COLOR RGB="#d1d8c4" NAME="KM39061 Fraser lake" Spot="1" />
 <COLOR RGB="#c5cfb8" NAME="KM39071 Foresta" Spot="1" />
 <COLOR RGB="#bbc4a9" NAME="KM39082 Lambs Ear" Spot="1" />
 <COLOR RGB="#9eaa8d" NAME="KM39092 Silver Mound" Spot="1" />
 <COLOR RGB="#8b9678" NAME="KM39103 Buchart Gardens" Spot="1" />
 <COLOR RGB="#7a8569" NAME="KM39113 Old Growth Forest" Spot="1" />
 <COLOR RGB="#656e55" NAME="KM39125 Evergreen Trail" Spot="1" />
 <COLOR RGB="#eceae0" NAME="KM39131 Glacier Ridge" Spot="1" />
 <COLOR RGB="#d8d7cc" NAME="KM39141 Wishing Star" Spot="1" />
 <COLOR RGB="#c0c0b3" NAME="KM39151 Dillard" Spot="1" />
 <COLOR RGB="#b9b8a9" NAME="KM39162 Marble Quarry" Spot="1" />
 <COLOR RGB="#a8a797" NAME="KM39172 Rock Wall" Spot="1" />
 <COLOR RGB="#9c9c8d" NAME="KM39182 French Clay" Spot="1" />
 <COLOR RGB="#757669" NAME="KM39193 Hampstead" Spot="1" />
 <COLOR RGB="#616055" NAME="KM39205 Fortune Leaves" Spot="1" />
 <COLOR RGB="#ece8e0" NAME="KM39211 Columbia" Spot="1" />
 <COLOR RGB="#d9d4cb" NAME="KM39221 Portland Whitbed" Spot="1" />
 <COLOR RGB="#c1bdb4" NAME="KM39231 Seattle" Spot="1" />
 <COLOR RGB="#b9b4aa" NAME="KM39242 Ashford" Spot="1" />
 <COLOR RGB="#9b978b" NAME="KM39252 Martini Shaker" Spot="1" />
 <COLOR RGB="#807b71" NAME="KM39263 Topiary" Spot="1" />
 <COLOR RGB="#7a766c" NAME="KM39273 Rock of Ages" Spot="1" />
 <COLOR RGB="#59544d" NAME="KM39285 Hazels Coat" Spot="1" />
 <COLOR RGB="#f3f0e6" NAME="KM39291 Couscous" Spot="1" />
 <COLOR RGB="#dfd8cf" NAME="KM39301 Silver Plume" Spot="1" />
 <COLOR RGB="#d5cec3" NAME="KM39311 Weathered White" Spot="1" />
 <COLOR RGB="#bfb4a8" NAME="KM39322 Zanzibar" Spot="1" />
 <COLOR RGB="#a49c92" NAME="KM39332 Granite Cliff" Spot="1" />
 <COLOR RGB="#898179" NAME="KM39343 Hidcote Manor" Spot="1" />
 <COLOR RGB="#7a726a" NAME="KM39353 Castle Dale" Spot="1" />
 <COLOR RGB="#635c51" NAME="KM39365 Pilot Rock" Spot="1" />
 <COLOR RGB="#e8e1d7" NAME="KM39371 Unbleached Wood" Spot="1" />
 <COLOR RGB="#dfd7cb" NAME="KM39381 Travertine Trail" Spot="1" />
 <COLOR RGB="#cbc2b3" NAME="KM39391 Tumbled Stone" Spot="1" />
 <COLOR RGB="#c5bbad" NAME="KM39401 Jute" Spot="1" />
 <COLOR RGB="#bcb1a1" NAME="KM39412 Cork Bark" Spot="1" />
 <COLOR RGB="#a69988" NAME="KM39422 Tropical Tan" Spot="1" />
 <COLOR RGB="#837667" NAME="KM39433 Creme de Caramel" Spot="1" />
 <COLOR RGB="#6a5e51" NAME="KM39445 Mocha Mousse" Spot="1" />
 <COLOR RGB="#e2dcd2" NAME="KM39451 Wild Oaks" Spot="1" />
 <COLOR RGB="#d7d0c4" NAME="KM39461 Desert Palm" Spot="1" />
 <COLOR RGB="#c9c2b6" NAME="KM39471 Thatch Reed" Spot="1" />
 <COLOR RGB="#c3baaa" NAME="KM39482 Meadow Brook" Spot="1" />
 <COLOR RGB="#a49d8d" NAME="KM39492 Cedar Shingle" Spot="1" />
 <COLOR RGB="#8b8374" NAME="KM39503 Rockvale" Spot="1" />
 <COLOR RGB="#7a7366" NAME="KM3951-3 Carlton Clay" Spot="1" />
 <COLOR RGB="#676055" NAME="KM39525 Stone Wall" Spot="1" />
 <COLOR RGB="#ede8e1" NAME="KM39531 Rice Straw" Spot="1" />
 <COLOR RGB="#dfd7cf" NAME="KM39541 Sierra Snow" Spot="1" />
 <COLOR RGB="#d3cbc3" NAME="KM39551 Sand Dune" Spot="1" />
 <COLOR RGB="#c5beb6" NAME="KM39561 Apollodorous" Spot="1" />
 <COLOR RGB="#b5aa9f" NAME="KM39572 Glen Abbey" Spot="1" />
 <COLOR RGB="#8d847a" NAME="KM39583 Greyswood" Spot="1" />
 <COLOR RGB="#7b746c" NAME="KM39593 Fair Fieldstone" Spot="1" />
 <COLOR RGB="#5b554c" NAME="KM39605 Clubhouse" Spot="1" />
 <COLOR RGB="#f8f5e9" NAME="KM39611 Pale Face" Spot="1" />
 <COLOR RGB="#ede9db" NAME="KM39621 Creamy Natural" Spot="1" />
 <COLOR RGB="#d7d3c3" NAME="KM39631 Sand Castle" Spot="1" />
 <COLOR RGB="#cac6b2" NAME="KM39641 Beach Bum" Spot="1" />
 <COLOR RGB="#b1ac94" NAME="KM39652 Head for the Beach" Spot="1" />
 <COLOR RGB="#9a947d" NAME="KM39663 Sandalwood Tan" Spot="1" />
 <COLOR RGB="#89846d" NAME="KM39673 Manchester Mood" Spot="1" />
 <COLOR RGB="#766f56" NAME="KM39685 Woven Willow" Spot="1" />
 <COLOR RGB="#f4efe3" NAME="KM39691 Campiello" Spot="1" />
 <COLOR RGB="#eae3d5" NAME="KM39701 Meadow Day" Spot="1" />
 <COLOR RGB="#dfd7c9" NAME="KM39711 Bleached Burl" Spot="1" />
 <COLOR RGB="#d1c6b3" NAME="KM39722 Earth Stone" Spot="1" />
 <COLOR RGB="#bcae97" NAME="KM39732 Westover Hills" Spot="1" />
 <COLOR RGB="#9f917b" NAME="KM39743 Highland Grass" Spot="1" />
 <COLOR RGB="#93846e" NAME="KM39753 African Plain" Spot="1" />
 <COLOR RGB="#6b5f4e" NAME="KM39765 Olive Grove" Spot="1" />
 <COLOR RGB="#f8efdb" NAME="KM39771 Dover Tint" Spot="1" />
 <COLOR RGB="#f1e6d0" NAME="KM39781 Barely Dawn" Spot="1" />
 <COLOR RGB="#dfcfae" NAME="KM39791 Dustry Trail" Spot="1" />
 <COLOR RGB="#dcc9a3" NAME="KM39802 Western Wear" Spot="1" />
 <COLOR RGB="#c8b48b" NAME="KM39812 Happy Camper" Spot="1" />
 <COLOR RGB="#b49e71" NAME="KM39823 Barefoot Beach" Spot="1" />
 <COLOR RGB="#aa956a" NAME="KM39833 Sandhurst" Spot="1" />
 <COLOR RGB="#8e7851" NAME="KM39845 Brown Mountain" Spot="1" />
 <COLOR RGB="#f5ecda" NAME="KM39851 Cottage White" Spot="1" />
 <COLOR RGB="#ece3cf" NAME="KM39861 Cotton Lace" Spot="1" />
 <COLOR RGB="#dfd1b7" NAME="KM39871 Tropical Straw" Spot="1" />
 <COLOR RGB="#deccab" NAME="KM39882 Pale Portabella" Spot="1" />
 <COLOR RGB="#c5b18e" NAME="KM39892 Serengeti Safari" Spot="1" />
 <COLOR RGB="#b8a17a" NAME="KM39903 Soft Moccasin" Spot="1" />
 <COLOR RGB="#a9916b" NAME="KM39913 Woodriff" Spot="1" />
 <COLOR RGB="#846f4f" NAME="KM39925 Cozy Cabin" Spot="1" />
 <COLOR RGB="#f8edd3" NAME="KM39931 Cloud of Cream" Spot="1" />
 <COLOR RGB="#f3e2c6" NAME="KM39941 Aged Parchment" Spot="1" />
 <COLOR RGB="#e9d2ae" NAME="KM39951 Skin Light" Spot="1" />
 <COLOR RGB="#e9cba1" NAME="KM39962 Ferncliffe" Spot="1" />
 <COLOR RGB="#d4b286" NAME="KM39972 Balsam Brown" Spot="1" />
 <COLOR RGB="#c39f6f" NAME="KM39983 Sheer Exposure" Spot="1" />
 <COLOR RGB="#b69164" NAME="KM39993 Flax Seed" Spot="1" />
 <COLOR RGB="#95734c" NAME="KM40005 Golden Mist" Spot="1" />
 <COLOR RGB="#f1e4d1" NAME="KM40011 Glazed Ginger" Spot="1" />
 <COLOR RGB="#eadac4" NAME="KM40021 Limestone Ridge" Spot="1" />
 <COLOR RGB="#e1ceb5" NAME="KM40031 Simply Tan" Spot="1" />
 <COLOR RGB="#dcc8ab" NAME="KM40042 Star of the Garden" Spot="1" />
 <COLOR RGB="#c6ad8b" NAME="KM40052 Victorian Gold" Spot="1" />
 <COLOR RGB="#b79c7a" NAME="KM40063 Gold Promise" Spot="1" />
 <COLOR RGB="#a58a69" NAME="KM40073 Mexican Hills" Spot="1" />
 <COLOR RGB="#8f7252" NAME="KM40085 Royal Crown" Spot="1" />
 <COLOR RGB="#f3e3d1" NAME="KM40091 San Pedro" Spot="1" />
 <COLOR RGB="#e9d7c1" NAME="KM40101 Stilwell Beige" Spot="1" />
 <COLOR RGB="#dfc9b1" NAME="KM40111 Timothy Tan" Spot="1" />
 <COLOR RGB="#dcc0a4" NAME="KM40122 Washed Khaki" Spot="1" />
 <COLOR RGB="#c9ac8e" NAME="KM40132 Bernard Beach" Spot="1" />
 <COLOR RGB="#b39575" NAME="KM40143 Tumble Tan" Spot="1" />
 <COLOR RGB="#a38364" NAME="KM40153 Caramel Mountain" Spot="1" />
 <COLOR RGB="#8e6f53" NAME="KM40165 Carmel Candy" Spot="1" />
 <COLOR RGB="#ede0d2" NAME="KM40171 Whisper of White" Spot="1" />
 <COLOR RGB="#e5d5c6" NAME="KM40181 Tender Tan" Spot="1" />
 <COLOR RGB="#d9c7b7" NAME="KM40191 Heritage Hills" Spot="1" />
 <COLOR RGB="#d1beac" NAME="KM40201 Palomino Pony" Spot="1" />
 <COLOR RGB="#ccb5a0" NAME="KM40212 Swiss Cream" Spot="1" />
 <COLOR RGB="#b09882" NAME="KM40222 Cushy Suede" Spot="1" />
 <COLOR RGB="#8d7460" NAME="KM40233 Dig It" Spot="1" />
 <COLOR RGB="#79614f" NAME="KM40245 Latte Please" Spot="1" />
 <COLOR RGB="#f9e9d6" NAME="KM40251 Navarro" Spot="1" />
 <COLOR RGB="#f4e0ca" NAME="KM40261 Julesberg" Spot="1" />
 <COLOR RGB="#eed4bb" NAME="KM40271 Palace Hill" Spot="1" />
 <COLOR RGB="#e9cdb1" NAME="KM40281 Legato Lane" Spot="1" />
 <COLOR RGB="#e6c5a3" NAME="KM40292 Rabbit Warren" Spot="1" />
 <COLOR RGB="#d2ad89" NAME="KM40302 Supreme Bean" Spot="1" />
 <COLOR RGB="#b18563" NAME="KM40313 African Desert" Spot="1" />
 <COLOR RGB="#9a7152" NAME="KM40325 Fallen Leaf" Spot="1" />
 <COLOR RGB="#f6e8d9" NAME="KM40331 Santa Fe Cream" Spot="1" />
 <COLOR RGB="#e8d4c2" NAME="KM40341 Dune Walk" Spot="1" />
 <COLOR RGB="#e6cdb7" NAME="KM40351 Regina Beach" Spot="1" />
 <COLOR RGB="#dabda2" NAME="KM40362 Tuscan Tan" Spot="1" />
 <COLOR RGB="#c9a88c" NAME="KM40372 Earthy Tan" Spot="1" />
 <COLOR RGB="#b59073" NAME="KM40383 Rustic Charm" Spot="1" />
 <COLOR RGB="#a47f63" NAME="KM40393 Wildwood Bay" Spot="1" />
 <COLOR RGB="#82634d" NAME="KM40405 Pinecone Path" Spot="1" />
 <COLOR RGB="#f5e5d7" NAME="KM40411 Bare Bone" Spot="1" />
 <COLOR RGB="#e7d2c1" NAME="KM40421 Baked Biscuit" Spot="1" />
 <COLOR RGB="#dec3b0" NAME="KM40431 Sandunia" Spot="1" />
 <COLOR RGB="#d6baa4" NAME="KM40442 Soh Buckskin" Spot="1" />
 <COLOR RGB="#bd9d86" NAME="KM40452 Country Life" Spot="1" />
 <COLOR RGB="#a78670" NAME="KM40463 Benetello" Spot="1" />
 <COLOR RGB="#9e7b65" NAME="KM40473 Burnished Caramel" Spot="1" />
 <COLOR RGB="#886753" NAME="KM40485 Mochaccino" Spot="1" />
 <COLOR RGB="#f8ebe0" NAME="KM40491 Bare Essential" Spot="1" />
 <COLOR RGB="#edd7c7" NAME="KM40501 Fair Ivory" Spot="1" />
 <COLOR RGB="#dcc1ae" NAME="KM40511 Big on Beige" Spot="1" />
 <COLOR RGB="#d4b6a1" NAME="KM40522 Derbyshire" Spot="1" />
 <COLOR RGB="#be9a84" NAME="KM40532 Sandys Shores" Spot="1" />
 <COLOR RGB="#ab8771" NAME="KM40543 Carmel Valley" Spot="1" />
 <COLOR RGB="#9b7661" NAME="KM40553 Maple Sugar" Spot="1" />
 <COLOR RGB="#7c5c4a" NAME="KM40565 Western Pursuit" Spot="1" />
 <COLOR RGB="#fbebdc" NAME="KM40571 Crystal Beach" Spot="1" />
 <COLOR RGB="#f4d9c4" NAME="KM40581 Beach Walk" Spot="1" />
 <COLOR RGB="#f0ceb6" NAME="KM40591 Taffy Surprise" Spot="1" />
 <COLOR RGB="#eac7ac" NAME="KM40601 Beachville" Spot="1" />
 <COLOR RGB="#e5bc9c" NAME="KM40612 Fresh Sawdust" Spot="1" />
 <COLOR RGB="#d2a280" NAME="KM40622 Vizcaino Desert" Spot="1" />
 <COLOR RGB="#b57e5e" NAME="KM40633 Chamois Shirt" Spot="1" />
 <COLOR RGB="#9c694c" NAME="KM40645 Worrior King" Spot="1" />
 <COLOR RGB="#f7e5d7" NAME="KM40651 Moongaze" Spot="1" />
 <COLOR RGB="#f2dccc" NAME="KM40661 Sunwashed Beach" Spot="1" />
 <COLOR RGB="#e0bea8" NAME="KM40671 Face of Innocence" Spot="1" />
 <COLOR RGB="#d9b69e" NAME="KM40682 Beauty and the Beach" Spot="1" />
 <COLOR RGB="#caa38c" NAME="KM40692 Southwest Sand" Spot="1" />
 <COLOR RGB="#b98c74" NAME="KM40703 Brighton Beach" Spot="1" />
 <COLOR RGB="#a77a64" NAME="KM40713 Terrific Tan" Spot="1" />
 <COLOR RGB="#76564a" NAME="KM40725 Soul of the Earth" Spot="1" />
 <COLOR RGB="#fbe0d3" NAME="KM40731 Mariah" Spot="1" />
 <COLOR RGB="#f1cdbf" NAME="KM40741 Tangier Tan" Spot="1" />
 <COLOR RGB="#ebc2b1" NAME="KM40751 Dougs Dale" Spot="1" />
 <COLOR RGB="#e2b7a6" NAME="KM40761 Ancient Inca" Spot="1" />
 <COLOR RGB="#ddab97" NAME="KM40772 Copperfield" Spot="1" />
 <COLOR RGB="#c9907a" NAME="KM40782 Spice Island" Spot="1" />
 <COLOR RGB="#a86c59" NAME="KM40793 Rustic Hills" Spot="1" />
 <COLOR RGB="#995445" NAME="KM40805 Truffle Trouble" Spot="1" />
 <COLOR RGB="#fdebe1" NAME="KM40811 Kensington" Spot="1" />
 <COLOR RGB="#f2d4c8" NAME="KM40821 In the Buff" Spot="1" />
 <COLOR RGB="#e3bcae" NAME="KM40831 Wasaga Beach" Spot="1" />
 <COLOR RGB="#dcb1a2" NAME="KM40842 Sunbaked Clay" Spot="1" />
 <COLOR RGB="#d1a08e" NAME="KM40852 Rustic Pottery" Spot="1" />
 <COLOR RGB="#b77d6b" NAME="KM40863 Copper Coast" Spot="1" />
 <COLOR RGB="#a76d5d" NAME="KM40873 Fox Wood" Spot="1" />
 <COLOR RGB="#8b5848" NAME="KM40885 Old Brick" Spot="1" />
 <COLOR RGB="#fcf1e7" NAME="KM40891 Abbey Lane" Spot="1" />
 <COLOR RGB="#fde3d9" NAME="KM40901 Fresh Air" Spot="1" />
 <COLOR RGB="#f4cabd" NAME="KM40911 Stoney Creek" Spot="1" />
 <COLOR RGB="#e6b09f" NAME="KM40921 Timber Ridge" Spot="1" />
 <COLOR RGB="#dfa593" NAME="KM40932 Rocky Cliff" Spot="1" />
 <COLOR RGB="#ce8875" NAME="KM40942 Prairie Island" Spot="1" />
 <COLOR RGB="#b36959" NAME="KM40953 Potters Clay" Spot="1" />
 <COLOR RGB="#8c4e44" NAME="KM40965 Majestic Ridge" Spot="1" />
 <COLOR RGB="#f4dbd4" NAME="KM40971 Bleached Ivory" Spot="1" />
 <COLOR RGB="#e8cbc4" NAME="KM40981 Almond Kiss" Spot="1" />
 <COLOR RGB="#e1bdb5" NAME="KM40991 Parma" Spot="1" />
 <COLOR RGB="#d3aba3" NAME="KM41001 Warm Sands" Spot="1" />
 <COLOR RGB="#cea197" NAME="KM41012 Topaz Tease" Spot="1" />
 <COLOR RGB="#ad796e" NAME="KM41023 Point Sienna" Spot="1" />
 <COLOR RGB="#97665b" NAME="KM41033 Southwest Spirit" Spot="1" />
 <COLOR RGB="#6c4946" NAME="KM41045 Red Ochre" Spot="1" />
 <COLOR RGB="#edded7" NAME="KM41051 Beige Bluff" Spot="1" />
 <COLOR RGB="#d8c5be" NAME="KM41061 Beach Bound" Spot="1" />
 <COLOR RGB="#cbb5ad" NAME="KM41071 Sandstorm" Spot="1" />
 <COLOR RGB="#c4aca1" NAME="KM41082 Stream Stone" Spot="1" />
 <COLOR RGB="#b2978d" NAME="KM41092 Reuben Ridge" Spot="1" />
 <COLOR RGB="#9c7f74" NAME="KM41103 Pale Palamino" Spot="1" />
 <COLOR RGB="#84675e" NAME="KM41113 Mocha Java" Spot="1" />
 <COLOR RGB="#6b5046" NAME="KM41125 Bistro Brown" Spot="1" />
 <COLOR RGB="#f0e3db" NAME="KM41131 Turkish Towel" Spot="1" />
 <COLOR RGB="#daccc5" NAME="KM41141 Pale Starlet" Spot="1" />
 <COLOR RGB="#cdbbb4" NAME="KM41151 Roanoke" Spot="1" />
 <COLOR RGB="#c3b2ab" NAME="KM41161 Dancing Deer" Spot="1" />
 <COLOR RGB="#baa69d" NAME="KM41172 Open Road" Spot="1" />
 <COLOR RGB="#907a71" NAME="KM41183 Mocha Cafe" Spot="1" />
 <COLOR RGB="#79655e" NAME="KM41193 Light Roast" Spot="1" />
 <COLOR RGB="#5c4b45" NAME="KM41205 Banana Leaf" Spot="1" />
 <COLOR RGB="#feece6" NAME="KM41211 Castleford" Spot="1" />
 <COLOR RGB="#f9d9d1" NAME="KM41221 Rogue Bluff" Spot="1" />
 <COLOR RGB="#f1c2bb" NAME="KM41231 Coral Bells" Spot="1" />
 <COLOR RGB="#e5afa6" NAME="KM41241 Tuscan Trail" Spot="1" />
 <COLOR RGB="#d29186" NAME="KM41252 Cinnamon Rose" Spot="1" />
 <COLOR RGB="#bf766b" NAME="KM41262 Ginger Jar" Spot="1" />
 <COLOR RGB="#a75e53" NAME="KM41273 Vegas Redrock" Spot="1" />
 <COLOR RGB="#894c47" NAME="KM41285 Autumns Bronze" Spot="1" />
 <COLOR RGB="#ebd8d6" NAME="KM41291 Soft Sunrise" Spot="1" />
 <COLOR RGB="#e3cecc" NAME="KM41301 Mohican Mist" Spot="1" />
 <COLOR RGB="#d7bebc" NAME="KM41311 Chambord Charm" Spot="1" />
 <COLOR RGB="#c9acab" NAME="KM41321 Demetrio" Spot="1" />
 <COLOR RGB="#c4a29f" NAME="KM41332 Taryn Hills" Spot="1" />
 <COLOR RGB="#a68582" NAME="KM41342 Roshen Ridge" Spot="1" />
 <COLOR RGB="#866263" NAME="KM41353 Chocolate Cherry" Spot="1" />
 <COLOR RGB="#674248" NAME="KM41365 Bougainvillea" Spot="1" />
 <COLOR RGB="#f2e2e1" NAME="KM41371 Romantique" Spot="1" />
 <COLOR RGB="#ead5d6" NAME="KM41381 Prelude to Pink" Spot="1" />
 <COLOR RGB="#dec4c7" NAME="KM41391 Think About It" Spot="1" />
 <COLOR RGB="#d2b4b8" NAME="KM41401 Giggles" Spot="1" />
 <COLOR RGB="#c6a5a7" NAME="KM41412 Pampered Pink" Spot="1" />
 <COLOR RGB="#af8b90" NAME="KM41422 Darius Dawn" Spot="1" />
 <COLOR RGB="#8d676a" NAME="KM41433 Spring Bliss" Spot="1" />
 <COLOR RGB="#784c56" NAME="KM41445 Cheerful Cherry" Spot="1" />
 <COLOR RGB="#f7e2e3" NAME="KM41451 Arctic Lights" Spot="1" />
 <COLOR RGB="#f4d9dd" NAME="KM41461 Pearl Pink" Spot="1" />
 <COLOR RGB="#edcad2" NAME="KM41471 Spring Sprig" Spot="1" />
 <COLOR RGB="#e7bbc5" NAME="KM41481 Laureate" Spot="1" />
 <COLOR RGB="#d8adb6" NAME="KM41492 Noahs Ark" Spot="1" />
 <COLOR RGB="#c6919e" NAME="KM41502 Rose Antiqua" Spot="1" />
 <COLOR RGB="#a6717e" NAME="KM41513 Rosey Glow" Spot="1" />
 <COLOR RGB="#7d495f" NAME="KM41525 Very Berry" Spot="1" />
 <COLOR RGB="#f9eae7" NAME="KM41531 Pom Pom" Spot="1" />
 <COLOR RGB="#edd3d7" NAME="KM41541 Easterville" Spot="1" />
 <COLOR RGB="#debcc4" NAME="KM41551 Andreas Anticipation" Spot="1" />
 <COLOR RGB="#d7b5be" NAME="KM41561 Shrub Rose" Spot="1" />
 <COLOR RGB="#cea8b0" NAME="KM41572 Cosmos Kiss" Spot="1" />
 <COLOR RGB="#b78b95" NAME="KM41582 Merry Meredith" Spot="1" />
 <COLOR RGB="#956a73" NAME="KM41593 Mi Amor" Spot="1" />
 <COLOR RGB="#7b5162" NAME="KM41605 Radicchio" Spot="1" />
 <COLOR RGB="#ede3df" NAME="KM41611 Soothing Spring" Spot="1" />
 <COLOR RGB="#d9ccca" NAME="KM41621 Natalia" Spot="1" />
 <COLOR RGB="#ccbcbb" NAME="KM41631 Mauve Star" Spot="1" />
 <COLOR RGB="#bcaaa9" NAME="KM41641 Toasted Rose" Spot="1" />
 <COLOR RGB="#b19f9c" NAME="KM41652 Luberon" Spot="1" />
 <COLOR RGB="#94817e" NAME="KM41662 Rave Raisin" Spot="1" />
 <COLOR RGB="#74625f" NAME="KM41673 Powderhorn Manor" Spot="1" />
 <COLOR RGB="#5d4b45" NAME="KM41685 Caffe Bistro" Spot="1" />
 <COLOR RGB="#ded4ce" NAME="KM41691 Miguel Angel" Spot="1" />
 <COLOR RGB="#cec4bf" NAME="KM41701 Avorio" Spot="1" />
 <COLOR RGB="#c1b6b0" NAME="KM41711 Castellina" Spot="1" />
 <COLOR RGB="#b6a7a0" NAME="KM41722 Gypsum Gap" Spot="1" />
 <COLOR RGB="#9e8e87" NAME="KM41732 Muffin Mix" Spot="1" />
 <COLOR RGB="#83736d" NAME="KM41743 Toasted Taupe" Spot="1" />
 <COLOR RGB="#776762" NAME="KM41753 Mohawk Valley" Spot="1" />
 <COLOR RGB="#554b47" NAME="KM41765 Wrightsford" Spot="1" />
 <COLOR RGB="#eaddce" NAME="KM41771 Haverstraw" Spot="1" />
 <COLOR RGB="#e5d3c2" NAME="KM41781 Chapelle Tint" Spot="1" />
 <COLOR RGB="#d4c0aa" NAME="KM41791 Tortilla" Spot="1" />
 <COLOR RGB="#ceb89c" NAME="KM41802 Brittany Beige" Spot="1" />
 <COLOR RGB="#baa38b" NAME="KM41812 Under Cover" Spot="1" />
 <COLOR RGB="#a2886f" NAME="KM41823 Lescamela Vanilla" Spot="1" />
 <COLOR RGB="#937862" NAME="KM41833 Gingerbread Man" Spot="1" />
 <COLOR RGB="#826852" NAME="KM41845 Friars Cloak" Spot="1" />
 <COLOR RGB="#f0e9df" NAME="KM41851 New Zealand Wool" Spot="1" />
 <COLOR RGB="#dbd2c9" NAME="KM41861 Bohemian" Spot="1" />
 <COLOR RGB="#c9bcb1" NAME="KM41871 Beige Rage" Spot="1" />
 <COLOR RGB="#bdafa2" NAME="KM41882 Nevada Peak" Spot="1" />
 <COLOR RGB="#aa9b8e" NAME="KM41892 Stepping Stone" Spot="1" />
 <COLOR RGB="#99877a" NAME="KM41903 Mocha" Spot="1" />
 <COLOR RGB="#87756a" NAME="KM41913 Brown Town" Spot="1" />
 <COLOR RGB="#6a5b50" NAME="KM41925 Raw Earth" Spot="1" />
 <COLOR RGB="#e8ded5" NAME="KM41931 Southern Sand" Spot="1" />
 <COLOR RGB="#e0d4ca" NAME="KM41941 Canton Cotton" Spot="1" />
 <COLOR RGB="#d4c7bc" NAME="KM41951 Walnut Cream" Spot="1" />
 <COLOR RGB="#c7b7aa" NAME="KM41961 Beach Party" Spot="1" />
 <COLOR RGB="#bdac9d" NAME="KM41972 Ashbury" Spot="1" />
 <COLOR RGB="#a89485" NAME="KM41982 Antigua Rose" Spot="1" />
 <COLOR RGB="#7f6b5f" NAME="KM41993 Cameroon Bay" Spot="1" />
 <COLOR RGB="#635348" NAME="KM42005 Cranberry Craze" Spot="1" />
 <COLOR RGB="#fcd33b" NAME="AC201-Y Sunlit Plaza" Spot="1" />
 <COLOR RGB="#f2b733" NAME="AC202-Y Yellow Pepper" Spot="1" />
 <COLOR RGB="#c8aa30" NAME="AC2035 Mustard Field" Spot="1" />
 <COLOR RGB="#cab12c" NAME="AC2045 Cancun Gold" Spot="1" />
 <COLOR RGB="#b48343" NAME="AC2055 Gold Trinket" Spot="1" />
 <COLOR RGB="#daa051" NAME="AC206-Y Treasure Gold" Spot="1" />
 <COLOR RGB="#b98d3e" NAME="AC2075 End of the Rainbow" Spot="1" />
 <COLOR RGB="#ffc027" NAME="AC208-Y Happy Holiday" Spot="1" />
 <COLOR RGB="#ffb332" NAME="AC209-Y Toujours" Spot="1" />
 <COLOR RGB="#f4a034" NAME="AC2105 Gilded Vision" Spot="1" />
 <COLOR RGB="#ee773a" NAME="AC2115 Light My Fire" Spot="1" />
 <COLOR RGB="#de6143" NAME="AC2125 Montana Dust" Spot="1" />
 <COLOR RGB="#985244" NAME="AC2135 High Society" Spot="1" />
 <COLOR RGB="#9c4b47" NAME="AC2145 Leaf Rust" Spot="1" />
 <COLOR RGB="#90444e" NAME="AC2155 American Rose" Spot="1" />
 <COLOR RGB="#a44353" NAME="AC2165 Red Alert" Spot="1" />
 <COLOR RGB="#ac5151" NAME="AC217-R Terra Rosa" Spot="1" />
 <COLOR RGB="#ca5053" NAME="AC218-R Fire Engine" Spot="1" />
 <COLOR RGB="#bc484a" NAME="AC219-R Christmas Red" Spot="1" />
 <COLOR RGB="#c05053" NAME="AC220-R Antoinette Red" Spot="1" />
 <COLOR RGB="#bb4d54" NAME="AC221-R Candy Cane" Spot="1" />
 <COLOR RGB="#794558" NAME="AC2225 Bright Burgundy" Spot="1" />
 <COLOR RGB="#72454a" NAME="AC2235 Dark Cherry Tart" Spot="1" />
 <COLOR RGB="#674d4d" NAME="AC2245 Red Raisin" Spot="1" />
 <COLOR RGB="#8d5782" NAME="AC2255 Grape Riot" Spot="1" />
 <COLOR RGB="#7e496f" NAME="AC2265 Fools Fuscia" Spot="1" />
 <COLOR RGB="#6f4861" NAME="AC2275 Gailberry" Spot="1" />
 <COLOR RGB="#644a5a" NAME="AC2285 Plumbago" Spot="1" />
 <COLOR RGB="#40434f" NAME="AC229-B Inspiration" Spot="1" />
 <COLOR RGB="#464256" NAME="AC2305 Romantic Knight" Spot="1" />
 <COLOR RGB="#3e4863" NAME="AC231-B Royal Wave" Spot="1" />
 <COLOR RGB="#364968" NAME="AC232-B Midnight Interlude" Spot="1" />
 <COLOR RGB="#2a5177" NAME="AC233-B Inky Sea" Spot="1" />
 <COLOR RGB="#1d5c82" NAME="AC234-B Wavy Navy" Spot="1" />
 <COLOR RGB="#2f566c" NAME="AC235-B Teal Shadow" Spot="1" />
 <COLOR RGB="#007391" NAME="AC236-B Ahoy Blue" Spot="1" />
 <COLOR RGB="#3b575f" NAME="AC2375 Sophisticated Teal" Spot="1" />
 <COLOR RGB="#00727e" NAME="AC2385 Great Blue Green" Spot="1" />
 <COLOR RGB="#245e61" NAME="AC2395 Equinox" Spot="1" />
 <COLOR RGB="#37494a" NAME="AC2405 Zaire" Spot="1" />
 <COLOR RGB="#5d8b57" NAME="AC241-Y Global Village" Spot="1" />
 <COLOR RGB="#7aad2e" NAME="AC2425 Lots of Lime" Spot="1" />
 <COLOR RGB="#718950" NAME="AC2435 Baby Sprout" Spot="1" />
 <COLOR RGB="#316949" NAME="AC2445 Emerald Lights" Spot="1" />
 <COLOR RGB="#2b7654" NAME="AC2455 Echo Green" Spot="1" />
 <COLOR RGB="#3d6c4d" NAME="AC2465 Greenback" Spot="1" />
 <COLOR RGB="#426357" NAME="AC2475 Deep Loden Green" Spot="1" />
 <COLOR RGB="#4d5c53" NAME="AC2485 Bayou Mistery" Spot="1" />
 <COLOR RGB="#65564a" NAME="AC2495 Rare Earth" Spot="1" />
 <COLOR RGB="#78654f" NAME="AC2505 Umber Shadow" Spot="1" />
 <COLOR RGB="#5a5349" NAME="AC2515 Vermeers Fields" Spot="1" />
 <COLOR RGB="#5e4b45" NAME="AC2525 Rocky Mountain" Spot="1" />
 <COLOR RGB="#393d43" NAME="AC2535 Dark Night" Spot="1" />
 <COLOR RGB="#515056" NAME="AC2545 Enigma" Spot="1" />
 <COLOR RGB="#3f4041" NAME="AC2555 Draconia" Spot="1" />
 <COLOR RGB="#4c4343" NAME="AC2565 Dark Glasses" Spot="1" />
 <COLOR RGB="#464d50" NAME="AC2575 Iron Ore" Spot="1" />
 <COLOR RGB="#484a4d" NAME="AC2585 Roman Chariot" Spot="1" />
 <COLOR RGB="#3a4142" NAME="AC2595 Dungeon" Spot="1" />
 <COLOR RGB="#505151" NAME="AC2605 Defense" Spot="1" />
</SCRIBUSCOLORS>