<?xml version="1.0" encoding="UTF-8"?>
<SCRIBUSCOLORS Name="Colortrend Eurotrend">
 <COLOR RGB="#e0c4cd" NAME="Colortrend E1-1" Spot="1" />
 <COLOR RGB="#d1adc0" NAME="Colortrend E1-2" Spot="1" />
 <COLOR RGB="#caa1b8" NAME="Colortrend E1-3" Spot="1" />
 <COLOR RGB="#a87590" NAME="Colortrend E1-4" Spot="1" />
 <COLOR RGB="#935a77" NAME="Colortrend E1-5" Spot="1" />
 <COLOR RGB="#e0c8cc" NAME="Colortrend E1-6" Spot="1" />
 <COLOR RGB="#d9b5c1" NAME="Colortrend E1-7" Spot="1" />
 <COLOR RGB="#d4acbb" NAME="Colortrend E1-8" Spot="1" />
 <COLOR RGB="#af7b8e" NAME="Colortrend E1-9" Spot="1" />
 <COLOR RGB="#9f6477" NAME="Colortrend E1-10" Spot="1" />
 <COLOR RGB="#dccbce" NAME="Colortrend E1-11" Spot="1" />
 <COLOR RGB="#d6c0c8" NAME="Colortrend E1-12" Spot="1" />
 <COLOR RGB="#bca0ab" NAME="Colortrend E1-13" Spot="1" />
 <COLOR RGB="#90747e" NAME="Colortrend E1-14" Spot="1" />
 <COLOR RGB="#796068" NAME="Colortrend E1-15" Spot="1" />
 <COLOR RGB="#d8d3da" NAME="Colortrend E1-16" Spot="1" />
 <COLOR RGB="#c6c1cd" NAME="Colortrend E1-17" Spot="1" />
 <COLOR RGB="#aaa2b3" NAME="Colortrend E1-18" Spot="1" />
 <COLOR RGB="#807689" NAME="Colortrend E1-19" Spot="1" />
 <COLOR RGB="#64586b" NAME="Colortrend E1-20" Spot="1" />
 <COLOR RGB="#f1d4d7" NAME="Colortrend E1-21" Spot="1" />
 <COLOR RGB="#eec6d0" NAME="Colortrend E1-22" Spot="1" />
 <COLOR RGB="#e5b6c2" NAME="Colortrend E1-23" Spot="1" />
 <COLOR RGB="#c07486" NAME="Colortrend E1-24" Spot="1" />
 <COLOR RGB="#be697b" NAME="Colortrend E1-25" Spot="1" />
 <COLOR RGB="#f3e1e3" NAME="Colortrend E1-26" Spot="1" />
 <COLOR RGB="#e5c0ce" NAME="Colortrend E1-27" Spot="1" />
 <COLOR RGB="#c68ea7" NAME="Colortrend E1-28" Spot="1" />
 <COLOR RGB="#a0687a" NAME="Colortrend E1-29" Spot="1" />
 <COLOR RGB="#885965" NAME="Colortrend E1-30" Spot="1" />
 <COLOR RGB="#d9c1c5" NAME="Colortrend E1-31" Spot="1" />
 <COLOR RGB="#c5a4ad" NAME="Colortrend E1-32" Spot="1" />
 <COLOR RGB="#a06f7d" NAME="Colortrend E1-33" Spot="1" />
 <COLOR RGB="#906770" NAME="Colortrend E1-34" Spot="1" />
 <COLOR RGB="#7d5961" NAME="Colortrend E1-35" Spot="1" />
 <COLOR RGB="#d2ccce" NAME="Colortrend E1-36" Spot="1" />
 <COLOR RGB="#c2b9c0" NAME="Colortrend E1-37" Spot="1" />
 <COLOR RGB="#a49aa2" NAME="Colortrend E1-38" Spot="1" />
 <COLOR RGB="#786d74" NAME="Colortrend E1-39" Spot="1" />
 <COLOR RGB="#675c62" NAME="Colortrend E1-40" Spot="1" />
 <COLOR RGB="#f8dfe0" NAME="Colortrend E1-41" Spot="1" />
 <COLOR RGB="#fad4d8" NAME="Colortrend E1-42" Spot="1" />
 <COLOR RGB="#f2b5bf" NAME="Colortrend E1-43" Spot="1" />
 <COLOR RGB="#e98d9e" NAME="Colortrend E1-44" Spot="1" />
 <COLOR RGB="#b6676f" NAME="Colortrend E1-45" Spot="1" />
 <COLOR RGB="#f3ced2" NAME="Colortrend E1-46" Spot="1" />
 <COLOR RGB="#e8b5be" NAME="Colortrend E1-47" Spot="1" />
 <COLOR RGB="#e1a4ad" NAME="Colortrend E1-48" Spot="1" />
 <COLOR RGB="#ca7885" NAME="Colortrend E1-49" Spot="1" />
 <COLOR RGB="#be636c" NAME="Colortrend E1-50" Spot="1" />
 <COLOR RGB="#ebcccd" NAME="Colortrend E1-51" Spot="1" />
 <COLOR RGB="#e5c2c2" NAME="Colortrend E1-52" Spot="1" />
 <COLOR RGB="#cf9ea1" NAME="Colortrend E1-53" Spot="1" />
 <COLOR RGB="#ae7776" NAME="Colortrend E1-54" Spot="1" />
 <COLOR RGB="#855855" NAME="Colortrend E1-55" Spot="1" />
 <COLOR RGB="#d7c7c4" NAME="Colortrend E1-56" Spot="1" />
 <COLOR RGB="#c7b3b1" NAME="Colortrend E1-57" Spot="1" />
 <COLOR RGB="#b39a96" NAME="Colortrend E1-58" Spot="1" />
 <COLOR RGB="#927470" NAME="Colortrend E1-59" Spot="1" />
 <COLOR RGB="#7c5d56" NAME="Colortrend E1-60" Spot="1" />
 <COLOR RGB="#f4dedc" NAME="Colortrend E2-1" Spot="1" />
 <COLOR RGB="#f5c8cd" NAME="Colortrend E2-2" Spot="1" />
 <COLOR RGB="#f1acb8" NAME="Colortrend E2-3" Spot="1" />
 <COLOR RGB="#e17985" NAME="Colortrend E2-4" Spot="1" />
 <COLOR RGB="#d05b61" NAME="Colortrend E2-5" Spot="1" />
 <COLOR RGB="#f5d2d0" NAME="Colortrend E2-6" Spot="1" />
 <COLOR RGB="#f1c1bf" NAME="Colortrend E2-7" Spot="1" />
 <COLOR RGB="#e39c9b" NAME="Colortrend E2-8" Spot="1" />
 <COLOR RGB="#c66f6f" NAME="Colortrend E2-9" Spot="1" />
 <COLOR RGB="#c05e58" NAME="Colortrend E2-10" Spot="1" />
 <COLOR RGB="#eed4d4" NAME="Colortrend E2-11" Spot="1" />
 <COLOR RGB="#eac4c7" NAME="Colortrend E2-12" Spot="1" />
 <COLOR RGB="#dba5a9" NAME="Colortrend E2-13" Spot="1" />
 <COLOR RGB="#bd787c" NAME="Colortrend E2-14" Spot="1" />
 <COLOR RGB="#a96165" NAME="Colortrend E2-15" Spot="1" />
 <COLOR RGB="#e0d3d1" NAME="Colortrend E2-16" Spot="1" />
 <COLOR RGB="#d9ccca" NAME="Colortrend E2-17" Spot="1" />
 <COLOR RGB="#b29a9b" NAME="Colortrend E2-18" Spot="1" />
 <COLOR RGB="#8a706e" NAME="Colortrend E2-19" Spot="1" />
 <COLOR RGB="#7f5e5a" NAME="Colortrend E2-20" Spot="1" />
 <COLOR RGB="#f7dad7" NAME="Colortrend E2-21" Spot="1" />
 <COLOR RGB="#f9c5c5" NAME="Colortrend E2-22" Spot="1" />
 <COLOR RGB="#f8aeae" NAME="Colortrend E2-23" Spot="1" />
 <COLOR RGB="#ee827f" NAME="Colortrend E2-24" Spot="1" />
 <COLOR RGB="#e4645d" NAME="Colortrend E2-25" Spot="1" />
 <COLOR RGB="#f8cfcd" NAME="Colortrend E2-26" Spot="1" />
 <COLOR RGB="#f6b9b9" NAME="Colortrend E2-27" Spot="1" />
 <COLOR RGB="#eda5a8" NAME="Colortrend E2-28" Spot="1" />
 <COLOR RGB="#de7c7c" NAME="Colortrend E2-29" Spot="1" />
 <COLOR RGB="#da6a66" NAME="Colortrend E2-30" Spot="1" />
 <COLOR RGB="#efcfc6" NAME="Colortrend E2-31" Spot="1" />
 <COLOR RGB="#e9c1b7" NAME="Colortrend E2-32" Spot="1" />
 <COLOR RGB="#c2897f" NAME="Colortrend E2-33" Spot="1" />
 <COLOR RGB="#a5665b" NAME="Colortrend E2-34" Spot="1" />
 <COLOR RGB="#906159" NAME="Colortrend E2-35" Spot="1" />
 <COLOR RGB="#e2d0c9" NAME="Colortrend E2-36" Spot="1" />
 <COLOR RGB="#b29690" NAME="Colortrend E2-37" Spot="1" />
 <COLOR RGB="#8c6d67" NAME="Colortrend E2-38" Spot="1" />
 <COLOR RGB="#7a6159" NAME="Colortrend E2-39" Spot="1" />
 <COLOR RGB="#563f36" NAME="Colortrend E2-40" Spot="1" />
 <COLOR RGB="#fbd5d1" NAME="Colortrend E2-41" Spot="1" />
 <COLOR RGB="#fbb0ab" NAME="Colortrend E2-42" Spot="1" />
 <COLOR RGB="#f48981" NAME="Colortrend E2-43" Spot="1" />
 <COLOR RGB="#ee7363" NAME="Colortrend E2-44" Spot="1" />
 <COLOR RGB="#c54630" NAME="Colortrend E2-45" Spot="1" />
 <COLOR RGB="#f8c4c0" NAME="Colortrend E2-46" Spot="1" />
 <COLOR RGB="#f4b2ad" NAME="Colortrend E2-47" Spot="1" />
 <COLOR RGB="#e48c84" NAME="Colortrend E2-48" Spot="1" />
 <COLOR RGB="#db7163" NAME="Colortrend E2-49" Spot="1" />
 <COLOR RGB="#bc4a3a" NAME="Colortrend E2-50" Spot="1" />
 <COLOR RGB="#f7d6d2" NAME="Colortrend E2-51" Spot="1" />
 <COLOR RGB="#f0b6b3" NAME="Colortrend E2-52" Spot="1" />
 <COLOR RGB="#db8782" NAME="Colortrend E2-53" Spot="1" />
 <COLOR RGB="#b96056" NAME="Colortrend E2-54" Spot="1" />
 <COLOR RGB="#8c4f44" NAME="Colortrend E2-55" Spot="1" />
 <COLOR RGB="#dbc6bd" NAME="Colortrend E2-56" Spot="1" />
 <COLOR RGB="#bc9890" NAME="Colortrend E2-57" Spot="1" />
 <COLOR RGB="#947066" NAME="Colortrend E2-58" Spot="1" />
 <COLOR RGB="#7f6662" NAME="Colortrend E2-59" Spot="1" />
 <COLOR RGB="#614941" NAME="Colortrend E2-60" Spot="1" />
 <COLOR RGB="#fbe4d9" NAME="Colortrend E3-1" Spot="1" />
 <COLOR RGB="#ffbeb1" NAME="Colortrend E3-2" Spot="1" />
 <COLOR RGB="#ff9378" NAME="Colortrend E3-3" Spot="1" />
 <COLOR RGB="#f47a5f" NAME="Colortrend E3-4" Spot="1" />
 <COLOR RGB="#d14a32" NAME="Colortrend E3-5" Spot="1" />
 <COLOR RGB="#f4c8b9" NAME="Colortrend E3-6" Spot="1" />
 <COLOR RGB="#e18d78" NAME="Colortrend E3-7" Spot="1" />
 <COLOR RGB="#d67358" NAME="Colortrend E3-8" Spot="1" />
 <COLOR RGB="#e6705b" NAME="Colortrend E3-9" Spot="1" />
 <COLOR RGB="#b9553d" NAME="Colortrend E3-10" Spot="1" />
 <COLOR RGB="#fae7de" NAME="Colortrend E3-11" Spot="1" />
 <COLOR RGB="#eebfb2" NAME="Colortrend E3-12" Spot="1" />
 <COLOR RGB="#d59f94" NAME="Colortrend E3-13" Spot="1" />
 <COLOR RGB="#a46b60" NAME="Colortrend E3-14" Spot="1" />
 <COLOR RGB="#89513f" NAME="Colortrend E3-15" Spot="1" />
 <COLOR RGB="#eee0d8" NAME="Colortrend E3-16" Spot="1" />
 <COLOR RGB="#dcc9c1" NAME="Colortrend E3-17" Spot="1" />
 <COLOR RGB="#b89b90" NAME="Colortrend E3-18" Spot="1" />
 <COLOR RGB="#745c53" NAME="Colortrend E3-19" Spot="1" />
 <COLOR RGB="#5a463c" NAME="Colortrend E3-20" Spot="1" />
 <COLOR RGB="#ffd8c6" NAME="Colortrend E3-21" Spot="1" />
 <COLOR RGB="#ffcab3" NAME="Colortrend E3-22" Spot="1" />
 <COLOR RGB="#ffc0a6" NAME="Colortrend E3-23" Spot="1" />
 <COLOR RGB="#ff9a72" NAME="Colortrend E3-24" Spot="1" />
 <COLOR RGB="#da5a34" NAME="Colortrend E3-25" Spot="1" />
 <COLOR RGB="#fed3c4" NAME="Colortrend E3-26" Spot="1" />
 <COLOR RGB="#ffbca8" NAME="Colortrend E3-27" Spot="1" />
 <COLOR RGB="#f79675" NAME="Colortrend E3-28" Spot="1" />
 <COLOR RGB="#f3855c" NAME="Colortrend E3-29" Spot="1" />
 <COLOR RGB="#d45835" NAME="Colortrend E3-30" Spot="1" />
 <COLOR RGB="#f2cec2" NAME="Colortrend E3-31" Spot="1" />
 <COLOR RGB="#e4a696" NAME="Colortrend E3-32" Spot="1" />
 <COLOR RGB="#d9907d" NAME="Colortrend E3-33" Spot="1" />
 <COLOR RGB="#b7634e" NAME="Colortrend E3-34" Spot="1" />
 <COLOR RGB="#a75847" NAME="Colortrend E3-35" Spot="1" />
 <COLOR RGB="#e7d1c5" NAME="Colortrend E3-36" Spot="1" />
 <COLOR RGB="#bf988d" NAME="Colortrend E3-37" Spot="1" />
 <COLOR RGB="#9d7265" NAME="Colortrend E3-38" Spot="1" />
 <COLOR RGB="#6c4a3e" NAME="Colortrend E3-39" Spot="1" />
 <COLOR RGB="#5d463a" NAME="Colortrend E3-40" Spot="1" />
 <COLOR RGB="#fed7bb" NAME="Colortrend E3-41" Spot="1" />
 <COLOR RGB="#ffc39f" NAME="Colortrend E3-42" Spot="1" />
 <COLOR RGB="#f69355" NAME="Colortrend E3-43" Spot="1" />
 <COLOR RGB="#e3753a" NAME="Colortrend E3-44" Spot="1" />
 <COLOR RGB="#de7033" NAME="Colortrend E3-45" Spot="1" />
 <COLOR RGB="#fbe4d7" NAME="Colortrend E3-46" Spot="1" />
 <COLOR RGB="#fdccb6" NAME="Colortrend E3-47" Spot="1" />
 <COLOR RGB="#febea3" NAME="Colortrend E3-48" Spot="1" />
 <COLOR RGB="#ec8f63" NAME="Colortrend E3-49" Spot="1" />
 <COLOR RGB="#db6f31" NAME="Colortrend E3-50" Spot="1" />
 <COLOR RGB="#f0c1a7" NAME="Colortrend E3-51" Spot="1" />
 <COLOR RGB="#dd9f83" NAME="Colortrend E3-52" Spot="1" />
 <COLOR RGB="#cc8d72" NAME="Colortrend E3-53" Spot="1" />
 <COLOR RGB="#be704e" NAME="Colortrend E3-54" Spot="1" />
 <COLOR RGB="#ab603b" NAME="Colortrend E3-55" Spot="1" />
 <COLOR RGB="#e5d2c4" NAME="Colortrend E3-56" Spot="1" />
 <COLOR RGB="#d0b6a7" NAME="Colortrend E3-57" Spot="1" />
 <COLOR RGB="#b69989" NAME="Colortrend E3-58" Spot="1" />
 <COLOR RGB="#8c6652" NAME="Colortrend E3-59" Spot="1" />
 <COLOR RGB="#6e4c36" NAME="Colortrend E3-60" Spot="1" />
 <COLOR RGB="#f9e7cf" NAME="Colortrend E4-1" Spot="1" />
 <COLOR RGB="#fcc394" NAME="Colortrend E4-2" Spot="1" />
 <COLOR RGB="#fea268" NAME="Colortrend E4-3" Spot="1" />
 <COLOR RGB="#ff944c" NAME="Colortrend E4-4" Spot="1" />
 <COLOR RGB="#fd801f" NAME="Colortrend E4-5" Spot="1" />
 <COLOR RGB="#fce0cc" NAME="Colortrend E4-6" Spot="1" />
 <COLOR RGB="#fbd2b8" NAME="Colortrend E4-7" Spot="1" />
 <COLOR RGB="#f7bc9b" NAME="Colortrend E4-8" Spot="1" />
 <COLOR RGB="#d4875b" NAME="Colortrend E4-9" Spot="1" />
 <COLOR RGB="#c16738" NAME="Colortrend E4-10" Spot="1" />
 <COLOR RGB="#f9ebd8" NAME="Colortrend E4-11" Spot="1" />
 <COLOR RGB="#e6c0a2" NAME="Colortrend E4-12" Spot="1" />
 <COLOR RGB="#da915f" NAME="Colortrend E4-13" Spot="1" />
 <COLOR RGB="#c68051" NAME="Colortrend E4-14" Spot="1" />
 <COLOR RGB="#a4623c" NAME="Colortrend E4-15" Spot="1" />
 <COLOR RGB="#decbb7" NAME="Colortrend E4-16" Spot="1" />
 <COLOR RGB="#bda28b" NAME="Colortrend E4-17" Spot="1" />
 <COLOR RGB="#9e7e66" NAME="Colortrend E4-18" Spot="1" />
 <COLOR RGB="#947057" NAME="Colortrend E4-19" Spot="1" />
 <COLOR RGB="#75523d" NAME="Colortrend E4-20" Spot="1" />
 <COLOR RGB="#fbe8c8" NAME="Colortrend E4-21" Spot="1" />
 <COLOR RGB="#f8ca8d" NAME="Colortrend E4-22" Spot="1" />
 <COLOR RGB="#f3ae67" NAME="Colortrend E4-23" Spot="1" />
 <COLOR RGB="#ea8c41" NAME="Colortrend E4-24" Spot="1" />
 <COLOR RGB="#e27129" NAME="Colortrend E4-25" Spot="1" />
 <COLOR RGB="#f9ecdd" NAME="Colortrend E4-26" Spot="1" />
 <COLOR RGB="#fbe5d0" NAME="Colortrend E4-27" Spot="1" />
 <COLOR RGB="#f5c09b" NAME="Colortrend E4-28" Spot="1" />
 <COLOR RGB="#e2996a" NAME="Colortrend E4-29" Spot="1" />
 <COLOR RGB="#bf6e3f" NAME="Colortrend E4-30" Spot="1" />
 <COLOR RGB="#f2ceb0" NAME="Colortrend E4-31" Spot="1" />
 <COLOR RGB="#eebd92" NAME="Colortrend E4-32" Spot="1" />
 <COLOR RGB="#da9a6f" NAME="Colortrend E4-33" Spot="1" />
 <COLOR RGB="#b67c56" NAME="Colortrend E4-34" Spot="1" />
 <COLOR RGB="#805536" NAME="Colortrend E4-35" Spot="1" />
 <COLOR RGB="#eadcc9" NAME="Colortrend E4-36" Spot="1" />
 <COLOR RGB="#d2bca4" NAME="Colortrend E4-37" Spot="1" />
 <COLOR RGB="#a27e5b" NAME="Colortrend E4-38" Spot="1" />
 <COLOR RGB="#77583b" NAME="Colortrend E4-39" Spot="1" />
 <COLOR RGB="#77573b" NAME="Colortrend E4-40" Spot="1" />
 <COLOR RGB="#fcedd0" NAME="Colortrend E4-41" Spot="1" />
 <COLOR RGB="#fccd89" NAME="Colortrend E4-42" Spot="1" />
 <COLOR RGB="#f3ac55" NAME="Colortrend E4-43" Spot="1" />
 <COLOR RGB="#ec9c42" NAME="Colortrend E4-44" Spot="1" />
 <COLOR RGB="#d67a2a" NAME="Colortrend E4-45" Spot="1" />
 <COLOR RGB="#fbdfc2" NAME="Colortrend E4-46" Spot="1" />
 <COLOR RGB="#eebe8f" NAME="Colortrend E4-47" Spot="1" />
 <COLOR RGB="#e1a268" NAME="Colortrend E4-48" Spot="1" />
 <COLOR RGB="#c17e3a" NAME="Colortrend E4-49" Spot="1" />
 <COLOR RGB="#ac7030" NAME="Colortrend E4-50" Spot="1" />
 <COLOR RGB="#f7d8b5" NAME="Colortrend E4-51" Spot="1" />
 <COLOR RGB="#e5c09b" NAME="Colortrend E4-52" Spot="1" />
 <COLOR RGB="#db9d6a" NAME="Colortrend E4-53" Spot="1" />
 <COLOR RGB="#a1693b" NAME="Colortrend E4-54" Spot="1" />
 <COLOR RGB="#7a5736" NAME="Colortrend E4-55" Spot="1" />
 <COLOR RGB="#dcd6ca" NAME="Colortrend E4-56" Spot="1" />
 <COLOR RGB="#c2b9ae" NAME="Colortrend E4-57" Spot="1" />
 <COLOR RGB="#928578" NAME="Colortrend E4-58" Spot="1" />
 <COLOR RGB="#736354" NAME="Colortrend E4-59" Spot="1" />
 <COLOR RGB="#4f433a" NAME="Colortrend E4-60" Spot="1" />
 <COLOR RGB="#fae7bf" NAME="Colortrend E5-1" Spot="1" />
 <COLOR RGB="#fdcf8f" NAME="Colortrend E5-2" Spot="1" />
 <COLOR RGB="#faba66" NAME="Colortrend E5-3" Spot="1" />
 <COLOR RGB="#fca446" NAME="Colortrend E5-4" Spot="1" />
 <COLOR RGB="#ff982a" NAME="Colortrend E5-5" Spot="1" />
 <COLOR RGB="#f8e4ca" NAME="Colortrend E5-6" Spot="1" />
 <COLOR RGB="#f4dbbd" NAME="Colortrend E5-7" Spot="1" />
 <COLOR RGB="#e9bc8d" NAME="Colortrend E5-8" Spot="1" />
 <COLOR RGB="#dea065" NAME="Colortrend E5-9" Spot="1" />
 <COLOR RGB="#c48035" NAME="Colortrend E5-10" Spot="1" />
 <COLOR RGB="#f4dfc4" NAME="Colortrend E5-11" Spot="1" />
 <COLOR RGB="#eacaa2" NAME="Colortrend E5-12" Spot="1" />
 <COLOR RGB="#c59564" NAME="Colortrend E5-13" Spot="1" />
 <COLOR RGB="#bf8754" NAME="Colortrend E5-14" Spot="1" />
 <COLOR RGB="#7c5c39" NAME="Colortrend E5-15" Spot="1" />
 <COLOR RGB="#ede4d5" NAME="Colortrend E5-16" Spot="1" />
 <COLOR RGB="#d4c6b5" NAME="Colortrend E5-17" Spot="1" />
 <COLOR RGB="#9e8d7e" NAME="Colortrend E5-18" Spot="1" />
 <COLOR RGB="#8c7c6e" NAME="Colortrend E5-19" Spot="1" />
 <COLOR RGB="#50453a" NAME="Colortrend E5-20" Spot="1" />
 <COLOR RGB="#fbefd7" NAME="Colortrend E5-21" Spot="1" />
 <COLOR RGB="#fad289" NAME="Colortrend E5-22" Spot="1" />
 <COLOR RGB="#f4b55b" NAME="Colortrend E5-23" Spot="1" />
 <COLOR RGB="#d69122" NAME="Colortrend E5-24" Spot="1" />
 <COLOR RGB="#d08b27" NAME="Colortrend E5-25" Spot="1" />
 <COLOR RGB="#f5ebd5" NAME="Colortrend E5-26" Spot="1" />
 <COLOR RGB="#f3cf99" NAME="Colortrend E5-27" Spot="1" />
 <COLOR RGB="#e8b86d" NAME="Colortrend E5-28" Spot="1" />
 <COLOR RGB="#d69e4c" NAME="Colortrend E5-29" Spot="1" />
 <COLOR RGB="#d48f2a" NAME="Colortrend E5-30" Spot="1" />
 <COLOR RGB="#f2e1c7" NAME="Colortrend E5-31" Spot="1" />
 <COLOR RGB="#dfbd90" NAME="Colortrend E5-32" Spot="1" />
 <COLOR RGB="#c79c67" NAME="Colortrend E5-33" Spot="1" />
 <COLOR RGB="#9a713d" NAME="Colortrend E5-34" Spot="1" />
 <COLOR RGB="#7b5e3d" NAME="Colortrend E5-35" Spot="1" />
 <COLOR RGB="#f0e5d4" NAME="Colortrend E5-36" Spot="1" />
 <COLOR RGB="#e3d4c0" NAME="Colortrend E5-37" Spot="1" />
 <COLOR RGB="#c8ad91" NAME="Colortrend E5-38" Spot="1" />
 <COLOR RGB="#9c7859" NAME="Colortrend E5-39" Spot="1" />
 <COLOR RGB="#7b5a39" NAME="Colortrend E5-40" Spot="1" />
 <COLOR RGB="#f5ebc5" NAME="Colortrend E5-41" Spot="1" />
 <COLOR RGB="#f8e5b1" NAME="Colortrend E5-42" Spot="1" />
 <COLOR RGB="#fdd274" NAME="Colortrend E5-43" Spot="1" />
 <COLOR RGB="#fdb23d" NAME="Colortrend E5-44" Spot="1" />
 <COLOR RGB="#ffa613" NAME="Colortrend E5-45" Spot="1" />
 <COLOR RGB="#f9ebd1" NAME="Colortrend E5-46" Spot="1" />
 <COLOR RGB="#f7e3c1" NAME="Colortrend E5-47" Spot="1" />
 <COLOR RGB="#f3ca8b" NAME="Colortrend E5-48" Spot="1" />
 <COLOR RGB="#ce9d57" NAME="Colortrend E5-49" Spot="1" />
 <COLOR RGB="#bf8936" NAME="Colortrend E5-50" Spot="1" />
 <COLOR RGB="#f6eacc" NAME="Colortrend E5-51" Spot="1" />
 <COLOR RGB="#dfbf89" NAME="Colortrend E5-52" Spot="1" />
 <COLOR RGB="#b98b4e" NAME="Colortrend E5-53" Spot="1" />
 <COLOR RGB="#966b39" NAME="Colortrend E5-54" Spot="1" />
 <COLOR RGB="#8d663c" NAME="Colortrend E5-55" Spot="1" />
 <COLOR RGB="#ddcbb3" NAME="Colortrend E5-56" Spot="1" />
 <COLOR RGB="#ccb495" NAME="Colortrend E5-57" Spot="1" />
 <COLOR RGB="#ba9d77" NAME="Colortrend E5-58" Spot="1" />
 <COLOR RGB="#a3845f" NAME="Colortrend E5-59" Spot="1" />
 <COLOR RGB="#7f5e3b" NAME="Colortrend E5-60" Spot="1" />
 <COLOR RGB="#faeec7" NAME="Colortrend E6-1" Spot="1" />
 <COLOR RGB="#f9d384" NAME="Colortrend E6-2" Spot="1" />
 <COLOR RGB="#fec257" NAME="Colortrend E6-3" Spot="1" />
 <COLOR RGB="#ffac2f" NAME="Colortrend E6-4" Spot="1" />
 <COLOR RGB="#df9211" NAME="Colortrend E6-5" Spot="1" />
 <COLOR RGB="#f9eecd" NAME="Colortrend E6-6" Spot="1" />
 <COLOR RGB="#f8e1af" NAME="Colortrend E6-7" Spot="1" />
 <COLOR RGB="#f2cf88" NAME="Colortrend E6-8" Spot="1" />
 <COLOR RGB="#e3b35e" NAME="Colortrend E6-9" Spot="1" />
 <COLOR RGB="#d89a26" NAME="Colortrend E6-10" Spot="1" />
 <COLOR RGB="#eed3a8" NAME="Colortrend E6-11" Spot="1" />
 <COLOR RGB="#e5c592" NAME="Colortrend E6-12" Spot="1" />
 <COLOR RGB="#d0a467" NAME="Colortrend E6-13" Spot="1" />
 <COLOR RGB="#c89a52" NAME="Colortrend E6-14" Spot="1" />
 <COLOR RGB="#a77b39" NAME="Colortrend E6-15" Spot="1" />
 <COLOR RGB="#e7e0d3" NAME="Colortrend E6-16" Spot="1" />
 <COLOR RGB="#b2a08b" NAME="Colortrend E6-17" Spot="1" />
 <COLOR RGB="#a6927c" NAME="Colortrend E6-18" Spot="1" />
 <COLOR RGB="#95826b" NAME="Colortrend E6-19" Spot="1" />
 <COLOR RGB="#664a2f" NAME="Colortrend E6-20" Spot="1" />
 <COLOR RGB="#f7ebb7" NAME="Colortrend E6-21" Spot="1" />
 <COLOR RGB="#fadf92" NAME="Colortrend E6-22" Spot="1" />
 <COLOR RGB="#fbbe53" NAME="Colortrend E6-23" Spot="1" />
 <COLOR RGB="#feba36" NAME="Colortrend E6-24" Spot="1" />
 <COLOR RGB="#de9b18" NAME="Colortrend E6-25" Spot="1" />
 <COLOR RGB="#f4ead5" NAME="Colortrend E6-26" Spot="1" />
 <COLOR RGB="#f6e3c1" NAME="Colortrend E6-27" Spot="1" />
 <COLOR RGB="#e5c084" NAME="Colortrend E6-28" Spot="1" />
 <COLOR RGB="#c69b58" NAME="Colortrend E6-29" Spot="1" />
 <COLOR RGB="#bd8a30" NAME="Colortrend E6-30" Spot="1" />
 <COLOR RGB="#f8ecc4" NAME="Colortrend E6-31" Spot="1" />
 <COLOR RGB="#ebcc88" NAME="Colortrend E6-32" Spot="1" />
 <COLOR RGB="#d8ac5e" NAME="Colortrend E6-33" Spot="1" />
 <COLOR RGB="#b48031" NAME="Colortrend E6-34" Spot="1" />
 <COLOR RGB="#9d7339" NAME="Colortrend E6-35" Spot="1" />
 <COLOR RGB="#efe9dc" NAME="Colortrend E6-36" Spot="1" />
 <COLOR RGB="#dad1bf" NAME="Colortrend E6-37" Spot="1" />
 <COLOR RGB="#c4b79e" NAME="Colortrend E6-38" Spot="1" />
 <COLOR RGB="#917f61" NAME="Colortrend E6-39" Spot="1" />
 <COLOR RGB="#65513a" NAME="Colortrend E6-40" Spot="1" />
 <COLOR RGB="#f9f1d1" NAME="Colortrend E6-41" Spot="1" />
 <COLOR RGB="#f9edc0" NAME="Colortrend E6-42" Spot="1" />
 <COLOR RGB="#f2cb65" NAME="Colortrend E6-43" Spot="1" />
 <COLOR RGB="#ebb123" NAME="Colortrend E6-44" Spot="1" />
 <COLOR RGB="#eab437" NAME="Colortrend E6-45" Spot="1" />
 <COLOR RGB="#f9dfa2" NAME="Colortrend E6-46" Spot="1" />
 <COLOR RGB="#edcd87" NAME="Colortrend E6-47" Spot="1" />
 <COLOR RGB="#deb55d" NAME="Colortrend E6-48" Spot="1" />
 <COLOR RGB="#d4a344" NAME="Colortrend E6-49" Spot="1" />
 <COLOR RGB="#c78e2c" NAME="Colortrend E6-50" Spot="1" />
 <COLOR RGB="#f6e7ca" NAME="Colortrend E6-51" Spot="1" />
 <COLOR RGB="#e3c48b" NAME="Colortrend E6-52" Spot="1" />
 <COLOR RGB="#d6b270" NAME="Colortrend E6-53" Spot="1" />
 <COLOR RGB="#c29750" NAME="Colortrend E6-54" Spot="1" />
 <COLOR RGB="#a47d3d" NAME="Colortrend E6-55" Spot="1" />
 <COLOR RGB="#ede9dc" NAME="Colortrend E6-56" Spot="1" />
 <COLOR RGB="#d6d1c6" NAME="Colortrend E6-57" Spot="1" />
 <COLOR RGB="#c1b9ab" NAME="Colortrend E6-58" Spot="1" />
 <COLOR RGB="#928675" NAME="Colortrend E6-59" Spot="1" />
 <COLOR RGB="#73695c" NAME="Colortrend E6-60" Spot="1" />
 <COLOR RGB="#f4eab5" NAME="Colortrend E7-1" Spot="1" />
 <COLOR RGB="#f8e086" NAME="Colortrend E7-2" Spot="1" />
 <COLOR RGB="#f4c953" NAME="Colortrend E7-3" Spot="1" />
 <COLOR RGB="#f3bf2b" NAME="Colortrend E7-4" Spot="1" />
 <COLOR RGB="#f9b700" NAME="Colortrend E7-5" Spot="1" />
 <COLOR RGB="#f7eec4" NAME="Colortrend E7-6" Spot="1" />
 <COLOR RGB="#f9e5a3" NAME="Colortrend E7-7" Spot="1" />
 <COLOR RGB="#ecbf58" NAME="Colortrend E7-8" Spot="1" />
 <COLOR RGB="#daa028" NAME="Colortrend E7-9" Spot="1" />
 <COLOR RGB="#c39327" NAME="Colortrend E7-10" Spot="1" />
 <COLOR RGB="#f4ebd7" NAME="Colortrend E7-11" Spot="1" />
 <COLOR RGB="#e6d1aa" NAME="Colortrend E7-12" Spot="1" />
 <COLOR RGB="#bc9857" NAME="Colortrend E7-13" Spot="1" />
 <COLOR RGB="#b49056" NAME="Colortrend E7-14" Spot="1" />
 <COLOR RGB="#876c41" NAME="Colortrend E7-15" Spot="1" />
 <COLOR RGB="#e7d4b4" NAME="Colortrend E7-16" Spot="1" />
 <COLOR RGB="#cdb284" NAME="Colortrend E7-17" Spot="1" />
 <COLOR RGB="#b79868" NAME="Colortrend E7-18" Spot="1" />
 <COLOR RGB="#a58455" NAME="Colortrend E7-19" Spot="1" />
 <COLOR RGB="#745a3b" NAME="Colortrend E7-20" Spot="1" />
 <COLOR RGB="#f8eebc" NAME="Colortrend E7-21" Spot="1" />
 <COLOR RGB="#fbe386" NAME="Colortrend E7-22" Spot="1" />
 <COLOR RGB="#fad750" NAME="Colortrend E7-23" Spot="1" />
 <COLOR RGB="#f8c92a" NAME="Colortrend E7-24" Spot="1" />
 <COLOR RGB="#f2bd00" NAME="Colortrend E7-25" Spot="1" />
 <COLOR RGB="#f3e4bf" NAME="Colortrend E7-26" Spot="1" />
 <COLOR RGB="#f8e49f" NAME="Colortrend E7-27" Spot="1" />
 <COLOR RGB="#e7c35c" NAME="Colortrend E7-28" Spot="1" />
 <COLOR RGB="#daac3e" NAME="Colortrend E7-29" Spot="1" />
 <COLOR RGB="#d8a21e" NAME="Colortrend E7-30" Spot="1" />
 <COLOR RGB="#ede0c6" NAME="Colortrend E7-31" Spot="1" />
 <COLOR RGB="#d2bb8d" NAME="Colortrend E7-32" Spot="1" />
 <COLOR RGB="#baa06c" NAME="Colortrend E7-33" Spot="1" />
 <COLOR RGB="#a78c58" NAME="Colortrend E7-34" Spot="1" />
 <COLOR RGB="#6f5b3c" NAME="Colortrend E7-35" Spot="1" />
 <COLOR RGB="#eee5cf" NAME="Colortrend E7-36" Spot="1" />
 <COLOR RGB="#ccbb98" NAME="Colortrend E7-37" Spot="1" />
 <COLOR RGB="#ac966f" NAME="Colortrend E7-38" Spot="1" />
 <COLOR RGB="#a78e61" NAME="Colortrend E7-39" Spot="1" />
 <COLOR RGB="#62523a" NAME="Colortrend E7-40" Spot="1" />
 <COLOR RGB="#f6efaf" NAME="Colortrend E7-41" Spot="1" />
 <COLOR RGB="#fbec8e" NAME="Colortrend E7-42" Spot="1" />
 <COLOR RGB="#fbdb4f" NAME="Colortrend E7-43" Spot="1" />
 <COLOR RGB="#fbd22c" NAME="Colortrend E7-44" Spot="1" />
 <COLOR RGB="#eec21b" NAME="Colortrend E7-45" Spot="1" />
 <COLOR RGB="#f3e7b0" NAME="Colortrend E7-46" Spot="1" />
 <COLOR RGB="#ead79a" NAME="Colortrend E7-47" Spot="1" />
 <COLOR RGB="#e2c66c" NAME="Colortrend E7-48" Spot="1" />
 <COLOR RGB="#d6af32" NAME="Colortrend E7-49" Spot="1" />
 <COLOR RGB="#c7a023" NAME="Colortrend E7-50" Spot="1" />
 <COLOR RGB="#e6d8ba" NAME="Colortrend E7-51" Spot="1" />
 <COLOR RGB="#d1bc91" NAME="Colortrend E7-52" Spot="1" />
 <COLOR RGB="#ad9568" NAME="Colortrend E7-53" Spot="1" />
 <COLOR RGB="#a58b56" NAME="Colortrend E7-54" Spot="1" />
 <COLOR RGB="#826b2f" NAME="Colortrend E7-55" Spot="1" />
 <COLOR RGB="#eae0cd" NAME="Colortrend E7-56" Spot="1" />
 <COLOR RGB="#ecddbe" NAME="Colortrend E7-57" Spot="1" />
 <COLOR RGB="#dfcb9e" NAME="Colortrend E7-58" Spot="1" />
 <COLOR RGB="#a68d61" NAME="Colortrend E7-59" Spot="1" />
 <COLOR RGB="#766346" NAME="Colortrend E7-60" Spot="1" />
 <COLOR RGB="#f2eec9" NAME="Colortrend E8-1" Spot="1" />
 <COLOR RGB="#ede4a6" NAME="Colortrend E8-2" Spot="1" />
 <COLOR RGB="#f3d65e" NAME="Colortrend E8-3" Spot="1" />
 <COLOR RGB="#f1cd3e" NAME="Colortrend E8-4" Spot="1" />
 <COLOR RGB="#edc725" NAME="Colortrend E8-5" Spot="1" />
 <COLOR RGB="#f2e9be" NAME="Colortrend E8-6" Spot="1" />
 <COLOR RGB="#ebd995" NAME="Colortrend E8-7" Spot="1" />
 <COLOR RGB="#d5b65d" NAME="Colortrend E8-8" Spot="1" />
 <COLOR RGB="#caa746" NAME="Colortrend E8-9" Spot="1" />
 <COLOR RGB="#a68336" NAME="Colortrend E8-10" Spot="1" />
 <COLOR RGB="#f1ead0" NAME="Colortrend E8-11" Spot="1" />
 <COLOR RGB="#ede1bb" NAME="Colortrend E8-12" Spot="1" />
 <COLOR RGB="#d0bf87" NAME="Colortrend E8-13" Spot="1" />
 <COLOR RGB="#9f8430" NAME="Colortrend E8-14" Spot="1" />
 <COLOR RGB="#957829" NAME="Colortrend E8-15" Spot="1" />
 <COLOR RGB="#e1dac4" NAME="Colortrend E8-16" Spot="1" />
 <COLOR RGB="#cdc5a7" NAME="Colortrend E8-17" Spot="1" />
 <COLOR RGB="#bcb495" NAME="Colortrend E8-18" Spot="1" />
 <COLOR RGB="#a59b82" NAME="Colortrend E8-19" Spot="1" />
 <COLOR RGB="#605339" NAME="Colortrend E8-20" Spot="1" />
 <COLOR RGB="#f5f2bf" NAME="Colortrend E8-21" Spot="1" />
 <COLOR RGB="#f8ed9c" NAME="Colortrend E8-22" Spot="1" />
 <COLOR RGB="#f8e88c" NAME="Colortrend E8-23" Spot="1" />
 <COLOR RGB="#e6d463" NAME="Colortrend E8-24" Spot="1" />
 <COLOR RGB="#d4b72e" NAME="Colortrend E8-25" Spot="1" />
 <COLOR RGB="#f1e8c1" NAME="Colortrend E8-26" Spot="1" />
 <COLOR RGB="#e3d090" NAME="Colortrend E8-27" Spot="1" />
 <COLOR RGB="#c2aa60" NAME="Colortrend E8-28" Spot="1" />
 <COLOR RGB="#b99d4b" NAME="Colortrend E8-29" Spot="1" />
 <COLOR RGB="#ab8a34" NAME="Colortrend E8-30" Spot="1" />
 <COLOR RGB="#ebe2c0" NAME="Colortrend E8-31" Spot="1" />
 <COLOR RGB="#e5daae" NAME="Colortrend E8-32" Spot="1" />
 <COLOR RGB="#c4b478" NAME="Colortrend E8-33" Spot="1" />
 <COLOR RGB="#b49e5c" NAME="Colortrend E8-34" Spot="1" />
 <COLOR RGB="#907839" NAME="Colortrend E8-35" Spot="1" />
 <COLOR RGB="#e8e3d2" NAME="Colortrend E8-36" Spot="1" />
 <COLOR RGB="#c5bda2" NAME="Colortrend E8-37" Spot="1" />
 <COLOR RGB="#9a8e72" NAME="Colortrend E8-38" Spot="1" />
 <COLOR RGB="#8b7d5d" NAME="Colortrend E8-39" Spot="1" />
 <COLOR RGB="#655835" NAME="Colortrend E8-40" Spot="1" />
 <COLOR RGB="#f1eaba" NAME="Colortrend E8-41" Spot="1" />
 <COLOR RGB="#e5d98f" NAME="Colortrend E8-42" Spot="1" />
 <COLOR RGB="#c9b75e" NAME="Colortrend E8-43" Spot="1" />
 <COLOR RGB="#bfab42" NAME="Colortrend E8-44" Spot="1" />
 <COLOR RGB="#aa9417" NAME="Colortrend E8-45" Spot="1" />
 <COLOR RGB="#eee9ca" NAME="Colortrend E8-46" Spot="1" />
 <COLOR RGB="#e6dfb6" NAME="Colortrend E8-47" Spot="1" />
 <COLOR RGB="#cbc387" NAME="Colortrend E8-48" Spot="1" />
 <COLOR RGB="#bbac5d" NAME="Colortrend E8-49" Spot="1" />
 <COLOR RGB="#9b8a3d" NAME="Colortrend E8-50" Spot="1" />
 <COLOR RGB="#e7e2bf" NAME="Colortrend E8-51" Spot="1" />
 <COLOR RGB="#dbd2a3" NAME="Colortrend E8-52" Spot="1" />
 <COLOR RGB="#d0c08e" NAME="Colortrend E8-53" Spot="1" />
 <COLOR RGB="#b7ab6a" NAME="Colortrend E8-54" Spot="1" />
 <COLOR RGB="#73652d" NAME="Colortrend E8-55" Spot="1" />
 <COLOR RGB="#e3ded4" NAME="Colortrend E8-56" Spot="1" />
 <COLOR RGB="#bab7a4" NAME="Colortrend E8-57" Spot="1" />
 <COLOR RGB="#968d74" NAME="Colortrend E8-58" Spot="1" />
 <COLOR RGB="#8a836c" NAME="Colortrend E8-59" Spot="1" />
 <COLOR RGB="#746b54" NAME="Colortrend E8-60" Spot="1" />
 <COLOR RGB="#e6e6b2" NAME="Colortrend E9-1" Spot="1" />
 <COLOR RGB="#d4dc83" NAME="Colortrend E9-2" Spot="1" />
 <COLOR RGB="#ced567" NAME="Colortrend E9-3" Spot="1" />
 <COLOR RGB="#b7ba3a" NAME="Colortrend E9-4" Spot="1" />
 <COLOR RGB="#a8a31c" NAME="Colortrend E9-5" Spot="1" />
 <COLOR RGB="#e9e8cb" NAME="Colortrend E9-6" Spot="1" />
 <COLOR RGB="#e2dfbb" NAME="Colortrend E9-7" Spot="1" />
 <COLOR RGB="#c6c186" NAME="Colortrend E9-8" Spot="1" />
 <COLOR RGB="#9a9555" NAME="Colortrend E9-9" Spot="1" />
 <COLOR RGB="#64623f" NAME="Colortrend E9-10" Spot="1" />
 <COLOR RGB="#eee9d1" NAME="Colortrend E9-11" Spot="1" />
 <COLOR RGB="#e3dbb6" NAME="Colortrend E9-12" Spot="1" />
 <COLOR RGB="#cdc398" NAME="Colortrend E9-13" Spot="1" />
 <COLOR RGB="#a29468" NAME="Colortrend E9-14" Spot="1" />
 <COLOR RGB="#756737" NAME="Colortrend E9-15" Spot="1" />
 <COLOR RGB="#e7e6e1" NAME="Colortrend E9-16" Spot="1" />
 <COLOR RGB="#d6d4cd" NAME="Colortrend E9-17" Spot="1" />
 <COLOR RGB="#97948a" NAME="Colortrend E9-18" Spot="1" />
 <COLOR RGB="#6f6b62" NAME="Colortrend E9-19" Spot="1" />
 <COLOR RGB="#6c6a63" NAME="Colortrend E9-20" Spot="1" />
 <COLOR RGB="#e5ecbc" NAME="Colortrend E9-21" Spot="1" />
 <COLOR RGB="#dbe588" NAME="Colortrend E9-22" Spot="1" />
 <COLOR RGB="#bfcf5c" NAME="Colortrend E9-23" Spot="1" />
 <COLOR RGB="#a8b71c" NAME="Colortrend E9-24" Spot="1" />
 <COLOR RGB="#939e26" NAME="Colortrend E9-25" Spot="1" />
 <COLOR RGB="#dcdfa6" NAME="Colortrend E9-26" Spot="1" />
 <COLOR RGB="#c6ce76" NAME="Colortrend E9-27" Spot="1" />
 <COLOR RGB="#b2bb58" NAME="Colortrend E9-28" Spot="1" />
 <COLOR RGB="#919736" NAME="Colortrend E9-29" Spot="1" />
 <COLOR RGB="#68683d" NAME="Colortrend E9-30" Spot="1" />
 <COLOR RGB="#e9e4ca" NAME="Colortrend E9-31" Spot="1" />
 <COLOR RGB="#c4bc92" NAME="Colortrend E9-32" Spot="1" />
 <COLOR RGB="#a19259" NAME="Colortrend E9-33" Spot="1" />
 <COLOR RGB="#7a6d39" NAME="Colortrend E9-34" Spot="1" />
 <COLOR RGB="#635e39" NAME="Colortrend E9-35" Spot="1" />
 <COLOR RGB="#d0d2ce" NAME="Colortrend E9-36" Spot="1" />
 <COLOR RGB="#c5c3ba" NAME="Colortrend E9-37" Spot="1" />
 <COLOR RGB="#bcbdbb" NAME="Colortrend E9-38" Spot="1" />
 <COLOR RGB="#9b9991" NAME="Colortrend E9-39" Spot="1" />
 <COLOR RGB="#605f59" NAME="Colortrend E9-40" Spot="1" />
 <COLOR RGB="#e6f2c3" NAME="Colortrend E9-41" Spot="1" />
 <COLOR RGB="#cee489" NAME="Colortrend E9-42" Spot="1" />
 <COLOR RGB="#b6ce5a" NAME="Colortrend E9-43" Spot="1" />
 <COLOR RGB="#9bb337" NAME="Colortrend E9-44" Spot="1" />
 <COLOR RGB="#889822" NAME="Colortrend E9-45" Spot="1" />
 <COLOR RGB="#e7e7ca" NAME="Colortrend E9-46" Spot="1" />
 <COLOR RGB="#e0e0be" NAME="Colortrend E9-47" Spot="1" />
 <COLOR RGB="#c7c78c" NAME="Colortrend E9-48" Spot="1" />
 <COLOR RGB="#9ea167" NAME="Colortrend E9-49" Spot="1" />
 <COLOR RGB="#787a40" NAME="Colortrend E9-50" Spot="1" />
 <COLOR RGB="#e0e1cb" NAME="Colortrend E9-51" Spot="1" />
 <COLOR RGB="#cdcca9" NAME="Colortrend E9-52" Spot="1" />
 <COLOR RGB="#979666" NAME="Colortrend E9-53" Spot="1" />
 <COLOR RGB="#7f7d50" NAME="Colortrend E9-54" Spot="1" />
 <COLOR RGB="#4f4e36" NAME="Colortrend E9-55" Spot="1" />
 <COLOR RGB="#f7f5e9" NAME="Colortrend E9-56" Spot="1" />
 <COLOR RGB="#dcdcd2" NAME="Colortrend E9-57" Spot="1" />
 <COLOR RGB="#b3b5ab" NAME="Colortrend E9-58" Spot="1" />
 <COLOR RGB="#878a7c" NAME="Colortrend E9-59" Spot="1" />
 <COLOR RGB="#7e7c6c" NAME="Colortrend E9-60" Spot="1" />
 <COLOR RGB="#e5eeba" NAME="Colortrend E10-1" Spot="1" />
 <COLOR RGB="#cee594" NAME="Colortrend E10-2" Spot="1" />
 <COLOR RGB="#a6ce5c" NAME="Colortrend E10-3" Spot="1" />
 <COLOR RGB="#90b937" NAME="Colortrend E10-4" Spot="1" />
 <COLOR RGB="#82a91b" NAME="Colortrend E10-5" Spot="1" />
 <COLOR RGB="#e2ebc2" NAME="Colortrend E10-6" Spot="1" />
 <COLOR RGB="#bcd191" NAME="Colortrend E10-7" Spot="1" />
 <COLOR RGB="#97aa63" NAME="Colortrend E10-8" Spot="1" />
 <COLOR RGB="#8ea350" NAME="Colortrend E10-9" Spot="1" />
 <COLOR RGB="#6e892a" NAME="Colortrend E10-10" Spot="1" />
 <COLOR RGB="#dfe2c2" NAME="Colortrend E10-11" Spot="1" />
 <COLOR RGB="#cad3a9" NAME="Colortrend E10-12" Spot="1" />
 <COLOR RGB="#c4ca9a" NAME="Colortrend E10-13" Spot="1" />
 <COLOR RGB="#8f9455" NAME="Colortrend E10-14" Spot="1" />
 <COLOR RGB="#5d643b" NAME="Colortrend E10-15" Spot="1" />
 <COLOR RGB="#e3e3cc" NAME="Colortrend E10-16" Spot="1" />
 <COLOR RGB="#cfd3ba" NAME="Colortrend E10-17" Spot="1" />
 <COLOR RGB="#8f9370" NAME="Colortrend E10-18" Spot="1" />
 <COLOR RGB="#7d7959" NAME="Colortrend E10-19" Spot="1" />
 <COLOR RGB="#505037" NAME="Colortrend E10-20" Spot="1" />
 <COLOR RGB="#e3f0c9" NAME="Colortrend E10-21" Spot="1" />
 <COLOR RGB="#c3e39c" NAME="Colortrend E10-22" Spot="1" />
 <COLOR RGB="#93c659" NAME="Colortrend E10-23" Spot="1" />
 <COLOR RGB="#88c140" NAME="Colortrend E10-24" Spot="1" />
 <COLOR RGB="#6daa39" NAME="Colortrend E10-25" Spot="1" />
 <COLOR RGB="#ddecc1" NAME="Colortrend E10-26" Spot="1" />
 <COLOR RGB="#bbdc9a" NAME="Colortrend E10-27" Spot="1" />
 <COLOR RGB="#87b965" NAME="Colortrend E10-28" Spot="1" />
 <COLOR RGB="#72ac46" NAME="Colortrend E10-29" Spot="1" />
 <COLOR RGB="#5ea43b" NAME="Colortrend E10-30" Spot="1" />
 <COLOR RGB="#e0e5cc" NAME="Colortrend E10-31" Spot="1" />
 <COLOR RGB="#ced5b6" NAME="Colortrend E10-32" Spot="1" />
 <COLOR RGB="#b7c298" NAME="Colortrend E10-33" Spot="1" />
 <COLOR RGB="#8e9a67" NAME="Colortrend E10-34" Spot="1" />
 <COLOR RGB="#545934" NAME="Colortrend E10-35" Spot="1" />
 <COLOR RGB="#c0c4a8" NAME="Colortrend E10-36" Spot="1" />
 <COLOR RGB="#9c9d80" NAME="Colortrend E10-37" Spot="1" />
 <COLOR RGB="#808360" NAME="Colortrend E10-38" Spot="1" />
 <COLOR RGB="#535740" NAME="Colortrend E10-39" Spot="1" />
 <COLOR RGB="#404939" NAME="Colortrend E10-40" Spot="1" />
 <COLOR RGB="#dcefca" NAME="Colortrend E10-41" Spot="1" />
 <COLOR RGB="#a7d990" NAME="Colortrend E10-42" Spot="1" />
 <COLOR RGB="#74be61" NAME="Colortrend E10-43" Spot="1" />
 <COLOR RGB="#66b649" NAME="Colortrend E10-44" Spot="1" />
 <COLOR RGB="#599c37" NAME="Colortrend E10-45" Spot="1" />
 <COLOR RGB="#dfebca" NAME="Colortrend E10-46" Spot="1" />
 <COLOR RGB="#bcd49e" NAME="Colortrend E10-47" Spot="1" />
 <COLOR RGB="#8ca967" NAME="Colortrend E10-48" Spot="1" />
 <COLOR RGB="#709241" NAME="Colortrend E10-49" Spot="1" />
 <COLOR RGB="#5d8033" NAME="Colortrend E10-50" Spot="1" />
 <COLOR RGB="#eaeed7" NAME="Colortrend E10-51" Spot="1" />
 <COLOR RGB="#cfd9b4" NAME="Colortrend E10-52" Spot="1" />
 <COLOR RGB="#b3c192" NAME="Colortrend E10-53" Spot="1" />
 <COLOR RGB="#919f68" NAME="Colortrend E10-54" Spot="1" />
 <COLOR RGB="#5d7141" NAME="Colortrend E10-55" Spot="1" />
 <COLOR RGB="#dcddcf" NAME="Colortrend E10-56" Spot="1" />
 <COLOR RGB="#cfd1c1" NAME="Colortrend E10-57" Spot="1" />
 <COLOR RGB="#b3b7a4" NAME="Colortrend E10-58" Spot="1" />
 <COLOR RGB="#7e7e69" NAME="Colortrend E10-59" Spot="1" />
 <COLOR RGB="#4b503c" NAME="Colortrend E10-60" Spot="1" />
 <COLOR RGB="#d3edc9" NAME="Colortrend E11-1" Spot="1" />
 <COLOR RGB="#a8dfa8" NAME="Colortrend E11-2" Spot="1" />
 <COLOR RGB="#65b868" NAME="Colortrend E11-3" Spot="1" />
 <COLOR RGB="#50a954" NAME="Colortrend E11-4" Spot="1" />
 <COLOR RGB="#328838" NAME="Colortrend E11-5" Spot="1" />
 <COLOR RGB="#d6e7c4" NAME="Colortrend E11-6" Spot="1" />
 <COLOR RGB="#bdd3ae" NAME="Colortrend E11-7" Spot="1" />
 <COLOR RGB="#a4c894" NAME="Colortrend E11-8" Spot="1" />
 <COLOR RGB="#82b26c" NAME="Colortrend E11-9" Spot="1" />
 <COLOR RGB="#5f8a4a" NAME="Colortrend E11-10" Spot="1" />
 <COLOR RGB="#d4e3ca" NAME="Colortrend E11-11" Spot="1" />
 <COLOR RGB="#bed1a9" NAME="Colortrend E11-12" Spot="1" />
 <COLOR RGB="#89a56f" NAME="Colortrend E11-13" Spot="1" />
 <COLOR RGB="#548440" NAME="Colortrend E11-14" Spot="1" />
 <COLOR RGB="#4b6c3b" NAME="Colortrend E11-15" Spot="1" />
 <COLOR RGB="#e1e5d6" NAME="Colortrend E11-16" Spot="1" />
 <COLOR RGB="#b0baa4" NAME="Colortrend E11-17" Spot="1" />
 <COLOR RGB="#888e78" NAME="Colortrend E11-18" Spot="1" />
 <COLOR RGB="#797e63" NAME="Colortrend E11-19" Spot="1" />
 <COLOR RGB="#4c5140" NAME="Colortrend E11-20" Spot="1" />
 <COLOR RGB="#e3f0dd" NAME="Colortrend E11-21" Spot="1" />
 <COLOR RGB="#caebcb" NAME="Colortrend E11-22" Spot="1" />
 <COLOR RGB="#8dd59c" NAME="Colortrend E11-23" Spot="1" />
 <COLOR RGB="#3fae59" NAME="Colortrend E11-24" Spot="1" />
 <COLOR RGB="#377f3c" NAME="Colortrend E11-25" Spot="1" />
 <COLOR RGB="#cfdfc4" NAME="Colortrend E11-26" Spot="1" />
 <COLOR RGB="#c2d7b8" NAME="Colortrend E11-27" Spot="1" />
 <COLOR RGB="#a1be9a" NAME="Colortrend E11-28" Spot="1" />
 <COLOR RGB="#739260" NAME="Colortrend E11-29" Spot="1" />
 <COLOR RGB="#3c6d38" NAME="Colortrend E11-30" Spot="1" />
 <COLOR RGB="#c8d2b8" NAME="Colortrend E11-31" Spot="1" />
 <COLOR RGB="#a7b99b" NAME="Colortrend E11-32" Spot="1" />
 <COLOR RGB="#8a9e7a" NAME="Colortrend E11-33" Spot="1" />
 <COLOR RGB="#70845d" NAME="Colortrend E11-34" Spot="1" />
 <COLOR RGB="#464f3c" NAME="Colortrend E11-35" Spot="1" />
 <COLOR RGB="#d3d8cb" NAME="Colortrend E11-36" Spot="1" />
 <COLOR RGB="#acb5a8" NAME="Colortrend E11-37" Spot="1" />
 <COLOR RGB="#7a7d6c" NAME="Colortrend E11-38" Spot="1" />
 <COLOR RGB="#6d705c" NAME="Colortrend E11-39" Spot="1" />
 <COLOR RGB="#3d4337" NAME="Colortrend E11-40" Spot="1" />
 <COLOR RGB="#d6ebcf" NAME="Colortrend E11-41" Spot="1" />
 <COLOR RGB="#b8ddba" NAME="Colortrend E11-42" Spot="1" />
 <COLOR RGB="#95cb9b" NAME="Colortrend E11-43" Spot="1" />
 <COLOR RGB="#5caf70" NAME="Colortrend E11-44" Spot="1" />
 <COLOR RGB="#4c9857" NAME="Colortrend E11-45" Spot="1" />
 <COLOR RGB="#daecd6" NAME="Colortrend E11-46" Spot="1" />
 <COLOR RGB="#b7d7b7" NAME="Colortrend E11-47" Spot="1" />
 <COLOR RGB="#9cc49e" NAME="Colortrend E11-48" Spot="1" />
 <COLOR RGB="#6e9764" NAME="Colortrend E11-49" Spot="1" />
 <COLOR RGB="#396c3d" NAME="Colortrend E11-50" Spot="1" />
 <COLOR RGB="#cee1c8" NAME="Colortrend E11-51" Spot="1" />
 <COLOR RGB="#c0d6ba" NAME="Colortrend E11-52" Spot="1" />
 <COLOR RGB="#a7c4a6" NAME="Colortrend E11-53" Spot="1" />
 <COLOR RGB="#6d8c63" NAME="Colortrend E11-54" Spot="1" />
 <COLOR RGB="#3a603c" NAME="Colortrend E11-55" Spot="1" />
 <COLOR RGB="#cacfc8" NAME="Colortrend E11-56" Spot="1" />
 <COLOR RGB="#7f7e74" NAME="Colortrend E11-57" Spot="1" />
 <COLOR RGB="#6e726e" NAME="Colortrend E11-58" Spot="1" />
 <COLOR RGB="#64665c" NAME="Colortrend E11-59" Spot="1" />
 <COLOR RGB="#5d605a" NAME="Colortrend E11-60" Spot="1" />
 <COLOR RGB="#d0edda" NAME="Colortrend E12-1" Spot="1" />
 <COLOR RGB="#bcebd1" NAME="Colortrend E12-2" Spot="1" />
 <COLOR RGB="#7ad4af" NAME="Colortrend E12-3" Spot="1" />
 <COLOR RGB="#3bb382" NAME="Colortrend E12-4" Spot="1" />
 <COLOR RGB="#199665" NAME="Colortrend E12-5" Spot="1" />
 <COLOR RGB="#caead9" NAME="Colortrend E12-6" Spot="1" />
 <COLOR RGB="#bce2ce" NAME="Colortrend E12-7" Spot="1" />
 <COLOR RGB="#82c8ab" NAME="Colortrend E12-8" Spot="1" />
 <COLOR RGB="#53a47d" NAME="Colortrend E12-9" Spot="1" />
 <COLOR RGB="#4a8665" NAME="Colortrend E12-10" Spot="1" />
 <COLOR RGB="#cedbcc" NAME="Colortrend E12-11" Spot="1" />
 <COLOR RGB="#bed0bf" NAME="Colortrend E12-12" Spot="1" />
 <COLOR RGB="#a1b8a4" NAME="Colortrend E12-13" Spot="1" />
 <COLOR RGB="#778e79" NAME="Colortrend E12-14" Spot="1" />
 <COLOR RGB="#677b64" NAME="Colortrend E12-15" Spot="1" />
 <COLOR RGB="#e1e6de" NAME="Colortrend E12-16" Spot="1" />
 <COLOR RGB="#d0d8d2" NAME="Colortrend E12-17" Spot="1" />
 <COLOR RGB="#a2b0ae" NAME="Colortrend E12-18" Spot="1" />
 <COLOR RGB="#737f7a" NAME="Colortrend E12-19" Spot="1" />
 <COLOR RGB="#67716a" NAME="Colortrend E12-20" Spot="1" />
 <COLOR RGB="#c2ece5" NAME="Colortrend E12-21" Spot="1" />
 <COLOR RGB="#9bded7" NAME="Colortrend E12-22" Spot="1" />
 <COLOR RGB="#64cdc3" NAME="Colortrend E12-23" Spot="1" />
 <COLOR RGB="#00ad9d" NAME="Colortrend E12-24" Spot="1" />
 <COLOR RGB="#009a88" NAME="Colortrend E12-25" Spot="1" />
 <COLOR RGB="#d7eee2" NAME="Colortrend E12-26" Spot="1" />
 <COLOR RGB="#bbe4d9" NAME="Colortrend E12-27" Spot="1" />
 <COLOR RGB="#81c7b8" NAME="Colortrend E12-28" Spot="1" />
 <COLOR RGB="#52a18f" NAME="Colortrend E12-29" Spot="1" />
 <COLOR RGB="#467f69" NAME="Colortrend E12-30" Spot="1" />
 <COLOR RGB="#deeadb" NAME="Colortrend E12-31" Spot="1" />
 <COLOR RGB="#b8d3c1" NAME="Colortrend E12-32" Spot="1" />
 <COLOR RGB="#a1bfa5" NAME="Colortrend E12-33" Spot="1" />
 <COLOR RGB="#699277" NAME="Colortrend E12-34" Spot="1" />
 <COLOR RGB="#5a7f61" NAME="Colortrend E12-35" Spot="1" />
 <COLOR RGB="#e4ece1" NAME="Colortrend E12-36" Spot="1" />
 <COLOR RGB="#d1ded3" NAME="Colortrend E12-37" Spot="1" />
 <COLOR RGB="#9eb6a4" NAME="Colortrend E12-38" Spot="1" />
 <COLOR RGB="#788e7f" NAME="Colortrend E12-39" Spot="1" />
 <COLOR RGB="#667666" NAME="Colortrend E12-40" Spot="1" />
 <COLOR RGB="#dbece6" NAME="Colortrend E12-41" Spot="1" />
 <COLOR RGB="#c2ebe5" NAME="Colortrend E12-42" Spot="1" />
 <COLOR RGB="#88d5d1" NAME="Colortrend E12-43" Spot="1" />
 <COLOR RGB="#00a9a2" NAME="Colortrend E12-44" Spot="1" />
 <COLOR RGB="#009188" NAME="Colortrend E12-45" Spot="1" />
 <COLOR RGB="#c7e8de" NAME="Colortrend E12-46" Spot="1" />
 <COLOR RGB="#b6e2d8" NAME="Colortrend E12-47" Spot="1" />
 <COLOR RGB="#7bc3bb" NAME="Colortrend E12-48" Spot="1" />
 <COLOR RGB="#48988c" NAME="Colortrend E12-49" Spot="1" />
 <COLOR RGB="#318276" NAME="Colortrend E12-50" Spot="1" />
 <COLOR RGB="#d2e7e2" NAME="Colortrend E12-51" Spot="1" />
 <COLOR RGB="#add6cf" NAME="Colortrend E12-52" Spot="1" />
 <COLOR RGB="#8cc3bb" NAME="Colortrend E12-53" Spot="1" />
 <COLOR RGB="#5a988f" NAME="Colortrend E12-54" Spot="1" />
 <COLOR RGB="#448076" NAME="Colortrend E12-55" Spot="1" />
 <COLOR RGB="#c8dcd3" NAME="Colortrend E12-56" Spot="1" />
 <COLOR RGB="#b7d0c8" NAME="Colortrend E12-57" Spot="1" />
 <COLOR RGB="#97b7ac" NAME="Colortrend E12-58" Spot="1" />
 <COLOR RGB="#6a8c7f" NAME="Colortrend E12-59" Spot="1" />
 <COLOR RGB="#587568" NAME="Colortrend E12-60" Spot="1" />
 <COLOR RGB="#c8e4e1" NAME="Colortrend E13-1" Spot="1" />
 <COLOR RGB="#9cd9dd" NAME="Colortrend E13-2" Spot="1" />
 <COLOR RGB="#67c0c6" NAME="Colortrend E13-3" Spot="1" />
 <COLOR RGB="#12a0a7" NAME="Colortrend E13-4" Spot="1" />
 <COLOR RGB="#008d95" NAME="Colortrend E13-5" Spot="1" />
 <COLOR RGB="#c4e8e3" NAME="Colortrend E13-6" Spot="1" />
 <COLOR RGB="#9ed3cf" NAME="Colortrend E13-7" Spot="1" />
 <COLOR RGB="#7abdba" NAME="Colortrend E13-8" Spot="1" />
 <COLOR RGB="#3e928b" NAME="Colortrend E13-9" Spot="1" />
 <COLOR RGB="#2a7d76" NAME="Colortrend E13-10" Spot="1" />
 <COLOR RGB="#d8e6e1" NAME="Colortrend E13-11" Spot="1" />
 <COLOR RGB="#bfdadb" NAME="Colortrend E13-12" Spot="1" />
 <COLOR RGB="#83b4b7" NAME="Colortrend E13-13" Spot="1" />
 <COLOR RGB="#699f9d" NAME="Colortrend E13-14" Spot="1" />
 <COLOR RGB="#487b76" NAME="Colortrend E13-15" Spot="1" />
 <COLOR RGB="#daeae3" NAME="Colortrend E13-16" Spot="1" />
 <COLOR RGB="#b5cfc9" NAME="Colortrend E13-17" Spot="1" />
 <COLOR RGB="#8db2ad" NAME="Colortrend E13-18" Spot="1" />
 <COLOR RGB="#5d8c89" NAME="Colortrend E13-19" Spot="1" />
 <COLOR RGB="#54766e" NAME="Colortrend E13-20" Spot="1" />
 <COLOR RGB="#cee8ea" NAME="Colortrend E13-21" Spot="1" />
 <COLOR RGB="#bfe4ec" NAME="Colortrend E13-22" Spot="1" />
 <COLOR RGB="#94d1e1" NAME="Colortrend E13-23" Spot="1" />
 <COLOR RGB="#47a8c1" NAME="Colortrend E13-24" Spot="1" />
 <COLOR RGB="#0087a2" NAME="Colortrend E13-25" Spot="1" />
 <COLOR RGB="#d3eae6" NAME="Colortrend E13-26" Spot="1" />
 <COLOR RGB="#bae1df" NAME="Colortrend E13-27" Spot="1" />
 <COLOR RGB="#7ec2c5" NAME="Colortrend E13-28" Spot="1" />
 <COLOR RGB="#2c9290" NAME="Colortrend E13-29" Spot="1" />
 <COLOR RGB="#28888a" NAME="Colortrend E13-30" Spot="1" />
 <COLOR RGB="#cae4e1" NAME="Colortrend E13-31" Spot="1" />
 <COLOR RGB="#a0cfd5" NAME="Colortrend E13-32" Spot="1" />
 <COLOR RGB="#87bec7" NAME="Colortrend E13-33" Spot="1" />
 <COLOR RGB="#5599a5" NAME="Colortrend E13-34" Spot="1" />
 <COLOR RGB="#3b7c88" NAME="Colortrend E13-35" Spot="1" />
 <COLOR RGB="#e8ece6" NAME="Colortrend E13-36" Spot="1" />
 <COLOR RGB="#c8dcdd" NAME="Colortrend E13-37" Spot="1" />
 <COLOR RGB="#9bb3bc" NAME="Colortrend E13-38" Spot="1" />
 <COLOR RGB="#537176" NAME="Colortrend E13-39" Spot="1" />
 <COLOR RGB="#5d6262" NAME="Colortrend E13-40" Spot="1" />
 <COLOR RGB="#c2e0e8" NAME="Colortrend E13-41" Spot="1" />
 <COLOR RGB="#a2d5e6" NAME="Colortrend E13-42" Spot="1" />
 <COLOR RGB="#68b7d6" NAME="Colortrend E13-43" Spot="1" />
 <COLOR RGB="#2c90bb" NAME="Colortrend E13-44" Spot="1" />
 <COLOR RGB="#0082ab" NAME="Colortrend E13-45" Spot="1" />
 <COLOR RGB="#c3dee5" NAME="Colortrend E13-46" Spot="1" />
 <COLOR RGB="#a0cbdb" NAME="Colortrend E13-47" Spot="1" />
 <COLOR RGB="#7ab2c8" NAME="Colortrend E13-48" Spot="1" />
 <COLOR RGB="#4e8c9f" NAME="Colortrend E13-49" Spot="1" />
 <COLOR RGB="#327089" NAME="Colortrend E13-50" Spot="1" />
 <COLOR RGB="#dee8e6" NAME="Colortrend E13-51" Spot="1" />
 <COLOR RGB="#c1d7db" NAME="Colortrend E13-52" Spot="1" />
 <COLOR RGB="#adccd4" NAME="Colortrend E13-53" Spot="1" />
 <COLOR RGB="#87b2bf" NAME="Colortrend E13-54" Spot="1" />
 <COLOR RGB="#4f7984" NAME="Colortrend E13-55" Spot="1" />
 <COLOR RGB="#e3e9e8" NAME="Colortrend E13-56" Spot="1" />
 <COLOR RGB="#d2dedf" NAME="Colortrend E13-57" Spot="1" />
 <COLOR RGB="#a8bdc6" NAME="Colortrend E13-58" Spot="1" />
 <COLOR RGB="#839ca9" NAME="Colortrend E13-59" Spot="1" />
 <COLOR RGB="#526672" NAME="Colortrend E13-60" Spot="1" />
 <COLOR RGB="#d0e4e6" NAME="Colortrend E14-1" Spot="1" />
 <COLOR RGB="#a7d4e8" NAME="Colortrend E14-2" Spot="1" />
 <COLOR RGB="#79bddc" NAME="Colortrend E14-3" Spot="1" />
 <COLOR RGB="#2687c0" NAME="Colortrend E14-4" Spot="1" />
 <COLOR RGB="#077fb3" NAME="Colortrend E14-5" Spot="1" />
 <COLOR RGB="#d2e6e9" NAME="Colortrend E14-6" Spot="1" />
 <COLOR RGB="#b0d9e9" NAME="Colortrend E14-7" Spot="1" />
 <COLOR RGB="#8ec9e6" NAME="Colortrend E14-8" Spot="1" />
 <COLOR RGB="#63a5c9" NAME="Colortrend E14-9" Spot="1" />
 <COLOR RGB="#24688e" NAME="Colortrend E14-10" Spot="1" />
 <COLOR RGB="#c2dce2" NAME="Colortrend E14-11" Spot="1" />
 <COLOR RGB="#a7cbdc" NAME="Colortrend E14-12" Spot="1" />
 <COLOR RGB="#8fbcd1" NAME="Colortrend E14-13" Spot="1" />
 <COLOR RGB="#4b86a4" NAME="Colortrend E14-14" Spot="1" />
 <COLOR RGB="#407695" NAME="Colortrend E14-15" Spot="1" />
 <COLOR RGB="#cfd4d2" NAME="Colortrend E14-16" Spot="1" />
 <COLOR RGB="#979e9b" NAME="Colortrend E14-17" Spot="1" />
 <COLOR RGB="#677073" NAME="Colortrend E14-18" Spot="1" />
 <COLOR RGB="#646b6d" NAME="Colortrend E14-19" Spot="1" />
 <COLOR RGB="#5b6164" NAME="Colortrend E14-20" Spot="1" />
 <COLOR RGB="#d3e2e8" NAME="Colortrend E14-21" Spot="1" />
 <COLOR RGB="#bcd8e8" NAME="Colortrend E14-22" Spot="1" />
 <COLOR RGB="#67a5d5" NAME="Colortrend E14-23" Spot="1" />
 <COLOR RGB="#528bc2" NAME="Colortrend E14-24" Spot="1" />
 <COLOR RGB="#4376b4" NAME="Colortrend E14-25" Spot="1" />
 <COLOR RGB="#c3dbe4" NAME="Colortrend E14-26" Spot="1" />
 <COLOR RGB="#b3d2e4" NAME="Colortrend E14-27" Spot="1" />
 <COLOR RGB="#91bfda" NAME="Colortrend E14-28" Spot="1" />
 <COLOR RGB="#4e90bc" NAME="Colortrend E14-29" Spot="1" />
 <COLOR RGB="#3574a6" NAME="Colortrend E14-30" Spot="1" />
 <COLOR RGB="#c3d5d8" NAME="Colortrend E14-31" Spot="1" />
 <COLOR RGB="#b8d5e2" NAME="Colortrend E14-32" Spot="1" />
 <COLOR RGB="#7fb1cd" NAME="Colortrend E14-33" Spot="1" />
 <COLOR RGB="#366b8a" NAME="Colortrend E14-34" Spot="1" />
 <COLOR RGB="#497193" NAME="Colortrend E14-35" Spot="1" />
 <COLOR RGB="#e8ede6" NAME="Colortrend E14-36" Spot="1" />
 <COLOR RGB="#c1cac9" NAME="Colortrend E14-37" Spot="1" />
 <COLOR RGB="#838e93" NAME="Colortrend E14-38" Spot="1" />
 <COLOR RGB="#575a5f" NAME="Colortrend E14-39" Spot="1" />
 <COLOR RGB="#52565a" NAME="Colortrend E14-40" Spot="1" />
 <COLOR RGB="#cadae7" NAME="Colortrend E14-41" Spot="1" />
 <COLOR RGB="#afc7e3" NAME="Colortrend E14-42" Spot="1" />
 <COLOR RGB="#91b0dc" NAME="Colortrend E14-43" Spot="1" />
 <COLOR RGB="#6884be" NAME="Colortrend E14-44" Spot="1" />
 <COLOR RGB="#526dae" NAME="Colortrend E14-45" Spot="1" />
 <COLOR RGB="#c0d7e6" NAME="Colortrend E14-46" Spot="1" />
 <COLOR RGB="#b0cde2" NAME="Colortrend E14-47" Spot="1" />
 <COLOR RGB="#86b5da" NAME="Colortrend E14-48" Spot="1" />
 <COLOR RGB="#588bba" NAME="Colortrend E14-49" Spot="1" />
 <COLOR RGB="#366a9e" NAME="Colortrend E14-50" Spot="1" />
 <COLOR RGB="#d7e3e8" NAME="Colortrend E14-51" Spot="1" />
 <COLOR RGB="#bfd6e3" NAME="Colortrend E14-52" Spot="1" />
 <COLOR RGB="#87adca" NAME="Colortrend E14-53" Spot="1" />
 <COLOR RGB="#6e89a5" NAME="Colortrend E14-54" Spot="1" />
 <COLOR RGB="#4b6c95" NAME="Colortrend E14-55" Spot="1" />
 <COLOR RGB="#dce2e3" NAME="Colortrend E14-56" Spot="1" />
 <COLOR RGB="#b1bdc6" NAME="Colortrend E14-57" Spot="1" />
 <COLOR RGB="#8f9dad" NAME="Colortrend E14-58" Spot="1" />
 <COLOR RGB="#6a7887" NAME="Colortrend E14-59" Spot="1" />
 <COLOR RGB="#535c67" NAME="Colortrend E14-60" Spot="1" />
 <COLOR RGB="#dbdee4" NAME="Colortrend E15-1" Spot="1" />
 <COLOR RGB="#cbd4e7" NAME="Colortrend E15-2" Spot="1" />
 <COLOR RGB="#b4bde0" NAME="Colortrend E15-3" Spot="1" />
 <COLOR RGB="#7981b9" NAME="Colortrend E15-4" Spot="1" />
 <COLOR RGB="#6369a8" NAME="Colortrend E15-5" Spot="1" />
 <COLOR RGB="#d2dde8" NAME="Colortrend E15-6" Spot="1" />
 <COLOR RGB="#b7cbe4" NAME="Colortrend E15-7" Spot="1" />
 <COLOR RGB="#96add4" NAME="Colortrend E15-8" Spot="1" />
 <COLOR RGB="#6981b0" NAME="Colortrend E15-9" Spot="1" />
 <COLOR RGB="#54699e" NAME="Colortrend E15-10" Spot="1" />
 <COLOR RGB="#e4e7e7" NAME="Colortrend E15-11" Spot="1" />
 <COLOR RGB="#d1d7df" NAME="Colortrend E15-12" Spot="1" />
 <COLOR RGB="#9fa9c2" NAME="Colortrend E15-13" Spot="1" />
 <COLOR RGB="#767e9b" NAME="Colortrend E15-14" Spot="1" />
 <COLOR RGB="#5d6483" NAME="Colortrend E15-15" Spot="1" />
 <COLOR RGB="#e1e0df" NAME="Colortrend E15-16" Spot="1" />
 <COLOR RGB="#cbc9cb" NAME="Colortrend E15-17" Spot="1" />
 <COLOR RGB="#99999f" NAME="Colortrend E15-18" Spot="1" />
 <COLOR RGB="#817f87" NAME="Colortrend E15-19" Spot="1" />
 <COLOR RGB="#5a575b" NAME="Colortrend E15-20" Spot="1" />
 <COLOR RGB="#e5e0e9" NAME="Colortrend E15-21" Spot="1" />
 <COLOR RGB="#dcd4e6" NAME="Colortrend E15-22" Spot="1" />
 <COLOR RGB="#c3badb" NAME="Colortrend E15-23" Spot="1" />
 <COLOR RGB="#877caa" NAME="Colortrend E15-24" Spot="1" />
 <COLOR RGB="#75658d" NAME="Colortrend E15-25" Spot="1" />
 <COLOR RGB="#e8e6e9" NAME="Colortrend E15-26" Spot="1" />
 <COLOR RGB="#d2cbe2" NAME="Colortrend E15-27" Spot="1" />
 <COLOR RGB="#b6acd3" NAME="Colortrend E15-28" Spot="1" />
 <COLOR RGB="#9a8ac2" NAME="Colortrend E15-29" Spot="1" />
 <COLOR RGB="#7a67a4" NAME="Colortrend E15-30" Spot="1" />
 <COLOR RGB="#d6d4e1" NAME="Colortrend E15-31" Spot="1" />
 <COLOR RGB="#c8c4da" NAME="Colortrend E15-32" Spot="1" />
 <COLOR RGB="#a7a0c2" NAME="Colortrend E15-33" Spot="1" />
 <COLOR RGB="#7f7a9f" NAME="Colortrend E15-34" Spot="1" />
 <COLOR RGB="#6c6187" NAME="Colortrend E15-35" Spot="1" />
 <COLOR RGB="#e7e6e4" NAME="Colortrend E15-36" Spot="1" />
 <COLOR RGB="#cbc9cc" NAME="Colortrend E15-37" Spot="1" />
 <COLOR RGB="#97969e" NAME="Colortrend E15-38" Spot="1" />
 <COLOR RGB="#696470" NAME="Colortrend E15-39" Spot="1" />
 <COLOR RGB="#5e5c68" NAME="Colortrend E15-40" Spot="1" />
 <COLOR RGB="#e0d3de" NAME="Colortrend E15-41" Spot="1" />
 <COLOR RGB="#d6c4cf" NAME="Colortrend E15-42" Spot="1" />
 <COLOR RGB="#c9b5d1" NAME="Colortrend E15-43" Spot="1" />
 <COLOR RGB="#b9a3c3" NAME="Colortrend E15-44" Spot="1" />
 <COLOR RGB="#825d81" NAME="Colortrend E15-45" Spot="1" />
 <COLOR RGB="#e3d8e3" NAME="Colortrend E15-46" Spot="1" />
 <COLOR RGB="#d7c8dc" NAME="Colortrend E15-47" Spot="1" />
 <COLOR RGB="#b9a8cb" NAME="Colortrend E15-48" Spot="1" />
 <COLOR RGB="#9179aa" NAME="Colortrend E15-49" Spot="1" />
 <COLOR RGB="#826a9e" NAME="Colortrend E15-50" Spot="1" />
 <COLOR RGB="#e9e1e6" NAME="Colortrend E15-51" Spot="1" />
 <COLOR RGB="#cfc2ce" NAME="Colortrend E15-52" Spot="1" />
 <COLOR RGB="#afa1b5" NAME="Colortrend E15-53" Spot="1" />
 <COLOR RGB="#8f788e" NAME="Colortrend E15-54" Spot="1" />
 <COLOR RGB="#786178" NAME="Colortrend E15-55" Spot="1" />
 <COLOR RGB="#c9cbc8" NAME="Colortrend E15-56" Spot="1" />
 <COLOR RGB="#b2b1ae" NAME="Colortrend E15-57" Spot="1" />
 <COLOR RGB="#a19e9c" NAME="Colortrend E15-58" Spot="1" />
 <COLOR RGB="#7f8080" NAME="Colortrend E15-59" Spot="1" />
 <COLOR RGB="#545554" NAME="Colortrend E15-60" Spot="1" />
 <COLOR RGB="#a33a3c" NAME="Colortrend E25-01" Spot="1" />
 <COLOR RGB="#a33632" NAME="Colortrend E25-02" Spot="1" />
 <COLOR RGB="#a7312e" NAME="Colortrend E25-03" Spot="1" />
 <COLOR RGB="#91393b" NAME="Colortrend E25-04" Spot="1" />
 <COLOR RGB="#8c3634" NAME="Colortrend E25-05" Spot="1" />
 <COLOR RGB="#c14a52" NAME="Colortrend E25-06" Spot="1" />
 <COLOR RGB="#a24a4f" NAME="Colortrend E25-07" Spot="1" />
 <COLOR RGB="#985255" NAME="Colortrend E25-08" Spot="1" />
 <COLOR RGB="#7e4550" NAME="Colortrend E25-09" Spot="1" />
 <COLOR RGB="#71424f" NAME="Colortrend E25-10" Spot="1" />
 <COLOR RGB="#9b4339" NAME="Colortrend E25-11" Spot="1" />
 <COLOR RGB="#8d332d" NAME="Colortrend E25-12" Spot="1" />
 <COLOR RGB="#733734" NAME="Colortrend E25-13" Spot="1" />
 <COLOR RGB="#65352f" NAME="Colortrend E25-14" Spot="1" />
 <COLOR RGB="#5c3c41" NAME="Colortrend E25-15" Spot="1" />
 <COLOR RGB="#7a3533" NAME="Colortrend E25-16" Spot="1" />
 <COLOR RGB="#7d383c" NAME="Colortrend E25-17" Spot="1" />
 <COLOR RGB="#773a39" NAME="Colortrend E25-18" Spot="1" />
 <COLOR RGB="#6f3737" NAME="Colortrend E25-19" Spot="1" />
 <COLOR RGB="#4e3e3f" NAME="Colortrend E25-20" Spot="1" />
 <COLOR RGB="#a14f35" NAME="Colortrend E25-21" Spot="1" />
 <COLOR RGB="#905743" NAME="Colortrend E25-22" Spot="1" />
 <COLOR RGB="#7d463a" NAME="Colortrend E25-23" Spot="1" />
 <COLOR RGB="#56312c" NAME="Colortrend E25-24" Spot="1" />
 <COLOR RGB="#5e3737" NAME="Colortrend E25-25" Spot="1" />
 <COLOR RGB="#6b462e" NAME="Colortrend E25-26" Spot="1" />
 <COLOR RGB="#6f4635" NAME="Colortrend E25-27" Spot="1" />
 <COLOR RGB="#5f3b34" NAME="Colortrend E25-28" Spot="1" />
 <COLOR RGB="#4d3b39" NAME="Colortrend E25-29" Spot="1" />
 <COLOR RGB="#433632" NAME="Colortrend E25-30" Spot="1" />
 <COLOR RGB="#915d40" NAME="Colortrend E25-31" Spot="1" />
 <COLOR RGB="#845939" NAME="Colortrend E25-32" Spot="1" />
 <COLOR RGB="#7f4e36" NAME="Colortrend E25-33" Spot="1" />
 <COLOR RGB="#7a4d3c" NAME="Colortrend E25-34" Spot="1" />
 <COLOR RGB="#5e4239" NAME="Colortrend E25-35" Spot="1" />
 <COLOR RGB="#af8959" NAME="Colortrend E25-36" Spot="1" />
 <COLOR RGB="#a37b53" NAME="Colortrend E25-37" Spot="1" />
 <COLOR RGB="#886c54" NAME="Colortrend E25-38" Spot="1" />
 <COLOR RGB="#715a4a" NAME="Colortrend E25-39" Spot="1" />
 <COLOR RGB="#73523e" NAME="Colortrend E25-40" Spot="1" />
 <COLOR RGB="#5d574b" NAME="Colortrend E25-41" Spot="1" />
 <COLOR RGB="#5f5344" NAME="Colortrend E25-42" Spot="1" />
 <COLOR RGB="#574a3c" NAME="Colortrend E25-43" Spot="1" />
 <COLOR RGB="#493e39" NAME="Colortrend E25-44" Spot="1" />
 <COLOR RGB="#3f3a38" NAME="Colortrend E25-45" Spot="1" />
 <COLOR RGB="#858e92" NAME="Colortrend E25-46" Spot="1" />
 <COLOR RGB="#7e7f7c" NAME="Colortrend E25-47" Spot="1" />
 <COLOR RGB="#5f5d57" NAME="Colortrend E25-48" Spot="1" />
 <COLOR RGB="#454746" NAME="Colortrend E25-49" Spot="1" />
 <COLOR RGB="#433d3c" NAME="Colortrend E25-50" Spot="1" />
 <COLOR RGB="#6b7e98" NAME="Colortrend E25-51" Spot="1" />
 <COLOR RGB="#4e5156" NAME="Colortrend E25-52" Spot="1" />
 <COLOR RGB="#333f48" NAME="Colortrend E25-53" Spot="1" />
 <COLOR RGB="#2e3948" NAME="Colortrend E25-54" Spot="1" />
 <COLOR RGB="#31343d" NAME="Colortrend E25-55" Spot="1" />
 <COLOR RGB="#354143" NAME="Colortrend E25-56" Spot="1" />
 <COLOR RGB="#30363c" NAME="Colortrend E25-57" Spot="1" />
 <COLOR RGB="#313538" NAME="Colortrend E25-58" Spot="1" />
 <COLOR RGB="#333133" NAME="Colortrend E25-59" Spot="1" />
 <COLOR RGB="#343538" NAME="Colortrend E25-60" Spot="1" />
 <COLOR RGB="#315476" NAME="Colortrend E25-61" Spot="1" />
 <COLOR RGB="#3a5371" NAME="Colortrend E25-62" Spot="1" />
 <COLOR RGB="#455368" NAME="Colortrend E25-63" Spot="1" />
 <COLOR RGB="#2f3f56" NAME="Colortrend E25-64" Spot="1" />
 <COLOR RGB="#414b5e" NAME="Colortrend E25-65" Spot="1" />
 <COLOR RGB="#2d6b85" NAME="Colortrend E25-66" Spot="1" />
 <COLOR RGB="#296685" NAME="Colortrend E25-67" Spot="1" />
 <COLOR RGB="#2d7094" NAME="Colortrend E25-68" Spot="1" />
 <COLOR RGB="#2b5e83" NAME="Colortrend E25-69" Spot="1" />
 <COLOR RGB="#1c4d77" NAME="Colortrend E25-70" Spot="1" />
 <COLOR RGB="#2c658a" NAME="Colortrend E25-71" Spot="1" />
 <COLOR RGB="#335f77" NAME="Colortrend E25-72" Spot="1" />
 <COLOR RGB="#325064" NAME="Colortrend E25-73" Spot="1" />
 <COLOR RGB="#2d516b" NAME="Colortrend E25-74" Spot="1" />
 <COLOR RGB="#304a64" NAME="Colortrend E25-75" Spot="1" />
 <COLOR RGB="#53787a" NAME="Colortrend E25-76" Spot="1" />
 <COLOR RGB="#356168" NAME="Colortrend E25-77" Spot="1" />
 <COLOR RGB="#2f5363" NAME="Colortrend E25-78" Spot="1" />
 <COLOR RGB="#465b63" NAME="Colortrend E25-79" Spot="1" />
 <COLOR RGB="#3f4c52" NAME="Colortrend E25-80" Spot="1" />
 <COLOR RGB="#42433e" NAME="Colortrend E25-81" Spot="1" />
 <COLOR RGB="#3e3d34" NAME="Colortrend E25-82" Spot="1" />
 <COLOR RGB="#4f4b3f" NAME="Colortrend E25-83" Spot="1" />
 <COLOR RGB="#454036" NAME="Colortrend E25-84" Spot="1" />
 <COLOR RGB="#404038" NAME="Colortrend E25-85" Spot="1" />
 <COLOR RGB="#435d4e" NAME="Colortrend E25-86" Spot="1" />
 <COLOR RGB="#284a3f" NAME="Colortrend E25-87" Spot="1" />
 <COLOR RGB="#2e5d49" NAME="Colortrend E25-88" Spot="1" />
 <COLOR RGB="#284f3c" NAME="Colortrend E25-89" Spot="1" />
 <COLOR RGB="#2a3933" NAME="Colortrend E25-90" Spot="1" />
 <COLOR RGB="#006c4f" NAME="Colortrend E25-91" Spot="1" />
 <COLOR RGB="#1b6250" NAME="Colortrend E25-92" Spot="1" />
 <COLOR RGB="#0e534d" NAME="Colortrend E25-93" Spot="1" />
 <COLOR RGB="#34403e" NAME="Colortrend E25-94" Spot="1" />
 <COLOR RGB="#307745" NAME="Colortrend E25-95" Spot="1" />
 <COLOR RGB="#306e41" NAME="Colortrend E25-96" Spot="1" />
 <COLOR RGB="#335135" NAME="Colortrend E25-97" Spot="1" />
 <COLOR RGB="#323f37" NAME="Colortrend E25-98" Spot="1" />
 <COLOR RGB="#2f3c35" NAME="Colortrend E25-99" Spot="1" />
 <COLOR RGB="#333636" NAME="Colortrend E26-00" Spot="1" />
</SCRIBUSCOLORS>