<?xml version="1.0" encoding="UTF-8"?>
<SCRIBUSCOLORS Name="Colwell Trends 2007 Spring-Summer">
 <COLOR RGB="#fcedd8" NAME="Pearl Bliss" Spot="1" />
 <COLOR RGB="#dbbbca" NAME="Raspberry Dream Bliss" Spot="1" />
 <COLOR RGB="#f8c4b5" NAME="Seashell Bliss" Spot="1" />
 <COLOR RGB="#f0b871" NAME="Pollen Bliss" Spot="1" />
 <COLOR RGB="#ffa64d" NAME="Tangerine Bliss" Spot="1" />
 <COLOR RGB="#d4d6b7" NAME="Dirty Mint Lush" Spot="1" />
 <COLOR RGB="#88a9a0" NAME="Lagoon Lush" Spot="1" />
 <COLOR RGB="#f9f8ee" NAME="Hueless Lush" Spot="1" />
 <COLOR RGB="#b6ce68" NAME="Caterpillar Lush" Spot="1" />
 <COLOR RGB="#fbe583" NAME="Lemon Ice Lush" Spot="1" />
 <COLOR RGB="#c9cdd6" NAME="Pale violet Fluent" Spot="1" />
 <COLOR RGB="#988a9b" NAME="Candied Plum Fluent" Spot="1" />
 <COLOR RGB="#afc6de" NAME="Chill Fluent" Spot="1" />
 <COLOR RGB="#ddefec" NAME="Artic Aqua Fluent" Spot="1" />
 <COLOR RGB="#9bd4d4" NAME="Flight Blue Fluent" Spot="1" />
 <COLOR RGB="#e2ddd0" NAME="Teacake Breathless" Spot="1" />
 <COLOR RGB="#d7bc9d" NAME="Cashmere Breathless" Spot="1" />
 <COLOR RGB="#d0c5b7" NAME="Smoke Breathless" Spot="1" />
 <COLOR RGB="#dbdad5" NAME="Vanishing Gray Breathless" Spot="1" />
 <COLOR RGB="#dacdaf" NAME="Canvas Breathless" Spot="1" />
</SCRIBUSCOLORS>