<?xml version="1.0" encoding="UTF-8"?>
<SCRIBUSCOLORS Name="DB-Eisenglimmer">
 <COLOR RGB="#8f5c5a" NAME="DB 301" Spot="1" />
 <COLOR RGB="#884542" NAME="DB 310" Spot="1" />
 <COLOR RGB="#739193" NAME="DB 501" Spot="1" />
 <COLOR RGB="#44636f" NAME="DB 502" Spot="1" />
 <COLOR RGB="#3f5c6e" NAME="DB 503" Spot="1" />
 <COLOR RGB="#3e6581" NAME="DB 510" Spot="1" />
 <COLOR RGB="#7e8573" NAME="DB 601" Spot="1" />
 <COLOR RGB="#6d8471" NAME="DB 602" Spot="1" />
 <COLOR RGB="#627369" NAME="DB 603" Spot="1" />
 <COLOR RGB="#51897d" NAME="DB 610" Spot="1" />
 <COLOR RGB="#a5a4a2" NAME="DB 701" Spot="1" />
 <COLOR RGB="#92908e" NAME="DB 702" Spot="1" />
 <COLOR RGB="#5c5c5c" NAME="DB 703" Spot="1" />
 <COLOR RGB="#a4a5a1" NAME="DB 704" Spot="1" />
</SCRIBUSCOLORS>