<?xml version="1.0" encoding="UTF-8"?>
<SCRIBUSCOLORS Name="DeutschePapier">
 <COLOR RGB="#e6dfa7" NAME="DEUTSCHEpapier Trendcolor hellgelb" Spot="1" />
 <COLOR RGB="#eddf8d" NAME="DEUTSCHEpapier Trendcolor dunkelgelb" Spot="1" />
 <COLOR RGB="#f3d841" NAME="DEUTSCHEpapier Trendcolor kanariengelb" Spot="1" />
 <COLOR RGB="#ffc469" NAME="DEUTSCHEpapier Trendcolor maisgold" Spot="1" />
 <COLOR RGB="#f6d4b8" NAME="DEUTSCHEpapier Trendcolor chamois" Spot="1" />
 <COLOR RGB="#ffc096" NAME="DEUTSCHEpapier Trendcolor orange" Spot="1" />
 <COLOR RGB="#ff9e62" NAME="DEUTSCHEpapier Trendcolor mandarin" Spot="1" />
 <COLOR RGB="#fdc7cd" NAME="DEUTSCHEpapier Trendcolor rosa" Spot="1" />
 <COLOR RGB="#fea7bb" NAME="DEUTSCHEpapier Trendcolor kirsch" Spot="1" />
 <COLOR RGB="#f36476" NAME="DEUTSCHEpapier Trendcolor rot" Spot="1" />
 <COLOR RGB="#fa74ba" NAME="DEUTSCHEpapier Trendcolor eosin" Spot="1" />
 <COLOR RGB="#cee5b5" NAME="DEUTSCHEpapier Trendcolor hellgruen" Spot="1" />
 <COLOR RGB="#a6da74" NAME="DEUTSCHEpapier Trendcolor moosgruen" Spot="1" />
 <COLOR RGB="#67cb9b" NAME="DEUTSCHEpapier Trendcolor dunkelgruen" Spot="1" />
 <COLOR RGB="#a3d0da" NAME="DEUTSCHEpapier Trendcolor hellblau" Spot="1" />
 <COLOR RGB="#69b5d1" NAME="DEUTSCHEpapier Trendcolor arcticblau" Spot="1" />
 <COLOR RGB="#dcdbd3" NAME="DEUTSCHEpapier Trendcolor grau" Spot="1" />
 <COLOR RGB="#fdf3d5" NAME="DEUTSCHEpapier Colorline creme" Spot="1" />
 <COLOR RGB="#ffe9b3" NAME="DEUTSCHEpapier Colorline chamois" Spot="1" />
 <COLOR RGB="#faf6b5" NAME="DEUTSCHEpapier Colorline hellgelb" Spot="1" />
 <COLOR RGB="#f8ec4c" NAME="DEUTSCHEpapier Colorline kanariengelb" Spot="1" />
 <COLOR RGB="#ffd725" NAME="DEUTSCHEpapier Colorline schwefelgelb" Spot="1" />
 <COLOR RGB="#ffc747" NAME="DEUTSCHEpapier Colorline altgold" Spot="1" />
 <COLOR RGB="#ffc980" NAME="DEUTSCHEpapier Colorline goldgelb" Spot="1" />
 <COLOR RGB="#ffa62f" NAME="DEUTSCHEpapier Colorline mandarinorange" Spot="1" />
 <COLOR RGB="#ff7a46" NAME="DEUTSCHEpapier Colorline aprikotorange" Spot="1" />
 <COLOR RGB="#e24d4b" NAME="DEUTSCHEpapier Colorline korallenrot" Spot="1" />
 <COLOR RGB="#ffc5cd" NAME="DEUTSCHEpapier Colorline rosa" Spot="1" />
 <COLOR RGB="#f588b3" NAME="DEUTSCHEpapier Colorline eosin" Spot="1" />
 <COLOR RGB="#d1d2e4" NAME="DEUTSCHEpapier Colorline flieder" Spot="1" />
 <COLOR RGB="#c1c0be" NAME="DEUTSCHEpapier Colorline silbergrau" Spot="1" />
 <COLOR RGB="#f7f8ff" NAME="DEUTSCHEpapier Colorline gletscherweiss" Spot="1" />
 <COLOR RGB="#c9e5e9" NAME="DEUTSCHEpapier Colorline hellblau" Spot="1" />
 <COLOR RGB="#a2d0de" NAME="DEUTSCHEpapier Colorline himmelblau" Spot="1" />
 <COLOR RGB="#4bc3e1" NAME="DEUTSCHEpapier Colorline arcticblau" Spot="1" />
 <COLOR RGB="#caecb5" NAME="DEUTSCHEpapier Colorline hellgruen" Spot="1" />
 <COLOR RGB="#9bd260" NAME="DEUTSCHEpapier Colorline moosgruen" Spot="1" />
 <COLOR RGB="#6dd3b1" NAME="DEUTSCHEpapier Colorline tuerkisgruen" Spot="1" />
 <COLOR RGB="#fdfbff" NAME="DEUTSCHEpapier Paradiso weiss" Spot="1" />
 <COLOR RGB="#e3e7eb" NAME="DEUTSCHEpapier Paradiso hellgrau" Spot="1" />
 <COLOR RGB="#c8c4b9" NAME="DEUTSCHEpapier Paradiso lichtgrau" Spot="1" />
 <COLOR RGB="#adacaa" NAME="DEUTSCHEpapier Paradiso steingrau" Spot="1" />
 <COLOR RGB="#fbf0db" NAME="DEUTSCHEpapier Paradiso elfenbein" Spot="1" />
 <COLOR RGB="#fbe3c6" NAME="DEUTSCHEpapier Paradiso beige" Spot="1" />
 <COLOR RGB="#ffce31" NAME="DEUTSCHEpapier Paradiso goldgelb" Spot="1" />
 <COLOR RGB="#f7ef8e" NAME="DEUTSCHEpapier Paradiso zartgelb" Spot="1" />
 <COLOR RGB="#fdea34" NAME="DEUTSCHEpapier Paradiso gelb" Spot="1" />
 <COLOR RGB="#ffc08f" NAME="DEUTSCHEpapier Paradiso aprikot" Spot="1" />
 <COLOR RGB="#ffaf00" NAME="DEUTSCHEpapier Paradiso marakuja" Spot="1" />
 <COLOR RGB="#ff9739" NAME="DEUTSCHEpapier Paradiso orange" Spot="1" />
 <COLOR RGB="#ed6a58" NAME="DEUTSCHEpapier Paradiso orangerot" Spot="1" />
 <COLOR RGB="#c4434c" NAME="DEUTSCHEpapier Paradiso rot" Spot="1" />
 <COLOR RGB="#fcd0db" NAME="DEUTSCHEpapier Paradiso rosa" Spot="1" />
 <COLOR RGB="#d85e8c" NAME="DEUTSCHEpapier Paradiso karminrot" Spot="1" />
 <COLOR RGB="#7bd4b1" NAME="DEUTSCHEpapier Paradiso tuerkisgruen" Spot="1" />
 <COLOR RGB="#41ae5d" NAME="DEUTSCHEpapier Paradiso gruen" Spot="1" />
 <COLOR RGB="#9ad158" NAME="DEUTSCHEpapier Paradiso fruehlingsgruen" Spot="1" />
 <COLOR RGB="#6cbe69" NAME="DEUTSCHEpapier Paradiso grasgruen" Spot="1" />
 <COLOR RGB="#bfe3e6" NAME="DEUTSCHEpapier Paradiso hellblau" Spot="1" />
 <COLOR RGB="#9eb9d5" NAME="DEUTSCHEpapier Paradiso flieder" Spot="1" />
 <COLOR RGB="#68bdd5" NAME="DEUTSCHEpapier Paradiso blau" Spot="1" />
 <COLOR RGB="#5564a2" NAME="DEUTSCHEpapier Paradiso royalblau" Spot="1" />
</SCRIBUSCOLORS>