<?xml version="1.0" encoding="UTF-8"?>
<SCRIBUSCOLORS Name="DIN 6164">
 <COLOR RGB="#ccc9b6" NAME="DIN 6164 TSD 1-1-1" Spot="1" />
 <COLOR RGB="#b0ada1" NAME="DIN 6164 TSD 1-1-2" Spot="1" />
 <COLOR RGB="#908e80" NAME="DIN 6164 TSD 1-1-3" Spot="1" />
 <COLOR RGB="#78766b" NAME="DIN 6164 TSD 1-1-4" Spot="1" />
 <COLOR RGB="#626158" NAME="DIN 6164 TSD 1-1-5" Spot="1" />
 <COLOR RGB="#56544b" NAME="DIN 6164 TSD 1-1-6" Spot="1" />
 <COLOR RGB="#43423c" NAME="DIN 6164 TSD 1-1-7" Spot="1" />
 <COLOR RGB="#d2cca8" NAME="DIN 6164 TSD 1-2-1" Spot="1" />
 <COLOR RGB="#b0ab8d" NAME="DIN 6164 TSD 1-2-2" Spot="1" />
 <COLOR RGB="#918e74" NAME="DIN 6164 TSD 1-2-3" Spot="1" />
 <COLOR RGB="#7f7a62" NAME="DIN 6164 TSD 1-2-4" Spot="1" />
 <COLOR RGB="#6a6552" NAME="DIN 6164 TSD 1-2-5" Spot="1" />
 <COLOR RGB="#575445" NAME="DIN 6164 TSD 1-2-6" Spot="1" />
 <COLOR RGB="#403e34" NAME="DIN 6164 TSD 1-2-7" Spot="1" />
 <COLOR RGB="#ccc58d" NAME="DIN 6164 TSD 1-3-1" Spot="1" />
 <COLOR RGB="#b0ac7a" NAME="DIN 6164 TSD 1-3-2" Spot="1" />
 <COLOR RGB="#8e8a63" NAME="DIN 6164 TSD 1-3-3" Spot="1" />
 <COLOR RGB="#7e7654" NAME="DIN 6164 TSD 1-3-4" Spot="1" />
 <COLOR RGB="#666146" NAME="DIN 6164 TSD 1-3-5" Spot="1" />
 <COLOR RGB="#55523c" NAME="DIN 6164 TSD 1-3-6" Spot="1" />
 <COLOR RGB="#d3c97c" NAME="DIN 6164 TSD 1-4-1" Spot="1" />
 <COLOR RGB="#aea867" NAME="DIN 6164 TSD 1-4-2" Spot="1" />
 <COLOR RGB="#918c54" NAME="DIN 6164 TSD 1-4-3" Spot="1" />
 <COLOR RGB="#7c7547" NAME="DIN 6164 TSD 1-4-4" Spot="1" />
 <COLOR RGB="#69633e" NAME="DIN 6164 TSD 1-4-5" Spot="1" />
 <COLOR RGB="#c3b657" NAME="DIN 6164 TSD 1-5-1" Spot="1" />
 <COLOR RGB="#a99f4a" NAME="DIN 6164 TSD 1-5-2" Spot="1" />
 <COLOR RGB="#93883d" NAME="DIN 6164 TSD 1-5-3" Spot="1" />
 <COLOR RGB="#7c7235" NAME="DIN 6164 TSD 1-5-4" Spot="1" />
 <COLOR RGB="#c8b929" NAME="DIN 6164 TSD 1-6-1" Spot="1" />
 <COLOR RGB="#b3a429" NAME="DIN 6164 TSD 1-6-2" Spot="1" />
 <COLOR RGB="#a39028" NAME="DIN 6164 TSD 1-6-3" Spot="1" />
 <COLOR RGB="#d4cab8" NAME="DIN 6164 TSD 2-1-1" Spot="1" />
 <COLOR RGB="#b6ad9e" NAME="DIN 6164 TSD 2-1-2" Spot="1" />
 <COLOR RGB="#8f887e" NAME="DIN 6164 TSD 2-1-3" Spot="1" />
 <COLOR RGB="#847e72" NAME="DIN 6164 TSD 2-1-4" Spot="1" />
 <COLOR RGB="#6d665d" NAME="DIN 6164 TSD 2-1-5" Spot="1" />
 <COLOR RGB="#5b554c" NAME="DIN 6164 TSD 2-1-6" Spot="1" />
 <COLOR RGB="#47423f" NAME="DIN 6164 TSD 2-1-7" Spot="1" />
 <COLOR RGB="#d5c2a2" NAME="DIN 6164 TSD 2-2-1" Spot="1" />
 <COLOR RGB="#b5a588" NAME="DIN 6164 TSD 2-2-2" Spot="1" />
 <COLOR RGB="#9c8d75" NAME="DIN 6164 TSD 2-2-3" Spot="1" />
 <COLOR RGB="#817662" NAME="DIN 6164 TSD 2-2-4" Spot="1" />
 <COLOR RGB="#696052" NAME="DIN 6164 TSD 2-2-5" Spot="1" />
 <COLOR RGB="#595043" NAME="DIN 6164 TSD 2-2-6" Spot="1" />
 <COLOR RGB="#403a32" NAME="DIN 6164 TSD 2-2-7" Spot="1" />
 <COLOR RGB="#d9be8a" NAME="DIN 6164 TSD 2-3-1" Spot="1" />
 <COLOR RGB="#b49e75" NAME="DIN 6164 TSD 2-3-2" Spot="1" />
 <COLOR RGB="#9f8a67" NAME="DIN 6164 TSD 2-3-3" Spot="1" />
 <COLOR RGB="#867557" NAME="DIN 6164 TSD 2-3-4" Spot="1" />
 <COLOR RGB="#716147" NAME="DIN 6164 TSD 2-3-5" Spot="1" />
 <COLOR RGB="#5b503d" NAME="DIN 6164 TSD 2-3-6" Spot="1" />
 <COLOR RGB="#c7a869" NAME="DIN 6164 TSD 2-4-1" Spot="1" />
 <COLOR RGB="#a98e55" NAME="DIN 6164 TSD 2-4-2" Spot="1" />
 <COLOR RGB="#a08652" NAME="DIN 6164 TSD 2-4-3" Spot="1" />
 <COLOR RGB="#826c46" NAME="DIN 6164 TSD 2-4-4" Spot="1" />
 <COLOR RGB="#695532" NAME="DIN 6164 TSD 2-4-5" Spot="1" />
 <COLOR RGB="#dbb152" NAME="DIN 6164 TSD 2-5-1" Spot="1" />
 <COLOR RGB="#bb984a" NAME="DIN 6164 TSD 2-5-2" Spot="1" />
 <COLOR RGB="#9d803e" NAME="DIN 6164 TSD 2-5-3" Spot="1" />
 <COLOR RGB="#876c34" NAME="DIN 6164 TSD 2-5-4" Spot="1" />
 <COLOR RGB="#dbab06" NAME="DIN 6164 TSD 2-6-1" Spot="1" />
 <COLOR RGB="#be931c" NAME="DIN 6164 TSD 2-6-2" Spot="1" />
 <COLOR RGB="#d3c6b8" NAME="DIN 6164 TSD 3-1-1" Spot="1" />
 <COLOR RGB="#b5a699" NAME="DIN 6164 TSD 3-1-2" Spot="1" />
 <COLOR RGB="#978b7f" NAME="DIN 6164 TSD 3-1-3" Spot="1" />
 <COLOR RGB="#7d7269" NAME="DIN 6164 TSD 3-1-4" Spot="1" />
 <COLOR RGB="#6b625a" NAME="DIN 6164 TSD 3-1-5" Spot="1" />
 <COLOR RGB="#564d45" NAME="DIN 6164 TSD 3-1-6" Spot="1" />
 <COLOR RGB="#463f3a" NAME="DIN 6164 TSD 3-1-7" Spot="1" />
 <COLOR RGB="#d0b49b" NAME="DIN 6164 TSD 3-2-1" Spot="1" />
 <COLOR RGB="#b89e86" NAME="DIN 6164 TSD 3-2-2" Spot="1" />
 <COLOR RGB="#9d8772" NAME="DIN 6164 TSD 3-2-3" Spot="1" />
 <COLOR RGB="#877260" NAME="DIN 6164 TSD 3-2-4" Spot="1" />
 <COLOR RGB="#6e5d4e" NAME="DIN 6164 TSD 3-2-5" Spot="1" />
 <COLOR RGB="#5a4c40" NAME="DIN 6164 TSD 3-2-6" Spot="1" />
 <COLOR RGB="#483b30" NAME="DIN 6164 TSD 3-2-7" Spot="1" />
 <COLOR RGB="#daaf86" NAME="DIN 6164 TSD 3-3-1" Spot="1" />
 <COLOR RGB="#bb9770" NAME="DIN 6164 TSD 3-3-2" Spot="1" />
 <COLOR RGB="#a17f62" NAME="DIN 6164 TSD 3-3-3" Spot="1" />
 <COLOR RGB="#896c52" NAME="DIN 6164 TSD 3-3-4" Spot="1" />
 <COLOR RGB="#705740" NAME="DIN 6164 TSD 3-3-5" Spot="1" />
 <COLOR RGB="#5d4938" NAME="DIN 6164 TSD 3-3-6" Spot="1" />
 <COLOR RGB="#dda76c" NAME="DIN 6164 TSD 3-4-1" Spot="1" />
 <COLOR RGB="#c2935f" NAME="DIN 6164 TSD 3-4-2" Spot="1" />
 <COLOR RGB="#a77b4f" NAME="DIN 6164 TSD 3-4-3" Spot="1" />
 <COLOR RGB="#8a6540" NAME="DIN 6164 TSD 3-4-4" Spot="1" />
 <COLOR RGB="#715233" NAME="DIN 6164 TSD 3-4-5" Spot="1" />
 <COLOR RGB="#e0a04d" NAME="DIN 6164 TSD 3-5-1" Spot="1" />
 <COLOR RGB="#be8941" NAME="DIN 6164 TSD 3-5-2" Spot="1" />
 <COLOR RGB="#a1723a" NAME="DIN 6164 TSD 3-5-3" Spot="1" />
 <COLOR RGB="#896034" NAME="DIN 6164 TSD 3-5-4" Spot="1" />
 <COLOR RGB="#de9522" NAME="DIN 6164 TSD 3-6-1" Spot="1" />
 <COLOR RGB="#c68620" NAME="DIN 6164 TSD 3-6-2" Spot="1" />
 <COLOR RGB="#dac4b6" NAME="DIN 6164 TSD 4-1-1" Spot="1" />
 <COLOR RGB="#b4a095" NAME="DIN 6164 TSD 4-1-2" Spot="1" />
 <COLOR RGB="#98877e" NAME="DIN 6164 TSD 4-1-3" Spot="1" />
 <COLOR RGB="#7e716a" NAME="DIN 6164 TSD 4-1-4" Spot="1" />
 <COLOR RGB="#6b5f59" NAME="DIN 6164 TSD 4-1-5" Spot="1" />
 <COLOR RGB="#584d49" NAME="DIN 6164 TSD 4-1-6" Spot="1" />
 <COLOR RGB="#47403c" NAME="DIN 6164 TSD 4-1-7" Spot="1" />
 <COLOR RGB="#d7b29d" NAME="DIN 6164 TSD 4-2-1" Spot="1" />
 <COLOR RGB="#b89785" NAME="DIN 6164 TSD 4-2-2" Spot="1" />
 <COLOR RGB="#9e806e" NAME="DIN 6164 TSD 4-2-3" Spot="1" />
 <COLOR RGB="#876f61" NAME="DIN 6164 TSD 4-2-4" Spot="1" />
 <COLOR RGB="#70594d" NAME="DIN 6164 TSD 4-2-5" Spot="1" />
 <COLOR RGB="#58493f" NAME="DIN 6164 TSD 4-2-6" Spot="1" />
 <COLOR RGB="#dca27d" NAME="DIN 6164 TSD 4-3-1" Spot="1" />
 <COLOR RGB="#be8f71" NAME="DIN 6164 TSD 4-3-2" Spot="1" />
 <COLOR RGB="#a4785d" NAME="DIN 6164 TSD 4-3-3" Spot="1" />
 <COLOR RGB="#87654f" NAME="DIN 6164 TSD 4-3-4" Spot="1" />
 <COLOR RGB="#735441" NAME="DIN 6164 TSD 4-3-5" Spot="1" />
 <COLOR RGB="#5b4538" NAME="DIN 6164 TSD 4-3-6" Spot="1" />
 <COLOR RGB="#e19964" NAME="DIN 6164 TSD 4-4-1" Spot="1" />
 <COLOR RGB="#c0855d" NAME="DIN 6164 TSD 4-4-2" Spot="1" />
 <COLOR RGB="#a57350" NAME="DIN 6164 TSD 4-4-3" Spot="1" />
 <COLOR RGB="#8c6041" NAME="DIN 6164 TSD 4-4-4" Spot="1" />
 <COLOR RGB="#775036" NAME="DIN 6164 TSD 4-4-5" Spot="1" />
 <COLOR RGB="#e1914d" NAME="DIN 6164 TSD 4-5-1" Spot="1" />
 <COLOR RGB="#c17c42" NAME="DIN 6164 TSD 4-5-2" Spot="1" />
 <COLOR RGB="#a5693a" NAME="DIN 6164 TSD 4-5-3" Spot="1" />
 <COLOR RGB="#e5891e" NAME="DIN 6164 TSD 4-6-1" Spot="1" />
 <COLOR RGB="#d4b8ae" NAME="DIN 6164 TSD 5-1-1" Spot="1" />
 <COLOR RGB="#bca49c" NAME="DIN 6164 TSD 5-1-2" Spot="1" />
 <COLOR RGB="#9f8b84" NAME="DIN 6164 TSD 5-1-3" Spot="1" />
 <COLOR RGB="#7f6d66" NAME="DIN 6164 TSD 5-1-4" Spot="1" />
 <COLOR RGB="#6a5b56" NAME="DIN 6164 TSD 5-1-5" Spot="1" />
 <COLOR RGB="#584a46" NAME="DIN 6164 TSD 5-1-6" Spot="1" />
 <COLOR RGB="#453e3c" NAME="DIN 6164 TSD 5-1-7" Spot="1" />
 <COLOR RGB="#dea996" NAME="DIN 6164 TSD 5-2-1" Spot="1" />
 <COLOR RGB="#bb8f7e" NAME="DIN 6164 TSD 5-2-2" Spot="1" />
 <COLOR RGB="#a37c6d" NAME="DIN 6164 TSD 5-2-3" Spot="1" />
 <COLOR RGB="#87675c" NAME="DIN 6164 TSD 5-2-4" Spot="1" />
 <COLOR RGB="#71554b" NAME="DIN 6164 TSD 5-2-5" Spot="1" />
 <COLOR RGB="#5d4740" NAME="DIN 6164 TSD 5-2-6" Spot="1" />
 <COLOR RGB="#e69e80" NAME="DIN 6164 TSD 5-3-1" Spot="1" />
 <COLOR RGB="#c0876d" NAME="DIN 6164 TSD 5-3-2" Spot="1" />
 <COLOR RGB="#a36f5b" NAME="DIN 6164 TSD 5-3-3" Spot="1" />
 <COLOR RGB="#845c4c" NAME="DIN 6164 TSD 5-3-4" Spot="1" />
 <COLOR RGB="#725043" NAME="DIN 6164 TSD 5-3-5" Spot="1" />
 <COLOR RGB="#e6936f" NAME="DIN 6164 TSD 5-4-1" Spot="1" />
 <COLOR RGB="#c57c5b" NAME="DIN 6164 TSD 5-4-2" Spot="1" />
 <COLOR RGB="#a6664b" NAME="DIN 6164 TSD 5-4-3" Spot="1" />
 <COLOR RGB="#270000" NAME="DIN 6164 TSD 5-4-4" Spot="1" />
 <COLOR RGB="#734734" NAME="DIN 6164 TSD 5-4-5" Spot="1" />
 <COLOR RGB="#e78654" NAME="DIN 6164 TSD 5-5-1" Spot="1" />
 <COLOR RGB="#c57041" NAME="DIN 6164 TSD 5-5-2" Spot="1" />
 <COLOR RGB="#a75e39" NAME="DIN 6164 TSD 5-5-3" Spot="1" />
 <COLOR RGB="#d5b2ab" NAME="DIN 6164 TSD 6-1-1" Spot="1" />
 <COLOR RGB="#bb9d96" NAME="DIN 6164 TSD 6-1-2" Spot="1" />
 <COLOR RGB="#9a827e" NAME="DIN 6164 TSD 6-1-3" Spot="1" />
 <COLOR RGB="#7c6966" NAME="DIN 6164 TSD 6-1-4" Spot="1" />
 <COLOR RGB="#6b5956" NAME="DIN 6164 TSD 6-1-5" Spot="1" />
 <COLOR RGB="#5c4c48" NAME="DIN 6164 TSD 6-1-6" Spot="1" />
 <COLOR RGB="#473c39" NAME="DIN 6164 TSD 6-1-7" Spot="1" />
 <COLOR RGB="#e2a497" NAME="DIN 6164 TSD 6-2-1" Spot="1" />
 <COLOR RGB="#c08a81" NAME="DIN 6164 TSD 6-2-2" Spot="1" />
 <COLOR RGB="#a4756d" NAME="DIN 6164 TSD 6-2-3" Spot="1" />
 <COLOR RGB="#89615a" NAME="DIN 6164 TSD 6-2-4" Spot="1" />
 <COLOR RGB="#72524c" NAME="DIN 6164 TSD 6-2-5" Spot="1" />
 <COLOR RGB="#5c413c" NAME="DIN 6164 TSD 6-2-6" Spot="1" />
 <COLOR RGB="#fa9c88" NAME="DIN 6164 TSD 6-3-1" Spot="1" />
 <COLOR RGB="#c78271" NAME="DIN 6164 TSD 6-3-2" Spot="1" />
 <COLOR RGB="#a4685c" NAME="DIN 6164 TSD 6-3-3" Spot="1" />
 <COLOR RGB="#8d5a4f" NAME="DIN 6164 TSD 6-3-4" Spot="1" />
 <COLOR RGB="#724840" NAME="DIN 6164 TSD 6-3-5" Spot="1" />
 <COLOR RGB="#c96f55" NAME="DIN 6164 TSD 6-4-2" Spot="1" />
 <COLOR RGB="#a55a48" NAME="DIN 6164 TSD 6-4-3" Spot="1" />
 <COLOR RGB="#8a4b3b" NAME="DIN 6164 TSD 6-4-4" Spot="1" />
 <COLOR RGB="#744136" NAME="DIN 6164 TSD 6-4-5" Spot="1" />
 <COLOR RGB="#c66145" NAME="DIN 6164 TSD 6-5-2" Spot="1" />
 <COLOR RGB="#a64f38" NAME="DIN 6164 TSD 6-5-3" Spot="1" />
 <COLOR RGB="#c6542f" NAME="DIN 6164 TSD 6-6-2" Spot="1" />
 <COLOR RGB="#cda2a1" NAME="DIN 6164 TSD 7-1-1" Spot="1" />
 <COLOR RGB="#bd9995" NAME="DIN 6164 TSD 7-1-2" Spot="1" />
 <COLOR RGB="#a28380" NAME="DIN 6164 TSD 7-1-3" Spot="1" />
 <COLOR RGB="#816969" NAME="DIN 6164 TSD 7-1-4" Spot="1" />
 <COLOR RGB="#715c5a" NAME="DIN 6164 TSD 7-1-5" Spot="1" />
 <COLOR RGB="#5c4c4b" NAME="DIN 6164 TSD 7-1-6" Spot="1" />
 <COLOR RGB="#4a3c3a" NAME="DIN 6164 TSD 7-1-7" Spot="1" />
 <COLOR RGB="#e19794" NAME="DIN 6164 TSD 7-2-1" Spot="1" />
 <COLOR RGB="#bb7f7c" NAME="DIN 6164 TSD 7-2-2" Spot="1" />
 <COLOR RGB="#a46f6b" NAME="DIN 6164 TSD 7-2-3" Spot="1" />
 <COLOR RGB="#8c5e5c" NAME="DIN 6164 TSD 7-2-4" Spot="1" />
 <COLOR RGB="#78504e" NAME="DIN 6164 TSD 7-2-5" Spot="1" />
 <COLOR RGB="#5c3f3d" NAME="DIN 6164 TSD 7-2-6" Spot="1" />
 <COLOR RGB="#c67870" NAME="DIN 6164 TSD 7-3-2" Spot="1" />
 <COLOR RGB="#a8635d" NAME="DIN 6164 TSD 7-3-3" Spot="1" />
 <COLOR RGB="#8e534f" NAME="DIN 6164 TSD 7-3-4" Spot="1" />
 <COLOR RGB="#734440" NAME="DIN 6164 TSD 7-3-5" Spot="1" />
 <COLOR RGB="#5f3a38" NAME="DIN 6164 TSD 7-3-6" Spot="1" />
 <COLOR RGB="#c26258" NAME="DIN 6164 TSD 7-4-2" Spot="1" />
 <COLOR RGB="#a4564e" NAME="DIN 6164 TSD 7-4-3" Spot="1" />
 <COLOR RGB="#8c463f" NAME="DIN 6164 TSD 7-4-4" Spot="1" />
 <COLOR RGB="#c25348" NAME="DIN 6164 TSD 7-5-2" Spot="1" />
 <COLOR RGB="#aa4a41" NAME="DIN 6164 TSD 7-5-3" Spot="1" />
 <COLOR RGB="#bf473c" NAME="DIN 6164 TSD 7-6-2" Spot="1" />
 <COLOR RGB="#d9afae" NAME="DIN 6164 TSD 8-1-1" Spot="1" />
 <COLOR RGB="#be999a" NAME="DIN 6164 TSD 8-1-2" Spot="1" />
 <COLOR RGB="#a28183" NAME="DIN 6164 TSD 8-1-3" Spot="1" />
 <COLOR RGB="#896d6f" NAME="DIN 6164 TSD 8-1-4" Spot="1" />
 <COLOR RGB="#6f5858" NAME="DIN 6164 TSD 8-1-5" Spot="1" />
 <COLOR RGB="#5b4a4b" NAME="DIN 6164 TSD 8-1-6" Spot="1" />
 <COLOR RGB="#443738" NAME="DIN 6164 TSD 8-1-7" Spot="1" />
 <COLOR RGB="#e99ca1" NAME="DIN 6164 TSD 8-2-1" Spot="1" />
 <COLOR RGB="#c58487" NAME="DIN 6164 TSD 8-2-2" Spot="1" />
 <COLOR RGB="#a57074" NAME="DIN 6164 TSD 8-2-3" Spot="1" />
 <COLOR RGB="#895b5f" NAME="DIN 6164 TSD 8-2-4" Spot="1" />
 <COLOR RGB="#734c50" NAME="DIN 6164 TSD 8-2-5" Spot="1" />
 <COLOR RGB="#604142" NAME="DIN 6164 TSD 8-2-6" Spot="1" />
 <COLOR RGB="#c6727a" NAME="DIN 6164 TSD 8-3-2" Spot="1" />
 <COLOR RGB="#a55d61" NAME="DIN 6164 TSD 8-3-3" Spot="1" />
 <COLOR RGB="#8c4f55" NAME="DIN 6164 TSD 8-3-4" Spot="1" />
 <COLOR RGB="#744244" NAME="DIN 6164 TSD 8-3-5" Spot="1" />
 <COLOR RGB="#c56068" NAME="DIN 6164 TSD 8-4-2" Spot="1" />
 <COLOR RGB="#a34d54" NAME="DIN 6164 TSD 8-4-3" Spot="1" />
 <COLOR RGB="#8a4347" NAME="DIN 6164 TSD 8-4-4" Spot="1" />
 <COLOR RGB="#be4d58" NAME="DIN 6164 TSD 8-5-2" Spot="1" />
 <COLOR RGB="#a4424b" NAME="DIN 6164 TSD 8-5-3" Spot="1" />
 <COLOR RGB="#883a3e" NAME="DIN 6164 TSD 8-5-4" Spot="1" />
 <COLOR RGB="#dcb6b9" NAME="DIN 6164 TSD 9-1-1" Spot="1" />
 <COLOR RGB="#b89698" NAME="DIN 6164 TSD 9-1-2" Spot="1" />
 <COLOR RGB="#9e7f82" NAME="DIN 6164 TSD 9-1-3" Spot="1" />
 <COLOR RGB="#846c70" NAME="DIN 6164 TSD 9-1-4" Spot="1" />
 <COLOR RGB="#6e595d" NAME="DIN 6164 TSD 9-1-5" Spot="1" />
 <COLOR RGB="#5b494e" NAME="DIN 6164 TSD 9-1-6" Spot="1" />
 <COLOR RGB="#4a3d3e" NAME="DIN 6164 TSD 9-1-7" Spot="1" />
 <COLOR RGB="#c5858e" NAME="DIN 6164 TSD 9-2-2" Spot="1" />
 <COLOR RGB="#a36d74" NAME="DIN 6164 TSD 9-2-3" Spot="1" />
 <COLOR RGB="#8c5e67" NAME="DIN 6164 TSD 9-2-4" Spot="1" />
 <COLOR RGB="#724c52" NAME="DIN 6164 TSD 9-2-5" Spot="1" />
 <COLOR RGB="#5d4146" NAME="DIN 6164 TSD 9-2-6" Spot="1" />
 <COLOR RGB="#c47280" NAME="DIN 6164 TSD 9-3-2" Spot="1" />
 <COLOR RGB="#a4606c" NAME="DIN 6164 TSD 9-3-3" Spot="1" />
 <COLOR RGB="#8c4e5a" NAME="DIN 6164 TSD 9-3-4" Spot="1" />
 <COLOR RGB="#74454e" NAME="DIN 6164 TSD 9-3-5" Spot="1" />
 <COLOR RGB="#c7606e" NAME="DIN 6164 TSD 9-4-2" Spot="1" />
 <COLOR RGB="#a2505d" NAME="DIN 6164 TSD 9-4-3" Spot="1" />
 <COLOR RGB="#88424f" NAME="DIN 6164 TSD 9-4-4" Spot="1" />
 <COLOR RGB="#c04d60" NAME="DIN 6164 TSD 9-5-2" Spot="1" />
 <COLOR RGB="#a34655" NAME="DIN 6164 TSD 9-5-3" Spot="1" />
 <COLOR RGB="#ddb5c0" NAME="DIN 6164 TSD 10-1-1" Spot="1" />
 <COLOR RGB="#b694a3" NAME="DIN 6164 TSD 10-1-2" Spot="1" />
 <COLOR RGB="#9b808a" NAME="DIN 6164 TSD 10-1-3" Spot="1" />
 <COLOR RGB="#836b74" NAME="DIN 6164 TSD 10-1-4" Spot="1" />
 <COLOR RGB="#6c5961" NAME="DIN 6164 TSD 10-1-5" Spot="1" />
 <COLOR RGB="#57464d" NAME="DIN 6164 TSD 10-1-6" Spot="1" />
 <COLOR RGB="#42373c" NAME="DIN 6164 TSD 10-1-7" Spot="1" />
 <COLOR RGB="#c48ba4" NAME="DIN 6164 TSD 10-2-2" Spot="1" />
 <COLOR RGB="#a67288" NAME="DIN 6164 TSD 10-2-3" Spot="1" />
 <COLOR RGB="#865b6c" NAME="DIN 6164 TSD 10-2-4" Spot="1" />
 <COLOR RGB="#6f4d5d" NAME="DIN 6164 TSD 10-2-5" Spot="1" />
 <COLOR RGB="#5c3c49" NAME="DIN 6164 TSD 10-2-6" Spot="1" />
 <COLOR RGB="#c67497" NAME="DIN 6164 TSD 10-3-2" Spot="1" />
 <COLOR RGB="#ab6482" NAME="DIN 6164 TSD 10-3-3" Spot="1" />
 <COLOR RGB="#8f566e" NAME="DIN 6164 TSD 10-3-4" Spot="1" />
 <COLOR RGB="#744157" NAME="DIN 6164 TSD 10-3-5" Spot="1" />
 <COLOR RGB="#a75279" NAME="DIN 6164 TSD 10-4-3" Spot="1" />
 <COLOR RGB="#8b4263" NAME="DIN 6164 TSD 10-4-4" Spot="1" />
 <COLOR RGB="#d2b9cb" NAME="DIN 6164 TSD 11-1-1" Spot="1" />
 <COLOR RGB="#baa1b6" NAME="DIN 6164 TSD 11-1-2" Spot="1" />
 <COLOR RGB="#9b8495" NAME="DIN 6164 TSD 11-1-3" Spot="1" />
 <COLOR RGB="#7f6b78" NAME="DIN 6164 TSD 11-1-4" Spot="1" />
 <COLOR RGB="#6c5d69" NAME="DIN 6164 TSD 11-1-5" Spot="1" />
 <COLOR RGB="#544953" NAME="DIN 6164 TSD 11-1-6" Spot="1" />
 <COLOR RGB="#433b40" NAME="DIN 6164 TSD 11-1-7" Spot="1" />
 <COLOR RGB="#b787af" NAME="DIN 6164 TSD 11-2-2" Spot="1" />
 <COLOR RGB="#9f7799" NAME="DIN 6164 TSD 11-2-3" Spot="1" />
 <COLOR RGB="#84607b" NAME="DIN 6164 TSD 11-2-4" Spot="1" />
 <COLOR RGB="#705168" NAME="DIN 6164 TSD 11-2-5" Spot="1" />
 <COLOR RGB="#594151" NAME="DIN 6164 TSD 11-2-6" Spot="1" />
 <COLOR RGB="#9d6790" NAME="DIN 6164 TSD 11-3-3" Spot="1" />
 <COLOR RGB="#84527b" NAME="DIN 6164 TSD 11-3-4" Spot="1" />
 <COLOR RGB="#72486a" NAME="DIN 6164 TSD 11-3-5" Spot="1" />
 <COLOR RGB="#874680" NAME="DIN 6164 TSD 11-4-4" Spot="1" />
 <COLOR RGB="#6c3c65" NAME="DIN 6164 TSD 11-4-5" Spot="1" />
 <COLOR RGB="#c9b3cc" NAME="DIN 6164 TSD 12-1-1" Spot="1" />
 <COLOR RGB="#aa96ac" NAME="DIN 6164 TSD 12-1-2" Spot="1" />
 <COLOR RGB="#8f7b94" NAME="DIN 6164 TSD 12-1-3" Spot="1" />
 <COLOR RGB="#796a7e" NAME="DIN 6164 TSD 12-1-4" Spot="1" />
 <COLOR RGB="#605363" NAME="DIN 6164 TSD 12-1-5" Spot="1" />
 <COLOR RGB="#4f4551" NAME="DIN 6164 TSD 12-1-6" Spot="1" />
 <COLOR RGB="#3f3841" NAME="DIN 6164 TSD 12-1-7" Spot="1" />
 <COLOR RGB="#a186af" NAME="DIN 6164 TSD 12-2-2" Spot="1" />
 <COLOR RGB="#876c93" NAME="DIN 6164 TSD 12-2-3" Spot="1" />
 <COLOR RGB="#785f81" NAME="DIN 6164 TSD 12-2-4" Spot="1" />
 <COLOR RGB="#5f4c67" NAME="DIN 6164 TSD 12-2-5" Spot="1" />
 <COLOR RGB="#4d3f54" NAME="DIN 6164 TSD 12-2-6" Spot="1" />
 <COLOR RGB="#845d96" NAME="DIN 6164 TSD 12-3-3" Spot="1" />
 <COLOR RGB="#6d4d7c" NAME="DIN 6164 TSD 12-3-4" Spot="1" />
 <COLOR RGB="#5d446a" NAME="DIN 6164 TSD 12-3-5" Spot="1" />
 <COLOR RGB="#6c457a" NAME="DIN 6164 TSD 12-4-4" Spot="1" />
 <COLOR RGB="#573863" NAME="DIN 6164 TSD 12-4-5" Spot="1" />
 <COLOR RGB="#c2b6ce" NAME="DIN 6164 TSD 13-1-1" Spot="1" />
 <COLOR RGB="#a397af" NAME="DIN 6164 TSD 13-1-2" Spot="1" />
 <COLOR RGB="#8b8095" NAME="DIN 6164 TSD 13-1-3" Spot="1" />
 <COLOR RGB="#746b7e" NAME="DIN 6164 TSD 13-1-4" Spot="1" />
 <COLOR RGB="#5f5869" NAME="DIN 6164 TSD 13-1-5" Spot="1" />
 <COLOR RGB="#4e4855" NAME="DIN 6164 TSD 13-1-6" Spot="1" />
 <COLOR RGB="#403d45" NAME="DIN 6164 TSD 13-1-7" Spot="1" />
 <COLOR RGB="#9787b1" NAME="DIN 6164 TSD 13-2-2" Spot="1" />
 <COLOR RGB="#7d6d93" NAME="DIN 6164 TSD 13-2-3" Spot="1" />
 <COLOR RGB="#6d5e80" NAME="DIN 6164 TSD 13-2-4" Spot="1" />
 <COLOR RGB="#584c69" NAME="DIN 6164 TSD 13-2-5" Spot="1" />
 <COLOR RGB="#4b3f57" NAME="DIN 6164 TSD 13-2-6" Spot="1" />
 <COLOR RGB="#765f96" NAME="DIN 6164 TSD 13-3-3" Spot="1" />
 <COLOR RGB="#675181" NAME="DIN 6164 TSD 13-3-4" Spot="1" />
 <COLOR RGB="#544369" NAME="DIN 6164 TSD 13-3-5" Spot="1" />
 <COLOR RGB="#bcb9d2" NAME="DIN 6164 TSD 14-1-1" Spot="1" />
 <COLOR RGB="#9f9cb6" NAME="DIN 6164 TSD 14-1-2" Spot="1" />
 <COLOR RGB="#858096" NAME="DIN 6164 TSD 14-1-3" Spot="1" />
 <COLOR RGB="#6e6c7c" NAME="DIN 6164 TSD 14-1-4" Spot="1" />
 <COLOR RGB="#595768" NAME="DIN 6164 TSD 14-1-5" Spot="1" />
 <COLOR RGB="#484655" NAME="DIN 6164 TSD 14-1-6" Spot="1" />
 <COLOR RGB="#3b3942" NAME="DIN 6164 TSD 14-1-7" Spot="1" />
 <COLOR RGB="#8a83b1" NAME="DIN 6164 TSD 14-2-2" Spot="1" />
 <COLOR RGB="#78729a" NAME="DIN 6164 TSD 14-2-3" Spot="1" />
 <COLOR RGB="#655f82" NAME="DIN 6164 TSD 14-2-4" Spot="1" />
 <COLOR RGB="#534d6b" NAME="DIN 6164 TSD 14-2-5" Spot="1" />
 <COLOR RGB="#423e54" NAME="DIN 6164 TSD 14-2-6" Spot="1" />
 <COLOR RGB="#6d6398" NAME="DIN 6164 TSD 14-3-3" Spot="1" />
 <COLOR RGB="#5d5384" NAME="DIN 6164 TSD 14-3-4" Spot="1" />
 <COLOR RGB="#4c446a" NAME="DIN 6164 TSD 14-3-5" Spot="1" />
 <COLOR RGB="#534880" NAME="DIN 6164 TSD 14-4-4" Spot="1" />
 <COLOR RGB="#b2b3c6" NAME="DIN 6164 TSD 15-1-1" Spot="1" />
 <COLOR RGB="#9696ac" NAME="DIN 6164 TSD 15-1-2" Spot="1" />
 <COLOR RGB="#7d7d92" NAME="DIN 6164 TSD 15-1-3" Spot="1" />
 <COLOR RGB="#6b6a7c" NAME="DIN 6164 TSD 15-1-4" Spot="1" />
 <COLOR RGB="#575867" NAME="DIN 6164 TSD 15-1-5" Spot="1" />
 <COLOR RGB="#444450" NAME="DIN 6164 TSD 15-1-6" Spot="1" />
 <COLOR RGB="#3a393f" NAME="DIN 6164 TSD 15-1-7" Spot="1" />
 <COLOR RGB="#898cb1" NAME="DIN 6164 TSD 15-2-2" Spot="1" />
 <COLOR RGB="#6e7090" NAME="DIN 6164 TSD 15-2-3" Spot="1" />
 <COLOR RGB="#5f5f7d" NAME="DIN 6164 TSD 15-2-4" Spot="1" />
 <COLOR RGB="#4c4e6a" NAME="DIN 6164 TSD 15-2-5" Spot="1" />
 <COLOR RGB="#404054" NAME="DIN 6164 TSD 15-2-6" Spot="1" />
 <COLOR RGB="#7b7cb3" NAME="DIN 6164 TSD 15-3-2" Spot="1" />
 <COLOR RGB="#636497" NAME="DIN 6164 TSD 15-3-3" Spot="1" />
 <COLOR RGB="#525580" NAME="DIN 6164 TSD 15-3-4" Spot="1" />
 <COLOR RGB="#454467" NAME="DIN 6164 TSD 15-3-5" Spot="1" />
 <COLOR RGB="#5a5d96" NAME="DIN 6164 TSD 15-4-3" Spot="1" />
 <COLOR RGB="#494d7e" NAME="DIN 6164 TSD 15-4-4" Spot="1" />
 <COLOR RGB="#505699" NAME="DIN 6164 TSD 15-5-3" Spot="1" />
 <COLOR RGB="#434480" NAME="DIN 6164 TSD 15-5-4" Spot="1" />
 <COLOR RGB="#b3b8cf" NAME="DIN 6164 TSD 16-1-1" Spot="1" />
 <COLOR RGB="#939bb0" NAME="DIN 6164 TSD 16-1-2" Spot="1" />
 <COLOR RGB="#7a8195" NAME="DIN 6164 TSD 16-1-3" Spot="1" />
 <COLOR RGB="#636a7c" NAME="DIN 6164 TSD 16-1-4" Spot="1" />
 <COLOR RGB="#525766" NAME="DIN 6164 TSD 16-1-5" Spot="1" />
 <COLOR RGB="#434652" NAME="DIN 6164 TSD 16-1-6" Spot="1" />
 <COLOR RGB="#393942" NAME="DIN 6164 TSD 16-1-7" Spot="1" />
 <COLOR RGB="#7d89b4" NAME="DIN 6164 TSD 16-2-2" Spot="1" />
 <COLOR RGB="#697496" NAME="DIN 6164 TSD 16-2-3" Spot="1" />
 <COLOR RGB="#555f7c" NAME="DIN 6164 TSD 16-2-4" Spot="1" />
 <COLOR RGB="#474e68" NAME="DIN 6164 TSD 16-2-5" Spot="1" />
 <COLOR RGB="#3c3f53" NAME="DIN 6164 TSD 16-2-6" Spot="1" />
 <COLOR RGB="#6d7db3" NAME="DIN 6164 TSD 16-3-2" Spot="1" />
 <COLOR RGB="#596896" NAME="DIN 6164 TSD 16-3-3" Spot="1" />
 <COLOR RGB="#49567e" NAME="DIN 6164 TSD 16-3-4" Spot="1" />
 <COLOR RGB="#41496c" NAME="DIN 6164 TSD 16-3-5" Spot="1" />
 <COLOR RGB="#4a5f98" NAME="DIN 6164 TSD 16-4-3" Spot="1" />
 <COLOR RGB="#3e4f7f" NAME="DIN 6164 TSD 16-4-4" Spot="1" />
 <COLOR RGB="#364069" NAME="DIN 6164 TSD 16-4-5" Spot="1" />
 <COLOR RGB="#324a7e" NAME="DIN 6164 TSD 16-5-4" Spot="1" />
 <COLOR RGB="#b2bed0" NAME="DIN 6164 TSD 17-1-1" Spot="1" />
 <COLOR RGB="#8c99ab" NAME="DIN 6164 TSD 17-1-2" Spot="1" />
 <COLOR RGB="#798595" NAME="DIN 6164 TSD 17-1-3" Spot="1" />
 <COLOR RGB="#646f7b" NAME="DIN 6164 TSD 17-1-4" Spot="1" />
 <COLOR RGB="#545e68" NAME="DIN 6164 TSD 17-1-5" Spot="1" />
 <COLOR RGB="#474b51" NAME="DIN 6164 TSD 17-1-6" Spot="1" />
 <COLOR RGB="#383b41" NAME="DIN 6164 TSD 17-1-7" Spot="1" />
 <COLOR RGB="#91aacd" NAME="DIN 6164 TSD 17-2-1" Spot="1" />
 <COLOR RGB="#7b93b1" NAME="DIN 6164 TSD 17-2-2" Spot="1" />
 <COLOR RGB="#657b97" NAME="DIN 6164 TSD 17-2-3" Spot="1" />
 <COLOR RGB="#55677f" NAME="DIN 6164 TSD 17-2-4" Spot="1" />
 <COLOR RGB="#485567" NAME="DIN 6164 TSD 17-2-5" Spot="1" />
 <COLOR RGB="#3a4554" NAME="DIN 6164 TSD 17-2-6" Spot="1" />
 <COLOR RGB="#77a6d5" NAME="DIN 6164 TSD 17-3-1" Spot="1" />
 <COLOR RGB="#5e87ae" NAME="DIN 6164 TSD 17-3-2" Spot="1" />
 <COLOR RGB="#537699" NAME="DIN 6164 TSD 17-3-3" Spot="1" />
 <COLOR RGB="#456381" NAME="DIN 6164 TSD 17-3-4" Spot="1" />
 <COLOR RGB="#384f64" NAME="DIN 6164 TSD 17-3-5" Spot="1" />
 <COLOR RGB="#4886b8" NAME="DIN 6164 TSD 17-4-2" Spot="1" />
 <COLOR RGB="#386c94" NAME="DIN 6164 TSD 17-4-3" Spot="1" />
 <COLOR RGB="#355c7d" NAME="DIN 6164 TSD 17-4-4" Spot="1" />
 <COLOR RGB="#2a4c67" NAME="DIN 6164 TSD 17-4-5" Spot="1" />
 <COLOR RGB="#2f7db7" NAME="DIN 6164 TSD 17-5-2" Spot="1" />
 <COLOR RGB="#236b98" NAME="DIN 6164 TSD 17-5-3" Spot="1" />
 <COLOR RGB="#adc1ca" NAME="DIN 6164 TSD 18-1-1" Spot="1" />
 <COLOR RGB="#8ca1ab" NAME="DIN 6164 TSD 18-1-2" Spot="1" />
 <COLOR RGB="#77868c" NAME="DIN 6164 TSD 18-1-3" Spot="1" />
 <COLOR RGB="#65747a" NAME="DIN 6164 TSD 18-1-4" Spot="1" />
 <COLOR RGB="#566166" NAME="DIN 6164 TSD 18-1-5" Spot="1" />
 <COLOR RGB="#434b4e" NAME="DIN 6164 TSD 18-1-6" Spot="1" />
 <COLOR RGB="#393d40" NAME="DIN 6164 TSD 18-1-7" Spot="1" />
 <COLOR RGB="#89b6ca" NAME="DIN 6164 TSD 18-2-1" Spot="1" />
 <COLOR RGB="#7a9eb1" NAME="DIN 6164 TSD 18-2-2" Spot="1" />
 <COLOR RGB="#6a8897" NAME="DIN 6164 TSD 18-2-3" Spot="1" />
 <COLOR RGB="#597480" NAME="DIN 6164 TSD 18-2-4" Spot="1" />
 <COLOR RGB="#485e68" NAME="DIN 6164 TSD 18-2-5" Spot="1" />
 <COLOR RGB="#384b53" NAME="DIN 6164 TSD 18-2-6" Spot="1" />
 <COLOR RGB="#6ab2ce" NAME="DIN 6164 TSD 18-3-1" Spot="1" />
 <COLOR RGB="#629aaf" NAME="DIN 6164 TSD 18-3-2" Spot="1" />
 <COLOR RGB="#50859a" NAME="DIN 6164 TSD 18-3-3" Spot="1" />
 <COLOR RGB="#456e7d" NAME="DIN 6164 TSD 18-3-4" Spot="1" />
 <COLOR RGB="#345a67" NAME="DIN 6164 TSD 18-3-5" Spot="1" />
 <COLOR RGB="#2d4a52" NAME="DIN 6164 TSD 18-3-6" Spot="1" />
 <COLOR RGB="#3996b7" NAME="DIN 6164 TSD 18-4-2" Spot="1" />
 <COLOR RGB="#317995" NAME="DIN 6164 TSD 18-4-3" Spot="1" />
 <COLOR RGB="#256675" NAME="DIN 6164 TSD 18-4-4" Spot="1" />
 <COLOR RGB="#245a68" NAME="DIN 6164 TSD 18-4-5" Spot="1" />
 <COLOR RGB="#007a98" NAME="DIN 6164 TSD 18-5-3" Spot="1" />
 <COLOR RGB="#b0c9c8" NAME="DIN 6164 TSD 19-1-1" Spot="1" />
 <COLOR RGB="#0a1d1e" NAME="DIN 6164 TSD 19-1-2" Spot="1" />
 <COLOR RGB="#7f8f90" NAME="DIN 6164 TSD 19-1-3" Spot="1" />
 <COLOR RGB="#0f1c1e" NAME="DIN 6164 TSD 19-1-4" Spot="1" />
 <COLOR RGB="#000809" NAME="DIN 6164 TSD 19-1-5" Spot="1" />
 <COLOR RGB="#030e0f" NAME="DIN 6164 TSD 19-1-6" Spot="1" />
 <COLOR RGB="#0b1313" NAME="DIN 6164 TSD 19-1-7" Spot="1" />
 <COLOR RGB="#001c1e" NAME="DIN 6164 TSD 19-2-1" Spot="1" />
 <COLOR RGB="#00171b" NAME="DIN 6164 TSD 19-2-2" Spot="1" />
 <COLOR RGB="#00191b" NAME="DIN 6164 TSD 19-2-3" Spot="1" />
 <COLOR RGB="#001b1e" NAME="DIN 6164 TSD 19-2-4" Spot="1" />
 <COLOR RGB="#4a6365" NAME="DIN 6164 TSD 19-2-5" Spot="1" />
 <COLOR RGB="#394e52" NAME="DIN 6164 TSD 19-2-6" Spot="1" />
 <COLOR RGB="#00181d" NAME="DIN 6164 TSD 19-3-2" Spot="1" />
 <COLOR RGB="#001119" NAME="DIN 6164 TSD 19-3-3" Spot="1" />
 <COLOR RGB="#3b7176" NAME="DIN 6164 TSD 19-3-4" Spot="1" />
 <COLOR RGB="#001d21" NAME="DIN 6164 TSD 19-3-5" Spot="1" />
 <COLOR RGB="#2c4c4e" NAME="DIN 6164 TSD 19-3-6" Spot="1" />
 <COLOR RGB="#001421" NAME="DIN 6164 TSD 19-4-2" Spot="1" />
 <COLOR RGB="#000e1a" NAME="DIN 6164 TSD 19-4-3" Spot="1" />
 <COLOR RGB="#00151a" NAME="DIN 6164 TSD 19-4-4" Spot="1" />
 <COLOR RGB="#165e61" NAME="DIN 6164 TSD 19-4-5" Spot="1" />
 <COLOR RGB="#bad4cd" NAME="DIN 6164 TSD 20-1-1" Spot="1" />
 <COLOR RGB="#98b0ab" NAME="DIN 6164 TSD 20-1-2" Spot="1" />
 <COLOR RGB="#819793" NAME="DIN 6164 TSD 20-1-3" Spot="1" />
 <COLOR RGB="#697c79" NAME="DIN 6164 TSD 20-1-4" Spot="1" />
 <COLOR RGB="#566663" NAME="DIN 6164 TSD 20-1-5" Spot="1" />
 <COLOR RGB="#45514f" NAME="DIN 6164 TSD 20-1-6" Spot="1" />
 <COLOR RGB="#394140" NAME="DIN 6164 TSD 20-1-7" Spot="1" />
 <COLOR RGB="#a4d6ca" NAME="DIN 6164 TSD 20-2-1" Spot="1" />
 <COLOR RGB="#8ab7ae" NAME="DIN 6164 TSD 20-2-2" Spot="1" />
 <COLOR RGB="#719791" NAME="DIN 6164 TSD 20-2-3" Spot="1" />
 <COLOR RGB="#5d7f79" NAME="DIN 6164 TSD 20-2-4" Spot="1" />
 <COLOR RGB="#4b6863" NAME="DIN 6164 TSD 20-2-5" Spot="1" />
 <COLOR RGB="#3d5551" NAME="DIN 6164 TSD 20-2-6" Spot="1" />
 <COLOR RGB="#6ab8ab" NAME="DIN 6164 TSD 20-3-2" Spot="1" />
 <COLOR RGB="#58988d" NAME="DIN 6164 TSD 20-3-3" Spot="1" />
 <COLOR RGB="#467d74" NAME="DIN 6164 TSD 20-3-4" Spot="1" />
 <COLOR RGB="#3b6a62" NAME="DIN 6164 TSD 20-3-5" Spot="1" />
 <COLOR RGB="#2a544f" NAME="DIN 6164 TSD 20-3-6" Spot="1" />
 <COLOR RGB="#339c8d" NAME="DIN 6164 TSD 20-4-3" Spot="1" />
 <COLOR RGB="#267f73" NAME="DIN 6164 TSD 20-4-4" Spot="1" />
 <COLOR RGB="#26685e" NAME="DIN 6164 TSD 20-4-5" Spot="1" />
 <COLOR RGB="#007e70" NAME="DIN 6164 TSD 20-5-4" Spot="1" />
 <COLOR RGB="#00685c" NAME="DIN 6164 TSD 20-5-5" Spot="1" />
 <COLOR RGB="#bad5c9" NAME="DIN 6164 TSD 21-1-1" Spot="1" />
 <COLOR RGB="#9bb0a6" NAME="DIN 6164 TSD 21-1-2" Spot="1" />
 <COLOR RGB="#81918a" NAME="DIN 6164 TSD 21-1-3" Spot="1" />
 <COLOR RGB="#6a7a75" NAME="DIN 6164 TSD 21-1-4" Spot="1" />
 <COLOR RGB="#5c6863" NAME="DIN 6164 TSD 21-1-5" Spot="1" />
 <COLOR RGB="#49534e" NAME="DIN 6164 TSD 21-1-6" Spot="1" />
 <COLOR RGB="#363f3b" NAME="DIN 6164 TSD 21-1-7" Spot="1" />
 <COLOR RGB="#9fcfbb" NAME="DIN 6164 TSD 21-2-1" Spot="1" />
 <COLOR RGB="#86b1a1" NAME="DIN 6164 TSD 21-2-2" Spot="1" />
 <COLOR RGB="#6e9284" NAME="DIN 6164 TSD 21-2-3" Spot="1" />
 <COLOR RGB="#618173" NAME="DIN 6164 TSD 21-2-4" Spot="1" />
 <COLOR RGB="#4f675e" NAME="DIN 6164 TSD 21-2-5" Spot="1" />
 <COLOR RGB="#43554d" NAME="DIN 6164 TSD 21-2-6" Spot="1" />
 <COLOR RGB="#6cb59b" NAME="DIN 6164 TSD 21-3-2" Spot="1" />
 <COLOR RGB="#5d9481" NAME="DIN 6164 TSD 21-3-3" Spot="1" />
 <COLOR RGB="#4d806d" NAME="DIN 6164 TSD 21-3-4" Spot="1" />
 <COLOR RGB="#416859" NAME="DIN 6164 TSD 21-3-5" Spot="1" />
 <COLOR RGB="#345446" NAME="DIN 6164 TSD 21-3-6" Spot="1" />
 <COLOR RGB="#56b795" NAME="DIN 6164 TSD 21-4-2" Spot="1" />
 <COLOR RGB="#46997b" NAME="DIN 6164 TSD 21-4-3" Spot="1" />
 <COLOR RGB="#368169" NAME="DIN 6164 TSD 21-4-4" Spot="1" />
 <COLOR RGB="#346b56" NAME="DIN 6164 TSD 21-4-5" Spot="1" />
 <COLOR RGB="#249a75" NAME="DIN 6164 TSD 21-5-3" Spot="1" />
 <COLOR RGB="#0b7d61" NAME="DIN 6164 TSD 21-5-4" Spot="1" />
 <COLOR RGB="#0c684e" NAME="DIN 6164 TSD 21-5-5" Spot="1" />
 <COLOR RGB="#c6d9c2" NAME="DIN 6164 TSD 22-1-1" Spot="1" />
 <COLOR RGB="#9eaea1" NAME="DIN 6164 TSD 22-1-2" Spot="1" />
 <COLOR RGB="#869389" NAME="DIN 6164 TSD 22-1-3" Spot="1" />
 <COLOR RGB="#757f75" NAME="DIN 6164 TSD 22-1-4" Spot="1" />
 <COLOR RGB="#606861" NAME="DIN 6164 TSD 22-1-5" Spot="1" />
 <COLOR RGB="#4b534d" NAME="DIN 6164 TSD 22-1-6" Spot="1" />
 <COLOR RGB="#3f443f" NAME="DIN 6164 TSD 22-1-7" Spot="1" />
 <COLOR RGB="#b1d9ba" NAME="DIN 6164 TSD 22-2-1" Spot="1" />
 <COLOR RGB="#95b59c" NAME="DIN 6164 TSD 22-2-2" Spot="1" />
 <COLOR RGB="#7b957f" NAME="DIN 6164 TSD 22-2-3" Spot="1" />
 <COLOR RGB="#6b826f" NAME="DIN 6164 TSD 22-2-4" Spot="1" />
 <COLOR RGB="#566858" NAME="DIN 6164 TSD 22-2-5" Spot="1" />
 <COLOR RGB="#475749" NAME="DIN 6164 TSD 22-2-6" Spot="1" />
 <COLOR RGB="#81b28d" NAME="DIN 6164 TSD 22-3-2" Spot="1" />
 <COLOR RGB="#6e9677" NAME="DIN 6164 TSD 22-3-3" Spot="1" />
 <COLOR RGB="#5f8267" NAME="DIN 6164 TSD 22-3-4" Spot="1" />
 <COLOR RGB="#4c6750" NAME="DIN 6164 TSD 22-3-5" Spot="1" />
 <COLOR RGB="#3e5542" NAME="DIN 6164 TSD 22-3-6" Spot="1" />
 <COLOR RGB="#6db281" NAME="DIN 6164 TSD 22-4-2" Spot="1" />
 <COLOR RGB="#609b70" NAME="DIN 6164 TSD 22-4-3" Spot="1" />
 <COLOR RGB="#50825c" NAME="DIN 6164 TSD 22-4-4" Spot="1" />
 <COLOR RGB="#436c4d" NAME="DIN 6164 TSD 22-4-5" Spot="1" />
 <COLOR RGB="#36553d" NAME="DIN 6164 TSD 22-4-6" Spot="1" />
 <COLOR RGB="#499864" NAME="DIN 6164 TSD 22-5-3" Spot="1" />
 <COLOR RGB="#3c7f53" NAME="DIN 6164 TSD 22-5-4" Spot="1" />
 <COLOR RGB="#356b45" NAME="DIN 6164 TSD 22-5-5" Spot="1" />
 <COLOR RGB="#2e9859" NAME="DIN 6164 TSD 22-6-3" Spot="1" />
 <COLOR RGB="#2d804a" NAME="DIN 6164 TSD 22-6-4" Spot="1" />
 <COLOR RGB="#c3cfbe" NAME="DIN 6164 TSD 23-1-1" Spot="1" />
 <COLOR RGB="#a8b4a3" NAME="DIN 6164 TSD 23-1-2" Spot="1" />
 <COLOR RGB="#899485" NAME="DIN 6164 TSD 23-1-3" Spot="1" />
 <COLOR RGB="#777f73" NAME="DIN 6164 TSD 23-1-4" Spot="1" />
 <COLOR RGB="#60675e" NAME="DIN 6164 TSD 23-1-5" Spot="1" />
 <COLOR RGB="#4e544c" NAME="DIN 6164 TSD 23-1-6" Spot="1" />
 <COLOR RGB="#3f423d" NAME="DIN 6164 TSD 23-1-7" Spot="1" />
 <COLOR RGB="#b4d0ad" NAME="DIN 6164 TSD 23-2-1" Spot="1" />
 <COLOR RGB="#97ae91" NAME="DIN 6164 TSD 23-2-2" Spot="1" />
 <COLOR RGB="#7e957b" NAME="DIN 6164 TSD 23-2-3" Spot="1" />
 <COLOR RGB="#6d7d68" NAME="DIN 6164 TSD 23-2-4" Spot="1" />
 <COLOR RGB="#5c6959" NAME="DIN 6164 TSD 23-2-5" Spot="1" />
 <COLOR RGB="#465142" NAME="DIN 6164 TSD 23-2-6" Spot="1" />
 <COLOR RGB="#a4cf9c" NAME="DIN 6164 TSD 23-3-1" Spot="1" />
 <COLOR RGB="#8bb287" NAME="DIN 6164 TSD 23-3-2" Spot="1" />
 <COLOR RGB="#779570" NAME="DIN 6164 TSD 23-3-3" Spot="1" />
 <COLOR RGB="#657f5f" NAME="DIN 6164 TSD 23-3-4" Spot="1" />
 <COLOR RGB="#52674e" NAME="DIN 6164 TSD 23-3-5" Spot="1" />
 <COLOR RGB="#455641" NAME="DIN 6164 TSD 23-3-6" Spot="1" />
 <COLOR RGB="#83b176" NAME="DIN 6164 TSD 23-4-2" Spot="1" />
 <COLOR RGB="#6d9864" NAME="DIN 6164 TSD 23-4-3" Spot="1" />
 <COLOR RGB="#618156" NAME="DIN 6164 TSD 23-4-4" Spot="1" />
 <COLOR RGB="#506844" NAME="DIN 6164 TSD 23-4-5" Spot="1" />
 <COLOR RGB="#3e5237" NAME="DIN 6164 TSD 23-4-6" Spot="1" />
 <COLOR RGB="#7cb76b" NAME="DIN 6164 TSD 23-5-2" Spot="1" />
 <COLOR RGB="#689957" NAME="DIN 6164 TSD 23-5-3" Spot="1" />
 <COLOR RGB="#557e45" NAME="DIN 6164 TSD 23-5-4" Spot="1" />
 <COLOR RGB="#456937" NAME="DIN 6164 TSD 23-5-5" Spot="1" />
 <COLOR RGB="#74b855" NAME="DIN 6164 TSD 23-6-2" Spot="1" />
 <COLOR RGB="#619a46" NAME="DIN 6164 TSD 23-6-3" Spot="1" />
 <COLOR RGB="#4e7f36" NAME="DIN 6164 TSD 23-6-4" Spot="1" />
 <COLOR RGB="#c9cebc" NAME="DIN 6164 TSD 24-1-1" Spot="1" />
 <COLOR RGB="#acb09f" NAME="DIN 6164 TSD 24-1-2" Spot="1" />
 <COLOR RGB="#909488" NAME="DIN 6164 TSD 24-1-3" Spot="1" />
 <COLOR RGB="#787c70" NAME="DIN 6164 TSD 24-1-4" Spot="1" />
 <COLOR RGB="#606359" NAME="DIN 6164 TSD 24-1-5" Spot="1" />
 <COLOR RGB="#4c4f46" NAME="DIN 6164 TSD 24-1-6" Spot="1" />
 <COLOR RGB="#3e4039" NAME="DIN 6164 TSD 24-1-7" Spot="1" />
 <COLOR RGB="#c6d1ac" NAME="DIN 6164 TSD 24-2-1" Spot="1" />
 <COLOR RGB="#a7b18f" NAME="DIN 6164 TSD 24-2-2" Spot="1" />
 <COLOR RGB="#8c957a" NAME="DIN 6164 TSD 24-2-3" Spot="1" />
 <COLOR RGB="#757a63" NAME="DIN 6164 TSD 24-2-4" Spot="1" />
 <COLOR RGB="#5f6450" NAME="DIN 6164 TSD 24-2-5" Spot="1" />
 <COLOR RGB="#525444" NAME="DIN 6164 TSD 24-2-6" Spot="1" />
 <COLOR RGB="#c0d197" NAME="DIN 6164 TSD 24-3-1" Spot="1" />
 <COLOR RGB="#a2b080" NAME="DIN 6164 TSD 24-3-2" Spot="1" />
 <COLOR RGB="#8a966c" NAME="DIN 6164 TSD 24-3-3" Spot="1" />
 <COLOR RGB="#707b58" NAME="DIN 6164 TSD 24-3-4" Spot="1" />
 <COLOR RGB="#5d6648" NAME="DIN 6164 TSD 24-3-5" Spot="1" />
 <COLOR RGB="#4c523a" NAME="DIN 6164 TSD 24-3-6" Spot="1" />
 <COLOR RGB="#bdd382" NAME="DIN 6164 TSD 24-4-1" Spot="1" />
 <COLOR RGB="#9daf6f" NAME="DIN 6164 TSD 24-4-2" Spot="1" />
 <COLOR RGB="#89965e" NAME="DIN 6164 TSD 24-4-3" Spot="1" />
 <COLOR RGB="#6f7d4e" NAME="DIN 6164 TSD 24-4-4" Spot="1" />
 <COLOR RGB="#5f6940" NAME="DIN 6164 TSD 24-4-5" Spot="1" />
 <COLOR RGB="#bad66c" NAME="DIN 6164 TSD 24-5-1" Spot="1" />
 <COLOR RGB="#98b056" NAME="DIN 6164 TSD 24-5-2" Spot="1" />
 <COLOR RGB="#85974c" NAME="DIN 6164 TSD 24-5-3" Spot="1" />
 <COLOR RGB="#6d7b3c" NAME="DIN 6164 TSD 24-5-4" Spot="1" />
 <COLOR RGB="#5c6532" NAME="DIN 6164 TSD 24-5-5" Spot="1" />
 <COLOR RGB="#96b037" NAME="DIN 6164 TSD 24-6-2" Spot="1" />
 <COLOR RGB="#83972d" NAME="DIN 6164 TSD 24-6-3" Spot="1" />
 <COLOR RGB="#6e7e29" NAME="DIN 6164 TSD 24-6-4" Spot="1" />
</SCRIBUSCOLORS>