<?xml version="1.0" encoding="UTF-8"?>
<SCRIBUSCOLORS Name="Draka Polya">
 <COLOR RGB="#f7f4f2" NAME="DRAKA POLYA Blanche 0223" Spot="1" />
 <COLOR RGB="#eaeaeb" NAME="DRAKA POLYA Albino 0203" Spot="1" />
 <COLOR RGB="#f7f1e9" NAME="DRAKA POLYA Alpine 0202" Spot="1" />
 <COLOR RGB="#dcdad5" NAME="DRAKA POLYA Chamois 0351" Spot="1" />
 <COLOR RGB="#cccdcb" NAME="DRAKA POLYA Stern 0350" Spot="1" />
 <COLOR RGB="#babab9" NAME="DRAKA POLYA Misty 0311" Spot="1" />
 <COLOR RGB="#9a9b9b" NAME="DRAKA POLYA London 0392" Spot="1" />
 <COLOR RGB="#a0a1a0" NAME="DRAKA POLYA Silver-Toledo 1350" Spot="1" />
 <COLOR RGB="#78797b" NAME="DRAKA POLYA Elephant 0393" Spot="1" />
 <COLOR RGB="#515355" NAME="DRAKA POLYA Antras 0309" Spot="1" />
 <COLOR RGB="#414142" NAME="DRAKA POLYA Nero 0408" Spot="1" />
 <COLOR RGB="#fabda5" NAME="DRAKA POLYA Peath 1543" Spot="1" />
 <COLOR RGB="#e27461" NAME="DRAKA POLYA Lobster 0625" Spot="1" />
 <COLOR RGB="#cb547f" NAME="DRAKA POLYA Starlet 0569" Spot="1" />
 <COLOR RGB="#a14358" NAME="DRAKA POLYA Lipstick 1544" Spot="1" />
 <COLOR RGB="#714558" NAME="DRAKA POLYA Mulberry 0538" Spot="1" />
 <COLOR RGB="#653f3c" NAME="DRAKA POLYA Caracas 0733" Spot="1" />
 <COLOR RGB="#5b373b" NAME="DRAKA POLYA Port 0513" Spot="1" />
 <COLOR RGB="#713b41" NAME="DRAKA POLYA Bordo 0597" Spot="1" />
 <COLOR RGB="#9e363b" NAME="DRAKA POLYA Carmon 0510" Spot="1" />
 <COLOR RGB="#b64347" NAME="DRAKA POLYA Toro 0596" Spot="1" />
 <COLOR RGB="#c84541" NAME="DRAKA POLYA Pirate 0507" Spot="1" />
 <COLOR RGB="#d5d744" NAME="DRAKA POLYA Electric 1965" Spot="1" />
 <COLOR RGB="#f8e752" NAME="DRAKA POLYA Yell 0835" Spot="1" />
 <COLOR RGB="#f7c549" NAME="DRAKA POLYA Solino 0801" Spot="1" />
 <COLOR RGB="#f2be63" NAME="DRAKA POLYA Mais 0813" Spot="1" />
 <COLOR RGB="#ffaf00" NAME="DRAKA POLYA Verano 0800" Spot="1" />
 <COLOR RGB="#f7a82c" NAME="DRAKA POLYA Ibiza 0836 " Spot="1" />
 <COLOR RGB="#eb983c" NAME="DRAKA POLYA Dino 0807" Spot="1" />
 <COLOR RGB="#e27739" NAME="DRAKA POLYA Capri 0603" Spot="1" />
 <COLOR RGB="#d76238" NAME="DRAKA POLYA Jaffa 0602" Spot="1" />
 <COLOR RGB="#d55741" NAME="DRAKA POLYA Oran 0601" Spot="1" />
 <COLOR RGB="#c5443d" NAME="DRAKA POLYA Cremlin 0515" Spot="1" />
 <COLOR RGB="#6cbb94" NAME="DRAKA POLYA Casata 1966" Spot="1" />
 <COLOR RGB="#00977a" NAME="DRAKA POLYA Jade 0914" Spot="1" />
 <COLOR RGB="#00915a" NAME="DRAKA POLYA Country 0969" Spot="1" />
 <COLOR RGB="#297a56" NAME="DRAKA POLYA Berlin 0927" Spot="1" />
 <COLOR RGB="#5d6550" NAME="DRAKA POLYA Olivo 0952" Spot="1" />
 <COLOR RGB="#41524d" NAME="DRAKA POLYA Flora 0950" Spot="1" />
 <COLOR RGB="#3a5b52" NAME="DRAKA POLYA Cactus 1967" Spot="1" />
 <COLOR RGB="#2d6c54" NAME="DRAKA POLYA Tundra 0951" Spot="1" />
 <COLOR RGB="#557949" NAME="DRAKA POLYA Avocado 0919" Spot="1" />
 <COLOR RGB="#3f8043" NAME="DRAKA POLYA Herald 0908" Spot="1" />
 <COLOR RGB="#66ae5b" NAME="DRAKA POLYA Spring 0909" Spot="1" />
 <COLOR RGB="#80b9ab" NAME="DRAKA POLYA Brise 1922" Spot="1" />
 <COLOR RGB="#008590" NAME="DRAKA POLYA Turko 1017" Spot="1" />
 <COLOR RGB="#079cb4" NAME="DRAKA POLYA Messina 1185" Spot="1" />
 <COLOR RGB="#45a6c3" NAME="DRAKA POLYA Palma 1020" Spot="1" />
 <COLOR RGB="#bad7e4" NAME="DRAKA POLYA Adonis 1026" Spot="1" />
 <COLOR RGB="#0a81ac" NAME="DRAKA POLYA Levico 1167" Spot="1" />
 <COLOR RGB="#2f83b3" NAME="DRAKA POLYA Aqua 1025" Spot="1" />
 <COLOR RGB="#6280a5" NAME="DRAKA POLYA Grape 1103" Spot="1" />
 <COLOR RGB="#4f7bb5" NAME="DRAKA POLYA Rimini 1028" Spot="1" />
 <COLOR RGB="#675199" NAME="DRAKA POLYA Viola 1032" Spot="1" />
 <COLOR RGB="#414fa4" NAME="DRAKA POLYA Cosmic 1427" Spot="1" />
 <COLOR RGB="#90b7e0" NAME="DRAKA POLYA Delta 1027" Spot="1" />
 <COLOR RGB="#0092ca" NAME="DRAKA POLYA Nautic 1407" Spot="1" />
 <COLOR RGB="#2e71b8" NAME="DRAKA POLYA Lugano 1084" Spot="1" />
 <COLOR RGB="#2c669b" NAME="DRAKA POLYA Como 1064" Spot="1" />
 <COLOR RGB="#365985" NAME="DRAKA POLYA Lido 1068" Spot="1" />
 <COLOR RGB="#414769" NAME="DRAKA POLYA Empire 1104" Spot="1" />
 <COLOR RGB="#324d6a" NAME="DRAKA POLYA Portofino 1108" Spot="1" />
 <COLOR RGB="#36476b" NAME="DRAKA POLYA Palermo 1070" Spot="1" />
 <COLOR RGB="#3b495f" NAME="DRAKA POLYA Azur 1065" Spot="1" />
 <COLOR RGB="#3e444c" NAME="DRAKA POLYA Marino 1066" Spot="1" />
 <COLOR RGB="#ded7c8" NAME="DRAKA POLYA Oyster 1310" Spot="1" />
 <COLOR RGB="#c4bcb3" NAME="DRAKA POLYA Porcelain 1311" Spot="1" />
 <COLOR RGB="#544037" NAME="DRAKA POLYA Tabac 0717" Spot="1" />
 <COLOR RGB="#534742" NAME="DRAKA POLYA Raisin 1736" Spot="1" />
 <COLOR RGB="#4d4644" NAME="DRAKA POLYA Espresso 0711" Spot="1" />
 <COLOR RGB="#81533d" NAME="DRAKA POLYA Cigar 1735" Spot="1" />
 <COLOR RGB="#a1805e" NAME="DRAKA POLYA Bronze-Toledo 1850" Spot="1" />
 <COLOR RGB="#9a7151" NAME="DRAKA POLYA Veranda 0792" Spot="1" />
 <COLOR RGB="#b6987b" NAME="DRAKA POLYA Madras 0718" Spot="1" />
 <COLOR RGB="#ecdec7" NAME="DRAKA POLYA Roma 0103" Spot="1" />
</SCRIBUSCOLORS>