<?xml version="1.0" encoding="UTF-8"?>
<SCRIBUSCOLORS Name="Dupli-Color Auto-Color">
 <COLOR RGB="#b8bdbc" NAME="0-0100" Spot="1" />
 <COLOR RGB="#bcc2c5" NAME="0-0220" Spot="1" />
 <COLOR RGB="#6e4645" NAME="0-0240" Spot="1" />
 <COLOR RGB="#f3f5ec" NAME="0-0250" Spot="1" />
 <COLOR RGB="#f1eed4" NAME="0-0300" Spot="1" />
 <COLOR RGB="#eaeada" NAME="0-0400" Spot="1" />
 <COLOR RGB="#2c2d2d" NAME="0-0500" Spot="1" />
 <COLOR RGB="#0f0f0e" NAME="0-0550" Spot="1" />
 <COLOR RGB="#b0b2b3" NAME="0-0600" Spot="1" />
 <COLOR RGB="#e1e6d7" NAME="0-0720" Spot="1" />
 <COLOR RGB="#e8e6d5" NAME="0-0730" Spot="1" />
 <COLOR RGB="#eff1e4" NAME="0-0740" Spot="1" />
 <COLOR RGB="#f3f5e8" NAME="0-0750" Spot="1" />
 <COLOR RGB="#f0ecd6" NAME="1-0020" Spot="1" />
 <COLOR RGB="#e5ddc5" NAME="1-0040" Spot="1" />
 <COLOR RGB="#f0e8cf" NAME="1-0050" Spot="1" />
 <COLOR RGB="#e4e3cb" NAME="1-0060" Spot="1" />
 <COLOR RGB="#e3e0cc" NAME="1-0080" Spot="1" />
 <COLOR RGB="#dadcd1" NAME="1-0090" Spot="1" />
 <COLOR RGB="#dfd8c2" NAME="1-0109" Spot="1" />
 <COLOR RGB="#d9dac8" NAME="1-0111" Spot="1" />
 <COLOR RGB="#dcd9c5" NAME="1-0112" Spot="1" />
 <COLOR RGB="#dbd9c7" NAME="1-0113" Spot="1" />
 <COLOR RGB="#e5e5d0" NAME="1-0114" Spot="1" />
 <COLOR RGB="#ededdb" NAME="1-0115" Spot="1" />
 <COLOR RGB="#e8e4cc" NAME="1-0116" Spot="1" />
 <COLOR RGB="#e3e2d0" NAME="1-0117" Spot="1" />
 <COLOR RGB="#d7d4c3" NAME="1-0120" Spot="1" />
 <COLOR RGB="#efe9d2" NAME="1-0130" Spot="1" />
 <COLOR RGB="#dad4ba" NAME="1-0131" Spot="1" />
 <COLOR RGB="#e2dec9" NAME="1-0140" Spot="1" />
 <COLOR RGB="#f3f0d6" NAME="1-0151" Spot="1" />
 <COLOR RGB="#eae4d0" NAME="1-0152" Spot="1" />
 <COLOR RGB="#dad9c7" NAME="1-0160" Spot="1" />
 <COLOR RGB="#dbddc9" NAME="1-0180" Spot="1" />
 <COLOR RGB="#d0d2bf" NAME="1-0200" Spot="1" />
 <COLOR RGB="#ede1c8" NAME="1-0220" Spot="1" />
 <COLOR RGB="#eae0ca" NAME="1-0240" Spot="1" />
 <COLOR RGB="#ded1b8" NAME="1-0250" Spot="1" />
 <COLOR RGB="#ddd2ba" NAME="1-0260" Spot="1" />
 <COLOR RGB="#e5d9bb" NAME="1-0280" Spot="1" />
 <COLOR RGB="#e4dfc6" NAME="1-0290" Spot="1" />
 <COLOR RGB="#d7d3bb" NAME="1-0291" Spot="1" />
 <COLOR RGB="#e3e2cb" NAME="1-0292" Spot="1" />
 <COLOR RGB="#ececdb" NAME="1-0293" Spot="1" />
 <COLOR RGB="#dcd6c1" NAME="1-0300" Spot="1" />
 <COLOR RGB="#d0c5ac" NAME="1-0320" Spot="1" />
 <COLOR RGB="#b3ab96" NAME="1-0360" Spot="1" />
 <COLOR RGB="#7b7c78" NAME="1-0380" Spot="1" />
 <COLOR RGB="#efeedd" NAME="1-0400" Spot="1" />
 <COLOR RGB="#e7e3d3" NAME="1-0420" Spot="1" />
 <COLOR RGB="#d8dcce" NAME="1-0440" Spot="1" />
 <COLOR RGB="#d3d7ce" NAME="1-0450" Spot="1" />
 <COLOR RGB="#dfe5dd" NAME="1-0460" Spot="1" />
 <COLOR RGB="#d9e1da" NAME="1-0461" Spot="1" />
 <COLOR RGB="#d7dbd1" NAME="1-0470" Spot="1" />
 <COLOR RGB="#d8dcd4" NAME="1-0471" Spot="1" />
 <COLOR RGB="#e0e3d6" NAME="1-0472" Spot="1" />
 <COLOR RGB="#c8c9c0" NAME="1-0474" Spot="1" />
 <COLOR RGB="#d2d2c7" NAME="1-0475" Spot="1" />
 <COLOR RGB="#dad7c5" NAME="1-0480" Spot="1" />
 <COLOR RGB="#e6dccc" NAME="1-0500" Spot="1" />
 <COLOR RGB="#e7d9bb" NAME="1-0540" Spot="1" />
 <COLOR RGB="#a39e91" NAME="1-0560" Spot="1" />
 <COLOR RGB="#a39a88" NAME="1-0580" Spot="1" />
 <COLOR RGB="#dee1d2" NAME="1-0600" Spot="1" />
 <COLOR RGB="#95978f" NAME="1-0640" Spot="1" />
 <COLOR RGB="#a9997e" NAME="1-0680" Spot="1" />
 <COLOR RGB="#8c8c86" NAME="1-0840" Spot="1" />
 <COLOR RGB="#afaea2" NAME="1-1020" Spot="1" />
 <COLOR RGB="#958f8b" NAME="1-1040" Spot="1" />
 <COLOR RGB="#90948e" NAME="1-1060" Spot="1" />
 <COLOR RGB="#8d9597" NAME="1-1080" Spot="1" />
 <COLOR RGB="#596667" NAME="1-1100" Spot="1" />
 <COLOR RGB="#494a49" NAME="1-1120" Spot="1" />
 <COLOR RGB="#383f42" NAME="1-1140" Spot="1" />
 <COLOR RGB="#474749" NAME="1-1150" Spot="1" />
 <COLOR RGB="#2a2b2b" NAME="1-1160" Spot="1" />
 <COLOR RGB="#2e2e2c" NAME="1-1180" Spot="1" />
 <COLOR RGB="#e5d2b9" NAME="2-0040" Spot="1" />
 <COLOR RGB="#e3ccab" NAME="2-0060" Spot="1" />
 <COLOR RGB="#e4cb9d" NAME="2-0080" Spot="1" />
 <COLOR RGB="#f6e3a4" NAME="2-0090" Spot="1" />
 <COLOR RGB="#debf95" NAME="2-0100" Spot="1" />
 <COLOR RGB="#d4ab7d" NAME="2-0120" Spot="1" />
 <COLOR RGB="#cfaa7a" NAME="2-0140" Spot="1" />
 <COLOR RGB="#c19b71" NAME="2-0160" Spot="1" />
 <COLOR RGB="#b48858" NAME="2-0180" Spot="1" />
 <COLOR RGB="#c7b08c" NAME="2-0200" Spot="1" />
 <COLOR RGB="#baa88e" NAME="2-0220" Spot="1" />
 <COLOR RGB="#beac92" NAME="2-0240" Spot="1" />
 <COLOR RGB="#b49e80" NAME="2-0260" Spot="1" />
 <COLOR RGB="#af9070" NAME="2-0280" Spot="1" />
 <COLOR RGB="#dca363" NAME="2-0340" Spot="1" />
 <COLOR RGB="#bd7d3d" NAME="2-0360" Spot="1" />
 <COLOR RGB="#a55007" NAME="2-0380" Spot="1" />
 <COLOR RGB="#c7b9a2" NAME="2-0420" Spot="1" />
 <COLOR RGB="#c9aa85" NAME="2-0440" Spot="1" />
 <COLOR RGB="#c5ac93" NAME="2-0460" Spot="1" />
 <COLOR RGB="#ad9170" NAME="2-0500" Spot="1" />
 <COLOR RGB="#d3c5b0" NAME="2-0880" Spot="1" />
 <COLOR RGB="#c6aa73" NAME="3-0020" Spot="1" />
 <COLOR RGB="#eabf28" NAME="3-0060" Spot="1" />
 <COLOR RGB="#e2c62e" NAME="3-0080" Spot="1" />
 <COLOR RGB="#ba9f45" NAME="3-0120" Spot="1" />
 <COLOR RGB="#ce9c1f" NAME="3-0140" Spot="1" />
 <COLOR RGB="#fdbd18" NAME="3-0160" Spot="1" />
 <COLOR RGB="#f9ac00" NAME="3-0200" Spot="1" />
 <COLOR RGB="#f9b829" NAME="3-0220" Spot="1" />
 <COLOR RGB="#ebb149" NAME="3-0230" Spot="1" />
 <COLOR RGB="#ecb300" NAME="3-0240" Spot="1" />
 <COLOR RGB="#eaa500" NAME="3-0280" Spot="1" />
 <COLOR RGB="#e1ab53" NAME="3-0320" Spot="1" />
 <COLOR RGB="#d4941c" NAME="3-0340" Spot="1" />
 <COLOR RGB="#c08e43" NAME="3-0380" Spot="1" />
 <COLOR RGB="#d97e00" NAME="3-0440" Spot="1" />
 <COLOR RGB="#e6d1ac" NAME="3-0480" Spot="1" />
 <COLOR RGB="#d8b17c" NAME="3-0500" Spot="1" />
 <COLOR RGB="#dea811" NAME="3-0520" Spot="1" />
 <COLOR RGB="#ed8900" NAME="3-0540" Spot="1" />
 <COLOR RGB="#fa9800" NAME="3-0550" Spot="1" />
 <COLOR RGB="#e29800" NAME="3-0600" Spot="1" />
 <COLOR RGB="#edc38f" NAME="3-0680" Spot="1" />
 <COLOR RGB="#dfc17d" NAME="3-0690" Spot="1" />
 <COLOR RGB="#dc8414" NAME="4-0020" Spot="1" />
 <COLOR RGB="#bb6a07" NAME="4-0030" Spot="1" />
 <COLOR RGB="#b96d20" NAME="4-0040" Spot="1" />
 <COLOR RGB="#d86704" NAME="4-0080" Spot="1" />
 <COLOR RGB="#d36300" NAME="4-0140" Spot="1" />
 <COLOR RGB="#d36113" NAME="4-0160" Spot="1" />
 <COLOR RGB="#c35219" NAME="4-0180" Spot="1" />
 <COLOR RGB="#ad3619" NAME="4-0200" Spot="1" />
 <COLOR RGB="#a04839" NAME="4-0210" Spot="1" />
 <COLOR RGB="#df3b05" NAME="4-0260" Spot="1" />
 <COLOR RGB="#da4405" NAME="4-0270" Spot="1" />
 <COLOR RGB="#be210e" NAME="5-0060" Spot="1" />
 <COLOR RGB="#b8231d" NAME="5-0070" Spot="1" />
 <COLOR RGB="#a31415" NAME="5-0140" Spot="1" />
 <COLOR RGB="#ae1028" NAME="5-0150" Spot="1" />
 <COLOR RGB="#9e1216" NAME="5-0160" Spot="1" />
 <COLOR RGB="#8f1f1d" NAME="5-0200" Spot="1" />
 <COLOR RGB="#8b0015" NAME="5-0240" Spot="1" />
 <COLOR RGB="#9b1726" NAME="5-0260" Spot="1" />
 <COLOR RGB="#9b1020" NAME="5-0270" Spot="1" />
 <COLOR RGB="#930614" NAME="5-0280" Spot="1" />
 <COLOR RGB="#8b0010" NAME="5-0281" Spot="1" />
 <COLOR RGB="#850013" NAME="5-0290" Spot="1" />
 <COLOR RGB="#880013" NAME="5-0291" Spot="1" />
 <COLOR RGB="#80131f" NAME="5-0300" Spot="1" />
 <COLOR RGB="#84010e" NAME="5-0310" Spot="1" />
 <COLOR RGB="#7a0e1d" NAME="5-0320" Spot="1" />
 <COLOR RGB="#830310" NAME="5-0330" Spot="1" />
 <COLOR RGB="#780111" NAME="5-0380" Spot="1" />
 <COLOR RGB="#750112" NAME="5-0400" Spot="1" />
 <COLOR RGB="#7f0e18" NAME="5-0420" Spot="1" />
 <COLOR RGB="#a3171c" NAME="5-0430" Spot="1" />
 <COLOR RGB="#6f1517" NAME="5-0440" Spot="1" />
 <COLOR RGB="#5b0718" NAME="5-0460" Spot="1" />
 <COLOR RGB="#6a1329" NAME="5-0470" Spot="1" />
 <COLOR RGB="#5f0d16" NAME="5-0471" Spot="1" />
 <COLOR RGB="#5b0f16" NAME="5-0472" Spot="1" />
 <COLOR RGB="#6e121d" NAME="5-0490" Spot="1" />
 <COLOR RGB="#72060e" NAME="5-0491" Spot="1" />
 <COLOR RGB="#601417" NAME="5-0492" Spot="1" />
 <COLOR RGB="#640618" NAME="5-0493" Spot="1" />
 <COLOR RGB="#590b17" NAME="5-0500" Spot="1" />
 <COLOR RGB="#a61c19" NAME="5-0520" Spot="1" />
 <COLOR RGB="#8f0619" NAME="5-0540" Spot="1" />
 <COLOR RGB="#960912" NAME="5-0550" Spot="1" />
 <COLOR RGB="#890009" NAME="5-0551" Spot="1" />
 <COLOR RGB="#860b0c" NAME="5-0552" Spot="1" />
 <COLOR RGB="#870b14" NAME="5-0560" Spot="1" />
 <COLOR RGB="#841511" NAME="5-0580" Spot="1" />
 <COLOR RGB="#841f18" NAME="5-0600" Spot="1" />
 <COLOR RGB="#630a13" NAME="5-0620" Spot="1" />
 <COLOR RGB="#451118" NAME="5-0640" Spot="1" />
 <COLOR RGB="#361317" NAME="5-0700" Spot="1" />
 <COLOR RGB="#52141c" NAME="5-0720" Spot="1" />
 <COLOR RGB="#552123" NAME="5-0740" Spot="1" />
 <COLOR RGB="#9c3818" NAME="6-0020" Spot="1" />
 <COLOR RGB="#7d3218" NAME="6-0040" Spot="1" />
 <COLOR RGB="#6e2b20" NAME="6-0080" Spot="1" />
 <COLOR RGB="#5d1a20" NAME="6-0100" Spot="1" />
 <COLOR RGB="#520410" NAME="6-0120" Spot="1" />
 <COLOR RGB="#3e1218" NAME="6-0180" Spot="1" />
 <COLOR RGB="#3f2a16" NAME="6-0200" Spot="1" />
 <COLOR RGB="#5d1e1b" NAME="6-0240" Spot="1" />
 <COLOR RGB="#2c1d1c" NAME="6-0360" Spot="1" />
 <COLOR RGB="#402a22" NAME="6-0380" Spot="1" />
 <COLOR RGB="#b6c08c" NAME="7-0020" Spot="1" />
 <COLOR RGB="#707e50" NAME="7-0060" Spot="1" />
 <COLOR RGB="#697052" NAME="7-0080" Spot="1" />
 <COLOR RGB="#839250" NAME="7-0100" Spot="1" />
 <COLOR RGB="#728c46" NAME="7-0120" Spot="1" />
 <COLOR RGB="#828251" NAME="7-0140" Spot="1" />
 <COLOR RGB="#8f8a69" NAME="7-0160" Spot="1" />
 <COLOR RGB="#656b1c" NAME="7-0180" Spot="1" />
 <COLOR RGB="#635e2b" NAME="7-0220" Spot="1" />
 <COLOR RGB="#a3b531" NAME="7-0240" Spot="1" />
 <COLOR RGB="#8ca900" NAME="7-0260" Spot="1" />
 <COLOR RGB="#6d8c00" NAME="7-0280" Spot="1" />
 <COLOR RGB="#618000" NAME="7-0300" Spot="1" />
 <COLOR RGB="#458518" NAME="7-0320" Spot="1" />
 <COLOR RGB="#39821d" NAME="7-0340" Spot="1" />
 <COLOR RGB="#006f2d" NAME="7-0360" Spot="1" />
 <COLOR RGB="#008f6c" NAME="7-0370" Spot="1" />
 <COLOR RGB="#005f40" NAME="7-0390" Spot="1" />
 <COLOR RGB="#104e1d" NAME="7-0400" Spot="1" />
 <COLOR RGB="#315a1d" NAME="7-0410" Spot="1" />
 <COLOR RGB="#153e20" NAME="7-0420" Spot="1" />
 <COLOR RGB="#394926" NAME="7-0440" Spot="1" />
 <COLOR RGB="#002f21" NAME="7-0441" Spot="1" />
 <COLOR RGB="#17261f" NAME="7-0450" Spot="1" />
 <COLOR RGB="#3a5d4b" NAME="7-0600" Spot="1" />
 <COLOR RGB="#434832" NAME="7-0640" Spot="1" />
 <COLOR RGB="#123924" NAME="7-0650" Spot="1" />
 <COLOR RGB="#1a321e" NAME="7-0660" Spot="1" />
 <COLOR RGB="#1c2d23" NAME="7-0680" Spot="1" />
 <COLOR RGB="#27383b" NAME="7-0690" Spot="1" />
 <COLOR RGB="#858761" NAME="7-0780" Spot="1" />
 <COLOR RGB="#afc1ba" NAME="8-0020" Spot="1" />
 <COLOR RGB="#80a4a1" NAME="8-0040" Spot="1" />
 <COLOR RGB="#7eabbc" NAME="8-0050" Spot="1" />
 <COLOR RGB="#93b9b4" NAME="8-0060" Spot="1" />
 <COLOR RGB="#51a9af" NAME="8-0080" Spot="1" />
 <COLOR RGB="#008d82" NAME="8-0090" Spot="1" />
 <COLOR RGB="#00816f" NAME="8-0094" Spot="1" />
 <COLOR RGB="#006762" NAME="8-0100" Spot="1" />
 <COLOR RGB="#5c96ac" NAME="8-0120" Spot="1" />
 <COLOR RGB="#736d9a" NAME="8-0140" Spot="1" />
 <COLOR RGB="#7e3474" NAME="8-0150" Spot="1" />
 <COLOR RGB="#b26191" NAME="8-0170" Spot="1" />
 <COLOR RGB="#48616f" NAME="8-0180" Spot="1" />
 <COLOR RGB="#3c5362" NAME="8-0200" Spot="1" />
 <COLOR RGB="#37505c" NAME="8-0220" Spot="1" />
 <COLOR RGB="#007d97" NAME="8-0240" Spot="1" />
 <COLOR RGB="#37598d" NAME="8-0250" Spot="1" />
 <COLOR RGB="#2e3a73" NAME="8-0251" Spot="1" />
 <COLOR RGB="#333b68" NAME="8-0252" Spot="1" />
 <COLOR RGB="#193963" NAME="8-0254" Spot="1" />
 <COLOR RGB="#0084a9" NAME="8-0260" Spot="1" />
 <COLOR RGB="#2b4474" NAME="8-0271" Spot="1" />
 <COLOR RGB="#1a3b62" NAME="8-0272" Spot="1" />
 <COLOR RGB="#004069" NAME="8-0273" Spot="1" />
 <COLOR RGB="#295e79" NAME="8-0280" Spot="1" />
 <COLOR RGB="#0b3260" NAME="8-0290" Spot="1" />
 <COLOR RGB="#005b83" NAME="8-0300" Spot="1" />
 <COLOR RGB="#004f6f" NAME="8-0301" Spot="1" />
 <COLOR RGB="#00587c" NAME="8-0302" Spot="1" />
 <COLOR RGB="#005382" NAME="8-0303" Spot="1" />
 <COLOR RGB="#004277" NAME="8-0310" Spot="1" />
 <COLOR RGB="#00436e" NAME="8-0320" Spot="1" />
 <COLOR RGB="#003e5b" NAME="8-0321" Spot="1" />
 <COLOR RGB="#13293b" NAME="8-0331" Spot="1" />
 <COLOR RGB="#0e2d3d" NAME="8-0332" Spot="1" />
 <COLOR RGB="#003048" NAME="8-0333" Spot="1" />
 <COLOR RGB="#002f46" NAME="8-0340" Spot="1" />
 <COLOR RGB="#111c2a" NAME="8-0350" Spot="1" />
 <COLOR RGB="#121d26" NAME="8-0351" Spot="1" />
 <COLOR RGB="#0d1b2a" NAME="8-0352" Spot="1" />
 <COLOR RGB="#121f2b" NAME="8-0353" Spot="1" />
 <COLOR RGB="#141d2f" NAME="8-0354" Spot="1" />
 <COLOR RGB="#102639" NAME="8-0355" Spot="1" />
 <COLOR RGB="#121822" NAME="8-0360" Spot="1" />
 <COLOR RGB="#12161c" NAME="8-0370" Spot="1" />
 <COLOR RGB="#161b25" NAME="8-0380" Spot="1" />
 <COLOR RGB="#131723" NAME="8-0390" Spot="1" />
 <COLOR RGB="#0e0e0c" NAME="8-0400" Spot="1" />
 <COLOR RGB="#a3ccc5" NAME="8-0420" Spot="1" />
 <COLOR RGB="#517c8c" NAME="8-0440" Spot="1" />
 <COLOR RGB="#255c6d" NAME="8-0460" Spot="1" />
 <COLOR RGB="#00728f" NAME="8-0470" Spot="1" />
 <COLOR RGB="#006b83" NAME="8-0480" Spot="1" />
 <COLOR RGB="#295261" NAME="8-0500" Spot="1" />
 <COLOR RGB="#47575e" NAME="8-0520" Spot="1" />
 <COLOR RGB="#1d3f4c" NAME="8-0540" Spot="1" />
 <COLOR RGB="#0a2f2c" NAME="8-0550" Spot="1" />
 <COLOR RGB="#003e47" NAME="8-0560" Spot="1" />
 <COLOR RGB="#143854" NAME="8-0590" Spot="1" />
 <COLOR RGB="#12254b" NAME="8-0591" Spot="1" />
 <COLOR RGB="#11314c" NAME="8-0600" Spot="1" />
 <COLOR RGB="#3b3c3b" NAME="8-0610" Spot="1" />
 <COLOR RGB="#29343d" NAME="8-0620" Spot="1" />
 <COLOR RGB="#151f2a" NAME="8-0640" Spot="1" />
 <COLOR RGB="#162230" NAME="8-0660" Spot="1" />
 <COLOR RGB="#131c29" NAME="8-0680" Spot="1" />
 <COLOR RGB="#4683a1" NAME="8-0780" Spot="1" />
 <COLOR RGB="#759b9e" NAME="8-0840" Spot="1" />
 <COLOR RGB="#1f6f83" NAME="8-0940" Spot="1" />
 <COLOR RGB="#00465d" NAME="8-0950" Spot="1" />
 <COLOR RGB="#062c3d" NAME="8-0960" Spot="1" />
 <COLOR RGB="#173d67" NAME="8-0970" Spot="1" />
 <COLOR RGB="#005f77" NAME="8-1000" Spot="1" />
 <COLOR RGB="#22495e" NAME="8-1020" Spot="1" />
 <COLOR RGB="#193e5a" NAME="8-1040" Spot="1" />
 <COLOR RGB="#3a6d71" NAME="8-1140" Spot="1" />
 <COLOR RGB="#bfc1c3" NAME="10-0010" Spot="1" />
 <COLOR RGB="#a2a9ad" NAME="10-0030" Spot="1" />
 <COLOR RGB="#a2a3a0" NAME="10-0050" Spot="1" />
 <COLOR RGB="#b3b6b5" NAME="10-0070" Spot="1" />
 <COLOR RGB="#acadab" NAME="10-0090" Spot="1" />
 <COLOR RGB="#a9abab" NAME="10-0110" Spot="1" />
 <COLOR RGB="#b6b8b8" NAME="10-0111" Spot="1" />
 <COLOR RGB="#cacccb" NAME="10-0112" Spot="1" />
 <COLOR RGB="#acaeaf" NAME="10-0113" Spot="1" />
 <COLOR RGB="#babbb9" NAME="10-0114" Spot="1" />
 <COLOR RGB="#9e9e9b" NAME="10-0120" Spot="1" />
 <COLOR RGB="#a4a5a3" NAME="10-0121" Spot="1" />
 <COLOR RGB="#9f9f9c" NAME="10-0122" Spot="1" />
 <COLOR RGB="#afb6b6" NAME="10-0123" Spot="1" />
 <COLOR RGB="#c2c4c4" NAME="10-0124" Spot="1" />
 <COLOR RGB="#a9acad" NAME="10-0125" Spot="1" />
 <COLOR RGB="#b8bab7" NAME="10-0126" Spot="1" />
 <COLOR RGB="#c4c5c4" NAME="10-0128" Spot="1" />
 <COLOR RGB="#9f9f95" NAME="10-0130" Spot="1" />
 <COLOR RGB="#acaeac" NAME="10-0131" Spot="1" />
 <COLOR RGB="#acaeae" NAME="10-0132" Spot="1" />
 <COLOR RGB="#999a97" NAME="10-0133" Spot="1" />
 <COLOR RGB="#b4ab8d" NAME="10-0140" Spot="1" />
 <COLOR RGB="#a9a59e" NAME="10-0150" Spot="1" />
 <COLOR RGB="#b0aba1" NAME="10-0161" Spot="1" />
 <COLOR RGB="#bbb1a3" NAME="10-0170" Spot="1" />
 <COLOR RGB="#aa9f82" NAME="10-0180" Spot="1" />
 <COLOR RGB="#ada38d" NAME="10-0181" Spot="1" />
 <COLOR RGB="#b7ac99" NAME="10-0182" Spot="1" />
 <COLOR RGB="#8b8879" NAME="10-0184" Spot="1" />
 <COLOR RGB="#868986" NAME="10-0210" Spot="1" />
 <COLOR RGB="#a3a9a8" NAME="10-0220" Spot="1" />
 <COLOR RGB="#9ba8a4" NAME="10-0223" Spot="1" />
 <COLOR RGB="#868a8a" NAME="10-0230" Spot="1" />
 <COLOR RGB="#9aaeb1" NAME="20-0010" Spot="1" />
 <COLOR RGB="#8ba0a2" NAME="20-0013" Spot="1" />
 <COLOR RGB="#728d9b" NAME="20-0020" Spot="1" />
 <COLOR RGB="#829294" NAME="20-0030" Spot="1" />
 <COLOR RGB="#839daa" NAME="20-0040" Spot="1" />
 <COLOR RGB="#81a0aa" NAME="20-0050" Spot="1" />
 <COLOR RGB="#82a3ad" NAME="20-0060" Spot="1" />
 <COLOR RGB="#6c8ea5" NAME="20-0070" Spot="1" />
 <COLOR RGB="#6b7985" NAME="20-0082" Spot="1" />
 <COLOR RGB="#506e84" NAME="20-0090" Spot="1" />
 <COLOR RGB="#6b93a3" NAME="20-0100" Spot="1" />
 <COLOR RGB="#7f9fad" NAME="20-0110" Spot="1" />
 <COLOR RGB="#74a3ab" NAME="20-0111" Spot="1" />
 <COLOR RGB="#71a1af" NAME="20-0112" Spot="1" />
 <COLOR RGB="#5d8999" NAME="20-0130" Spot="1" />
 <COLOR RGB="#131222" NAME="20-0140" Spot="1" />
 <COLOR RGB="#619ba4" NAME="20-0150" Spot="1" />
 <COLOR RGB="#00615a" NAME="20-0180" Spot="1" />
 <COLOR RGB="#007369" NAME="20-0200" Spot="1" />
 <COLOR RGB="#728f9a" NAME="20-0210" Spot="1" />
 <COLOR RGB="#4f656e" NAME="20-0230" Spot="1" />
 <COLOR RGB="#457786" NAME="20-0250" Spot="1" />
 <COLOR RGB="#107b98" NAME="20-0270" Spot="1" />
 <COLOR RGB="#2c788f" NAME="20-0271" Spot="1" />
 <COLOR RGB="#007d96" NAME="20-0272" Spot="1" />
 <COLOR RGB="#4c7fa2" NAME="20-0290" Spot="1" />
 <COLOR RGB="#1b687a" NAME="20-0330" Spot="1" />
 <COLOR RGB="#0f3146" NAME="20-0340" Spot="1" />
 <COLOR RGB="#0c3242" NAME="20-0350" Spot="1" />
 <COLOR RGB="#11252d" NAME="20-0360" Spot="1" />
 <COLOR RGB="#223c53" NAME="20-0370" Spot="1" />
 <COLOR RGB="#202738" NAME="20-0380" Spot="1" />
 <COLOR RGB="#3d5161" NAME="20-0390" Spot="1" />
 <COLOR RGB="#50616a" NAME="20-0400" Spot="1" />
 <COLOR RGB="#365966" NAME="20-0401" Spot="1" />
 <COLOR RGB="#536672" NAME="20-0402" Spot="1" />
 <COLOR RGB="#24272a" NAME="20-0420" Spot="1" />
 <COLOR RGB="#8fa4ae" NAME="20-0430" Spot="1" />
 <COLOR RGB="#9ba7ab" NAME="20-0440" Spot="1" />
 <COLOR RGB="#7b8e96" NAME="20-0450" Spot="1" />
 <COLOR RGB="#6c899d" NAME="20-0460" Spot="1" />
 <COLOR RGB="#6e8ea9" NAME="20-0470" Spot="1" />
 <COLOR RGB="#3c6167" NAME="20-0510" Spot="1" />
 <COLOR RGB="#4c5b64" NAME="20-0530" Spot="1" />
 <COLOR RGB="#556973" NAME="20-0540" Spot="1" />
 <COLOR RGB="#55636a" NAME="20-0550" Spot="1" />
 <COLOR RGB="#4f6068" NAME="20-0580" Spot="1" />
 <COLOR RGB="#6d7f83" NAME="20-0585" Spot="1" />
 <COLOR RGB="#3f4445" NAME="20-0590" Spot="1" />
 <COLOR RGB="#334040" NAME="20-0610" Spot="1" />
 <COLOR RGB="#526673" NAME="20-0630" Spot="1" />
 <COLOR RGB="#1a4a54" NAME="20-0660" Spot="1" />
 <COLOR RGB="#a5aeb1" NAME="20-0661" Spot="1" />
 <COLOR RGB="#2d6169" NAME="20-0670" Spot="1" />
 <COLOR RGB="#193d47" NAME="20-0671" Spot="1" />
 <COLOR RGB="#1d292d" NAME="20-0673" Spot="1" />
 <COLOR RGB="#31405c" NAME="20-0680" Spot="1" />
 <COLOR RGB="#172f42" NAME="20-0690" Spot="1" />
 <COLOR RGB="#273240" NAME="20-0691" Spot="1" />
 <COLOR RGB="#3a5164" NAME="20-0700" Spot="1" />
 <COLOR RGB="#324552" NAME="20-0710" Spot="1" />
 <COLOR RGB="#293741" NAME="20-0720" Spot="1" />
 <COLOR RGB="#304048" NAME="20-0730" Spot="1" />
 <COLOR RGB="#334754" NAME="20-0740" Spot="1" />
 <COLOR RGB="#1b2631" NAME="20-0750" Spot="1" />
 <COLOR RGB="#131415" NAME="20-0760" Spot="1" />
 <COLOR RGB="#225b7f" NAME="20-0790" Spot="1" />
 <COLOR RGB="#006386" NAME="20-0791" Spot="1" />
 <COLOR RGB="#005c7b" NAME="20-0792" Spot="1" />
 <COLOR RGB="#153560" NAME="20-0800" Spot="1" />
 <COLOR RGB="#162d5a" NAME="20-0801" Spot="1" />
 <COLOR RGB="#213048" NAME="20-0802" Spot="1" />
 <COLOR RGB="#1e2139" NAME="20-0803" Spot="1" />
 <COLOR RGB="#212f3c" NAME="20-0804" Spot="1" />
 <COLOR RGB="#1b283d" NAME="20-0805" Spot="1" />
 <COLOR RGB="#1f1e28" NAME="20-0806" Spot="1" />
 <COLOR RGB="#131a22" NAME="20-0807" Spot="1" />
 <COLOR RGB="#141e2d" NAME="20-0808" Spot="1" />
 <COLOR RGB="#232b35" NAME="20-0809" Spot="1" />
 <COLOR RGB="#12181b" NAME="20-0810" Spot="1" />
 <COLOR RGB="#121825" NAME="20-0812" Spot="1" />
 <COLOR RGB="#132135" NAME="20-0814" Spot="1" />
 <COLOR RGB="#2b4258" NAME="20-0830" Spot="1" />
 <COLOR RGB="#1c5277" NAME="20-0841" Spot="1" />
 <COLOR RGB="#163850" NAME="20-0850" Spot="1" />
 <COLOR RGB="#2e3d5f" NAME="20-0851" Spot="1" />
 <COLOR RGB="#24293b" NAME="20-0860" Spot="1" />
 <COLOR RGB="#2b3139" NAME="20-0870" Spot="1" />
 <COLOR RGB="#1b1c1e" NAME="20-0890" Spot="1" />
 <COLOR RGB="#23222e" NAME="20-0900" Spot="1" />
 <COLOR RGB="#1a2243" NAME="20-0903" Spot="1" />
 <COLOR RGB="#434a53" NAME="20-0910" Spot="1" />
 <COLOR RGB="#242b32" NAME="20-0950" Spot="1" />
 <COLOR RGB="#008889" NAME="20-0970" Spot="1" />
 <COLOR RGB="#1a2435" NAME="20-1130" Spot="1" />
 <COLOR RGB="#508584" NAME="20-1250" Spot="1" />
 <COLOR RGB="#799e9c" NAME="20-1258" Spot="1" />
 <COLOR RGB="#536f72" NAME="20-1260" Spot="1" />
 <COLOR RGB="#464f5d" NAME="20-1270" Spot="1" />
 <COLOR RGB="#21272c" NAME="20-1310" Spot="1" />
 <COLOR RGB="#96a590" NAME="30-0010" Spot="1" />
 <COLOR RGB="#b4bdad" NAME="30-0030" Spot="1" />
 <COLOR RGB="#b1b494" NAME="30-0050" Spot="1" />
 <COLOR RGB="#b8b189" NAME="30-0110" Spot="1" />
 <COLOR RGB="#989879" NAME="30-0120" Spot="1" />
 <COLOR RGB="#9ca293" NAME="30-0130" Spot="1" />
 <COLOR RGB="#829030" NAME="30-0150" Spot="1" />
 <COLOR RGB="#87967a" NAME="30-0200" Spot="1" />
 <COLOR RGB="#759a62" NAME="30-0210" Spot="1" />
 <COLOR RGB="#4e8048" NAME="30-0220" Spot="1" />
 <COLOR RGB="#55774a" NAME="30-0230" Spot="1" />
 <COLOR RGB="#455324" NAME="30-0250" Spot="1" />
 <COLOR RGB="#269161" NAME="30-0260" Spot="1" />
 <COLOR RGB="#21703a" NAME="30-0261" Spot="1" />
 <COLOR RGB="#475634" NAME="30-0262" Spot="1" />
 <COLOR RGB="#293e2a" NAME="30-0263" Spot="1" />
 <COLOR RGB="#263928" NAME="30-0270" Spot="1" />
 <COLOR RGB="#243626" NAME="30-0271" Spot="1" />
 <COLOR RGB="#213125" NAME="30-0272" Spot="1" />
 <COLOR RGB="#151e1c" NAME="30-0273" Spot="1" />
 <COLOR RGB="#263c2a" NAME="30-0281" Spot="1" />
 <COLOR RGB="#222c1b" NAME="30-0290" Spot="1" />
 <COLOR RGB="#202e24" NAME="30-0300" Spot="1" />
 <COLOR RGB="#509d61" NAME="30-0310" Spot="1" />
 <COLOR RGB="#4e837a" NAME="30-0330" Spot="1" />
 <COLOR RGB="#578177" NAME="30-0350" Spot="1" />
 <COLOR RGB="#aaa895" NAME="30-0355" Spot="1" />
 <COLOR RGB="#abb3ac" NAME="30-0360" Spot="1" />
 <COLOR RGB="#a0a896" NAME="30-0370" Spot="1" />
 <COLOR RGB="#90a69c" NAME="30-0375" Spot="1" />
 <COLOR RGB="#667b73" NAME="30-0380" Spot="1" />
 <COLOR RGB="#67736e" NAME="30-0381" Spot="1" />
 <COLOR RGB="#8c9581" NAME="30-0390" Spot="1" />
 <COLOR RGB="#96ada0" NAME="30-0391" Spot="1" />
 <COLOR RGB="#7d9074" NAME="30-0420" Spot="1" />
 <COLOR RGB="#508965" NAME="30-0440" Spot="1" />
 <COLOR RGB="#45614f" NAME="30-0460" Spot="1" />
 <COLOR RGB="#314130" NAME="30-0470" Spot="1" />
 <COLOR RGB="#434b47" NAME="30-0471" Spot="1" />
 <COLOR RGB="#29473e" NAME="30-0472" Spot="1" />
 <COLOR RGB="#1f4c37" NAME="30-0473" Spot="1" />
 <COLOR RGB="#161a1c" NAME="30-0474" Spot="1" />
 <COLOR RGB="#113322" NAME="30-0475" Spot="1" />
 <COLOR RGB="#0e4a2c" NAME="30-0477" Spot="1" />
 <COLOR RGB="#173522" NAME="30-0478" Spot="1" />
 <COLOR RGB="#2c3f38" NAME="30-0480" Spot="1" />
 <COLOR RGB="#114231" NAME="30-0490" Spot="1" />
 <COLOR RGB="#273e39" NAME="30-0491" Spot="1" />
 <COLOR RGB="#1b453f" NAME="30-0500" Spot="1" />
 <COLOR RGB="#44615f" NAME="30-0510" Spot="1" />
 <COLOR RGB="#254d4d" NAME="30-0530" Spot="1" />
 <COLOR RGB="#003e3f" NAME="30-0531" Spot="1" />
 <COLOR RGB="#003636" NAME="30-0540" Spot="1" />
 <COLOR RGB="#15231e" NAME="30-0541" Spot="1" />
 <COLOR RGB="#0c2722" NAME="30-0542" Spot="1" />
 <COLOR RGB="#8eae9e" NAME="30-0550" Spot="1" />
 <COLOR RGB="#40705d" NAME="30-0570" Spot="1" />
 <COLOR RGB="#007f66" NAME="30-0580" Spot="1" />
 <COLOR RGB="#434743" NAME="30-0610" Spot="1" />
 <COLOR RGB="#77756d" NAME="30-0620" Spot="1" />
 <COLOR RGB="#575444" NAME="30-0630" Spot="1" />
 <COLOR RGB="#8d9f96" NAME="30-0730" Spot="1" />
 <COLOR RGB="#004c4a" NAME="30-0770" Spot="1" />
 <COLOR RGB="#5a625d" NAME="30-0780" Spot="1" />
 <COLOR RGB="#4c5554" NAME="30-0790" Spot="1" />
 <COLOR RGB="#403f26" NAME="30-0830" Spot="1" />
 <COLOR RGB="#11493f" NAME="30-0850" Spot="1" />
 <COLOR RGB="#006b66" NAME="30-0855" Spot="1" />
 <COLOR RGB="#004b4b" NAME="30-0860" Spot="1" />
 <COLOR RGB="#0d5457" NAME="30-0861" Spot="1" />
 <COLOR RGB="#174247" NAME="30-0870" Spot="1" />
 <COLOR RGB="#1f261e" NAME="30-0890" Spot="1" />
 <COLOR RGB="#1a2f2a" NAME="30-0910" Spot="1" />
 <COLOR RGB="#1a2523" NAME="30-0911" Spot="1" />
 <COLOR RGB="#303a3c" NAME="30-0913" Spot="1" />
 <COLOR RGB="#072521" NAME="30-0920" Spot="1" />
 <COLOR RGB="#212923" NAME="30-0930" Spot="1" />
 <COLOR RGB="#3d4843" NAME="30-0935" Spot="1" />
 <COLOR RGB="#273030" NAME="30-0940" Spot="1" />
 <COLOR RGB="#182321" NAME="30-0960" Spot="1" />
 <COLOR RGB="#2b585b" NAME="30-0961" Spot="1" />
 <COLOR RGB="#06504b" NAME="30-0970" Spot="1" />
 <COLOR RGB="#004c44" NAME="30-0971" Spot="1" />
 <COLOR RGB="#005a48" NAME="30-0972" Spot="1" />
 <COLOR RGB="#00443c" NAME="30-0973" Spot="1" />
 <COLOR RGB="#003433" NAME="30-0974" Spot="1" />
 <COLOR RGB="#074540" NAME="30-0980" Spot="1" />
 <COLOR RGB="#007b59" NAME="30-0990" Spot="1" />
 <COLOR RGB="#4b5241" NAME="30-1010" Spot="1" />
 <COLOR RGB="#112326" NAME="30-1050" Spot="1" />
 <COLOR RGB="#b9a98f" NAME="40-0010" Spot="1" />
 <COLOR RGB="#b9a98e" NAME="40-0020" Spot="1" />
 <COLOR RGB="#b9a896" NAME="40-0030" Spot="1" />
 <COLOR RGB="#9b845f" NAME="40-0050" Spot="1" />
 <COLOR RGB="#b6a06b" NAME="40-0051" Spot="1" />
 <COLOR RGB="#b89d3d" NAME="40-0060" Spot="1" />
 <COLOR RGB="#ae8917" NAME="40-0061" Spot="1" />
 <COLOR RGB="#d9871c" NAME="40-0062" Spot="1" />
 <COLOR RGB="#a88149" NAME="40-0070" Spot="1" />
 <COLOR RGB="#a67e3a" NAME="40-0080" Spot="1" />
 <COLOR RGB="#a07a4c" NAME="40-0090" Spot="1" />
 <COLOR RGB="#a07c59" NAME="40-0100" Spot="1" />
 <COLOR RGB="#a27544" NAME="40-0110" Spot="1" />
 <COLOR RGB="#a26532" NAME="40-0120" Spot="1" />
 <COLOR RGB="#98673a" NAME="40-0125" Spot="1" />
 <COLOR RGB="#a0a29f" NAME="40-0130" Spot="1" />
 <COLOR RGB="#a79a8a" NAME="40-0150" Spot="1" />
 <COLOR RGB="#b4ab97" NAME="40-0160" Spot="1" />
 <COLOR RGB="#a89c81" NAME="40-0161" Spot="1" />
 <COLOR RGB="#bda072" NAME="40-0190" Spot="1" />
 <COLOR RGB="#8c643a" NAME="40-0230" Spot="1" />
 <COLOR RGB="#9f8567" NAME="40-0270" Spot="1" />
 <COLOR RGB="#8d3943" NAME="50-0010" Spot="1" />
 <COLOR RGB="#642f3c" NAME="50-0020" Spot="1" />
 <COLOR RGB="#781f23" NAME="50-0030" Spot="1" />
 <COLOR RGB="#510e1c" NAME="50-0040" Spot="1" />
 <COLOR RGB="#662220" NAME="50-0050" Spot="1" />
 <COLOR RGB="#752e37" NAME="50-0060" Spot="1" />
 <COLOR RGB="#7c402f" NAME="50-0070" Spot="1" />
 <COLOR RGB="#7e362b" NAME="50-0080" Spot="1" />
 <COLOR RGB="#8c3026" NAME="50-0081" Spot="1" />
 <COLOR RGB="#702a31" NAME="50-0130" Spot="1" />
 <COLOR RGB="#6d3038" NAME="50-0150" Spot="1" />
 <COLOR RGB="#661c29" NAME="50-0153" Spot="1" />
 <COLOR RGB="#4e1927" NAME="50-0155" Spot="1" />
 <COLOR RGB="#65202c" NAME="50-0160" Spot="1" />
 <COLOR RGB="#4a1725" NAME="50-0161" Spot="1" />
 <COLOR RGB="#55101b" NAME="50-0162" Spot="1" />
 <COLOR RGB="#45121c" NAME="50-0163" Spot="1" />
 <COLOR RGB="#5b1b23" NAME="50-0164" Spot="1" />
 <COLOR RGB="#652431" NAME="50-0170" Spot="1" />
 <COLOR RGB="#531d23" NAME="50-0190" Spot="1" />
 <COLOR RGB="#511c28" NAME="50-0210" Spot="1" />
 <COLOR RGB="#4b161e" NAME="50-0230" Spot="1" />
 <COLOR RGB="#531922" NAME="50-0240" Spot="1" />
 <COLOR RGB="#521c1f" NAME="50-0250" Spot="1" />
 <COLOR RGB="#411f23" NAME="50-0270" Spot="1" />
 <COLOR RGB="#4e1423" NAME="50-0280" Spot="1" />
 <COLOR RGB="#441721" NAME="50-0290" Spot="1" />
 <COLOR RGB="#3e141a" NAME="50-0300" Spot="1" />
 <COLOR RGB="#481f29" NAME="50-0302" Spot="1" />
 <COLOR RGB="#501826" NAME="50-0310" Spot="1" />
 <COLOR RGB="#5d1a26" NAME="50-0320" Spot="1" />
 <COLOR RGB="#371b21" NAME="50-0420" Spot="1" />
 <COLOR RGB="#29181b" NAME="50-0430" Spot="1" />
 <COLOR RGB="#3e1d23" NAME="50-0450" Spot="1" />
 <COLOR RGB="#421b1c" NAME="50-0530" Spot="1" />
 <COLOR RGB="#9c533e" NAME="60-0010" Spot="1" />
 <COLOR RGB="#995041" NAME="60-0020" Spot="1" />
 <COLOR RGB="#91795c" NAME="60-0070" Spot="1" />
 <COLOR RGB="#865530" NAME="60-0090" Spot="1" />
 <COLOR RGB="#7e4c2e" NAME="60-0110" Spot="1" />
 <COLOR RGB="#503026" NAME="60-0130" Spot="1" />
 <COLOR RGB="#2c241f" NAME="60-0140" Spot="1" />
 <COLOR RGB="#3a2a24" NAME="60-0150" Spot="1" />
 <COLOR RGB="#6b554d" NAME="60-0180" Spot="1" />
 <COLOR RGB="#654329" NAME="60-0290" Spot="1" />
 <COLOR RGB="#584435" NAME="60-0330" Spot="1" />
 <COLOR RGB="#3f231d" NAME="60-0350" Spot="1" />
 <COLOR RGB="#3f3735" NAME="60-0360" Spot="1" />
 <COLOR RGB="#413026" NAME="60-0370" Spot="1" />
 <COLOR RGB="#615748" NAME="60-0390" Spot="1" />
 <COLOR RGB="#655a4e" NAME="60-0510" Spot="1" />
 <COLOR RGB="#6f7473" NAME="70-0020" Spot="1" />
 <COLOR RGB="#a59782" NAME="70-0030" Spot="1" />
 <COLOR RGB="#a9a29a" NAME="70-0040" Spot="1" />
 <COLOR RGB="#717169" NAME="70-0050" Spot="1" />
 <COLOR RGB="#65615d" NAME="70-0060" Spot="1" />
 <COLOR RGB="#44474a" NAME="70-0070" Spot="1" />
 <COLOR RGB="#3c3b39" NAME="70-0090" Spot="1" />
 <COLOR RGB="#5c5f5c" NAME="70-0091" Spot="1" />
 <COLOR RGB="#2f3030" NAME="70-0100" Spot="1" />
 <COLOR RGB="#3b3f41" NAME="70-0103" Spot="1" />
 <COLOR RGB="#3d4240" NAME="70-0110" Spot="1" />
 <COLOR RGB="#3b4040" NAME="70-0111" Spot="1" />
 <COLOR RGB="#292e30" NAME="70-0112" Spot="1" />
 <COLOR RGB="#454443" NAME="70-0130" Spot="1" />
 <COLOR RGB="#1f2021" NAME="70-0140" Spot="1" />
 <COLOR RGB="#5f6061" NAME="70-0160" Spot="1" />
 <COLOR RGB="#4a4d4b" NAME="70-0170" Spot="1" />
 <COLOR RGB="#6b6c69" NAME="70-0180" Spot="1" />
 <COLOR RGB="#4c5553" NAME="70-0200" Spot="1" />
 <COLOR RGB="#5c6666" NAME="70-0210" Spot="1" />
 <COLOR RGB="#687070" NAME="70-0211" Spot="1" />
 <COLOR RGB="#4f5b5d" NAME="70-0220" Spot="1" />
 <COLOR RGB="#757775" NAME="70-0224" Spot="1" />
 <COLOR RGB="#61686a" NAME="70-0230" Spot="1" />
 <COLOR RGB="#646566" NAME="70-0240" Spot="1" />
 <COLOR RGB="#4c4e4e" NAME="70-0250" Spot="1" />
 <COLOR RGB="#413f39" NAME="70-0260" Spot="1" />
 <COLOR RGB="#5d5d58" NAME="70-0270" Spot="1" />
 <COLOR RGB="#53584f" NAME="70-0280" Spot="1" />
 <COLOR RGB="#6c6a63" NAME="70-0290" Spot="1" />
 <COLOR RGB="#797370" NAME="70-0310" Spot="1" />
 <COLOR RGB="#838688" NAME="70-0320" Spot="1" />
 <COLOR RGB="#696361" NAME="70-0330" Spot="1" />
 <COLOR RGB="#6a6968" NAME="70-0350" Spot="1" />
 <COLOR RGB="#60605d" NAME="70-0360" Spot="1" />
 <COLOR RGB="#495151" NAME="70-0370" Spot="1" />
 <COLOR RGB="#60676a" NAME="70-0375" Spot="1" />
 <COLOR RGB="#585e60" NAME="70-0377" Spot="1" />
 <COLOR RGB="#4d4b43" NAME="70-0380" Spot="1" />
 <COLOR RGB="#485457" NAME="70-0385" Spot="1" />
 <COLOR RGB="#485054" NAME="70-0390" Spot="1" />
 <COLOR RGB="#42494a" NAME="70-0394" Spot="1" />
 <COLOR RGB="#313335" NAME="70-0400" Spot="1" />
 <COLOR RGB="#3e403c" NAME="70-0401" Spot="1" />
 <COLOR RGB="#353739" NAME="70-0409" Spot="1" />
 <COLOR RGB="#212325" NAME="70-0410" Spot="1" />
 <COLOR RGB="#232425" NAME="70-0421" Spot="1" />
 <COLOR RGB="#25292c" NAME="70-0422" Spot="1" />
 <COLOR RGB="#15191a" NAME="70-0423" Spot="1" />
 <COLOR RGB="#131214" NAME="70-0424" Spot="1" />
 <COLOR RGB="#141416" NAME="70-0425" Spot="1" />
 <COLOR RGB="#8b8c8b" NAME="70-0430" Spot="1" />
 <COLOR RGB="#8e8b8a" NAME="70-0440" Spot="1" />
 <COLOR RGB="#5b6d6f" NAME="70-0450" Spot="1" />
 <COLOR RGB="#1e1e22" NAME="70-0490" Spot="1" />
 <COLOR RGB="#2b2a2f" NAME="70-0530" Spot="1" />
 <COLOR RGB="#2c3537" NAME="70-0570" Spot="1" />
 <COLOR RGB="#1a1717" NAME="70-0720" Spot="1" />
 <COLOR RGB="#111214" NAME="70-0730" Spot="1" />
 <COLOR RGB="#171718" NAME="70-0733" Spot="1" />
 <COLOR RGB="#222024" NAME="70-0740" Spot="1" />
 <COLOR RGB="#3f3d3c" NAME="70-0741" Spot="1" />
 <COLOR RGB="#484449" NAME="70-0750" Spot="1" />
 <COLOR RGB="#2c363c" NAME="70-0760" Spot="1" />
 <COLOR RGB="#827c6f" NAME="70-0770" Spot="1" />
 <COLOR RGB="#aba697" NAME="70-0780" Spot="1" />
 <COLOR RGB="#746c62" NAME="70-0790" Spot="1" />
 <COLOR RGB="#aaa194" NAME="70-0791" Spot="1" />
 <COLOR RGB="#62625e" NAME="70-0810" Spot="1" />
 <COLOR RGB="#1d547e" NAME="120-0050" Spot="1" />
 <COLOR RGB="#003b5e" NAME="120-0080" Spot="1" />
 <COLOR RGB="#203b54" NAME="120-0090" Spot="1" />
 <COLOR RGB="#173b63" NAME="120-0100" Spot="1" />
 <COLOR RGB="#384f7c" NAME="120-0125" Spot="1" />
 <COLOR RGB="#0d283e" NAME="120-0150" Spot="1" />
 <COLOR RGB="#122334" NAME="120-0160" Spot="1" />
 <COLOR RGB="#1c2c2c" NAME="120-0200" Spot="1" />
 <COLOR RGB="#101e31" NAME="120-0250" Spot="1" />
 <COLOR RGB="#272831" NAME="120-0290" Spot="1" />
 <COLOR RGB="#292b29" NAME="120-0310" Spot="1" />
 <COLOR RGB="#2c373b" NAME="120-0318" Spot="1" />
 <COLOR RGB="#1a1d25" NAME="120-0320" Spot="1" />
 <COLOR RGB="#181f30" NAME="120-0400" Spot="1" />
 <COLOR RGB="#161821" NAME="120-0450" Spot="1" />
 <COLOR RGB="#111319" NAME="120-0500" Spot="1" />
 <COLOR RGB="#1d1c2e" NAME="120-0550" Spot="1" />
 <COLOR RGB="#21443a" NAME="130-0100" Spot="1" />
 <COLOR RGB="#162121" NAME="130-0240" Spot="1" />
 <COLOR RGB="#171e1e" NAME="130-0300" Spot="1" />
 <COLOR RGB="#26161b" NAME="150-0010" Spot="1" />
 <COLOR RGB="#271b1a" NAME="150-0020" Spot="1" />
 <COLOR RGB="#2f1318" NAME="150-0040" Spot="1" />
 <COLOR RGB="#391219" NAME="150-0060" Spot="1" />
 <COLOR RGB="#441925" NAME="150-0120" Spot="1" />
 <COLOR RGB="#4a101b" NAME="150-0160" Spot="1" />
</SCRIBUSCOLORS>