<?xml version="1.0" encoding="UTF-8"?>
<SCRIBUSCOLORS Name="einz-a Novacolor">
 <COLOR RGB="#3b536e" NAME="einz´a Adria" Spot="1" />
 <COLOR RGB="#3f6b8f" NAME="einz´a Adria 11" Spot="1" />
 <COLOR RGB="#5684a7" NAME="einz´a Adria 22" Spot="1" />
 <COLOR RGB="#80a7c3" NAME="einz´a Adria 33" Spot="1" />
 <COLOR RGB="#94b9cc" NAME="einz´a Adria 44" Spot="1" />
 <COLOR RGB="#afcddb" NAME="einz´a Adria 55" Spot="1" />
 <COLOR RGB="#c5dae3" NAME="einz´a Adria 66" Spot="1" />
 <COLOR RGB="#d3e1e2" NAME="einz´a Adria 77" Spot="1" />
 <COLOR RGB="#e1eae9" NAME="einz´a Adria 88" Spot="1" />
 <COLOR RGB="#6c6440" NAME="einz´a Agave" Spot="1" />
 <COLOR RGB="#7f7550" NAME="einz´a Agave 11" Spot="1" />
 <COLOR RGB="#9d9168" NAME="einz´a Agave 22" Spot="1" />
 <COLOR RGB="#b7ab82" NAME="einz´a Agave 33" Spot="1" />
 <COLOR RGB="#cabf9a" NAME="einz´a Agave 44" Spot="1" />
 <COLOR RGB="#ded2b0" NAME="einz´a Agave 55" Spot="1" />
 <COLOR RGB="#e8dfc3" NAME="einz´a Agave 66" Spot="1" />
 <COLOR RGB="#ebe7d5" NAME="einz´a Agave 77" Spot="1" />
 <COLOR RGB="#eeebda" NAME="einz´a Agave 88" Spot="1" />
 <COLOR RGB="#bb8733" NAME="einz´a Bast" Spot="1" />
 <COLOR RGB="#cf973f" NAME="einz´a Bast 11" Spot="1" />
 <COLOR RGB="#dcb05e" NAME="einz´a Bast 22" Spot="1" />
 <COLOR RGB="#ebc87d" NAME="einz´a Bast 33" Spot="1" />
 <COLOR RGB="#f3d998" NAME="einz´a Bast 44" Spot="1" />
 <COLOR RGB="#f0deaa" NAME="einz´a Bast 55" Spot="1" />
 <COLOR RGB="#f3e8c1" NAME="einz´a Bast 66" Spot="1" />
 <COLOR RGB="#f1eace" NAME="einz´a Bast 77" Spot="1" />
 <COLOR RGB="#f4efd8" NAME="einz´a Bast 88" Spot="1" />
 <COLOR RGB="#e79526" NAME="einz´a Bernstein" Spot="1" />
 <COLOR RGB="#eca13b" NAME="einz´a Bernstein 11" Spot="1" />
 <COLOR RGB="#f0b658" NAME="einz´a Bernstein 22" Spot="1" />
 <COLOR RGB="#f6ce7c" NAME="einz´a Bernstein 33" Spot="1" />
 <COLOR RGB="#f8dd97" NAME="einz´a Bernstein 44" Spot="1" />
 <COLOR RGB="#f7e6b0" NAME="einz´a Bernstein 55" Spot="1" />
 <COLOR RGB="#f7ecc3" NAME="einz´a Bernstein 66" Spot="1" />
 <COLOR RGB="#f1ebcd" NAME="einz´a Bernstein 77" Spot="1" />
 <COLOR RGB="#f4efd9" NAME="einz´a Bernstein 88" Spot="1" />
 <COLOR RGB="#828c3d" NAME="einz´a Birke" Spot="1" />
 <COLOR RGB="#8e9a47" NAME="einz´a Birke 11" Spot="1" />
 <COLOR RGB="#a9b561" NAME="einz´a Birke 22" Spot="1" />
 <COLOR RGB="#c5cc81" NAME="einz´a Birke 33" Spot="1" />
 <COLOR RGB="#d2d99b" NAME="einz´a Birke 44" Spot="1" />
 <COLOR RGB="#dee3b1" NAME="einz´a Birke 55" Spot="1" />
 <COLOR RGB="#e8ebc7" NAME="einz´a Birke 66" Spot="1" />
 <COLOR RGB="#eeefd3" NAME="einz´a Birke 77" Spot="1" />
 <COLOR RGB="#ebedd5" NAME="einz´a Birke 88" Spot="1" />
 <COLOR RGB="#77694a" NAME="einz´a Borke" Spot="1" />
 <COLOR RGB="#837556" NAME="einz´a Borke 11" Spot="1" />
 <COLOR RGB="#9e8e6b" NAME="einz´a Borke 22" Spot="1" />
 <COLOR RGB="#bcab86" NAME="einz´a Borke 33" Spot="1" />
 <COLOR RGB="#ccbe9c" NAME="einz´a Borke 44" Spot="1" />
 <COLOR RGB="#dbceb1" NAME="einz´a Borke 55" Spot="1" />
 <COLOR RGB="#e6dcc5" NAME="einz´a Borke 66" Spot="1" />
 <COLOR RGB="#efe7d4" NAME="einz´a Borke 77" Spot="1" />
 <COLOR RGB="#efebda" NAME="einz´a Borke 88" Spot="1" />
 <COLOR RGB="#635547" NAME="einz´a Brasil" Spot="1" />
 <COLOR RGB="#695b4e" NAME="einz´a Brasil 11" Spot="1" />
 <COLOR RGB="#867767" NAME="einz´a Brasil 22" Spot="1" />
 <COLOR RGB="#a69582" NAME="einz´a Brasil 33" Spot="1" />
 <COLOR RGB="#bdae9a" NAME="einz´a Brasil 44" Spot="1" />
 <COLOR RGB="#ccbfad" NAME="einz´a Brasil 55" Spot="1" />
 <COLOR RGB="#dcd1c1" NAME="einz´a Brasil 66" Spot="1" />
 <COLOR RGB="#e2dacd" NAME="einz´a Brasil 77" Spot="1" />
 <COLOR RGB="#ede7db" NAME="einz´a Brasil 88" Spot="1" />
 <COLOR RGB="#c37942" NAME="einz´a Curry" Spot="1" />
 <COLOR RGB="#cd874f" NAME="einz´a Curry 11" Spot="1" />
 <COLOR RGB="#df9e65" NAME="einz´a Curry 22" Spot="1" />
 <COLOR RGB="#eeb982" NAME="einz´a Curry 33" Spot="1" />
 <COLOR RGB="#f4cc9c" NAME="einz´a Curry 44" Spot="1" />
 <COLOR RGB="#f5d9b0" NAME="einz´a Curry 55" Spot="1" />
 <COLOR RGB="#f5e4c5" NAME="einz´a Curry 66" Spot="1" />
 <COLOR RGB="#f4e7d0" NAME="einz´a Curry 77" Spot="1" />
 <COLOR RGB="#f8eedb" NAME="einz´a Curry 88" Spot="1" />
 <COLOR RGB="#7e7549" NAME="einz´a Eibe" Spot="1" />
 <COLOR RGB="#908555" NAME="einz´a Eibe 11" Spot="1" />
 <COLOR RGB="#aba171" NAME="einz´a Eibe 22" Spot="1" />
 <COLOR RGB="#cbc194" NAME="einz´a Eibe 33" Spot="1" />
 <COLOR RGB="#d9d1a7" NAME="einz´a Eibe 44" Spot="1" />
 <COLOR RGB="#e4ddbc" NAME="einz´a Eibe 55" Spot="1" />
 <COLOR RGB="#e8e2c7" NAME="einz´a Eibe 66" Spot="1" />
 <COLOR RGB="#eae8d4" NAME="einz´a Eibe 77" Spot="1" />
 <COLOR RGB="#f1edde" NAME="einz´a Eibe 88" Spot="1" />
 <COLOR RGB="#ba4f3d" NAME="einz´a Feuer" Spot="1" />
 <COLOR RGB="#c25b47" NAME="einz´a Feuer 11" Spot="1" />
 <COLOR RGB="#d67763" NAME="einz´a Feuer 22" Spot="1" />
 <COLOR RGB="#e89680" NAME="einz´a Feuer 33" Spot="1" />
 <COLOR RGB="#f4b39d" NAME="einz´a Feuer 44" Spot="1" />
 <COLOR RGB="#f5c4b2" NAME="einz´a Feuer 55" Spot="1" />
 <COLOR RGB="#f7d4c5" NAME="einz´a Feuer 66" Spot="1" />
 <COLOR RGB="#f8dfd1" NAME="einz´a Feuer 77" Spot="1" />
 <COLOR RGB="#f5e6da" NAME="einz´a Feuer 88" Spot="1" />
 <COLOR RGB="#904f40" NAME="einz´a Inkarot" Spot="1" />
 <COLOR RGB="#9c5e51" NAME="einz´a Inkarot 11" Spot="1" />
 <COLOR RGB="#b47b70" NAME="einz´a Inkarot 22" Spot="1" />
 <COLOR RGB="#ce9b8e" NAME="einz´a Inkarot 33" Spot="1" />
 <COLOR RGB="#e0b4a9" NAME="einz´a Inkarot 44" Spot="1" />
 <COLOR RGB="#e9c6bb" NAME="einz´a Inkarot 55" Spot="1" />
 <COLOR RGB="#efd6cc" NAME="einz´a Inkarot 66" Spot="1" />
 <COLOR RGB="#f6e4da" NAME="einz´a Inkarot 77" Spot="1" />
 <COLOR RGB="#f2e7dd" NAME="einz´a Inkarot 88" Spot="1" />
 <COLOR RGB="#6d6f58" NAME="einz´a Lorbeer" Spot="1" />
 <COLOR RGB="#7b7e67" NAME="einz´a Lorbeer 11" Spot="1" />
 <COLOR RGB="#95987f" NAME="einz´a Lorbeer 22" Spot="1" />
 <COLOR RGB="#afb098" NAME="einz´a Lorbeer 33" Spot="1" />
 <COLOR RGB="#c4c5b0" NAME="einz´a Lorbeer 44" Spot="1" />
 <COLOR RGB="#d1d0bd" NAME="einz´a Lorbeer 55" Spot="1" />
 <COLOR RGB="#dfdece" NAME="einz´a Lorbeer 66" Spot="1" />
 <COLOR RGB="#ecece1" NAME="einz´a Lorbeer 77" Spot="1" />
 <COLOR RGB="#eeede4" NAME="einz´a Lorbeer 88" Spot="1" />
 <COLOR RGB="#5f6b44" NAME="einz´a Moos" Spot="1" />
 <COLOR RGB="#707a52" NAME="einz´a Moos 11" Spot="1" />
 <COLOR RGB="#8a976c" NAME="einz´a Moos 22" Spot="1" />
 <COLOR RGB="#a7b487" NAME="einz´a Moos 33" Spot="1" />
 <COLOR RGB="#c0c7a1" NAME="einz´a Moos 44" Spot="1" />
 <COLOR RGB="#d2d9b8" NAME="einz´a Moos 55" Spot="1" />
 <COLOR RGB="#e0e5c9" NAME="einz´a Moos 66" Spot="1" />
 <COLOR RGB="#e7ead5" NAME="einz´a Moos 77" Spot="1" />
 <COLOR RGB="#ebecdd" NAME="einz´a Moos 88" Spot="1" />
 <COLOR RGB="#cc7235" NAME="einz´a Orange" Spot="1" />
 <COLOR RGB="#d77f3d" NAME="einz´a Orange 11" Spot="1" />
 <COLOR RGB="#e79e5d" NAME="einz´a Orange 22" Spot="1" />
 <COLOR RGB="#f1b877" NAME="einz´a Orange 33" Spot="1" />
 <COLOR RGB="#f4cd97" NAME="einz´a Orange 44" Spot="1" />
 <COLOR RGB="#f8deb1" NAME="einz´a Orange 55" Spot="1" />
 <COLOR RGB="#f9e5c3" NAME="einz´a Orange 66" Spot="1" />
 <COLOR RGB="#f3e8ce" NAME="einz´a Orange 77" Spot="1" />
 <COLOR RGB="#f4ecd7" NAME="einz´a Orange 88" Spot="1" />
 <COLOR RGB="#e8a530" NAME="einz´a Sahara" Spot="1" />
 <COLOR RGB="#eeb13e" NAME="einz´a Sahara 11" Spot="1" />
 <COLOR RGB="#f2c75f" NAME="einz´a Sahara 22" Spot="1" />
 <COLOR RGB="#f7de82" NAME="einz´a Sahara 33" Spot="1" />
 <COLOR RGB="#f3e49f" NAME="einz´a Sahara 44" Spot="1" />
 <COLOR RGB="#f5ebb4" NAME="einz´a Sahara 55" Spot="1" />
 <COLOR RGB="#f4eec2" NAME="einz´a Sahara 66" Spot="1" />
 <COLOR RGB="#f2efd3" NAME="einz´a Sahara 77" Spot="1" />
 <COLOR RGB="#f1efda" NAME="einz´a Sahara 88" Spot="1" />
 <COLOR RGB="#4c4e4a" NAME="einz´a Schiefer" Spot="1" />
 <COLOR RGB="#575854" NAME="einz´a Schiefer 11" Spot="1" />
 <COLOR RGB="#6a6b65" NAME="einz´a Schiefer 22" Spot="1" />
 <COLOR RGB="#8d8c83" NAME="einz´a Schiefer 33" Spot="1" />
 <COLOR RGB="#a2a196" NAME="einz´a Schiefer 44" Spot="1" />
 <COLOR RGB="#bab7ad" NAME="einz´a Schiefer 55" Spot="1" />
 <COLOR RGB="#ccc9c0" NAME="einz´a Schiefer 66" Spot="1" />
 <COLOR RGB="#dcdad0" NAME="einz´a Schiefer 77" Spot="1" />
 <COLOR RGB="#e3e1d8" NAME="einz´a Schiefer 88" Spot="1" />
 <COLOR RGB="#7a5d44" NAME="einz´a Schoko" Spot="1" />
 <COLOR RGB="#86694f" NAME="einz´a Schoko 11" Spot="1" />
 <COLOR RGB="#a38667" NAME="einz´a Schoko 22" Spot="1" />
 <COLOR RGB="#c1a482" NAME="einz´a Schoko 33" Spot="1" />
 <COLOR RGB="#d2ba9b" NAME="einz´a Schoko 44" Spot="1" />
 <COLOR RGB="#e2cbac" NAME="einz´a Schoko 55" Spot="1" />
 <COLOR RGB="#e5d7c0" NAME="einz´a Schoko 66" Spot="1" />
 <COLOR RGB="#efe5d2" NAME="einz´a Schoko 77" Spot="1" />
 <COLOR RGB="#ece6d7" NAME="einz´a Schoko 88" Spot="1" />
 <COLOR RGB="#f2c332" NAME="einz´a Sonne" Spot="1" />
 <COLOR RGB="#f0c637" NAME="einz´a Sonne 11" Spot="1" />
 <COLOR RGB="#f1d251" NAME="einz´a Sonne 22" Spot="1" />
 <COLOR RGB="#f3df71" NAME="einz´a Sonne 33" Spot="1" />
 <COLOR RGB="#f7eb93" NAME="einz´a Sonne 44" Spot="1" />
 <COLOR RGB="#f2eaa8" NAME="einz´a Sonne 55" Spot="1" />
 <COLOR RGB="#f4f1bf" NAME="einz´a Sonne 66" Spot="1" />
 <COLOR RGB="#f0eecc" NAME="einz´a Sonne 77" Spot="1" />
 <COLOR RGB="#f2f1d6" NAME="einz´a Sonne 88" Spot="1" />
 <COLOR RGB="#695548" NAME="einz´a Torf" Spot="1" />
 <COLOR RGB="#7a6254" NAME="einz´a Torf 11" Spot="1" />
 <COLOR RGB="#978272" NAME="einz´a Torf 22" Spot="1" />
 <COLOR RGB="#bba695" NAME="einz´a Torf 33" Spot="1" />
 <COLOR RGB="#cbb9aa" NAME="einz´a Torf 44" Spot="1" />
 <COLOR RGB="#dbcbbd" NAME="einz´a Torf 55" Spot="1" />
 <COLOR RGB="#e5d9cc" NAME="einz´a Torf 66" Spot="1" />
 <COLOR RGB="#ede4d8" NAME="einz´a Torf 77" Spot="1" />
 <COLOR RGB="#f1eae1" NAME="einz´a Torf 88" Spot="1" />
 <COLOR RGB="#9a6648" NAME="einz´a Ziegel" Spot="1" />
 <COLOR RGB="#a37154" NAME="einz´a Ziegel 11" Spot="1" />
 <COLOR RGB="#bb8b6a" NAME="einz´a Ziegel 22" Spot="1" />
 <COLOR RGB="#d4ac89" NAME="einz´a Ziegel 33" Spot="1" />
 <COLOR RGB="#dfbf9f" NAME="einz´a Ziegel 44" Spot="1" />
 <COLOR RGB="#e7cfb5" NAME="einz´a Ziegel 55" Spot="1" />
 <COLOR RGB="#ebd9c2" NAME="einz´a Ziegel 66" Spot="1" />
 <COLOR RGB="#f4e9d5" NAME="einz´a Ziegel 77" Spot="1" />
 <COLOR RGB="#efe8d8" NAME="einz´a Ziegel 88" Spot="1" />
</SCRIBUSCOLORS>