<?xml version="1.0" encoding="UTF-8"?>
<SCRIBUSCOLORS Name="farbe+raum Kollektion">
 <COLOR RGB="#eeeee9" NAME="farbe+raum 0500-N" Spot="1" />
 <COLOR RGB="#e6eceb" NAME="farbe+raum 0502-B50G" Spot="1" />
 <COLOR RGB="#ebede4" NAME="farbe+raum 0502-G50Y" Spot="1" />
 <COLOR RGB="#e9e8e8" NAME="farbe+raum 0502-R50B" Spot="1" />
 <COLOR RGB="#ecebde" NAME="farbe+raum 0502-Y" Spot="1" />
 <COLOR RGB="#eee9e0" NAME="farbe+raum 0502-Y50R" Spot="1" />
 <COLOR RGB="#dde8ea" NAME="farbe+raum 0505-B" Spot="1" />
 <COLOR RGB="#e8ede1" NAME="farbe+raum 0505-G30Y" Spot="1" />
 <COLOR RGB="#eee4e0" NAME="farbe+raum 0505-R" Spot="1" />
 <COLOR RGB="#e1e7ea" NAME="farbe+raum 0505-R80B" Spot="1" />
 <COLOR RGB="#f1eed9" NAME="farbe+raum 0505-Y" Spot="1" />
 <COLOR RGB="#f3edd7" NAME="farbe+raum 0505-Y10R" Spot="1" />
 <COLOR RGB="#f2ead3" NAME="farbe+raum 0505-Y20R" Spot="1" />
 <COLOR RGB="#f7ecd7" NAME="farbe+raum 0505-Y30R" Spot="1" />
 <COLOR RGB="#f4e9d6" NAME="farbe+raum 0505-Y40R" Spot="1" />
 <COLOR RGB="#f2e5d4" NAME="farbe+raum 0505-Y50R" Spot="1" />
 <COLOR RGB="#f1e5d8" NAME="farbe+raum 0505-Y60R" Spot="1" />
 <COLOR RGB="#f2e7df" NAME="farbe+raum 0505-Y80R" Spot="1" />
 <COLOR RGB="#d6ebe4" NAME="farbe+raum 0510-B70G" Spot="1" />
 <COLOR RGB="#e3e4ed" NAME="farbe+raum 0510-R60B" Spot="1" />
 <COLOR RGB="#d8e5ec" NAME="farbe+raum 0510-R90B" Spot="1" />
 <COLOR RGB="#eee6c4" NAME="farbe+raum 0510-Y" Spot="1" />
 <COLOR RGB="#f3e6c1" NAME="farbe+raum 0510-Y10R" Spot="1" />
 <COLOR RGB="#f8e7c5" NAME="farbe+raum 0510-Y20R" Spot="1" />
 <COLOR RGB="#f9e6c9" NAME="farbe+raum 0510-Y30R" Spot="1" />
 <COLOR RGB="#f5ddc2" NAME="farbe+raum 0510-Y40R" Spot="1" />
 <COLOR RGB="#f6e1cc" NAME="farbe+raum 0510-Y50R" Spot="1" />
 <COLOR RGB="#f9e2d1" NAME="farbe+raum 0510-Y60R" Spot="1" />
 <COLOR RGB="#f5dbcb" NAME="farbe+raum 0510-Y70R" Spot="1" />
 <COLOR RGB="#f5dcd1" NAME="farbe+raum 0510-Y80R" Spot="1" />
 <COLOR RGB="#f6e0d8" NAME="farbe+raum 0510-Y90R" Spot="1" />
 <COLOR RGB="#f0cbce" NAME="farbe+raum 0520-R10B" Spot="1" />
 <COLOR RGB="#ded3e7" NAME="farbe+raum 0520-R50B" Spot="1" />
 <COLOR RGB="#c2dceb" NAME="farbe+raum 0520-R90B" Spot="1" />
 <COLOR RGB="#f5e6af" NAME="farbe+raum 0520-Y" Spot="1" />
 <COLOR RGB="#fae5b1" NAME="farbe+raum 0520-Y10R" Spot="1" />
 <COLOR RGB="#f6d9a3" NAME="farbe+raum 0520-Y20R" Spot="1" />
 <COLOR RGB="#fad6ac" NAME="farbe+raum 0520-Y30R" Spot="1" />
 <COLOR RGB="#fad1aa" NAME="farbe+raum 0520-Y40R" Spot="1" />
 <COLOR RGB="#f7cbac" NAME="farbe+raum 0520-Y50R" Spot="1" />
 <COLOR RGB="#f7cbb1" NAME="farbe+raum 0520-Y60R" Spot="1" />
 <COLOR RGB="#f6c9bc" NAME="farbe+raum 0520-Y80R" Spot="1" />
 <COLOR RGB="#f5cac2" NAME="farbe+raum 0520-Y90R" Spot="1" />
 <COLOR RGB="#f6de91" NAME="farbe+raum 0530-Y" Spot="1" />
 <COLOR RGB="#f9d18f" NAME="farbe+raum 0530-Y20R" Spot="1" />
 <COLOR RGB="#fbc88d" NAME="farbe+raum 0530-Y30R" Spot="1" />
 <COLOR RGB="#fde182" NAME="farbe+raum 0540-Y" Spot="1" />
 <COLOR RGB="#fdd47c" NAME="farbe+raum 0540-Y10R" Spot="1" />
 <COLOR RGB="#fdc677" NAME="farbe+raum 0540-Y20R" Spot="1" />
 <COLOR RGB="#ffcc63" NAME="farbe+raum 0550-Y10R" Spot="1" />
 <COLOR RGB="#fcbe63" NAME="farbe+raum 0550-Y20R" Spot="1" />
 <COLOR RGB="#fdb163" NAME="farbe+raum 0550-Y30R" Spot="1" />
 <COLOR RGB="#ecd000" NAME="farbe+raum 0570-G90Y" Spot="1" />
 <COLOR RGB="#f4cb15" NAME="farbe+raum 0570-Y" Spot="1" />
 <COLOR RGB="#ffc113" NAME="farbe+raum 0570-Y10R" Spot="1" />
 <COLOR RGB="#ffb02b" NAME="farbe+raum 0570-Y20R" Spot="1" />
 <COLOR RGB="#fa9a33" NAME="farbe+raum 0570-Y30R" Spot="1" />
 <COLOR RGB="#e0e0dd" NAME="farbe+raum 1000-N" Spot="1" />
 <COLOR RGB="#deddd3" NAME="farbe+raum 1002-Y" Spot="1" />
 <COLOR RGB="#e1ddc9" NAME="farbe+raum 1005-Y" Spot="1" />
 <COLOR RGB="#e1d8c4" NAME="farbe+raum 1005-Y20R" Spot="1" />
 <COLOR RGB="#e1d6c6" NAME="farbe+raum 1005-Y40R" Spot="1" />
 <COLOR RGB="#c2d4d9" NAME="farbe+raum 1010-B" Spot="1" />
 <COLOR RGB="#c5dada" NAME="farbe+raum 1010-B30G" Spot="1" />
 <COLOR RGB="#d0dcca" NAME="farbe+raum 1010-G20Y" Spot="1" />
 <COLOR RGB="#d7dec3" NAME="farbe+raum 1010-G50Y" Spot="1" />
 <COLOR RGB="#ddddbf" NAME="farbe+raum 1010-G70Y" Spot="1" />
 <COLOR RGB="#e2d3d9" NAME="farbe+raum 1010-R30B" Spot="1" />
 <COLOR RGB="#ccd6df" NAME="farbe+raum 1010-R80B" Spot="1" />
 <COLOR RGB="#c9d7df" NAME="farbe+raum 1010-R90B" Spot="1" />
 <COLOR RGB="#e3d9b7" NAME="farbe+raum 1010-Y" Spot="1" />
 <COLOR RGB="#e2d5b3" NAME="farbe+raum 1010-Y10R" Spot="1" />
 <COLOR RGB="#e5d4b5" NAME="farbe+raum 1010-Y20R" Spot="1" />
 <COLOR RGB="#e7d4b8" NAME="farbe+raum 1010-Y30R" Spot="1" />
 <COLOR RGB="#e7d1b6" NAME="farbe+raum 1010-Y40R" Spot="1" />
 <COLOR RGB="#e9d0b9" NAME="farbe+raum 1010-Y50R" Spot="1" />
 <COLOR RGB="#e6cfbd" NAME="farbe+raum 1010-Y60R" Spot="1" />
 <COLOR RGB="#e5cabc" NAME="farbe+raum 1010-Y70R" Spot="1" />
 <COLOR RGB="#e2cbc2" NAME="farbe+raum 1010-Y80R" Spot="1" />
 <COLOR RGB="#e6d8a2" NAME="farbe+raum 1020-Y" Spot="1" />
 <COLOR RGB="#e6d09f" NAME="farbe+raum 1020-Y10R" Spot="1" />
 <COLOR RGB="#e6c99b" NAME="farbe+raum 1020-Y20R" Spot="1" />
 <COLOR RGB="#eec99d" NAME="farbe+raum 1020-Y30R" Spot="1" />
 <COLOR RGB="#ebc19b" NAME="farbe+raum 1020-Y40R" Spot="1" />
 <COLOR RGB="#edc0a2" NAME="farbe+raum 1020-Y50R" Spot="1" />
 <COLOR RGB="#e3b99f" NAME="farbe+raum 1020-Y60R" Spot="1" />
 <COLOR RGB="#e1acb3" NAME="farbe+raum 1030-R10B" Spot="1" />
 <COLOR RGB="#c8b2d2" NAME="farbe+raum 1030-R50B" Spot="1" />
 <COLOR RGB="#e0ca84" NAME="farbe+raum 1030-Y" Spot="1" />
 <COLOR RGB="#e7c684" NAME="farbe+raum 1030-Y10R" Spot="1" />
 <COLOR RGB="#f2c788" NAME="farbe+raum 1030-Y20R" Spot="1" />
 <COLOR RGB="#f0be86" NAME="farbe+raum 1030-Y30R" Spot="1" />
 <COLOR RGB="#efb687" NAME="farbe+raum 1030-Y40R" Spot="1" />
 <COLOR RGB="#bdcb79" NAME="farbe+raum 1040-G50Y" Spot="1" />
 <COLOR RGB="#edb96d" NAME="farbe+raum 1040-Y20R" Spot="1" />
 <COLOR RGB="#ed9c5c" NAME="farbe+raum 1050-Y40R" Spot="1" />
 <COLOR RGB="#ee9761" NAME="farbe+raum 1050-Y50R" Spot="1" />
 <COLOR RGB="#dd7000" NAME="farbe+raum 1080-Y40R" Spot="1" />
 <COLOR RGB="#df6a0f" NAME="farbe+raum 1080-Y50R" Spot="1" />
 <COLOR RGB="#d45500" NAME="farbe+raum 1080-Y60R" Spot="1" />
 <COLOR RGB="#d3d2cf" NAME="farbe+raum 1500-N" Spot="1" />
 <COLOR RGB="#d1d0c7" NAME="farbe+raum 1502-Y" Spot="1" />
 <COLOR RGB="#ae231e" NAME="farbe+raum 1580-R" Spot="1" />
 <COLOR RGB="#b6331e" NAME="farbe+raum 1580-Y80R" Spot="1" />
 <COLOR RGB="#ae211e" NAME="farbe+raum 1580-Y90R" Spot="1" />
 <COLOR RGB="#c5c4c1" NAME="farbe+raum 2000-N" Spot="1" />
 <COLOR RGB="#c9c4b3" NAME="farbe+raum 2005-Y" Spot="1" />
 <COLOR RGB="#c9c2b2" NAME="farbe+raum 2005-Y20R" Spot="1" />
 <COLOR RGB="#cbbfae" NAME="farbe+raum 2005-Y40R" Spot="1" />
 <COLOR RGB="#b7c1ae" NAME="farbe+raum 2010-G30Y" Spot="1" />
 <COLOR RGB="#b0bdc4" NAME="farbe+raum 2010-R90B" Spot="1" />
 <COLOR RGB="#c5bda1" NAME="farbe+raum 2010-Y" Spot="1" />
 <COLOR RGB="#cbbea2" NAME="farbe+raum 2010-Y10R" Spot="1" />
 <COLOR RGB="#ccbda1" NAME="farbe+raum 2010-Y20R" Spot="1" />
 <COLOR RGB="#d1bda3" NAME="farbe+raum 2010-Y30R" Spot="1" />
 <COLOR RGB="#cdb59c" NAME="farbe+raum 2010-Y40R" Spot="1" />
 <COLOR RGB="#ceb5a1" NAME="farbe+raum 2010-Y50R" Spot="1" />
 <COLOR RGB="#99bdad" NAME="farbe+raum 2020-B90G" Spot="1" />
 <COLOR RGB="#a1b89b" NAME="farbe+raum 2020-G20Y" Spot="1" />
 <COLOR RGB="#abbe9b" NAME="farbe+raum 2020-G30Y" Spot="1" />
 <COLOR RGB="#b3b88f" NAME="farbe+raum 2020-G50Y" Spot="1" />
 <COLOR RGB="#bcbc8a" NAME="farbe+raum 2020-G70Y" Spot="1" />
 <COLOR RGB="#c6bc8c" NAME="farbe+raum 2020-G90Y" Spot="1" />
 <COLOR RGB="#c7a2a1" NAME="farbe+raum 2020-R" Spot="1" />
 <COLOR RGB="#c5a9b7" NAME="farbe+raum 2020-R30B" Spot="1" />
 <COLOR RGB="#adabc4" NAME="farbe+raum 2020-R60B" Spot="1" />
 <COLOR RGB="#9eb0c5" NAME="farbe+raum 2020-R80B" Spot="1" />
 <COLOR RGB="#9cb4c6" NAME="farbe+raum 2020-R90B" Spot="1" />
 <COLOR RGB="#c7b789" NAME="farbe+raum 2020-Y" Spot="1" />
 <COLOR RGB="#cdb78b" NAME="farbe+raum 2020-Y10R" Spot="1" />
 <COLOR RGB="#cbaf82" NAME="farbe+raum 2020-Y20R" Spot="1" />
 <COLOR RGB="#d4b28b" NAME="farbe+raum 2020-Y30R" Spot="1" />
 <COLOR RGB="#d0aa89" NAME="farbe+raum 2020-Y40R" Spot="1" />
 <COLOR RGB="#d1a695" NAME="farbe+raum 2020-Y70R" Spot="1" />
 <COLOR RGB="#cba498" NAME="farbe+raum 2020-Y80R" Spot="1" />
 <COLOR RGB="#cba19a" NAME="farbe+raum 2020-Y90R" Spot="1" />
 <COLOR RGB="#ceaf72" NAME="farbe+raum 2030-Y10R" Spot="1" />
 <COLOR RGB="#d2aa73" NAME="farbe+raum 2030-Y20R" Spot="1" />
 <COLOR RGB="#d5a372" NAME="farbe+raum 2030-Y30R" Spot="1" />
 <COLOR RGB="#d39874" NAME="farbe+raum 2030-Y50R" Spot="1" />
 <COLOR RGB="#d69b5f" NAME="farbe+raum 2040-Y30R" Spot="1" />
 <COLOR RGB="#cf8663" NAME="farbe+raum 2040-Y60R" Spot="1" />
 <COLOR RGB="#d29846" NAME="farbe+raum 2050-Y20R" Spot="1" />
 <COLOR RGB="#af425b" NAME="farbe+raum 2060-R10B" Spot="1" />
 <COLOR RGB="#2582be" NAME="farbe+raum 2060-R90B" Spot="1" />
 <COLOR RGB="#b34321" NAME="farbe+raum 2075-Y70R" Spot="1" />
 <COLOR RGB="#bbbbb8" NAME="farbe+raum 2500-N" Spot="1" />
 <COLOR RGB="#bcbab1" NAME="farbe+raum 2502-Y" Spot="1" />
 <COLOR RGB="#b1a896" NAME="farbe+raum 3005-Y20R" Spot="1" />
 <COLOR RGB="#b2a88a" NAME="farbe+raum 3010-Y" Spot="1" />
 <COLOR RGB="#b6a98d" NAME="farbe+raum 3010-Y10R" Spot="1" />
 <COLOR RGB="#b4a48b" NAME="farbe+raum 3010-Y20R" Spot="1" />
 <COLOR RGB="#b8a38b" NAME="farbe+raum 3010-Y30R" Spot="1" />
 <COLOR RGB="#b59e89" NAME="farbe+raum 3010-Y40R" Spot="1" />
 <COLOR RGB="#819cab" NAME="farbe+raum 3020-B" Spot="1" />
 <COLOR RGB="#80a5a8" NAME="farbe+raum 3020-B30G" Spot="1" />
 <COLOR RGB="#7ca49c" NAME="farbe+raum 3020-B70G" Spot="1" />
 <COLOR RGB="#8aa58c" NAME="farbe+raum 3020-G10Y" Spot="1" />
 <COLOR RGB="#b69a72" NAME="farbe+raum 3020-Y20R" Spot="1" />
 <COLOR RGB="#b99671" NAME="farbe+raum 3020-Y30R" Spot="1" />
 <COLOR RGB="#959d67" NAME="farbe+raum 3030-G50Y" Spot="1" />
 <COLOR RGB="#a2a064" NAME="farbe+raum 3030-G70Y" Spot="1" />
 <COLOR RGB="#a5788e" NAME="farbe+raum 3030-R30B" Spot="1" />
 <COLOR RGB="#b09a60" NAME="farbe+raum 3030-Y" Spot="1" />
 <COLOR RGB="#ba9a64" NAME="farbe+raum 3030-Y10R" Spot="1" />
 <COLOR RGB="#ba875f" NAME="farbe+raum 3030-Y40R" Spot="1" />
 <COLOR RGB="#b37a6d" NAME="farbe+raum 3030-Y80R" Spot="1" />
 <COLOR RGB="#b8764f" NAME="farbe+raum 3040-Y50R" Spot="1" />
 <COLOR RGB="#b46d57" NAME="farbe+raum 3040-Y70R" Spot="1" />
 <COLOR RGB="#b77638" NAME="farbe+raum 3050-Y30R" Spot="1" />
 <COLOR RGB="#a6a5a2" NAME="farbe+raum 3500-N" Spot="1" />
 <COLOR RGB="#a2a098" NAME="farbe+raum 3502-Y" Spot="1" />
 <COLOR RGB="#751a23" NAME="farbe+raum 3560-R" Spot="1" />
 <COLOR RGB="#014a8c" NAME="farbe+raum 3560-R80B" Spot="1" />
 <COLOR RGB="#7c2722" NAME="farbe+raum 3560-Y90R" Spot="1" />
 <COLOR RGB="#819196" NAME="farbe+raum 4010-B10G" Spot="1" />
 <COLOR RGB="#899482" NAME="farbe+raum 4010-G30Y" Spot="1" />
 <COLOR RGB="#838e99" NAME="farbe+raum 4010-R90B" Spot="1" />
 <COLOR RGB="#a2947b" NAME="farbe+raum 4010-Y10R" Spot="1" />
 <COLOR RGB="#a38d7d" NAME="farbe+raum 4010-Y50R" Spot="1" />
 <COLOR RGB="#9a7273" NAME="farbe+raum 4020-R" Spot="1" />
 <COLOR RGB="#807e97" NAME="farbe+raum 4020-R60B" Spot="1" />
 <COLOR RGB="#6e8599" NAME="farbe+raum 4020-R90B" Spot="1" />
 <COLOR RGB="#a68564" NAME="farbe+raum 4020-Y30R" Spot="1" />
 <COLOR RGB="#9d7672" NAME="farbe+raum 4020-Y90R" Spot="1" />
 <COLOR RGB="#856b8e" NAME="farbe+raum 4030-R50B" Spot="1" />
 <COLOR RGB="#5b7498" NAME="farbe+raum 4030-R80B" Spot="1" />
 <COLOR RGB="#5b7d99" NAME="farbe+raum 4030-R90B" Spot="1" />
 <COLOR RGB="#a0684f" NAME="farbe+raum 4030-Y60R" Spot="1" />
 <COLOR RGB="#5f7d47" NAME="farbe+raum 4040-G30Y" Spot="1" />
 <COLOR RGB="#6d7d3f" NAME="farbe+raum 4040-G40Y" Spot="1" />
 <COLOR RGB="#914a4d" NAME="farbe+raum 4040-R" Spot="1" />
 <COLOR RGB="#957a38" NAME="farbe+raum 4040-Y" Spot="1" />
 <COLOR RGB="#9c6136" NAME="farbe+raum 4040-Y40R" Spot="1" />
 <COLOR RGB="#97543f" NAME="farbe+raum 4040-Y70R" Spot="1" />
 <COLOR RGB="#005a87" NAME="farbe+raum 4050-R90B" Spot="1" />
 <COLOR RGB="#883a2b" NAME="farbe+raum 4050-Y80R" Spot="1" />
 <COLOR RGB="#908f8e" NAME="farbe+raum 4500-N" Spot="1" />
 <COLOR RGB="#2a5f25" NAME="farbe+raum 4550-G20Y" Spot="1" />
 <COLOR RGB="#004873" NAME="farbe+raum 4550-R90B" Spot="1" />
 <COLOR RGB="#8c8275" NAME="farbe+raum 5005-Y20R" Spot="1" />
 <COLOR RGB="#8c7862" NAME="farbe+raum 5010-Y30R" Spot="1" />
 <COLOR RGB="#517579" NAME="farbe+raum 5020-B30G" Spot="1" />
 <COLOR RGB="#68785c" NAME="farbe+raum 5020-G30Y" Spot="1" />
 <COLOR RGB="#88714e" NAME="farbe+raum 5020-Y10R" Spot="1" />
 <COLOR RGB="#8c704d" NAME="farbe+raum 5020-Y20R" Spot="1" />
 <COLOR RGB="#8f6b50" NAME="farbe+raum 5020-Y40R" Spot="1" />
 <COLOR RGB="#38647b" NAME="farbe+raum 5030-B" Spot="1" />
 <COLOR RGB="#7b4951" NAME="farbe+raum 5030-R10B" Spot="1" />
 <COLOR RGB="#8a6b3a" NAME="farbe+raum 5030-Y10R" Spot="1" />
 <COLOR RGB="#6f6018" NAME="farbe+raum 5040-G80Y" Spot="1" />
 <COLOR RGB="#61242f" NAME="farbe+raum 5040-R10B" Spot="1" />
 <COLOR RGB="#204775" NAME="farbe+raum 5040-R80B" Spot="1" />
 <COLOR RGB="#7b7b79" NAME="farbe+raum 5500-N" Spot="1" />
 <COLOR RGB="#797770" NAME="farbe+raum 5502-Y" Spot="1" />
 <COLOR RGB="#0b4d28" NAME="farbe+raum 5540-G10Y" Spot="1" />
 <COLOR RGB="#60201c" NAME="farbe+raum 5540-Y90R" Spot="1" />
 <COLOR RGB="#746753" NAME="farbe+raum 6010-Y10R" Spot="1" />
 <COLOR RGB="#385f58" NAME="farbe+raum 6020-B70G" Spot="1" />
 <COLOR RGB="#425e48" NAME="farbe+raum 6020-G10Y" Spot="1" />
 <COLOR RGB="#14495e" NAME="farbe+raum 6030-B" Spot="1" />
 <COLOR RGB="#0b503f" NAME="farbe+raum 6030-B90G" Spot="1" />
 <COLOR RGB="#714e25" NAME="farbe+raum 6030-Y20R" Spot="1" />
 <COLOR RGB="#703f21" NAME="farbe+raum 6030-Y50R" Spot="1" />
 <COLOR RGB="#673521" NAME="farbe+raum 6030-Y70R" Spot="1" />
 <COLOR RGB="#602c28" NAME="farbe+raum 6030-Y90R" Spot="1" />
 <COLOR RGB="#656463" NAME="farbe+raum 6500-N" Spot="1" />
 <COLOR RGB="#595249" NAME="farbe+raum 7005-Y20R" Spot="1" />
 <COLOR RGB="#60564e" NAME="farbe+raum 7005-Y50R" Spot="1" />
 <COLOR RGB="#3f4f56" NAME="farbe+raum 7010-B10G" Spot="1" />
 <COLOR RGB="#59513d" NAME="farbe+raum 7010-G90Y" Spot="1" />
 <COLOR RGB="#414c56" NAME="farbe+raum 7010-R90B" Spot="1" />
 <COLOR RGB="#16402e" NAME="farbe+raum 7020-G" Spot="1" />
 <COLOR RGB="#334426" NAME="farbe+raum 7020-G30Y" Spot="1" />
 <COLOR RGB="#4b2727" NAME="farbe+raum 7020-R" Spot="1" />
 <COLOR RGB="#44222b" NAME="farbe+raum 7020-R10B" Spot="1" />
 <COLOR RGB="#1f334f" NAME="farbe+raum 7020-R80B" Spot="1" />
 <COLOR RGB="#5e3d25" NAME="farbe+raum 7020-Y40R" Spot="1" />
 <COLOR RGB="#5a3625" NAME="farbe+raum 7020-Y60R" Spot="1" />
 <COLOR RGB="#4f4f4f" NAME="farbe+raum 7500-N" Spot="1" />
 <COLOR RGB="#504d47" NAME="farbe+raum 7502-Y" Spot="1" />
 <COLOR RGB="#423631" NAME="farbe+raum 8005-Y80R" Spot="1" />
 <COLOR RGB="#243528" NAME="farbe+raum 8010-G10Y" Spot="1" />
 <COLOR RGB="#1f2c38" NAME="farbe+raum 8010-R90B" Spot="1" />
 <COLOR RGB="#433522" NAME="farbe+raum 8010-Y10R" Spot="1" />
 <COLOR RGB="#443323" NAME="farbe+raum 8010-Y30R" Spot="1" />
 <COLOR RGB="#443023" NAME="farbe+raum 8010-Y50R" Spot="1" />
 <COLOR RGB="#3e271a" NAME="farbe+raum 8010-Y70R" Spot="1" />
 <COLOR RGB="#302f2d" NAME="farbe+raum 8500-N" Spot="1" />
 <COLOR RGB="#151617" NAME="farbe+raum 9000-N" Spot="1" />
</SCRIBUSCOLORS>