<?xml version="1.0" encoding="UTF-8"?>
<SCRIBUSCOLORS Name="Farrow+Ball">
 <COLOR RGB="#faf9ef" NAME="ALL WHITE 2005" Spot="1" />
 <COLOR RGB="#f9f3e3" NAME="POINTING 2003" Spot="1" />
 <COLOR RGB="#ece9d7" NAME="JAMES WHITE 2010" Spot="1" />
 <COLOR RGB="#f2ead6" NAME="WHITE TIE 2002" Spot="1" />
 <COLOR RGB="#e5dcc8" NAME="CLUNCH 2009" Spot="1" />
 <COLOR RGB="#dfdfdb" NAME="BLACKENED 2011" Spot="1" />
 <COLOR RGB="#f5ead2" NAME="TALLOW 203" Spot="1" />
 <COLOR RGB="#ece2d2" NAME="DIMITY 2008" Spot="1" />
 <COLOR RGB="#e6e1dc" NAME="GREAT WHITE 2006" Spot="1" />
 <COLOR RGB="#e9e7dd" NAME="STRONG WHITE 2001" Spot="1" />
 <COLOR RGB="#eae4d3" NAME="SLIPPER SATIN 2004" Spot="1" />
 <COLOR RGB="#dad4c2" NAME="SHADED WHITE 201" Spot="1" />
 <COLOR RGB="#f4e9d0" NAME="NEW WHITE 59" Spot="1" />
 <COLOR RGB="#e9dfc9" NAME="LIME WHITE 1" Spot="1" />
 <COLOR RGB="#efe0c5" NAME="RINGWORLD GROUND 208" Spot="1" />
 <COLOR RGB="#e6d8be" NAME="MATCHSTICK 2013" Spot="1" />
 <COLOR RGB="#f2e7c9" NAME="HOUSE WHITE 2012" Spot="1" />
 <COLOR RGB="#e0d6c0" NAME="OFF-WHITE 3" Spot="1" />
 <COLOR RGB="#dcceb0" NAME="STRING 8" Spot="1" />
 <COLOR RGB="#d7c5a9" NAME="SAVAGE GROUND 213" Spot="1" />
 <COLOR RGB="#d6c39f" NAME="CORD 16" Spot="1" />
 <COLOR RGB="#e3cea7" NAME="CREAM 44" Spot="1" />
 <COLOR RGB="#d8c194" NAME="HAY 37" Spot="1" />
 <COLOR RGB="#d1c1a0" NAME="LIGHT STONE 9" Spot="1" />
 <COLOR RGB="#e2d4be" NAME="JOA'S WHITE 226" Spot="1" />
 <COLOR RGB="#decbb3" NAME="ARCHIVE 227" Spot="1" />
 <COLOR RGB="#cdc2ad" NAME="STONY GROUND 211" Spot="1" />
 <COLOR RGB="#d4cfc7" NAME="CORNFORTH WHITE 228" Spot="1" />
 <COLOR RGB="#cdc3b7" NAME="ELEPHANT'S BREATH 229" Spot="1" />
 <COLOR RGB="#b7b6ae" NAME="LAMP ROOM GRAY 88" Spot="1" />
 <COLOR RGB="#b9beb5" NAME="LIGHT BLUE 22" Spot="1" />
 <COLOR RGB="#b6b1a1" NAME="HARDWICK WHITE 5" Spot="1" />
 <COLOR RGB="#b5b7a7" NAME="BLUE GRAY 91" Spot="1" />
 <COLOR RGB="#b4b19a" NAME="FRENCH GRAY 18" Spot="1" />
 <COLOR RGB="#9fa195" NAME="PIGEON 25" Spot="1" />
 <COLOR RGB="#899081" NAME="CARD ROOM GREEN 79" Spot="1" />
 <COLOR RGB="#cdc3ad" NAME="OLD WHITE 4" Spot="1" />
 <COLOR RGB="#cdc4ae" NAME="BONE 15" Spot="1" />
 <COLOR RGB="#ccbfa5" NAME="FAWN 10" Spot="1" />
 <COLOR RGB="#bca783" NAME="BISCUIT 38" Spot="1" />
 <COLOR RGB="#b2a894" NAME="LIGHT GRAY 17" Spot="1" />
 <COLOR RGB="#968975" NAME="MOUSE'S BACK 40" Spot="1" />
 <COLOR RGB="#bea895" NAME="SMOKED TROUT 60" Spot="1" />
 <COLOR RGB="#b09b8c" NAME="DEAD SALMON 28" Spot="1" />
 <COLOR RGB="#b2a18d" NAME="LONDON STONE 6" Spot="1" />
 <COLOR RGB="#b59e82" NAME="BUFF 20" Spot="1" />
 <COLOR RGB="#9b8a6f" NAME="DRAB 41" Spot="1" />
 <COLOR RGB="#928069" NAME="DAUPHIN 54" Spot="1" />
 <COLOR RGB="#ecd8ca" NAME="PINK GROUND 202" Spot="1" />
 <COLOR RGB="#e8d6d1" NAME="CALAMINE 230" Spot="1" />
 <COLOR RGB="#dbc2b0" NAME="SETTING PLASTER 231" Spot="1" />
 <COLOR RGB="#d5b08a" NAME="DUTCH PINK 62" Spot="1" />
 <COLOR RGB="#c39e80" NAME="ENTRANCE HALL PINK 61" Spot="1" />
 <COLOR RGB="#d6a787" NAME="FLOWER PINK 39" Spot="1" />
 <COLOR RGB="#c7997e" NAME="PINTMENT PINK 21" Spot="1" />
 <COLOR RGB="#bb7b69" NAME="RED EARTH 64" Spot="1" />
 <COLOR RGB="#b17b6c" NAME="PORPHYRY PINK 49" Spot="1" />
 <COLOR RGB="#a8725d" NAME="FOX RED 48" Spot="1" />
 <COLOR RGB="#aa6d5b" NAME="LOGGIA 232" Spot="1" />
 <COLOR RGB="#ac514c" NAME="BLAZER 212" Spot="1" />
 <COLOR RGB="#a3695b" NAME="BOOK ROOM RED 50" Spot="1" />
 <COLOR RGB="#975b4f" NAME="PICTURE GALLERY RED 42" Spot="1" />
 <COLOR RGB="#99434c" NAME="RECTORY RED 217" Spot="1" />
 <COLOR RGB="#8f4a51" NAME="RADIOCCHIO 96" Spot="1" />
 <COLOR RGB="#7e534a" NAME="ETRUSCAN RED 56" Spot="1" />
 <COLOR RGB="#864e4f" NAME="EATING ROOM RED 43" Spot="1" />
 <COLOR RGB="#e6ddb8" NAME="PALE HOUND 71" Spot="1" />
 <COLOR RGB="#e2d2a4" NAME="HOUND LEMON 2" Spot="1" />
 <COLOR RGB="#e8d4b0" NAME="FARROW'S CREAM 67" Spot="1" />
 <COLOR RGB="#f2dc9e" NAME="DAYROOM YELLOW 233" Spot="1" />
 <COLOR RGB="#eacfa2" NAME="DORSET CREAM 68" Spot="1" />
 <COLOR RGB="#dcc98f" NAME="GERVASE YELLOW 72" Spot="1" />
 <COLOR RGB="#efca89" NAME="YELLOW GROUND 218" Spot="1" />
 <COLOR RGB="#eecc81" NAME="CITRON 74" Spot="1" />
 <COLOR RGB="#e1c17e" NAME="CIARA YELLOW 73" Spot="1" />
 <COLOR RGB="#d7b37e" NAME="STRAW 52" Spot="1" />
 <COLOR RGB="#dbb678" NAME="PRINT ROOM YELLOW 69" Spot="1" />
 <COLOR RGB="#eabe67" NAME="BABOUCHE 223" Spot="1" />
 <COLOR RGB="#d9b475" NAME="SUDBURY YELLOW 51" Spot="1" />
 <COLOR RGB="#d1ae72" NAME="OCTAGON YELLOW 7" Spot="1" />
 <COLOR RGB="#e0ae6c" NAME="ORANGERY 70" Spot="1" />
 <COLOR RGB="#c09759" NAME="INDIA YELLOW 66" Spot="1" />
 <COLOR RGB="#caa26c" NAME="CANE 53" Spot="1" />
 <COLOR RGB="#ba9166" NAME="SAND 45" Spot="1" />
 <COLOR RGB="#dbd8b6" NAME="GREEN GROUND 206" Spot="1" />
 <COLOR RGB="#c4c3a2" NAME="COOKING APPLE GREEN 32" Spot="1" />
 <COLOR RGB="#babca4" NAME="VERT DE TERRE 243" Spot="1" />
 <COLOR RGB="#bab393" NAME="BALL GREEN 75" Spot="1" />
 <COLOR RGB="#b3ac8c" NAME="STONE WHITE 11" Spot="1" />
 <COLOR RGB="#a59c78" NAME="GREEN STONE 12" Spot="1" />
 <COLOR RGB="#9e9f87" NAME="LICHEN 19" Spot="1" />
 <COLOR RGB="#8b896b" NAME="OLIVE 13" Spot="1" />
 <COLOR RGB="#899677" NAME="SUTCLIFFE GREEN 78" Spot="1" />
 <COLOR RGB="#849779" NAME="PEA GREEN 33" Spot="1" />
 <COLOR RGB="#77866a" NAME="CALKE GREEN 34" Spot="1" />
 <COLOR RGB="#586552" NAME="MINSTER GREEN 224" Spot="1" />
 <COLOR RGB="#acbdb4" NAME="POWDER BLUE 23" Spot="1" />
 <COLOR RGB="#93a595" NAME="CHAPPELL GREEN 83" Spot="1" />
 <COLOR RGB="#99a680" NAME="SAXON GREEN 80" Spot="1" />
 <COLOR RGB="#95aa86" NAME="FOLLY GREEN 76" Spot="1" />
 <COLOR RGB="#94a588" NAME="BREAKFAST ROOM GREEN 81" Spot="1" />
 <COLOR RGB="#88b49b" NAME="ARSENIC 214" Spot="1" />
 <COLOR RGB="#dde1d5" NAME="PALE POWDER 204" Spot="1" />
 <COLOR RGB="#d8dfdc" NAME="BORROWED LIGHT 235" Spot="1" />
 <COLOR RGB="#c6ccc7" NAME="SKYLIGHT 205" Spot="1" />
 <COLOR RGB="#c2cfc2" NAME="TERESA'S GREEN 236" Spot="1" />
 <COLOR RGB="#aebdb1" NAME="GREEN BLUE 84" Spot="1" />
 <COLOR RGB="#8d988c" NAME="CASTLE GRAY 92" Spot="1" />
 <COLOR RGB="#a7c9c8" NAME="BLUE GROUND 210" Spot="1" />
 <COLOR RGB="#9ab1ab" NAME="DIX BLUE 82" Spot="1" />
 <COLOR RGB="#8faba7" NAME="BALLROOM BLUE 24" Spot="1" />
 <COLOR RGB="#81a09a" NAME="SUGAR BAG LIGHT 29" Spot="1" />
 <COLOR RGB="#8b9d9b" NAME="OVAL ROOM BLUE 85" Spot="1" />
 <COLOR RGB="#7e9495" NAME="BERRINGTON BLUE 14" Spot="1" />
 <COLOR RGB="#b1c0c2" NAME="PARMA GRAY 27" Spot="1" />
 <COLOR RGB="#a2b8c7" NAME="LULWORTH BLUE 89" Spot="1" />
 <COLOR RGB="#77989f" NAME="STONE BLUE 86" Spot="1" />
 <COLOR RGB="#6f96a6" NAME="CHINESE BLUE 90" Spot="1" />
 <COLOR RGB="#6f94b3" NAME="COOK'S BLUE 90" Spot="1" />
 <COLOR RGB="#61718e" NAME="PITCH BLUE 220" Spot="1" />
 <COLOR RGB="#7e634e" NAME="WAINSCOT 55" Spot="1" />
 <COLOR RGB="#626665" NAME="DOWN PIPE 26" Spot="1" />
 <COLOR RGB="#3e4e56" NAME="HAGUE BLUE 30" Spot="1" />
 <COLOR RGB="#5a4348" NAME="BRINJAL 222" Spot="1" />
 <COLOR RGB="#524947" NAME="MAHOGANY 36" Spot="1" />
 <COLOR RGB="#424548" NAME="OFF-BLACK 57" Spot="1" />
 <COLOR RGB="#717b70" NAME="GREEN SMOKE 47" Spot="1" />
 <COLOR RGB="#4b5853" NAME="MONKEY PUZZLE 238" Spot="1" />
 <COLOR RGB="#434c47" NAME="CAGGIAGE GREEN 94" Spot="1" />
 <COLOR RGB="#43474a" NAME="RAILINGS 31" Spot="1" />
 <COLOR RGB="#474d4a" NAME="STUDIO GREEN 93" Spot="1" />
 <COLOR RGB="#3d4345" NAME="BLACK BLUE 95" Spot="1" />
</SCRIBUSCOLORS>