<?xml version="1.0" encoding="UTF-8"?>
<SCRIBUSCOLORS Name="FasCal800">
 <COLOR RGB="#6a1138" NAME="FasCal 867 PF Deep Purple" Spot="1" />
 <COLOR RGB="#6a192b" NAME="FasCal 802 PF Burgundy Red" Spot="1" />
 <COLOR RGB="#8a0b1a" NAME="FasCal 858 PF Dark Red" Spot="1" />
 <COLOR RGB="#a7221c" NAME="FasCal 864 PF Red" Spot="1" />
 <COLOR RGB="#b00d13" NAME="FasCal 803 PF Cherry Red" Spot="1" />
 <COLOR RGB="#bd041b" NAME="FasCal 849 PF Geranium Red" Spot="1" />
 <COLOR RGB="#c90b11" NAME="FasCal 850 PF Tomato Red" Spot="1" />
 <COLOR RGB="#cb1b0e" NAME="FasCal 826 PF Medium Red" Spot="1" />
 <COLOR RGB="#d42100" NAME="FasCal 837 PF Bright Red" Spot="1" />
 <COLOR RGB="#e33b05" NAME="FasCal 865 PF Warm Red" Spot="1" />
 <COLOR RGB="#f05711" NAME="FasCal 848 PF Bright Orange" Spot="1" />
 <COLOR RGB="#ec6500" NAME="FasCal 805 PF Orange" Spot="1" />
 <COLOR RGB="#f76700" NAME="FasCal 866 PF Light Orange" Spot="1" />
 <COLOR RGB="#ffab00" NAME="FasCal 860 PF Corn Yellow" Spot="1" />
 <COLOR RGB="#f6a900" NAME="FasCal 862 PF Signal Yellow" Spot="1" />
 <COLOR RGB="#ffab00" NAME="FasCal 856 PF Dark Yellow" Spot="1" />
 <COLOR RGB="#ffbf00" NAME="FasCal 806 PF Sunflower Yellow" Spot="1" />
 <COLOR RGB="#ffc600" NAME="FasCal 855 PF Yellow " Spot="1" />
 <COLOR RGB="#ffc900" NAME="FasCal 839 PF Bright Yellow" Spot="1" />
 <COLOR RGB="#ffe400" NAME="FasCal 807 PF Primrose Yellow" Spot="1" />
 <COLOR RGB="#85ce30" NAME="FasCal 814 PF Lime" Spot="1" />
 <COLOR RGB="#3eaa00" NAME="FasCal 813 PF Grass Green" Spot="1" />
 <COLOR RGB="#009235" NAME="FasCal 879 PF Bright Green" Spot="1" />
 <COLOR RGB="#009151" NAME="FasCal 812 PF Cactus Green" Spot="1" />
 <COLOR RGB="#008550" NAME="FasCal 854 PF Green" Spot="1" />
 <COLOR RGB="#007a40" NAME="FasCal 834 PF Kelly Green" Spot="1" />
 <COLOR RGB="#135612" NAME="FasCal 878 PF Leaf Green" Spot="1" />
 <COLOR RGB="#004e2a" NAME="FasCal 811 PF Forest Green" Spot="1" />
 <COLOR RGB="#161a41" NAME="FasCal 824 PF Cobalt Blue" Spot="1" />
 <COLOR RGB="#16265d" NAME="FasCal 823 PF Dark Blue" Spot="1" />
 <COLOR RGB="#1a2d71" NAME="FasCal 853 PF Royal Blue" Spot="1" />
 <COLOR RGB="#253a65" NAME="FasCal 876 PF Navy Blue" Spot="1" />
 <COLOR RGB="#123675" NAME="FasCal 847 PF Marine Blue" Spot="1" />
 <COLOR RGB="#0f3881" NAME="FasCal 851 PF Vivid Blue" Spot="1" />
 <COLOR RGB="#213881" NAME="FasCal 852 PF Sapphire Blue" Spot="1" />
 <COLOR RGB="#004a81" NAME="FasCal 875 PF Standard Blue" Spot="1" />
 <COLOR RGB="#1f4ca3" NAME="FasCal 874 PF Brilliant Blue" Spot="1" />
 <COLOR RGB="#00549b" NAME="FasCal 808 PF Cosmos Blue" Spot="1" />
 <COLOR RGB="#0066b0" NAME="FasCal 841 PF Scuba Blue" Spot="1" />
 <COLOR RGB="#0075bc" NAME="FasCal 869 PF Intense Blue" Spot="1" />
 <COLOR RGB="#0086be" NAME="FasCal 809 PF Ocean Blue" Spot="1" />
 <COLOR RGB="#009bcf" NAME="FasCal 877 PF Bright Blue" Spot="1" />
 <COLOR RGB="#54afd8" NAME="FasCal 832 PF Light Blue" Spot="1" />
 <COLOR RGB="#76d8be" NAME="FasCal 829 PF Mint" Spot="1" />
 <COLOR RGB="#00a599" NAME="FasCal 842 PF Teal" Spot="1" />
 <COLOR RGB="#009597" NAME="FasCal 831 PF Turquoise" Spot="1" />
 <COLOR RGB="#00547d" NAME="FasCal 833 PF Blue" Spot="1" />
 <COLOR RGB="#613f89" NAME="FasCal 817 PF Violet " Spot="1" />
 <COLOR RGB="#5f356e" NAME="FasCal 868 PF Purple " Spot="1" />
 <COLOR RGB="#816bae" NAME="FasCal 870 PF Lavender" Spot="1" />
 <COLOR RGB="#c198c5" NAME="FasCal 871 PF Lilac" Spot="1" />
 <COLOR RGB="#ba2969" NAME="FasCal 815 PF Cyclamen" Spot="1" />
 <COLOR RGB="#bf3a74" NAME="FasCal 872 PF Blossom" Spot="1" />
 <COLOR RGB="#d55d8b" NAME="FasCal 873 PF Magenta" Spot="1" />
 <COLOR RGB="#f18fbb" NAME="FasCal 816 PF Pink" Spot="1" />
 <COLOR RGB="#422a21" NAME="FasCal 880 PF Brown" Spot="1" />
 <COLOR RGB="#523425" NAME="FasCal 818 PF Chocolate Brown" Spot="1" />
 <COLOR RGB="#5f231b" NAME="FasCal 882 PF Chestnut Brown" Spot="1" />
 <COLOR RGB="#63101c" NAME="FasCal 863 PF Dark Burgundy" Spot="1" />
 <COLOR RGB="#b15620" NAME="FasCal 883 PF Hazelnut Brown" Spot="1" />
 <COLOR RGB="#b3854f" NAME="FasCal 827 PF Tan" Spot="1" />
 <COLOR RGB="#a5815a" NAME="FasCal 884 PF Dark Beige" Spot="1" />
 <COLOR RGB="#e8cb9c" NAME="FasCal 819 PF Beige" Spot="1" />
 <COLOR RGB="#f7df9e" NAME="FasCal 861 PF Cream" Spot="1" />
 <COLOR RGB="#f0dac2" NAME="FasCal 857 PF Ivory" Spot="1" />
 <COLOR RGB="#c9c8c7" NAME="FasCal 845 PF Mist" Spot="1" />
 <COLOR RGB="#cbcbc7" NAME="FasCal 859 PF Light Grey" Spot="1" />
 <COLOR RGB="#929590" NAME="FasCal 844 PF Dove Grey" Spot="1" />
 <COLOR RGB="#8d9093" NAME="FasCal 886 PF Cool Grey" Spot="1" />
 <COLOR RGB="#7d888e" NAME="FasCal 825 PF Medium Grey" Spot="1" />
 <COLOR RGB="#6d706c" NAME="FasCal 885 PF Cloud Grey" Spot="1" />
 <COLOR RGB="#5e6364" NAME="FasCal 820 PF Grey" Spot="1" />
 <COLOR RGB="#4c4d4c" NAME="FasCal 881 PF Dark Grey" Spot="1" />
 <COLOR RGB="#121312" NAME="FasCal 801 PF Black" Spot="1" />
 <COLOR RGB="#3d3d3d" NAME="FasCal 821 PF Black Matt" Spot="1" />
 <COLOR RGB="#fffffa" NAME="FasCal 800 PF White" Spot="1" />
 <COLOR RGB="#fefff9" NAME="FasCal 830 PF White Matt" Spot="1" />
 <COLOR RGB="#434444" NAME="FasCal 846 PF Grey Metallic" Spot="1" />
 <COLOR RGB="#979899" NAME="FasCal 835 PF Silver Metallic" Spot="1" />
 <COLOR RGB="#a18c53" NAME="FasCal 836 PF Gold Metallic" Spot="1" />
</SCRIBUSCOLORS>