<?xml version="1.0" encoding="UTF-8"?>
<SCRIBUSCOLORS Name="FasCal900">
 <COLOR RGB="#700f1c" NAME="FasCal 923 QM Burgundy" Spot="1" />
 <COLOR RGB="#79151a" NAME="FasCal 930 QM Wine Red" Spot="1" />
 <COLOR RGB="#980e1d" NAME="FasCal 924 QM Dark Red" Spot="1" />
 <COLOR RGB="#aa0411" NAME="FasCal 950 QM Carmine Red" Spot="1" />
 <COLOR RGB="#ab1d1c" NAME="FasCal 903 QM Tomato Red" Spot="1" />
 <COLOR RGB="#b00e1c" NAME="FasCal 922 QM Geranium Red" Spot="1" />
 <COLOR RGB="#b5202d" NAME="FasCal 981 QM Soft Red" Spot="1" />
 <COLOR RGB="#bb190e" NAME="FasCal 955 QM Cardinal Red" Spot="1" />
 <COLOR RGB="#c0240f" NAME="FasCal 925 QM Signal Red" Spot="1" />
 <COLOR RGB="#d11f02" NAME="FasCal 906 QM Medium Red" Spot="1" />
 <COLOR RGB="#c94000" NAME="FasCal 980 QM Spanish Orange" Spot="1" />
 <COLOR RGB="#e13d07" NAME="FasCal 926 QM Sunrise" Spot="1" />
 <COLOR RGB="#ed5600" NAME="FasCal 910 QM Dark Orange" Spot="1" />
 <COLOR RGB="#ee6700" NAME="FasCal 911 QM Light Orange" Spot="1" />
 <COLOR RGB="#ffb500" NAME="FasCal 902 QM Buttercup Yellow" Spot="1" />
 <COLOR RGB="#ffb800" NAME="FasCal 927 QM Sunflower Yellow" Spot="1" />
 <COLOR RGB="#ffc900" NAME="FasCal 928 QM Bright Yellow" Spot="1" />
 <COLOR RGB="#ffd200" NAME="FasCal 951 QM Primrose Yellow" Spot="1" />
 <COLOR RGB="#6cb027" NAME="FasCal 956 QM Grass Green" Spot="1" />
 <COLOR RGB="#56a134" NAME="FasCal 907 QM Light Green" Spot="1" />
 <COLOR RGB="#00822e" NAME="FasCal 929 QM Green" Spot="1" />
 <COLOR RGB="#007b38" NAME="FasCal 908 QM Kelly Green" Spot="1" />
 <COLOR RGB="#006429" NAME="FasCal 931 QM Emerald Green" Spot="1" />
 <COLOR RGB="#004424" NAME="FasCal 916 QM Dark Green" Spot="1" />
 <COLOR RGB="#db6594" NAME="FasCal 947 QM Magenta" Spot="1" />
 <COLOR RGB="#6f2766" NAME="FasCal 948 QM Purple" Spot="1" />
 <COLOR RGB="#08223b" NAME="FasCal 932 QM Indigo Blue" Spot="1" />
 <COLOR RGB="#101c41" NAME="FasCal 957 QM Cobalt Blue" Spot="1" />
 <COLOR RGB="#25205d" NAME="FasCal 969 QM Passion Blue" Spot="1" />
 <COLOR RGB="#003d7a" NAME="FasCal 939 QM Royal Blue" Spot="1" />
 <COLOR RGB="#203a7f" NAME="FasCal 909 QM Sapphire Blue" Spot="1" />
 <COLOR RGB="#1a3881" NAME="FasCal 933 QM Midnight Blue" Spot="1" />
 <COLOR RGB="#254a93" NAME="FasCal 979 QM Swimming Blue" Spot="1" />
 <COLOR RGB="#405173" NAME="FasCal 982 QM Antique Blue" Spot="1" />
 <COLOR RGB="#00559a" NAME="FasCal 934 QM Vivid Blue" Spot="1" />
 <COLOR RGB="#005292" NAME="FasCal 941 QM Cosmos Blue" Spot="1" />
 <COLOR RGB="#005a97" NAME="FasCal 912 QM Gentian Blue" Spot="1" />
 <COLOR RGB="#0073b6" NAME="FasCal 935 QM Intense Blue" Spot="1" />
 <COLOR RGB="#0095cb" NAME="FasCal 942 QM Light Blue" Spot="1" />
 <COLOR RGB="#76d7bd" NAME="FasCal 965 QM Mint" Spot="1" />
 <COLOR RGB="#00a899" NAME="FasCal 944 QM Aqua" Spot="1" />
 <COLOR RGB="#008b89" NAME="FasCal 971 QM Turquoise" Spot="1" />
 <COLOR RGB="#000000" NAME="FasCal 943 QM Petrol 36,25" Spot="1" />
 <COLOR RGB="#49281b" NAME="FasCal 915 QM Mahogany" Spot="1" />
 <COLOR RGB="#e9d8c0" NAME="FasCal 913 QM Ivory" Spot="1" />
 <COLOR RGB="#cdcdd0" NAME="FasCal 961 QM Pearl Grey" Spot="1" />
 <COLOR RGB="#adaba8" NAME="FasCal 960 QM Dove Grey" Spot="1" />
 <COLOR RGB="#7d8383" NAME="FasCal 918 QM Grey" Spot="1" />
 <COLOR RGB="#4c4e4e" NAME="FasCal 962 QM Storm Grey" Spot="1" />
 <COLOR RGB="#141413" NAME="FasCal 901 QM Black" Spot="1" />
 <COLOR RGB="#3b3c3c" NAME="FasCal 921 QM Black Matt" Spot="1" />
 <COLOR RGB="#fffffa" NAME="FasCal 920 QM White Matt" Spot="1" />
 <COLOR RGB="#f2f5f2" NAME="FasCal 900 QM White" Spot="1" />
 <COLOR RGB="#444646" NAME="FasCal 992 QM Grey Metallic" Spot="1" />
 <COLOR RGB="#b2b4b5" NAME="FasCal 990 QM Silver Metallic" Spot="1" />
 <COLOR RGB="#a3955e" NAME="FasCal 991 QM Gold Metallic" Spot="1" />
</SCRIBUSCOLORS>